"../../../Engine/Content/EditorResources/S_Actor.ubulk" 0
"../../../Engine/Content/EditorResources/S_Actor.uasset" 1
"../../../Engine/Content/EditorResources/S_Actor.uexp" 2
"../../../Engine/Content/EditorResources/S_BoxReflectionCapture.uasset" 3
"../../../Engine/Content/EditorResources/S_BoxReflectionCapture.uexp" 4
"../../../Engine/Content/EngineResources/DefaultTexture.ubulk" 5
"../../../Engine/Content/EngineResources/DefaultTexture.uasset" 6
"../../../Engine/Content/EngineResources/DefaultTexture.uexp" 7
"../../../Engine/Content/EngineResources/DefaultTextureCube.uasset" 8
"../../../Engine/Content/EngineResources/DefaultTextureCube.uexp" 9
"../../../Engine/Content/EngineResources/DefaultVolumeTexture2D.uasset" 10
"../../../Engine/Content/EngineResources/DefaultVolumeTexture2D.uexp" 11
"../../../Engine/Content/EngineResources/DefaultVolumeTexture.uasset" 12
"../../../Engine/Content/EngineResources/DefaultVolumeTexture.uexp" 13
"../../../Engine/Content/EditorResources/S_Trigger.ubulk" 14
"../../../Engine/Content/EditorResources/S_Trigger.uasset" 15
"../../../Engine/Content/EditorResources/S_Trigger.uexp" 16
"../../../Engine/Content/EditorResources/S_TriggerBox.uasset" 17
"../../../Engine/Content/EditorResources/S_TriggerBox.uexp" 18
"../../../Engine/Content/EditorResources/S_TriggerCapsule.uasset" 19
"../../../Engine/Content/EditorResources/S_TriggerCapsule.uexp" 20
"../../../Engine/Content/EditorResources/S_TriggerSphere.uasset" 21
"../../../Engine/Content/EditorResources/S_TriggerSphere.uexp" 22
"../../../Engine/Content/EngineMeshes/Sphere.ubulk" 23
"../../../Engine/Content/EngineMeshes/Sphere.uasset" 24
"../../../Engine/Content/EngineMeshes/Sphere.uexp" 25
"../../../Engine/Content/EngineResources/GradientTexture0.uasset" 26
"../../../Engine/Content/EngineResources/GradientTexture0.uexp" 27
"../../../Engine/Content/EngineResources/Black.uasset" 28
"../../../Engine/Content/EngineResources/Black.uexp" 29
"../../../Engine/Content/VREditor/LaserPointer/VR_LaserPower_01.ubulk" 30
"../../../Engine/Content/VREditor/LaserPointer/VR_LaserPower_01.uasset" 31
"../../../Engine/Content/VREditor/LaserPointer/VR_LaserPower_01.uexp" 32
"../../../Engine/Content/VREditor/TransformGizmo/TransformGizmoMaterial.uasset" 33
"../../../Engine/Content/VREditor/TransformGizmo/TransformGizmoMaterial.uexp" 34
"../../../Engine/Content/VREditor/TransformGizmo/TranslucentTransformGizmoMaterial.uasset" 35
"../../../Engine/Content/VREditor/TransformGizmo/TranslucentTransformGizmoMaterial.uexp" 36
"../../../Engine/Content/VREditor/TransformGizmo/BoundingBoxCorner.ubulk" 37
"../../../Engine/Content/VREditor/TransformGizmo/BoundingBoxCorner.uasset" 38
"../../../Engine/Content/VREditor/TransformGizmo/BoundingBoxCorner.uexp" 39
"../../../Engine/Content/VREditor/TransformGizmo/BoundingBoxEdge.ubulk" 40
"../../../Engine/Content/VREditor/TransformGizmo/BoundingBoxEdge.uasset" 41
"../../../Engine/Content/VREditor/TransformGizmo/BoundingBoxEdge.uexp" 42
"../../../Engine/Content/VREditor/TransformGizmo/Main.uasset" 43
"../../../Engine/Content/VREditor/TransformGizmo/Main.uexp" 44
"../../../Engine/Content/VREditor/TransformGizmo/Xray.uasset" 45
"../../../Engine/Content/VREditor/TransformGizmo/Xray.uexp" 46
"../../../Engine/Content/VREditor/TransformGizmo/SM_Sequencer_Node.ubulk" 47
"../../../Engine/Content/VREditor/TransformGizmo/SM_Sequencer_Node.uasset" 48
"../../../Engine/Content/VREditor/TransformGizmo/SM_Sequencer_Node.uexp" 49
"../../../Engine/Content/EditorResources/S_Solver.ubulk" 50
"../../../Engine/Content/EditorResources/S_Solver.uasset" 51
"../../../Engine/Content/EditorResources/S_Solver.uexp" 52
"../../../Engine/Content/EditorMaterials/Camera/CineMat.uasset" 53
"../../../Engine/Content/EditorMaterials/Camera/CineMat.uexp" 54
"../../../Engine/Content/EditorMaterials/Camera/MI_CineMat_Rig.uasset" 55
"../../../Engine/Content/EditorMaterials/Camera/MI_CineMat_Rig.uexp" 56
"../../../Engine/Content/EditorMeshes/Camera/SM_CraneRig_Base.ubulk" 57
"../../../Engine/Content/EditorMeshes/Camera/SM_CraneRig_Base.uasset" 58
"../../../Engine/Content/EditorMeshes/Camera/SM_CraneRig_Base.uexp" 59
"../../../Engine/Content/EditorMeshes/Camera/SM_CraneRig_Arm.ubulk" 60
"../../../Engine/Content/EditorMeshes/Camera/SM_CraneRig_Arm.uasset" 61
"../../../Engine/Content/EditorMeshes/Camera/SM_CraneRig_Arm.uexp" 62
"../../../Engine/Content/EditorMeshes/Camera/SM_CraneRig_Mount.ubulk" 63
"../../../Engine/Content/EditorMeshes/Camera/SM_CraneRig_Mount.uasset" 64
"../../../Engine/Content/EditorMeshes/Camera/SM_CraneRig_Mount.uexp" 65
"../../../Engine/Content/EditorMeshes/Camera/SM_CraneRig_Body.ubulk" 66
"../../../Engine/Content/EditorMeshes/Camera/SM_CraneRig_Body.uasset" 67
"../../../Engine/Content/EditorMeshes/Camera/SM_CraneRig_Body.uexp" 68
"../../../Engine/Content/EditorMeshes/Camera/SM_RailRig_Track.ubulk" 69
"../../../Engine/Content/EditorMeshes/Camera/SM_RailRig_Track.uasset" 70
"../../../Engine/Content/EditorMeshes/Camera/SM_RailRig_Track.uexp" 71
"../../../Engine/Content/EditorMeshes/Camera/SM_RailRig_Mount.ubulk" 72
"../../../Engine/Content/EditorMeshes/Camera/SM_RailRig_Mount.uasset" 73
"../../../Engine/Content/EditorMeshes/Camera/SM_RailRig_Mount.uexp" 74
"../../../Engine/Content/EngineMaterials/T_Default_Material_Grid_M.ubulk" 75
"../../../Engine/Content/EngineMaterials/T_Default_Material_Grid_M.uasset" 76
"../../../Engine/Content/EngineMaterials/T_Default_Material_Grid_M.uexp" 77
"../../../Engine/Content/EngineMaterials/T_Default_Material_Grid_N.ubulk" 78
"../../../Engine/Content/EngineMaterials/T_Default_Material_Grid_N.uasset" 79
"../../../Engine/Content/EngineMaterials/T_Default_Material_Grid_N.uexp" 80
"../../../Engine/Content/Functions/Engine_MaterialFunctions01/Opacity/CameraDepthFade.uasset" 81
"../../../Engine/Content/Functions/Engine_MaterialFunctions01/Opacity/CameraDepthFade.uexp" 82
"../../../Engine/Content/EngineMaterials/WorldGridMaterial.uasset" 83
"../../../Engine/Content/EngineMaterials/WorldGridMaterial.uexp" 84
"../../../Engine/Content/ArtTools/RenderToTexture/Meshes/S_1_Unit_Plane.ubulk" 85
"../../../Engine/Content/ArtTools/RenderToTexture/Meshes/S_1_Unit_Plane.uasset" 86
"../../../Engine/Content/ArtTools/RenderToTexture/Meshes/S_1_Unit_Plane.uexp" 87
"../../../Engine/Content/EditorMaterials/ParticleSystems/PSysThumbnail_NoImage.ubulk" 88
"../../../Engine/Content/EditorMaterials/ParticleSystems/PSysThumbnail_NoImage.uasset" 89
"../../../Engine/Content/EditorMaterials/ParticleSystems/PSysThumbnail_NoImage.uexp" 90
"../../../Engine/Content/EditorMaterials/ParticleSystems/PSysThumbnail_OOD.ubulk" 91
"../../../Engine/Content/EditorMaterials/ParticleSystems/PSysThumbnail_OOD.uasset" 92
"../../../Engine/Content/EditorMaterials/ParticleSystems/PSysThumbnail_OOD.uexp" 93
"../../../Engine/Content/EditorLandscapeResources/SplineEditorMeshMat.uasset" 94
"../../../Engine/Content/EditorLandscapeResources/SplineEditorMeshMat.uexp" 95
"../../../Engine/Content/EditorLandscapeResources/SplineEditorMesh.ubulk" 96
"../../../Engine/Content/EditorLandscapeResources/SplineEditorMesh.uasset" 97
"../../../Engine/Content/EditorLandscapeResources/SplineEditorMesh.uexp" 98
"../../../Engine/Plugins/Media/MediaPlate/Content/SM_MediaPlateScreen.ubulk" 99
"../../../Engine/Plugins/Media/MediaPlate/Content/SM_MediaPlateScreen.uasset" 100
"../../../Engine/Plugins/Media/MediaPlate/Content/SM_MediaPlateScreen.uexp" 101
"../../../Engine/Content/EngineMaterials/DefaultBokeh.uasset" 102
"../../../Engine/Content/EngineMaterials/DefaultBokeh.uexp" 103
"../../../Engine/Content/EngineMaterials/MiniFont.uasset" 104
"../../../Engine/Content/EngineMaterials/MiniFont.uexp" 105
"../../../Engine/Content/EngineMaterials/WeightMapPlaceholderTexture.uasset" 106
"../../../Engine/Content/EngineMaterials/WeightMapPlaceholderTexture.uexp" 107
"../../../Engine/Content/EngineMaterials/WeightMapArrayPlaceholderTexture.uasset" 108
"../../../Engine/Content/EngineMaterials/WeightMapArrayPlaceholderTexture.uexp" 109
"../../../Engine/Content/EngineMaterials/DefaultWhiteGrid.ubulk" 110
"../../../Engine/Content/EngineMaterials/DefaultWhiteGrid.uasset" 111
"../../../Engine/Content/EngineMaterials/DefaultWhiteGrid.uexp" 112
"../../../Engine/Content/EngineMaterials/PreintegratedSkinBRDF.uasset" 113
"../../../Engine/Content/EngineMaterials/PreintegratedSkinBRDF.uexp" 114
"C:/Users/Admin/Documents/Unreal Projects/ai-project/Content/WBP_InventoryUI.uasset" 115
"C:/Users/Admin/Documents/Unreal Projects/ai-project/Content/WBP_InventoryUI.uexp" 116
"C:/Users/Admin/Documents/Unreal Projects/ai-project/Content/test.uasset" 117
"C:/Users/Admin/Documents/Unreal Projects/ai-project/Content/test.uexp" 118
"C:/Users/Admin/Documents/Unreal Projects/ai-project/Content/MyTreeAction.uasset" 119
"C:/Users/Admin/Documents/Unreal Projects/ai-project/Content/MyTreeAction.uexp" 120
"C:/Users/Admin/Documents/Unreal Projects/ai-project/Content/ThirdPerson/Blueprints/NewCurveBase.uasset" 121
"C:/Users/Admin/Documents/Unreal Projects/ai-project/Content/ThirdPerson/Blueprints/NewCurveBase.uexp" 122
"C:/Users/Admin/Documents/Unreal Projects/ai-project/Content/MyTimeSystemInstance.uasset" 123
"C:/Users/Admin/Documents/Unreal Projects/ai-project/Content/MyTimeSystemInstance.uexp" 124
"C:/Users/Admin/Documents/Unreal Projects/ai-project/Content/MyDoor.uasset" 125
"C:/Users/Admin/Documents/Unreal Projects/ai-project/Content/MyDoor.uexp" 126
"../../../Engine/Content/BasicShapes/Cube.ubulk" 127
"../../../Engine/Content/BasicShapes/Cube.uasset" 128
"../../../Engine/Content/BasicShapes/Cube.uexp" 129
"../../../Engine/Content/BasicShapes/BasicShapeMaterial.uasset" 130
"../../../Engine/Content/BasicShapes/BasicShapeMaterial.uexp" 131
"C:/Users/Admin/Documents/Unreal Projects/ai-project/Content/MyBTRobot.uasset" 132
"C:/Users/Admin/Documents/Unreal Projects/ai-project/Content/MyBTRobot.uexp" 133
"C:/Users/Admin/Documents/Unreal Projects/ai-project/Content/MyAI_ProjectCharacter.uasset" 134
"C:/Users/Admin/Documents/Unreal Projects/ai-project/Content/MyAI_ProjectCharacter.uexp" 135
"C:/Users/Admin/Documents/Unreal Projects/ai-project/Content/GuardSelector.uasset" 136
"C:/Users/Admin/Documents/Unreal Projects/ai-project/Content/GuardSelector.uexp" 137
"C:/Users/Admin/Documents/Unreal Projects/ai-project/Content/AI/BB_Guard.uasset" 138
"C:/Users/Admin/Documents/Unreal Projects/ai-project/Content/AI/BB_Guard.uexp" 139
"C:/Users/Admin/Documents/Unreal Projects/ai-project/Content/Goals/Guard/Blackboard/TreeOthers/TS_HuntPlaywer.uasset" 140
"C:/Users/Admin/Documents/Unreal Projects/ai-project/Content/Goals/Guard/Blackboard/TreeOthers/TS_HuntPlaywer.uexp" 141
"C:/Users/Admin/Documents/Unreal Projects/ai-project/Content/Goals/Guard/Blackboard/TreeOthers/TS_FollowRoutine.uasset" 142
"C:/Users/Admin/Documents/Unreal Projects/ai-project/Content/Goals/Guard/Blackboard/TreeOthers/TS_FollowRoutine.uexp" 143
"C:/Users/Admin/Documents/Unreal Projects/ai-project/Content/Goals/Guard/Blackboard/TreeOthers/TS_Enforcement.uasset" 144
"C:/Users/Admin/Documents/Unreal Projects/ai-project/Content/Goals/Guard/Blackboard/TreeOthers/TS_Enforcement.uexp" 145
"C:/Users/Admin/Documents/Unreal Projects/ai-project/Content/Goals/Guard/GuardRoot.uasset" 146
"C:/Users/Admin/Documents/Unreal Projects/ai-project/Content/Goals/Guard/GuardRoot.uexp" 147
"C:/Users/Admin/Documents/Unreal Projects/ai-project/Content/GuardBTController.uasset" 148
"C:/Users/Admin/Documents/Unreal Projects/ai-project/Content/GuardBTController.uexp" 149
"C:/Users/Admin/Documents/Unreal Projects/ai-project/Content/ExternalAssets/FBX_format_graveyard/colormap_ncl1_1.ubulk" 150
"C:/Users/Admin/Documents/Unreal Projects/ai-project/Content/ExternalAssets/FBX_format_graveyard/colormap_ncl1_1.uasset" 151
"C:/Users/Admin/Documents/Unreal Projects/ai-project/Content/ExternalAssets/FBX_format_graveyard/colormap_ncl1_1.uexp" 152
"C:/Users/Admin/Documents/Unreal Projects/ai-project/Content/ExternalAssets/FBX_format_graveyard/colormap.uasset" 153
"C:/Users/Admin/Documents/Unreal Projects/ai-project/Content/ExternalAssets/FBX_format_graveyard/colormap.uexp" 154
"C:/Users/Admin/Documents/Unreal Projects/ai-project/Content/ExternalAssets/FBX_format_graveyard/brick-wall.ubulk" 155
"C:/Users/Admin/Documents/Unreal Projects/ai-project/Content/ExternalAssets/FBX_format_graveyard/brick-wall.uasset" 156
"C:/Users/Admin/Documents/Unreal Projects/ai-project/Content/ExternalAssets/FBX_format_graveyard/brick-wall.uexp" 157
"../../../Engine/Content/EditorBlueprintResources/StandardMacros.uasset" 158
"../../../Engine/Content/EditorBlueprintResources/StandardMacros.uexp" 159
"C:/Users/Admin/Documents/Unreal Projects/ai-project/Content/ExternalAssets/BP_SplineWall.uasset" 160
"C:/Users/Admin/Documents/Unreal Projects/ai-project/Content/ExternalAssets/BP_SplineWall.uexp" 161
"C:/Users/Admin/Documents/Unreal Projects/ai-project/Content/StarterContent/Props/MaterialSphere.ubulk" 162
"C:/Users/Admin/Documents/Unreal Projects/ai-project/Content/StarterContent/Props/MaterialSphere.uasset" 163
"C:/Users/Admin/Documents/Unreal Projects/ai-project/Content/StarterContent/Props/MaterialSphere.uexp" 164
"C:/Users/Admin/Documents/Unreal Projects/ai-project/Content/Door.uasset" 165
"C:/Users/Admin/Documents/Unreal Projects/ai-project/Content/Door.uexp" 166
"C:/Users/Admin/Documents/Unreal Projects/ai-project/Content/ThirdPerson/Input/Actions/IA_ToggleInventory.uasset" 167
"C:/Users/Admin/Documents/Unreal Projects/ai-project/Content/ThirdPerson/Input/Actions/IA_ToggleInventory.uexp" 168
"C:/Users/Admin/Documents/Unreal Projects/ai-project/Content/ThirdPerson/Input/Actions/IA_Attack.uasset" 169
"C:/Users/Admin/Documents/Unreal Projects/ai-project/Content/ThirdPerson/Input/Actions/IA_Attack.uexp" 170
"C:/Users/Admin/Documents/Unreal Projects/ai-project/Content/ThirdPerson/Input/IMC_Attack.uasset" 171
"C:/Users/Admin/Documents/Unreal Projects/ai-project/Content/ThirdPerson/Input/IMC_Attack.uexp" 172
"C:/Users/Admin/Documents/Unreal Projects/ai-project/Content/ThirdPerson/Input/Actions/IA_Take.uasset" 173
"C:/Users/Admin/Documents/Unreal Projects/ai-project/Content/ThirdPerson/Input/Actions/IA_Take.uexp" 174
"C:/Users/Admin/Documents/Unreal Projects/ai-project/Content/ThirdPerson/Input/IMC_Interactions.uasset" 175
"C:/Users/Admin/Documents/Unreal Projects/ai-project/Content/ThirdPerson/Input/IMC_Interactions.uexp" 176
"C:/Users/Admin/Documents/Unreal Projects/ai-project/Content/ExternalAssets/sounds/MOVEActv_MediumHeavy_HA_WHOOSH_04.ubulk" 177
"C:/Users/Admin/Documents/Unreal Projects/ai-project/Content/ExternalAssets/sounds/MOVEActv_MediumHeavy_HA_WHOOSH_04.uasset" 178
"C:/Users/Admin/Documents/Unreal Projects/ai-project/Content/ExternalAssets/sounds/MOVEActv_MediumHeavy_HA_WHOOSH_04.uexp" 179
"C:/Users/Admin/Documents/Unreal Projects/ai-project/Content/UI/WBP_InventoryItem.uasset" 180
"C:/Users/Admin/Documents/Unreal Projects/ai-project/Content/UI/WBP_InventoryItem.uexp" 181
"C:/Users/Admin/Documents/Unreal Projects/ai-project/Content/UI/WBP_Inventory.uasset" 182
"C:/Users/Admin/Documents/Unreal Projects/ai-project/Content/UI/WBP_Inventory.uexp" 183
"C:/Users/Admin/Documents/Unreal Projects/ai-project/Content/DataTables/DT_NewCraftingBD.uasset" 184
"C:/Users/Admin/Documents/Unreal Projects/ai-project/Content/DataTables/DT_NewCraftingBD.uexp" 185
"C:/Users/Admin/Documents/Unreal Projects/ai-project/Content/Characters/Mannequins/Meshes/SK_Mannequin.uasset" 186
"C:/Users/Admin/Documents/Unreal Projects/ai-project/Content/Characters/Mannequins/Meshes/SK_Mannequin.uexp" 187
"C:/Users/Admin/Documents/Unreal Projects/ai-project/Content/Characters/Mannequins/Textures/Quinn/T_Quinn_02ID_MSR_MSK.ubulk" 188
"C:/Users/Admin/Documents/Unreal Projects/ai-project/Content/Characters/Mannequins/Textures/Quinn/T_Quinn_02ID_MSR_MSK.uasset" 189
"C:/Users/Admin/Documents/Unreal Projects/ai-project/Content/Characters/Mannequins/Textures/Quinn/T_Quinn_02ID_MSR_MSK.uexp" 190
"C:/Users/Admin/Documents/Unreal Projects/ai-project/Content/Characters/Mannequins/Textures/Quinn/T_Quinn_02ID_BN.ubulk" 191
"C:/Users/Admin/Documents/Unreal Projects/ai-project/Content/Characters/Mannequins/Textures/Quinn/T_Quinn_02ID_BN.uasset" 192
"C:/Users/Admin/Documents/Unreal Projects/ai-project/Content/Characters/Mannequins/Textures/Quinn/T_Quinn_02ID_BN.uexp" 193
"C:/Users/Admin/Documents/Unreal Projects/ai-project/Content/Characters/Mannequins/Textures/Quinn/T_Quinn_02_ASAOMASK_MSK.ubulk" 194
"C:/Users/Admin/Documents/Unreal Projects/ai-project/Content/Characters/Mannequins/Textures/Quinn/T_Quinn_02_ASAOMASK_MSK.uasset" 195
"C:/Users/Admin/Documents/Unreal Projects/ai-project/Content/Characters/Mannequins/Textures/Quinn/T_Quinn_02_ASAOMASK_MSK.uexp" 196
"C:/Users/Admin/Documents/Unreal Projects/ai-project/Content/Characters/Mannequins/Textures/Quinn/T_Quinn_02_CCRCCPlastic_MSK.ubulk" 197
"C:/Users/Admin/Documents/Unreal Projects/ai-project/Content/Characters/Mannequins/Textures/Quinn/T_Quinn_02_CCRCCPlastic_MSK.uasset" 198
"C:/Users/Admin/Documents/Unreal Projects/ai-project/Content/Characters/Mannequins/Textures/Quinn/T_Quinn_02_CCRCCPlastic_MSK.uexp" 199
"C:/Users/Admin/Documents/Unreal Projects/ai-project/Content/Characters/Mannequins/Textures/Quinn/T_Quinn_02ID_Tan.ubulk" 200
"C:/Users/Admin/Documents/Unreal Projects/ai-project/Content/Characters/Mannequins/Textures/Quinn/T_Quinn_02ID_Tan.uasset" 201
"C:/Users/Admin/Documents/Unreal Projects/ai-project/Content/Characters/Mannequins/Textures/Quinn/T_Quinn_02ID_Tan.uexp" 202
"C:/Users/Admin/Documents/Unreal Projects/ai-project/Content/Characters/Mannequins/Textures/Quinn/T_Quinn_02ID_D.ubulk" 203
"C:/Users/Admin/Documents/Unreal Projects/ai-project/Content/Characters/Mannequins/Textures/Quinn/T_Quinn_02ID_D.uasset" 204
"C:/Users/Admin/Documents/Unreal Projects/ai-project/Content/Characters/Mannequins/Textures/Quinn/T_Quinn_02ID_D.uexp" 205
"C:/Users/Admin/Documents/Unreal Projects/ai-project/Content/Characters/Mannequins/Textures/Quinn/T_Quinn_01ID_MSR_MSK.ubulk" 206
"C:/Users/Admin/Documents/Unreal Projects/ai-project/Content/Characters/Mannequins/Textures/Quinn/T_Quinn_01ID_MSR_MSK.uasset" 207
"C:/Users/Admin/Documents/Unreal Projects/ai-project/Content/Characters/Mannequins/Textures/Quinn/T_Quinn_01ID_MSR_MSK.uexp" 208
"C:/Users/Admin/Documents/Unreal Projects/ai-project/Content/Characters/Mannequins/Materials/Functions/ChromaticCurve.uasset" 209
"C:/Users/Admin/Documents/Unreal Projects/ai-project/Content/Characters/Mannequins/Materials/Functions/ChromaticCurve.uexp" 210
"C:/Users/Admin/Documents/Unreal Projects/ai-project/Content/Characters/Mannequins/Materials/Functions/CA_Mannequin.uasset" 211
"C:/Users/Admin/Documents/Unreal Projects/ai-project/Content/Characters/Mannequins/Materials/Functions/CA_Mannequin.uexp" 212
"C:/Users/Admin/Documents/Unreal Projects/ai-project/Content/Characters/Mannequins/Materials/Functions/MF_Diffraction.uasset" 213
"C:/Users/Admin/Documents/Unreal Projects/ai-project/Content/Characters/Mannequins/Materials/Functions/MF_Diffraction.uexp" 214
"C:/Users/Admin/Documents/Unreal Projects/ai-project/Content/Characters/Mannequins/Textures/Manny/T_Manny_01_N.ubulk" 215
"C:/Users/Admin/Documents/Unreal Projects/ai-project/Content/Characters/Mannequins/Textures/Manny/T_Manny_01_N.uasset" 216
"C:/Users/Admin/Documents/Unreal Projects/ai-project/Content/Characters/Mannequins/Textures/Manny/T_Manny_01_N.uexp" 217
"C:/Users/Admin/Documents/Unreal Projects/ai-project/Content/Characters/Mannequins/Materials/Functions/ML_BaseColorFallOff.uasset" 218
"C:/Users/Admin/Documents/Unreal Projects/ai-project/Content/Characters/Mannequins/Materials/Functions/ML_BaseColorFallOff.uexp" 219
"../../../Engine/Content/Functions/Engine_MaterialFunctions02/Utility/BreakOutFloat2Components.uasset" 220
"../../../Engine/Content/Functions/Engine_MaterialFunctions02/Utility/BreakOutFloat2Components.uexp" 221
"../../../Engine/Content/Functions/Engine_MaterialFunctions01/Texturing/ScaleUVsByCenter.uasset" 222
"../../../Engine/Content/Functions/Engine_MaterialFunctions01/Texturing/ScaleUVsByCenter.uexp" 223
"C:/Users/Admin/Documents/Unreal Projects/ai-project/Content/Characters/Mannequins/Textures/Shared/T_UE_Logo_M.uasset" 224
"C:/Users/Admin/Documents/Unreal Projects/ai-project/Content/Characters/Mannequins/Textures/Shared/T_UE_Logo_M.uexp" 225
"C:/Users/Admin/Documents/Unreal Projects/ai-project/Content/Characters/Mannequins/Materials/Functions/MF_logo3layers.uasset" 226
"C:/Users/Admin/Documents/Unreal Projects/ai-project/Content/Characters/Mannequins/Materials/Functions/MF_logo3layers.uexp" 227
"C:/Users/Admin/Documents/Unreal Projects/ai-project/Content/Characters/Mannequins/Textures/Manny/T_Manny_01_CCRCCPlastic_MSK.ubulk" 228
"C:/Users/Admin/Documents/Unreal Projects/ai-project/Content/Characters/Mannequins/Textures/Manny/T_Manny_01_CCRCCPlastic_MSK.uasset" 229
"C:/Users/Admin/Documents/Unreal Projects/ai-project/Content/Characters/Mannequins/Textures/Manny/T_Manny_01_CCRCCPlastic_MSK.uexp" 230
"C:/Users/Admin/Documents/Unreal Projects/ai-project/Content/Characters/Mannequins/Textures/Manny/T_Manny_01_ASAOPMASK_MSK.ubulk" 231
"C:/Users/Admin/Documents/Unreal Projects/ai-project/Content/Characters/Mannequins/Textures/Manny/T_Manny_01_ASAOPMASK_MSK.uasset" 232
"C:/Users/Admin/Documents/Unreal Projects/ai-project/Content/Characters/Mannequins/Textures/Manny/T_Manny_01_ASAOPMASK_MSK.uexp" 233
"C:/Users/Admin/Documents/Unreal Projects/ai-project/Content/Characters/Mannequins/Textures/Manny/T_Manny_01_MSR_MSK.ubulk" 234
"C:/Users/Admin/Documents/Unreal Projects/ai-project/Content/Characters/Mannequins/Textures/Manny/T_Manny_01_MSR_MSK.uasset" 235
"C:/Users/Admin/Documents/Unreal Projects/ai-project/Content/Characters/Mannequins/Textures/Manny/T_Manny_01_MSR_MSK.uexp" 236
"C:/Users/Admin/Documents/Unreal Projects/ai-project/Content/Characters/Mannequins/Textures/Manny/T_Manny_01_BN.ubulk" 237
"C:/Users/Admin/Documents/Unreal Projects/ai-project/Content/Characters/Mannequins/Textures/Manny/T_Manny_01_BN.uasset" 238
"C:/Users/Admin/Documents/Unreal Projects/ai-project/Content/Characters/Mannequins/Textures/Manny/T_Manny_01_BN.uexp" 239
"C:/Users/Admin/Documents/Unreal Projects/ai-project/Content/Characters/Mannequins/Textures/Manny/T_Manny_01_D.ubulk" 240
"C:/Users/Admin/Documents/Unreal Projects/ai-project/Content/Characters/Mannequins/Textures/Manny/T_Manny_01_D.uasset" 241
"C:/Users/Admin/Documents/Unreal Projects/ai-project/Content/Characters/Mannequins/Textures/Manny/T_Manny_01_D.uexp" 242
"C:/Users/Admin/Documents/Unreal Projects/ai-project/Content/Characters/Mannequins/Textures/Manny/T_Manny_01_Tan.ubulk" 243
"C:/Users/Admin/Documents/Unreal Projects/ai-project/Content/Characters/Mannequins/Textures/Manny/T_Manny_01_Tan.uasset" 244
"C:/Users/Admin/Documents/Unreal Projects/ai-project/Content/Characters/Mannequins/Textures/Manny/T_Manny_01_Tan.uexp" 245
"C:/Users/Admin/Documents/Unreal Projects/ai-project/Content/Characters/Mannequins/Materials/M_Mannequin.uasset" 246
"C:/Users/Admin/Documents/Unreal Projects/ai-project/Content/Characters/Mannequins/Materials/M_Mannequin.uexp" 247
"C:/Users/Admin/Documents/Unreal Projects/ai-project/Content/Characters/Mannequins/Textures/Quinn/T_Quinn_01_ASAOMASK_MSK.ubulk" 248
"C:/Users/Admin/Documents/Unreal Projects/ai-project/Content/Characters/Mannequins/Textures/Quinn/T_Quinn_01_ASAOMASK_MSK.uasset" 249
"C:/Users/Admin/Documents/Unreal Projects/ai-project/Content/Characters/Mannequins/Textures/Quinn/T_Quinn_01_ASAOMASK_MSK.uexp" 250
"C:/Users/Admin/Documents/Unreal Projects/ai-project/Content/Characters/Mannequins/Textures/Quinn/T_Quinn_01ID_N.ubulk" 251
"C:/Users/Admin/Documents/Unreal Projects/ai-project/Content/Characters/Mannequins/Textures/Quinn/T_Quinn_01ID_N.uasset" 252
"C:/Users/Admin/Documents/Unreal Projects/ai-project/Content/Characters/Mannequins/Textures/Quinn/T_Quinn_01ID_N.uexp" 253
"C:/Users/Admin/Documents/Unreal Projects/ai-project/Content/Characters/Mannequins/Textures/Quinn/T_Quinn_01ID_BN.ubulk" 254
"C:/Users/Admin/Documents/Unreal Projects/ai-project/Content/Characters/Mannequins/Textures/Quinn/T_Quinn_01ID_BN.uasset" 255
"C:/Users/Admin/Documents/Unreal Projects/ai-project/Content/Characters/Mannequins/Textures/Quinn/T_Quinn_01ID_BN.uexp" 256
"C:/Users/Admin/Documents/Unreal Projects/ai-project/Content/Characters/Mannequins/Textures/Quinn/T_Quinn_01ID_D.ubulk" 257
"C:/Users/Admin/Documents/Unreal Projects/ai-project/Content/Characters/Mannequins/Textures/Quinn/T_Quinn_01ID_D.uasset" 258
"C:/Users/Admin/Documents/Unreal Projects/ai-project/Content/Characters/Mannequins/Textures/Quinn/T_Quinn_01ID_D.uexp" 259
"C:/Users/Admin/Documents/Unreal Projects/ai-project/Content/Characters/Mannequins/Textures/Quinn/T_Quinn_01ID_Tan.ubulk" 260
"C:/Users/Admin/Documents/Unreal Projects/ai-project/Content/Characters/Mannequins/Textures/Quinn/T_Quinn_01ID_Tan.uasset" 261
"C:/Users/Admin/Documents/Unreal Projects/ai-project/Content/Characters/Mannequins/Textures/Quinn/T_Quinn_01ID_Tan.uexp" 262
"C:/Users/Admin/Documents/Unreal Projects/ai-project/Content/Characters/Mannequins/Textures/Quinn/T_Quinn_01_CCRCCPlastic_MSK.ubulk" 263
"C:/Users/Admin/Documents/Unreal Projects/ai-project/Content/Characters/Mannequins/Textures/Quinn/T_Quinn_01_CCRCCPlastic_MSK.uasset" 264
"C:/Users/Admin/Documents/Unreal Projects/ai-project/Content/Characters/Mannequins/Textures/Quinn/T_Quinn_01_CCRCCPlastic_MSK.uexp" 265
"C:/Users/Admin/Documents/Unreal Projects/ai-project/Content/Characters/Mannequins/Materials/Instances/Quinn/MI_Quinn_01.uasset" 266
"C:/Users/Admin/Documents/Unreal Projects/ai-project/Content/Characters/Mannequins/Materials/Instances/Quinn/MI_Quinn_01.uexp" 267
"C:/Users/Admin/Documents/Unreal Projects/ai-project/Content/Characters/Mannequins/Textures/Quinn/T_Quinn_02ID_N.ubulk" 268
"C:/Users/Admin/Documents/Unreal Projects/ai-project/Content/Characters/Mannequins/Textures/Quinn/T_Quinn_02ID_N.uasset" 269
"C:/Users/Admin/Documents/Unreal Projects/ai-project/Content/Characters/Mannequins/Textures/Quinn/T_Quinn_02ID_N.uexp" 270
"C:/Users/Admin/Documents/Unreal Projects/ai-project/Content/Characters/Mannequins/Materials/Instances/Quinn/MI_Quinn_02.uasset" 271
"C:/Users/Admin/Documents/Unreal Projects/ai-project/Content/Characters/Mannequins/Materials/Instances/Quinn/MI_Quinn_02.uexp" 272
"C:/Users/Admin/Documents/Unreal Projects/ai-project/Content/Characters/Mannequins/Rigs/PA_Mannequin.uasset" 273
"C:/Users/Admin/Documents/Unreal Projects/ai-project/Content/Characters/Mannequins/Rigs/PA_Mannequin.uexp" 274
"C:/Users/Admin/Documents/Unreal Projects/ai-project/Content/Characters/Mannequins/Meshes/SKM_Quinn_Simple.uasset" 275
"C:/Users/Admin/Documents/Unreal Projects/ai-project/Content/Characters/Mannequins/Meshes/SKM_Quinn_Simple.uexp" 276
"C:/Users/Admin/Documents/Unreal Projects/ai-project/Content/ExternalAssets/sounds/MOVEActv_MediumHeavy_HA_WHOOSH_17.ubulk" 277
"C:/Users/Admin/Documents/Unreal Projects/ai-project/Content/ExternalAssets/sounds/MOVEActv_MediumHeavy_HA_WHOOSH_17.uasset" 278
"C:/Users/Admin/Documents/Unreal Projects/ai-project/Content/ExternalAssets/sounds/MOVEActv_MediumHeavy_HA_WHOOSH_17.uexp" 279
"C:/Users/Admin/Documents/Unreal Projects/ai-project/Content/ExternalAssets/sounds/MOVEActv_MediumHeavy_HA_WHOOSH_09.ubulk" 280
"C:/Users/Admin/Documents/Unreal Projects/ai-project/Content/ExternalAssets/sounds/MOVEActv_MediumHeavy_HA_WHOOSH_09.uasset" 281
"C:/Users/Admin/Documents/Unreal Projects/ai-project/Content/ExternalAssets/sounds/MOVEActv_MediumHeavy_HA_WHOOSH_09.uexp" 282
"C:/Users/Admin/Documents/Unreal Projects/ai-project/Content/ExternalAssets/FBX_format_food/colormap_ncl1_1.ubulk" 283
"C:/Users/Admin/Documents/Unreal Projects/ai-project/Content/ExternalAssets/FBX_format_food/colormap_ncl1_1.uasset" 284
"C:/Users/Admin/Documents/Unreal Projects/ai-project/Content/ExternalAssets/FBX_format_food/colormap_ncl1_1.uexp" 285
"C:/Users/Admin/Documents/Unreal Projects/ai-project/Content/ExternalAssets/FBX_format_food/colormap.uasset" 286
"C:/Users/Admin/Documents/Unreal Projects/ai-project/Content/ExternalAssets/FBX_format_food/colormap.uexp" 287
"C:/Users/Admin/Documents/Unreal Projects/ai-project/Content/ExternalAssets/FBX_format_food/cauliflower_cauliflower.ubulk" 288
"C:/Users/Admin/Documents/Unreal Projects/ai-project/Content/ExternalAssets/FBX_format_food/cauliflower_cauliflower.uasset" 289
"C:/Users/Admin/Documents/Unreal Projects/ai-project/Content/ExternalAssets/FBX_format_food/cauliflower_cauliflower.uexp" 290
"../../../Engine/Content/Functions/Engine_MaterialFunctions02/Utility/BreakOutFloat3Components.uasset" 291
"../../../Engine/Content/Functions/Engine_MaterialFunctions02/Utility/BreakOutFloat3Components.uexp" 292
"../../../Engine/Content/Functions/Engine_MaterialFunctions02/Math/Transform3x3Matrix.uasset" 293
"../../../Engine/Content/Functions/Engine_MaterialFunctions02/Math/Transform3x3Matrix.uexp" 294
"../../../Engine/Plugins/Interchange/Runtime/Content/gltf/MaterialFunctions/MF_RotateV2.uasset" 295
"../../../Engine/Plugins/Interchange/Runtime/Content/gltf/MaterialFunctions/MF_RotateV2.uexp" 296
"../../../Engine/Plugins/Interchange/Runtime/Content/gltf/MaterialFunctions/MF_TransformUVs.uasset" 297
"../../../Engine/Plugins/Interchange/Runtime/Content/gltf/MaterialFunctions/MF_TransformUVs.uexp" 298
"../../../Engine/Plugins/Interchange/Runtime/Content/gltf/Textures/T_White_srgb.uasset" 299
"../../../Engine/Plugins/Interchange/Runtime/Content/gltf/Textures/T_White_srgb.uexp" 300
"../../../Engine/Plugins/Interchange/Runtime/Content/gltf/MaterialFunctions/MF_BaseColor.uasset" 301
"../../../Engine/Plugins/Interchange/Runtime/Content/gltf/MaterialFunctions/MF_BaseColor.uexp" 302
"../../../Engine/Plugins/Interchange/Runtime/Content/Utilities/New_LUT.uasset" 303
"../../../Engine/Plugins/Interchange/Runtime/Content/Utilities/New_LUT.uexp" 304
"../../../Engine/Content/Functions/Engine_MaterialFunctions03/Math/RemapValueRange.uasset" 305
"../../../Engine/Content/Functions/Engine_MaterialFunctions03/Math/RemapValueRange.uexp" 306
"../../../Engine/Plugins/Interchange/Runtime/Content/Functions/MF_Iridescence.uasset" 307
"../../../Engine/Plugins/Interchange/Runtime/Content/Functions/MF_Iridescence.uexp" 308
"../../../Engine/Plugins/Interchange/Runtime/Content/gltf/MaterialFunctions/MF_Iridescence.uasset" 309
"../../../Engine/Plugins/Interchange/Runtime/Content/gltf/MaterialFunctions/MF_Iridescence.uexp" 310
"../../../Engine/Plugins/Interchange/Runtime/Content/gltf/Textures/T_White_Linear.uasset" 311
"../../../Engine/Plugins/Interchange/Runtime/Content/gltf/Textures/T_White_Linear.uexp" 312
"../../../Engine/Plugins/Interchange/Runtime/Content/gltf/MaterialFunctions/MF_MetallicRoughness.uasset" 313
"../../../Engine/Plugins/Interchange/Runtime/Content/gltf/MaterialFunctions/MF_MetallicRoughness.uexp" 314
"../../../Engine/Content/Functions/Engine_MaterialFunctions02/Utility/MakeFloat3.uasset" 315
"../../../Engine/Content/Functions/Engine_MaterialFunctions02/Utility/MakeFloat3.uexp" 316
"../../../Engine/Plugins/Interchange/Runtime/Content/gltf/MaterialFunctions/MF_RotateNormals_TS.uasset" 317
"../../../Engine/Plugins/Interchange/Runtime/Content/gltf/MaterialFunctions/MF_RotateNormals_TS.uexp" 318
"../../../Engine/Plugins/Interchange/Runtime/Content/gltf/MaterialFunctions/MF_Occlusion.uasset" 319
"../../../Engine/Plugins/Interchange/Runtime/Content/gltf/MaterialFunctions/MF_Occlusion.uexp" 320
"../../../Engine/Plugins/Interchange/Runtime/Content/gltf/MaterialFunctions/MF_Emissive.uasset" 321
"../../../Engine/Plugins/Interchange/Runtime/Content/gltf/MaterialFunctions/MF_Emissive.uexp" 322
"../../../Engine/Plugins/Interchange/Runtime/Content/gltf/MaterialFunctions/MF_Specular.uasset" 323
"../../../Engine/Plugins/Interchange/Runtime/Content/gltf/MaterialFunctions/MF_Specular.uexp" 324
"../../../Engine/Plugins/Interchange/Runtime/Content/gltf/MaterialFunctions/MF_IOR.uasset" 325
"../../../Engine/Plugins/Interchange/Runtime/Content/gltf/MaterialFunctions/MF_IOR.uexp" 326
"../../../Engine/Plugins/Interchange/Runtime/Content/gltf/Textures/T_Generic_N.uasset" 327
"../../../Engine/Plugins/Interchange/Runtime/Content/gltf/Textures/T_Generic_N.uexp" 328
"../../../Engine/Plugins/Interchange/Runtime/Content/gltf/MaterialFunctions/MF_Normals.uasset" 329
"../../../Engine/Plugins/Interchange/Runtime/Content/gltf/MaterialFunctions/MF_Normals.uexp" 330
"../../../Engine/Plugins/Interchange/Runtime/Content/gltf/MaterialBodies/MF_Default_Body.uasset" 331
"../../../Engine/Plugins/Interchange/Runtime/Content/gltf/MaterialBodies/MF_Default_Body.uexp" 332
"../../../Engine/Plugins/Interchange/Runtime/Content/gltf/M_Default.uasset" 333
"../../../Engine/Plugins/Interchange/Runtime/Content/gltf/M_Default.uexp" 334
"../../../Engine/Plugins/Interchange/Runtime/Content/gltf/MaterialInstances/MI_Default_Opaque_DS.uasset" 335
"../../../Engine/Plugins/Interchange/Runtime/Content/gltf/MaterialInstances/MI_Default_Opaque_DS.uexp" 336
"C:/Users/Admin/Documents/Unreal Projects/ai-project/Content/ExternalAssets/Prsion/M_Metal.uasset" 337
"C:/Users/Admin/Documents/Unreal Projects/ai-project/Content/ExternalAssets/Prsion/M_Metal.uexp" 338
"C:/Users/Admin/Documents/Unreal Projects/ai-project/Content/ExternalAssets/Prsion/SM_MetalFork.ubulk" 339
"C:/Users/Admin/Documents/Unreal Projects/ai-project/Content/ExternalAssets/Prsion/SM_MetalFork.uasset" 340
"C:/Users/Admin/Documents/Unreal Projects/ai-project/Content/ExternalAssets/Prsion/SM_MetalFork.uexp" 341
"C:/Users/Admin/Documents/Unreal Projects/ai-project/Content/ExternalAssets/FBX_format_food/advocado-half_pit.ubulk" 342
"C:/Users/Admin/Documents/Unreal Projects/ai-project/Content/ExternalAssets/FBX_format_food/advocado-half_pit.uasset" 343
"C:/Users/Admin/Documents/Unreal Projects/ai-project/Content/ExternalAssets/FBX_format_food/advocado-half_pit.uexp" 344
"C:/Users/Admin/Documents/Unreal Projects/ai-project/Content/ExternalAssets/Prsion/rusted_medieval_key_texture_0.ubulk" 345
"C:/Users/Admin/Documents/Unreal Projects/ai-project/Content/ExternalAssets/Prsion/rusted_medieval_key_texture_0.uasset" 346
"C:/Users/Admin/Documents/Unreal Projects/ai-project/Content/ExternalAssets/Prsion/rusted_medieval_key_texture_0.uexp" 347
"C:/Users/Admin/Documents/Unreal Projects/ai-project/Content/ExternalAssets/Prsion/rusted_medieval_key_texture_1.ubulk" 348
"C:/Users/Admin/Documents/Unreal Projects/ai-project/Content/ExternalAssets/Prsion/rusted_medieval_key_texture_1.uasset" 349
"C:/Users/Admin/Documents/Unreal Projects/ai-project/Content/ExternalAssets/Prsion/rusted_medieval_key_texture_1.uexp" 350
"C:/Users/Admin/Documents/Unreal Projects/ai-project/Content/ExternalAssets/Prsion/rusted_medieval_key_texture_2.ubulk" 351
"C:/Users/Admin/Documents/Unreal Projects/ai-project/Content/ExternalAssets/Prsion/rusted_medieval_key_texture_2.uasset" 352
"C:/Users/Admin/Documents/Unreal Projects/ai-project/Content/ExternalAssets/Prsion/rusted_medieval_key_texture_2.uexp" 353
"C:/Users/Admin/Documents/Unreal Projects/ai-project/Content/ExternalAssets/Prsion/material.uasset" 354
"C:/Users/Admin/Documents/Unreal Projects/ai-project/Content/ExternalAssets/Prsion/material.uexp" 355
"C:/Users/Admin/Documents/Unreal Projects/ai-project/Content/ExternalAssets/Prsion/SM_PlasticKey.ubulk" 356
"C:/Users/Admin/Documents/Unreal Projects/ai-project/Content/ExternalAssets/Prsion/SM_PlasticKey.uasset" 357
"C:/Users/Admin/Documents/Unreal Projects/ai-project/Content/ExternalAssets/Prsion/SM_PlasticKey.uexp" 358
"C:/Users/Admin/Documents/Unreal Projects/ai-project/Content/ExternalAssets/Prsion/ps1_style_low_poly_asteroids_texture_0.ubulk" 359
"C:/Users/Admin/Documents/Unreal Projects/ai-project/Content/ExternalAssets/Prsion/ps1_style_low_poly_asteroids_texture_0.uasset" 360
"C:/Users/Admin/Documents/Unreal Projects/ai-project/Content/ExternalAssets/Prsion/ps1_style_low_poly_asteroids_texture_0.uexp" 361
"C:/Users/Admin/Documents/Unreal Projects/ai-project/Content/ExternalAssets/Prsion/asteroid_001.uasset" 362
"C:/Users/Admin/Documents/Unreal Projects/ai-project/Content/ExternalAssets/Prsion/asteroid_001.uexp" 363
"C:/Users/Admin/Documents/Unreal Projects/ai-project/Content/ExternalAssets/Prsion/SM_MoltPlastic.ubulk" 364
"C:/Users/Admin/Documents/Unreal Projects/ai-project/Content/ExternalAssets/Prsion/SM_MoltPlastic.uasset" 365
"C:/Users/Admin/Documents/Unreal Projects/ai-project/Content/ExternalAssets/Prsion/SM_MoltPlastic.uexp" 366
"C:/Users/Admin/Documents/Unreal Projects/ai-project/Content/ExternalAssets/Prsion/baton_texture_0.ubulk" 367
"C:/Users/Admin/Documents/Unreal Projects/ai-project/Content/ExternalAssets/Prsion/baton_texture_0.uasset" 368
"C:/Users/Admin/Documents/Unreal Projects/ai-project/Content/ExternalAssets/Prsion/baton_texture_0.uexp" 369
"C:/Users/Admin/Documents/Unreal Projects/ai-project/Content/ExternalAssets/Prsion/baton_texture_1.ubulk" 370
"C:/Users/Admin/Documents/Unreal Projects/ai-project/Content/ExternalAssets/Prsion/baton_texture_1.uasset" 371
"C:/Users/Admin/Documents/Unreal Projects/ai-project/Content/ExternalAssets/Prsion/baton_texture_1.uexp" 372
"C:/Users/Admin/Documents/Unreal Projects/ai-project/Content/ExternalAssets/Prsion/baton_texture_2.ubulk" 373
"C:/Users/Admin/Documents/Unreal Projects/ai-project/Content/ExternalAssets/Prsion/baton_texture_2.uasset" 374
"C:/Users/Admin/Documents/Unreal Projects/ai-project/Content/ExternalAssets/Prsion/baton_texture_2.uexp" 375
"C:/Users/Admin/Documents/Unreal Projects/ai-project/Content/ExternalAssets/Prsion/T_Batton.uasset" 376
"C:/Users/Admin/Documents/Unreal Projects/ai-project/Content/ExternalAssets/Prsion/T_Batton.uexp" 377
"C:/Users/Admin/Documents/Unreal Projects/ai-project/Content/ExternalAssets/Prsion/SM_Batton_T_Batton_0.ubulk" 378
"C:/Users/Admin/Documents/Unreal Projects/ai-project/Content/ExternalAssets/Prsion/SM_Batton_T_Batton_0.uasset" 379
"C:/Users/Admin/Documents/Unreal Projects/ai-project/Content/ExternalAssets/Prsion/SM_Batton_T_Batton_0.uexp" 380
"C:/Users/Admin/Documents/Unreal Projects/ai-project/Content/ExternalAssets/icons/genericItem_color_001.uasset" 381
"C:/Users/Admin/Documents/Unreal Projects/ai-project/Content/ExternalAssets/icons/genericItem_color_001.uexp" 382
"C:/Users/Admin/Documents/Unreal Projects/ai-project/Content/ExternalAssets/icons/genericItem_color_015.uasset" 383
"C:/Users/Admin/Documents/Unreal Projects/ai-project/Content/ExternalAssets/icons/genericItem_color_015.uexp" 384
"C:/Users/Admin/Documents/Unreal Projects/ai-project/Content/ExternalAssets/Prsion/SM_Key.ubulk" 385
"C:/Users/Admin/Documents/Unreal Projects/ai-project/Content/ExternalAssets/Prsion/SM_Key.uasset" 386
"C:/Users/Admin/Documents/Unreal Projects/ai-project/Content/ExternalAssets/Prsion/SM_Key.uexp" 387
"C:/Users/Admin/Documents/Unreal Projects/ai-project/Content/ExternalAssets/icons/genericItem_color_088.uasset" 388
"C:/Users/Admin/Documents/Unreal Projects/ai-project/Content/ExternalAssets/icons/genericItem_color_088.uexp" 389
"C:/Users/Admin/Documents/Unreal Projects/ai-project/Content/RamsterZ_FreeAnims_Volume1/Demo/Floors_and_Walls/Materials/m_CubeMaterial.uasset" 390
"C:/Users/Admin/Documents/Unreal Projects/ai-project/Content/RamsterZ_FreeAnims_Volume1/Demo/Floors_and_Walls/Materials/m_CubeMaterial.uexp" 391
"C:/Users/Admin/Documents/Unreal Projects/ai-project/Content/RamsterZ_FreeAnims_Volume1/Demo/Floors_and_Walls/Mesh/1M_Cube.ubulk" 392
"C:/Users/Admin/Documents/Unreal Projects/ai-project/Content/RamsterZ_FreeAnims_Volume1/Demo/Floors_and_Walls/Mesh/1M_Cube.uasset" 393
"C:/Users/Admin/Documents/Unreal Projects/ai-project/Content/RamsterZ_FreeAnims_Volume1/Demo/Floors_and_Walls/Mesh/1M_Cube.uexp" 394
"C:/Users/Admin/Documents/Unreal Projects/ai-project/Content/ExternalAssets/FBX_format_food/utensil-fork_utensil-fork.ubulk" 395
"C:/Users/Admin/Documents/Unreal Projects/ai-project/Content/ExternalAssets/FBX_format_food/utensil-fork_utensil-fork.uasset" 396
"C:/Users/Admin/Documents/Unreal Projects/ai-project/Content/ExternalAssets/FBX_format_food/utensil-fork_utensil-fork.uexp" 397
"C:/Users/Admin/Documents/Unreal Projects/ai-project/Content/ExternalAssets/Prsion/SM_MetalSpoon.ubulk" 398
"C:/Users/Admin/Documents/Unreal Projects/ai-project/Content/ExternalAssets/Prsion/SM_MetalSpoon.uasset" 399
"C:/Users/Admin/Documents/Unreal Projects/ai-project/Content/ExternalAssets/Prsion/SM_MetalSpoon.uexp" 400
"C:/Users/Admin/Documents/Unreal Projects/ai-project/Content/ExternalAssets/icons/genericItem_color_089.uasset" 401
"C:/Users/Admin/Documents/Unreal Projects/ai-project/Content/ExternalAssets/icons/genericItem_color_089.uexp" 402
"C:/Users/Admin/Documents/Unreal Projects/ai-project/Content/ExternalAssets/icons/genericItem_color_101.uasset" 403
"C:/Users/Admin/Documents/Unreal Projects/ai-project/Content/ExternalAssets/icons/genericItem_color_101.uexp" 404
"C:/Users/Admin/Documents/Unreal Projects/ai-project/Content/ExternalAssets/icons/genericItem_color_104.uasset" 405
"C:/Users/Admin/Documents/Unreal Projects/ai-project/Content/ExternalAssets/icons/genericItem_color_104.uexp" 406
"C:/Users/Admin/Documents/Unreal Projects/ai-project/Content/ExternalAssets/icons/genericItem_color_122.uasset" 407
"C:/Users/Admin/Documents/Unreal Projects/ai-project/Content/ExternalAssets/icons/genericItem_color_122.uexp" 408
"C:/Users/Admin/Documents/Unreal Projects/ai-project/Content/ExternalAssets/icons/genericItem_color_129.uasset" 409
"C:/Users/Admin/Documents/Unreal Projects/ai-project/Content/ExternalAssets/icons/genericItem_color_129.uexp" 410
"C:/Users/Admin/Documents/Unreal Projects/ai-project/Content/ExternalAssets/icons/genericItem_color_130.uasset" 411
"C:/Users/Admin/Documents/Unreal Projects/ai-project/Content/ExternalAssets/icons/genericItem_color_130.uexp" 412
"C:/Users/Admin/Documents/Unreal Projects/ai-project/Content/ExternalAssets/icons/genericItem_color_131.uasset" 413
"C:/Users/Admin/Documents/Unreal Projects/ai-project/Content/ExternalAssets/icons/genericItem_color_131.uexp" 414
"C:/Users/Admin/Documents/Unreal Projects/ai-project/Content/ExternalAssets/icons/genericItem_color_133.uasset" 415
"C:/Users/Admin/Documents/Unreal Projects/ai-project/Content/ExternalAssets/icons/genericItem_color_133.uexp" 416
"C:/Users/Admin/Documents/Unreal Projects/ai-project/Content/ExternalAssets/icons/genericItem_color_151.uasset" 417
"C:/Users/Admin/Documents/Unreal Projects/ai-project/Content/ExternalAssets/icons/genericItem_color_151.uexp" 418
"C:/Users/Admin/Documents/Unreal Projects/ai-project/Content/ExternalAssets/icons/genericItem_color_154.uasset" 419
"C:/Users/Admin/Documents/Unreal Projects/ai-project/Content/ExternalAssets/icons/genericItem_color_154.uexp" 420
"C:/Users/Admin/Documents/Unreal Projects/ai-project/Content/ExternalAssets/icons/genericItem_color_155.uasset" 421
"C:/Users/Admin/Documents/Unreal Projects/ai-project/Content/ExternalAssets/icons/genericItem_color_155.uexp" 422
"C:/Users/Admin/Documents/Unreal Projects/ai-project/Content/ExternalAssets/icons/genericItem_color_156.uasset" 423
"C:/Users/Admin/Documents/Unreal Projects/ai-project/Content/ExternalAssets/icons/genericItem_color_156.uexp" 424
"C:/Users/Admin/Documents/Unreal Projects/ai-project/Content/ExternalAssets/icons/genericItem_color_159.uasset" 425
"C:/Users/Admin/Documents/Unreal Projects/ai-project/Content/ExternalAssets/icons/genericItem_color_159.uexp" 426
"C:/Users/Admin/Documents/Unreal Projects/ai-project/Content/ExternalAssets/icons/genericItem_color_161.uasset" 427
"C:/Users/Admin/Documents/Unreal Projects/ai-project/Content/ExternalAssets/icons/genericItem_color_161.uexp" 428
"C:/Users/Admin/Documents/Unreal Projects/ai-project/Content/ExternalAssets/Prsion/SM_MetalKnife.ubulk" 429
"C:/Users/Admin/Documents/Unreal Projects/ai-project/Content/ExternalAssets/Prsion/SM_MetalKnife.uasset" 430
"C:/Users/Admin/Documents/Unreal Projects/ai-project/Content/ExternalAssets/Prsion/SM_MetalKnife.uexp" 431
"C:/Users/Admin/Documents/Unreal Projects/ai-project/Content/ExternalAssets/FBX_format_graveyard/brick-wall-curve.ubulk" 432
"C:/Users/Admin/Documents/Unreal Projects/ai-project/Content/ExternalAssets/FBX_format_graveyard/brick-wall-curve.uasset" 433
"C:/Users/Admin/Documents/Unreal Projects/ai-project/Content/ExternalAssets/FBX_format_graveyard/brick-wall-curve.uexp" 434
"C:/Users/Admin/Documents/Unreal Projects/ai-project/Content/ExternalAssets/Prsion/metal_food_tray_texture_0.ubulk" 435
"C:/Users/Admin/Documents/Unreal Projects/ai-project/Content/ExternalAssets/Prsion/metal_food_tray_texture_0.uasset" 436
"C:/Users/Admin/Documents/Unreal Projects/ai-project/Content/ExternalAssets/Prsion/metal_food_tray_texture_0.uexp" 437
"C:/Users/Admin/Documents/Unreal Projects/ai-project/Content/ExternalAssets/Prsion/metal_food_tray_texture_1.ubulk" 438
"C:/Users/Admin/Documents/Unreal Projects/ai-project/Content/ExternalAssets/Prsion/metal_food_tray_texture_1.uasset" 439
"C:/Users/Admin/Documents/Unreal Projects/ai-project/Content/ExternalAssets/Prsion/metal_food_tray_texture_1.uexp" 440
"C:/Users/Admin/Documents/Unreal Projects/ai-project/Content/ExternalAssets/Prsion/metal_food_tray_texture_2.ubulk" 441
"C:/Users/Admin/Documents/Unreal Projects/ai-project/Content/ExternalAssets/Prsion/metal_food_tray_texture_2.uasset" 442
"C:/Users/Admin/Documents/Unreal Projects/ai-project/Content/ExternalAssets/Prsion/metal_food_tray_texture_2.uexp" 443
"C:/Users/Admin/Documents/Unreal Projects/ai-project/Content/ExternalAssets/Prsion/M_MetalFoodTray.uasset" 444
"C:/Users/Admin/Documents/Unreal Projects/ai-project/Content/ExternalAssets/Prsion/M_MetalFoodTray.uexp" 445
"C:/Users/Admin/Documents/Unreal Projects/ai-project/Content/ExternalAssets/Prsion/SM_MetalTray.ubulk" 446
"C:/Users/Admin/Documents/Unreal Projects/ai-project/Content/ExternalAssets/Prsion/SM_MetalTray.uasset" 447
"C:/Users/Admin/Documents/Unreal Projects/ai-project/Content/ExternalAssets/Prsion/SM_MetalTray.uexp" 448
"C:/Users/Admin/Documents/Unreal Projects/ai-project/Content/ExternalAssets/FBX_format_graveyard/shovel_shovel.ubulk" 449
"C:/Users/Admin/Documents/Unreal Projects/ai-project/Content/ExternalAssets/FBX_format_graveyard/shovel_shovel.uasset" 450
"C:/Users/Admin/Documents/Unreal Projects/ai-project/Content/ExternalAssets/FBX_format_graveyard/shovel_shovel.uexp" 451
"C:/Users/Admin/Documents/Unreal Projects/ai-project/Content/ExternalAssets/icons/genericItem_color_022.uasset" 452
"C:/Users/Admin/Documents/Unreal Projects/ai-project/Content/ExternalAssets/icons/genericItem_color_022.uexp" 453
"C:/Users/Admin/Documents/Unreal Projects/ai-project/Content/ExternalAssets/icons/genericItem_color_005.uasset" 454
"C:/Users/Admin/Documents/Unreal Projects/ai-project/Content/ExternalAssets/icons/genericItem_color_005.uexp" 455
"C:/Users/Admin/Documents/Unreal Projects/ai-project/Content/ExternalAssets/icons/genericItem_color_096.uasset" 456
"C:/Users/Admin/Documents/Unreal Projects/ai-project/Content/ExternalAssets/icons/genericItem_color_096.uexp" 457
"C:/Users/Admin/Documents/Unreal Projects/ai-project/Content/DataTables/BT_InventoryItemDatabase.uasset" 458
"C:/Users/Admin/Documents/Unreal Projects/ai-project/Content/DataTables/BT_InventoryItemDatabase.uexp" 459
"C:/Users/Admin/Documents/Unreal Projects/ai-project/Content/UI/WB_CraftMenuToolTipBox.uasset" 460
"C:/Users/Admin/Documents/Unreal Projects/ai-project/Content/UI/WB_CraftMenuToolTipBox.uexp" 461
"C:/Users/Admin/Documents/Unreal Projects/ai-project/Content/UI/WB_CraftMenuToolTip.uasset" 462
"C:/Users/Admin/Documents/Unreal Projects/ai-project/Content/UI/WB_CraftMenuToolTip.uexp" 463
"C:/Users/Admin/Documents/Unreal Projects/ai-project/Content/UI/WBP_CraftMenuItems.uasset" 464
"C:/Users/Admin/Documents/Unreal Projects/ai-project/Content/UI/WBP_CraftMenuItems.uexp" 465
"C:/Users/Admin/Documents/Unreal Projects/ai-project/Content/UI/WBP_CraftMenu.uasset" 466
"C:/Users/Admin/Documents/Unreal Projects/ai-project/Content/UI/WBP_CraftMenu.uexp" 467
"../../../Engine/Content/Animation/DefaultAnimCurveCompressionSettings.uasset" 468
"../../../Engine/Content/Animation/DefaultAnimCurveCompressionSettings.uexp" 469
"../../../Engine/Content/Animation/DefaultVariableFrameStrippingSettings.uasset" 470
"../../../Engine/Content/Animation/DefaultVariableFrameStrippingSettings.uexp" 471
"../../../Engine/Content/Animation/DefaultAnimBoneCompressionSettings.uasset" 472
"../../../Engine/Content/Animation/DefaultAnimBoneCompressionSettings.uexp" 473
"C:/Users/Admin/Documents/Unreal Projects/ai-project/Content/Characters/Mannequins/Animations/Manny/MM_Fall_Loop.uasset" 474
"C:/Users/Admin/Documents/Unreal Projects/ai-project/Content/Characters/Mannequins/Animations/Manny/MM_Fall_Loop.uexp" 475
"C:/Users/Admin/Documents/Unreal Projects/ai-project/Content/Characters/Mannequins/Animations/Manny/MM_Jump.uasset" 476
"C:/Users/Admin/Documents/Unreal Projects/ai-project/Content/Characters/Mannequins/Animations/Manny/MM_Jump.uexp" 477
"../../../Engine/Plugins/Animation/ControlRig/Content/Controls/DefaultGizmoLibrary.uasset" 478
"../../../Engine/Plugins/Animation/ControlRig/Content/Controls/DefaultGizmoLibrary.uexp" 479
"C:/Users/Admin/Documents/Unreal Projects/ai-project/Content/Characters/Mannequins/Rigs/CR_Mannequin_BasicFootIK.uasset" 480
"C:/Users/Admin/Documents/Unreal Projects/ai-project/Content/Characters/Mannequins/Rigs/CR_Mannequin_BasicFootIK.uexp" 481
"C:/Users/Admin/Documents/Unreal Projects/ai-project/Content/Characters/Mannequins/Animations/Manny/MM_Run_Fwd.uasset" 482
"C:/Users/Admin/Documents/Unreal Projects/ai-project/Content/Characters/Mannequins/Animations/Manny/MM_Run_Fwd.uexp" 483
"C:/Users/Admin/Documents/Unreal Projects/ai-project/Content/Characters/Mannequins/Animations/Manny/MM_Walk_Fwd.uasset" 484
"C:/Users/Admin/Documents/Unreal Projects/ai-project/Content/Characters/Mannequins/Animations/Manny/MM_Walk_Fwd.uexp" 485
"../../../Engine/Content/Animation/DefaultRecorderBoneCompression.uasset" 486
"../../../Engine/Content/Animation/DefaultRecorderBoneCompression.uexp" 487
"C:/Users/Admin/Documents/Unreal Projects/ai-project/Content/Characters/Mannequins/Animations/Manny/MM_Walk_InPlace.uasset" 488
"C:/Users/Admin/Documents/Unreal Projects/ai-project/Content/Characters/Mannequins/Animations/Manny/MM_Walk_InPlace.uexp" 489
"C:/Users/Admin/Documents/Unreal Projects/ai-project/Content/Characters/Mannequins/Animations/Manny/BS_MM_WalkRun.uasset" 490
"C:/Users/Admin/Documents/Unreal Projects/ai-project/Content/Characters/Mannequins/Animations/Manny/BS_MM_WalkRun.uexp" 491
"C:/Users/Admin/Documents/Unreal Projects/ai-project/Content/Characters/Mannequins/Animations/Manny/MM_Land.uasset" 492
"C:/Users/Admin/Documents/Unreal Projects/ai-project/Content/Characters/Mannequins/Animations/Manny/MM_Land.uexp" 493
"C:/Users/Admin/Documents/Unreal Projects/ai-project/Content/Characters/Mannequins/Animations/Manny/MM_Idle.uasset" 494
"C:/Users/Admin/Documents/Unreal Projects/ai-project/Content/Characters/Mannequins/Animations/Manny/MM_Idle.uexp" 495
"C:/Users/Admin/Documents/Unreal Projects/ai-project/Content/Characters/Mannequins/Animations/ABP_Manny.uasset" 496
"C:/Users/Admin/Documents/Unreal Projects/ai-project/Content/Characters/Mannequins/Animations/ABP_Manny.uexp" 497
"C:/Users/Admin/Documents/Unreal Projects/ai-project/Content/ThirdPerson/Input/Actions/IA_Jump.uasset" 498
"C:/Users/Admin/Documents/Unreal Projects/ai-project/Content/ThirdPerson/Input/Actions/IA_Jump.uexp" 499
"C:/Users/Admin/Documents/Unreal Projects/ai-project/Content/ThirdPerson/Input/Actions/IA_ChangeViewQ.uasset" 500
"C:/Users/Admin/Documents/Unreal Projects/ai-project/Content/ThirdPerson/Input/Actions/IA_ChangeViewQ.uexp" 501
"C:/Users/Admin/Documents/Unreal Projects/ai-project/Content/ThirdPerson/Input/Actions/IA_Look.uasset" 502
"C:/Users/Admin/Documents/Unreal Projects/ai-project/Content/ThirdPerson/Input/Actions/IA_Look.uexp" 503
"C:/Users/Admin/Documents/Unreal Projects/ai-project/Content/ThirdPerson/Input/Actions/IA_Move.uasset" 504
"C:/Users/Admin/Documents/Unreal Projects/ai-project/Content/ThirdPerson/Input/Actions/IA_Move.uexp" 505
"C:/Users/Admin/Documents/Unreal Projects/ai-project/Content/ThirdPerson/Input/IMC_Default.uasset" 506
"C:/Users/Admin/Documents/Unreal Projects/ai-project/Content/ThirdPerson/Input/IMC_Default.uexp" 507
"C:/Users/Admin/Documents/Unreal Projects/ai-project/Content/ThirdPerson/Input/Actions/IA_ToggleCM.uasset" 508
"C:/Users/Admin/Documents/Unreal Projects/ai-project/Content/ThirdPerson/Input/Actions/IA_ToggleCM.uexp" 509
"C:/Users/Admin/Documents/Unreal Projects/ai-project/Content/ThirdPerson/Input/IMC_CraftingMenu.uasset" 510
"C:/Users/Admin/Documents/Unreal Projects/ai-project/Content/ThirdPerson/Input/IMC_CraftingMenu.uexp" 511
"C:/Users/Admin/Documents/Unreal Projects/ai-project/Content/UI/WD_DSc.uasset" 512
"C:/Users/Admin/Documents/Unreal Projects/ai-project/Content/UI/WD_DSc.uexp" 513
"C:/Users/Admin/Documents/Unreal Projects/ai-project/Content/ExternalAssets/sounds/VOXReac_HitReaction_HA_MaleCharVoc_04.ubulk" 514
"C:/Users/Admin/Documents/Unreal Projects/ai-project/Content/ExternalAssets/sounds/VOXReac_HitReaction_HA_MaleCharVoc_04.uasset" 515
"C:/Users/Admin/Documents/Unreal Projects/ai-project/Content/ExternalAssets/sounds/VOXReac_HitReaction_HA_MaleCharVoc_04.uexp" 516
"C:/Users/Admin/Documents/Unreal Projects/ai-project/Content/Characters/Guard/character__1__Skeleton.uasset" 517
"C:/Users/Admin/Documents/Unreal Projects/ai-project/Content/Characters/Guard/character__1__Skeleton.uexp" 518
"../../../Engine/Plugins/Animation/ACLPlugin/Content/ACLAnimBoneCompressionSettings.uasset" 519
"../../../Engine/Plugins/Animation/ACLPlugin/Content/ACLAnimBoneCompressionSettings.uexp" 520
"../../../Engine/Plugins/Animation/ACLPlugin/Content/ACLAnimCurveCompressionSettings.uasset" 521
"../../../Engine/Plugins/Animation/ACLPlugin/Content/ACLAnimCurveCompressionSettings.uexp" 522
"C:/Users/Admin/Documents/Unreal Projects/ai-project/Content/Anim/Guard/Guard_HitReact_Back.uasset" 523
"C:/Users/Admin/Documents/Unreal Projects/ai-project/Content/Anim/Guard/Guard_HitReact_Back.uexp" 524
"C:/Users/Admin/Documents/Unreal Projects/ai-project/Content/Anim/Guard/AM_BackHit.uasset" 525
"C:/Users/Admin/Documents/Unreal Projects/ai-project/Content/Anim/Guard/AM_BackHit.uexp" 526
"C:/Users/Admin/Documents/Unreal Projects/ai-project/Content/Anim/Guard/Guard_HitReact_Left.uasset" 527
"C:/Users/Admin/Documents/Unreal Projects/ai-project/Content/Anim/Guard/Guard_HitReact_Left.uexp" 528
"C:/Users/Admin/Documents/Unreal Projects/ai-project/Content/Anim/Guard/AM_FrontHit.uasset" 529
"C:/Users/Admin/Documents/Unreal Projects/ai-project/Content/Anim/Guard/AM_FrontHit.uexp" 530
"C:/Users/Admin/Documents/Unreal Projects/ai-project/Content/ExternalAssets/sounds/VOXReac_HitReaction_HA_MaleCharVoc_01.ubulk" 531
"C:/Users/Admin/Documents/Unreal Projects/ai-project/Content/ExternalAssets/sounds/VOXReac_HitReaction_HA_MaleCharVoc_01.uasset" 532
"C:/Users/Admin/Documents/Unreal Projects/ai-project/Content/ExternalAssets/sounds/VOXReac_HitReaction_HA_MaleCharVoc_01.uexp" 533
"C:/Users/Admin/Documents/Unreal Projects/ai-project/Content/ExternalAssets/sounds/VOXReac_HitReaction_HA_MaleCharVoc_31.ubulk" 534
"C:/Users/Admin/Documents/Unreal Projects/ai-project/Content/ExternalAssets/sounds/VOXReac_HitReaction_HA_MaleCharVoc_31.uasset" 535
"C:/Users/Admin/Documents/Unreal Projects/ai-project/Content/ExternalAssets/sounds/VOXReac_HitReaction_HA_MaleCharVoc_31.uexp" 536
"C:/Users/Admin/Documents/Unreal Projects/ai-project/Content/ExternalAssets/sounds/VOXReac_HitReaction_HA_MaleCharVoc_36.ubulk" 537
"C:/Users/Admin/Documents/Unreal Projects/ai-project/Content/ExternalAssets/sounds/VOXReac_HitReaction_HA_MaleCharVoc_36.uasset" 538
"C:/Users/Admin/Documents/Unreal Projects/ai-project/Content/ExternalAssets/sounds/VOXReac_HitReaction_HA_MaleCharVoc_36.uexp" 539
"C:/Users/Admin/Documents/Unreal Projects/ai-project/Content/Anim/NS_SImpleAttack.uasset" 540
"C:/Users/Admin/Documents/Unreal Projects/ai-project/Content/Anim/NS_SImpleAttack.uexp" 541
"C:/Users/Admin/Documents/Unreal Projects/ai-project/Content/Anim/MN_QuinnAttack_Impact.uasset" 542
"C:/Users/Admin/Documents/Unreal Projects/ai-project/Content/Anim/MN_QuinnAttack_Impact.uexp" 543
"C:/Users/Admin/Documents/Unreal Projects/ai-project/Content/Anim/QuinnnZombie_Attack.uasset" 544
"C:/Users/Admin/Documents/Unreal Projects/ai-project/Content/Anim/QuinnnZombie_Attack.uexp" 545
"C:/Users/Admin/Documents/Unreal Projects/ai-project/Content/Anim/MNW_ComboWIndow.uasset" 546
"C:/Users/Admin/Documents/Unreal Projects/ai-project/Content/Anim/MNW_ComboWIndow.uexp" 547
"C:/Users/Admin/Documents/Unreal Projects/ai-project/Content/Anim/AM_QuinnAttack.uasset" 548
"C:/Users/Admin/Documents/Unreal Projects/ai-project/Content/Anim/AM_QuinnAttack.uexp" 549
"C:/Users/Admin/Documents/Unreal Projects/ai-project/Content/ExternalAssets/FBX_format_food/advocado-half_advocado-half.ubulk" 550
"C:/Users/Admin/Documents/Unreal Projects/ai-project/Content/ExternalAssets/FBX_format_food/advocado-half_advocado-half.uasset" 551
"C:/Users/Admin/Documents/Unreal Projects/ai-project/Content/ExternalAssets/FBX_format_food/advocado-half_advocado-half.uexp" 552
"C:/Users/Admin/Documents/Unreal Projects/ai-project/Content/ThirdPerson/Blueprints/BP_ThirdPersonCharacter.uasset" 553
"C:/Users/Admin/Documents/Unreal Projects/ai-project/Content/ThirdPerson/Blueprints/BP_ThirdPersonCharacter.uexp" 554
"C:/Users/Admin/Documents/Unreal Projects/ai-project/Content/UI/WB_StarterUI.uasset" 555
"C:/Users/Admin/Documents/Unreal Projects/ai-project/Content/UI/WB_StarterUI.uexp" 556
"C:/Users/Admin/Documents/Unreal Projects/ai-project/Content/UI/WBP_VolumeSlider.uasset" 557
"C:/Users/Admin/Documents/Unreal Projects/ai-project/Content/UI/WBP_VolumeSlider.uexp" 558
"C:/Users/Admin/Documents/Unreal Projects/ai-project/Content/UI/Options.uasset" 559
"C:/Users/Admin/Documents/Unreal Projects/ai-project/Content/UI/Options.uexp" 560
"C:/Users/Admin/Documents/Unreal Projects/ai-project/Content/UI/NewBlueprint.uasset" 561
"C:/Users/Admin/Documents/Unreal Projects/ai-project/Content/UI/NewBlueprint.uexp" 562
"C:/Users/Admin/Documents/Unreal Projects/ai-project/Content/ThirdPerson/Maps/ThirdPersonMap_BuiltData.ubulk" 563
"C:/Users/Admin/Documents/Unreal Projects/ai-project/Content/ThirdPerson/Maps/ThirdPersonMap_BuiltData.uasset" 564
"C:/Users/Admin/Documents/Unreal Projects/ai-project/Content/ThirdPerson/Maps/ThirdPersonMap_BuiltData.uexp" 565
"C:/Users/Admin/Documents/Unreal Projects/ai-project/Content/ThirdPerson/Blueprints/S_WorldState.uasset" 566
"C:/Users/Admin/Documents/Unreal Projects/ai-project/Content/ThirdPerson/Blueprints/S_WorldState.uexp" 567
"C:/Users/Admin/Documents/Unreal Projects/ai-project/Content/ThirdPerson/Blueprints/S_Action.uasset" 568
"C:/Users/Admin/Documents/Unreal Projects/ai-project/Content/ThirdPerson/Blueprints/S_Action.uexp" 569
"C:/Users/Admin/Documents/Unreal Projects/ai-project/Content/ThirdPerson/Blueprints/A_Clock.uasset" 570
"C:/Users/Admin/Documents/Unreal Projects/ai-project/Content/ThirdPerson/Blueprints/A_Clock.uexp" 571
"C:/Users/Admin/Documents/Unreal Projects/ai-project/Content/StarterContent/Materials/M_Basic_Wall.uasset" 572
"C:/Users/Admin/Documents/Unreal Projects/ai-project/Content/StarterContent/Materials/M_Basic_Wall.uexp" 573
"C:/Users/Admin/Documents/Unreal Projects/ai-project/Content/StarterContent/Shapes/Shape_WideCapsule.ubulk" 574
"C:/Users/Admin/Documents/Unreal Projects/ai-project/Content/StarterContent/Shapes/Shape_WideCapsule.uasset" 575
"C:/Users/Admin/Documents/Unreal Projects/ai-project/Content/StarterContent/Shapes/Shape_WideCapsule.uexp" 576
"C:/Users/Admin/Documents/Unreal Projects/ai-project/Content/StarterContent/Shapes/Shape_Wedge_B.ubulk" 577
"C:/Users/Admin/Documents/Unreal Projects/ai-project/Content/StarterContent/Shapes/Shape_Wedge_B.uasset" 578
"C:/Users/Admin/Documents/Unreal Projects/ai-project/Content/StarterContent/Shapes/Shape_Wedge_B.uexp" 579
"C:/Users/Admin/Documents/Unreal Projects/ai-project/Content/StarterContent/Shapes/Shape_Wedge_A.ubulk" 580
"C:/Users/Admin/Documents/Unreal Projects/ai-project/Content/StarterContent/Shapes/Shape_Wedge_A.uasset" 581
"C:/Users/Admin/Documents/Unreal Projects/ai-project/Content/StarterContent/Shapes/Shape_Wedge_A.uexp" 582
"C:/Users/Admin/Documents/Unreal Projects/ai-project/Content/StarterContent/Shapes/Shape_Tube.ubulk" 583
"C:/Users/Admin/Documents/Unreal Projects/ai-project/Content/StarterContent/Shapes/Shape_Tube.uasset" 584
"C:/Users/Admin/Documents/Unreal Projects/ai-project/Content/StarterContent/Shapes/Shape_Tube.uexp" 585
"C:/Users/Admin/Documents/Unreal Projects/ai-project/Content/StarterContent/Shapes/Shape_TriPyramid.ubulk" 586
"C:/Users/Admin/Documents/Unreal Projects/ai-project/Content/StarterContent/Shapes/Shape_TriPyramid.uasset" 587
"C:/Users/Admin/Documents/Unreal Projects/ai-project/Content/StarterContent/Shapes/Shape_TriPyramid.uexp" 588
"C:/Users/Admin/Documents/Unreal Projects/ai-project/Content/StarterContent/Shapes/Shape_Trim_90_Out.ubulk" 589
"C:/Users/Admin/Documents/Unreal Projects/ai-project/Content/StarterContent/Shapes/Shape_Trim_90_Out.uasset" 590
"C:/Users/Admin/Documents/Unreal Projects/ai-project/Content/StarterContent/Shapes/Shape_Trim_90_Out.uexp" 591
"C:/Users/Admin/Documents/Unreal Projects/ai-project/Content/StarterContent/Shapes/Shape_Trim_90_In.ubulk" 592
"C:/Users/Admin/Documents/Unreal Projects/ai-project/Content/StarterContent/Shapes/Shape_Trim_90_In.uasset" 593
"C:/Users/Admin/Documents/Unreal Projects/ai-project/Content/StarterContent/Shapes/Shape_Trim_90_In.uexp" 594
"C:/Users/Admin/Documents/Unreal Projects/ai-project/Content/StarterContent/Shapes/Shape_Trim.ubulk" 595
"C:/Users/Admin/Documents/Unreal Projects/ai-project/Content/StarterContent/Shapes/Shape_Trim.uasset" 596
"C:/Users/Admin/Documents/Unreal Projects/ai-project/Content/StarterContent/Shapes/Shape_Trim.uexp" 597
"C:/Users/Admin/Documents/Unreal Projects/ai-project/Content/StarterContent/Shapes/Shape_Torus.ubulk" 598
"C:/Users/Admin/Documents/Unreal Projects/ai-project/Content/StarterContent/Shapes/Shape_Torus.uasset" 599
"C:/Users/Admin/Documents/Unreal Projects/ai-project/Content/StarterContent/Shapes/Shape_Torus.uexp" 600
"C:/Users/Admin/Documents/Unreal Projects/ai-project/Content/StarterContent/Shapes/Shape_Plane.ubulk" 601
"C:/Users/Admin/Documents/Unreal Projects/ai-project/Content/StarterContent/Shapes/Shape_Plane.uasset" 602
"C:/Users/Admin/Documents/Unreal Projects/ai-project/Content/StarterContent/Shapes/Shape_Plane.uexp" 603
"C:/Users/Admin/Documents/Unreal Projects/ai-project/Content/StarterContent/Shapes/Shape_Pipe_90.ubulk" 604
"C:/Users/Admin/Documents/Unreal Projects/ai-project/Content/StarterContent/Shapes/Shape_Pipe_90.uasset" 605
"C:/Users/Admin/Documents/Unreal Projects/ai-project/Content/StarterContent/Shapes/Shape_Pipe_90.uexp" 606
"C:/Users/Admin/Documents/Unreal Projects/ai-project/Content/StarterContent/Shapes/Shape_Pipe_180.ubulk" 607
"C:/Users/Admin/Documents/Unreal Projects/ai-project/Content/StarterContent/Shapes/Shape_Pipe_180.uasset" 608
"C:/Users/Admin/Documents/Unreal Projects/ai-project/Content/StarterContent/Shapes/Shape_Pipe_180.uexp" 609
"C:/Users/Admin/Documents/Unreal Projects/ai-project/Content/StarterContent/Shapes/Shape_Pipe.ubulk" 610
"C:/Users/Admin/Documents/Unreal Projects/ai-project/Content/StarterContent/Shapes/Shape_Pipe.uasset" 611
"C:/Users/Admin/Documents/Unreal Projects/ai-project/Content/StarterContent/Shapes/Shape_Pipe.uexp" 612
"C:/Users/Admin/Documents/Unreal Projects/ai-project/Content/StarterContent/Shapes/Shape_NarrowCapsule.ubulk" 613
"C:/Users/Admin/Documents/Unreal Projects/ai-project/Content/StarterContent/Shapes/Shape_NarrowCapsule.uasset" 614
"C:/Users/Admin/Documents/Unreal Projects/ai-project/Content/StarterContent/Shapes/Shape_NarrowCapsule.uexp" 615
"C:/Users/Admin/Documents/Unreal Projects/ai-project/Content/StarterContent/Shapes/Shape_Cylinder.ubulk" 616
"C:/Users/Admin/Documents/Unreal Projects/ai-project/Content/StarterContent/Shapes/Shape_Cylinder.uasset" 617
"C:/Users/Admin/Documents/Unreal Projects/ai-project/Content/StarterContent/Shapes/Shape_Cylinder.uexp" 618
"C:/Users/Admin/Documents/Unreal Projects/ai-project/Content/StarterContent/Shapes/Shape_Cone.ubulk" 619
"C:/Users/Admin/Documents/Unreal Projects/ai-project/Content/StarterContent/Shapes/Shape_Cone.uasset" 620
"C:/Users/Admin/Documents/Unreal Projects/ai-project/Content/StarterContent/Shapes/Shape_Cone.uexp" 621
"C:/Users/Admin/Documents/Unreal Projects/ai-project/Content/StarterContent/Materials/M_Basic_Floor.uasset" 622
"C:/Users/Admin/Documents/Unreal Projects/ai-project/Content/StarterContent/Materials/M_Basic_Floor.uexp" 623
"C:/Users/Admin/Documents/Unreal Projects/ai-project/Content/StarterContent/Props/SM_Stairs.ubulk" 624
"C:/Users/Admin/Documents/Unreal Projects/ai-project/Content/StarterContent/Props/SM_Stairs.uasset" 625
"C:/Users/Admin/Documents/Unreal Projects/ai-project/Content/StarterContent/Props/SM_Stairs.uexp" 626
"C:/Users/Admin/Documents/Unreal Projects/ai-project/Content/StarterContent/Textures/T_Shelf_N.ubulk" 627
"C:/Users/Admin/Documents/Unreal Projects/ai-project/Content/StarterContent/Textures/T_Shelf_N.uasset" 628
"C:/Users/Admin/Documents/Unreal Projects/ai-project/Content/StarterContent/Textures/T_Shelf_N.uexp" 629
"C:/Users/Admin/Documents/Unreal Projects/ai-project/Content/StarterContent/Textures/T_Shelf_M.ubulk" 630
"C:/Users/Admin/Documents/Unreal Projects/ai-project/Content/StarterContent/Textures/T_Shelf_M.uasset" 631
"C:/Users/Admin/Documents/Unreal Projects/ai-project/Content/StarterContent/Textures/T_Shelf_M.uexp" 632
"C:/Users/Admin/Documents/Unreal Projects/ai-project/Content/StarterContent/Props/Materials/M_Shelf.uasset" 633
"C:/Users/Admin/Documents/Unreal Projects/ai-project/Content/StarterContent/Props/Materials/M_Shelf.uexp" 634
"C:/Users/Admin/Documents/Unreal Projects/ai-project/Content/StarterContent/Props/SM_Shelf.ubulk" 635
"C:/Users/Admin/Documents/Unreal Projects/ai-project/Content/StarterContent/Props/SM_Shelf.uasset" 636
"C:/Users/Admin/Documents/Unreal Projects/ai-project/Content/StarterContent/Props/SM_Shelf.uexp" 637
"../../../Engine/Content/Functions/Engine_MaterialFunctions02/Utility/BlendAngleCorrectedNormals.uasset" 638
"../../../Engine/Content/Functions/Engine_MaterialFunctions02/Utility/BlendAngleCorrectedNormals.uexp" 639
"C:/Users/Admin/Documents/Unreal Projects/ai-project/Content/StarterContent/Textures/T_Detail_Rocky_N.ubulk" 640
"C:/Users/Admin/Documents/Unreal Projects/ai-project/Content/StarterContent/Textures/T_Detail_Rocky_N.uasset" 641
"C:/Users/Admin/Documents/Unreal Projects/ai-project/Content/StarterContent/Textures/T_Detail_Rocky_N.uexp" 642
"C:/Users/Admin/Documents/Unreal Projects/ai-project/Content/StarterContent/Textures/T_Rock_Basalt_D.ubulk" 643
"C:/Users/Admin/Documents/Unreal Projects/ai-project/Content/StarterContent/Textures/T_Rock_Basalt_D.uasset" 644
"C:/Users/Admin/Documents/Unreal Projects/ai-project/Content/StarterContent/Textures/T_Rock_Basalt_D.uexp" 645
"C:/Users/Admin/Documents/Unreal Projects/ai-project/Content/StarterContent/Textures/T_RockMesh_N.ubulk" 646
"C:/Users/Admin/Documents/Unreal Projects/ai-project/Content/StarterContent/Textures/T_RockMesh_N.uasset" 647
"C:/Users/Admin/Documents/Unreal Projects/ai-project/Content/StarterContent/Textures/T_RockMesh_N.uexp" 648
"C:/Users/Admin/Documents/Unreal Projects/ai-project/Content/StarterContent/Textures/T_RockMesh_M.ubulk" 649
"C:/Users/Admin/Documents/Unreal Projects/ai-project/Content/StarterContent/Textures/T_RockMesh_M.uasset" 650
"C:/Users/Admin/Documents/Unreal Projects/ai-project/Content/StarterContent/Textures/T_RockMesh_M.uexp" 651
"C:/Users/Admin/Documents/Unreal Projects/ai-project/Content/StarterContent/Props/Materials/M_Rock.uasset" 652
"C:/Users/Admin/Documents/Unreal Projects/ai-project/Content/StarterContent/Props/Materials/M_Rock.uexp" 653
"C:/Users/Admin/Documents/Unreal Projects/ai-project/Content/StarterContent/Props/SM_Rock.ubulk" 654
"C:/Users/Admin/Documents/Unreal Projects/ai-project/Content/StarterContent/Props/SM_Rock.uasset" 655
"C:/Users/Admin/Documents/Unreal Projects/ai-project/Content/StarterContent/Props/SM_Rock.uexp" 656
"C:/Users/Admin/Documents/Unreal Projects/ai-project/Content/StarterContent/Materials/M_Glass.uasset" 657
"C:/Users/Admin/Documents/Unreal Projects/ai-project/Content/StarterContent/Materials/M_Glass.uexp" 658
"C:/Users/Admin/Documents/Unreal Projects/ai-project/Content/StarterContent/Textures/T_Door_N.ubulk" 659
"C:/Users/Admin/Documents/Unreal Projects/ai-project/Content/StarterContent/Textures/T_Door_N.uasset" 660
"C:/Users/Admin/Documents/Unreal Projects/ai-project/Content/StarterContent/Textures/T_Door_N.uexp" 661
"C:/Users/Admin/Documents/Unreal Projects/ai-project/Content/StarterContent/Textures/T_Door_M.ubulk" 662
"C:/Users/Admin/Documents/Unreal Projects/ai-project/Content/StarterContent/Textures/T_Door_M.uasset" 663
"C:/Users/Admin/Documents/Unreal Projects/ai-project/Content/StarterContent/Textures/T_Door_M.uexp" 664
"C:/Users/Admin/Documents/Unreal Projects/ai-project/Content/StarterContent/Props/Materials/M_Door.uasset" 665
"C:/Users/Admin/Documents/Unreal Projects/ai-project/Content/StarterContent/Props/Materials/M_Door.uexp" 666
"C:/Users/Admin/Documents/Unreal Projects/ai-project/Content/StarterContent/Props/SM_Door.ubulk" 667
"C:/Users/Admin/Documents/Unreal Projects/ai-project/Content/StarterContent/Props/SM_Door.uasset" 668
"C:/Users/Admin/Documents/Unreal Projects/ai-project/Content/StarterContent/Props/SM_Door.uexp" 669
"C:/Users/Admin/Documents/Unreal Projects/ai-project/Content/StarterContent/Textures/T_Chair_N.ubulk" 670
"C:/Users/Admin/Documents/Unreal Projects/ai-project/Content/StarterContent/Textures/T_Chair_N.uasset" 671
"C:/Users/Admin/Documents/Unreal Projects/ai-project/Content/StarterContent/Textures/T_Chair_N.uexp" 672
"C:/Users/Admin/Documents/Unreal Projects/ai-project/Content/StarterContent/Textures/T_Chair_M.ubulk" 673
"C:/Users/Admin/Documents/Unreal Projects/ai-project/Content/StarterContent/Textures/T_Chair_M.uasset" 674
"C:/Users/Admin/Documents/Unreal Projects/ai-project/Content/StarterContent/Textures/T_Chair_M.uexp" 675
"C:/Users/Admin/Documents/Unreal Projects/ai-project/Content/StarterContent/Props/Materials/M_Chair.uasset" 676
"C:/Users/Admin/Documents/Unreal Projects/ai-project/Content/StarterContent/Props/Materials/M_Chair.uexp" 677
"C:/Users/Admin/Documents/Unreal Projects/ai-project/Content/StarterContent/Props/SM_Couch.ubulk" 678
"C:/Users/Admin/Documents/Unreal Projects/ai-project/Content/StarterContent/Props/SM_Couch.uasset" 679
"C:/Users/Admin/Documents/Unreal Projects/ai-project/Content/StarterContent/Props/SM_Couch.uexp" 680
"C:/Users/Admin/Documents/Unreal Projects/ai-project/Content/StarterContent/Textures/T_Bush_N.ubulk" 681
"C:/Users/Admin/Documents/Unreal Projects/ai-project/Content/StarterContent/Textures/T_Bush_N.uasset" 682
"C:/Users/Admin/Documents/Unreal Projects/ai-project/Content/StarterContent/Textures/T_Bush_N.uexp" 683
"C:/Users/Admin/Documents/Unreal Projects/ai-project/Content/StarterContent/Textures/T_Bush_D.ubulk" 684
"C:/Users/Admin/Documents/Unreal Projects/ai-project/Content/StarterContent/Textures/T_Bush_D.uasset" 685
"C:/Users/Admin/Documents/Unreal Projects/ai-project/Content/StarterContent/Textures/T_Bush_D.uexp" 686
"C:/Users/Admin/Documents/Unreal Projects/ai-project/Content/StarterContent/Props/Materials/M_Bush.uasset" 687
"C:/Users/Admin/Documents/Unreal Projects/ai-project/Content/StarterContent/Props/Materials/M_Bush.uexp" 688
"C:/Users/Admin/Documents/Unreal Projects/ai-project/Content/StarterContent/Props/SM_Bush.ubulk" 689
"C:/Users/Admin/Documents/Unreal Projects/ai-project/Content/StarterContent/Props/SM_Bush.uasset" 690
"C:/Users/Admin/Documents/Unreal Projects/ai-project/Content/StarterContent/Props/SM_Bush.uexp" 691
"../../../Engine/Content/EditorMeshes/ColorCalibrator/T_ColorGrid.ubulk" 692
"../../../Engine/Content/EditorMeshes/ColorCalibrator/T_ColorGrid.uasset" 693
"../../../Engine/Content/EditorMeshes/ColorCalibrator/T_ColorGrid.uexp" 694
"C:/Users/Admin/Documents/Unreal Projects/ai-project/Content/StarterContent/Materials/M_ColorGrid_LowSpec.uasset" 695
"C:/Users/Admin/Documents/Unreal Projects/ai-project/Content/StarterContent/Materials/M_ColorGrid_LowSpec.uexp" 696
"C:/Users/Admin/Documents/Unreal Projects/ai-project/Content/StarterContent/Textures/T_Smoke_SubUV.ubulk" 697
"C:/Users/Admin/Documents/Unreal Projects/ai-project/Content/StarterContent/Textures/T_Smoke_SubUV.uasset" 698
"C:/Users/Admin/Documents/Unreal Projects/ai-project/Content/StarterContent/Textures/T_Smoke_SubUV.uexp" 699
"C:/Users/Admin/Documents/Unreal Projects/ai-project/Content/StarterContent/Textures/T_Smoke_Tiled_D.ubulk" 700
"C:/Users/Admin/Documents/Unreal Projects/ai-project/Content/StarterContent/Textures/T_Smoke_Tiled_D.uasset" 701
"C:/Users/Admin/Documents/Unreal Projects/ai-project/Content/StarterContent/Textures/T_Smoke_Tiled_D.uexp" 702
"C:/Users/Admin/Documents/Unreal Projects/ai-project/Content/StarterContent/Particles/Materials/M_smoke_subUV.uasset" 703
"C:/Users/Admin/Documents/Unreal Projects/ai-project/Content/StarterContent/Particles/Materials/M_smoke_subUV.uexp" 704
"C:/Users/Admin/Documents/Unreal Projects/ai-project/Content/StarterContent/Textures/T_Burst_M.ubulk" 705
"C:/Users/Admin/Documents/Unreal Projects/ai-project/Content/StarterContent/Textures/T_Burst_M.uasset" 706
"C:/Users/Admin/Documents/Unreal Projects/ai-project/Content/StarterContent/Textures/T_Burst_M.uexp" 707
"C:/Users/Admin/Documents/Unreal Projects/ai-project/Content/StarterContent/Particles/Materials/M_Burst.uasset" 708
"C:/Users/Admin/Documents/Unreal Projects/ai-project/Content/StarterContent/Particles/Materials/M_Burst.uexp" 709
"C:/Users/Admin/Documents/Unreal Projects/ai-project/Content/StarterContent/Particles/Materials/m_flare_01.uasset" 710
"C:/Users/Admin/Documents/Unreal Projects/ai-project/Content/StarterContent/Particles/Materials/m_flare_01.uexp" 711
"C:/Users/Admin/Documents/Unreal Projects/ai-project/Content/StarterContent/Textures/T_Explosion_SubUV.ubulk" 712
"C:/Users/Admin/Documents/Unreal Projects/ai-project/Content/StarterContent/Textures/T_Explosion_SubUV.uasset" 713
"C:/Users/Admin/Documents/Unreal Projects/ai-project/Content/StarterContent/Textures/T_Explosion_SubUV.uexp" 714
"C:/Users/Admin/Documents/Unreal Projects/ai-project/Content/StarterContent/Particles/Materials/M_explosion_subUV.uasset" 715
"C:/Users/Admin/Documents/Unreal Projects/ai-project/Content/StarterContent/Particles/Materials/M_explosion_subUV.uexp" 716
"../../../Engine/Content/Functions/Engine_MaterialFunctions01/Gradient/RadialGradient.uasset" 717
"../../../Engine/Content/Functions/Engine_MaterialFunctions01/Gradient/RadialGradient.uexp" 718
"C:/Users/Admin/Documents/Unreal Projects/ai-project/Content/StarterContent/Particles/Materials/M_radial_ramp.uasset" 719
"C:/Users/Admin/Documents/Unreal Projects/ai-project/Content/StarterContent/Particles/Materials/M_radial_ramp.uexp" 720
"C:/Users/Admin/Documents/Unreal Projects/ai-project/Content/StarterContent/Particles/P_Explosion.uasset" 721
"C:/Users/Admin/Documents/Unreal Projects/ai-project/Content/StarterContent/Particles/P_Explosion.uexp" 722
"C:/Users/Admin/Documents/Unreal Projects/ai-project/Content/StarterContent/Audio/Explosion_Cue.uasset" 723
"C:/Users/Admin/Documents/Unreal Projects/ai-project/Content/StarterContent/Audio/Explosion_Cue.uexp" 724
"C:/Users/Admin/Documents/Unreal Projects/ai-project/Content/StarterContent/Blueprints/Blueprint_Effect_Explosion.uasset" 725
"C:/Users/Admin/Documents/Unreal Projects/ai-project/Content/StarterContent/Blueprints/Blueprint_Effect_Explosion.uexp" 726
"C:/Users/Admin/Documents/Unreal Projects/ai-project/Content/StarterContent/Audio/Steam01.ubulk" 727
"C:/Users/Admin/Documents/Unreal Projects/ai-project/Content/StarterContent/Audio/Steam01.uasset" 728
"C:/Users/Admin/Documents/Unreal Projects/ai-project/Content/StarterContent/Audio/Steam01.uexp" 729
"C:/Users/Admin/Documents/Unreal Projects/ai-project/Content/StarterContent/Audio/Starter_Wind06.ubulk" 730
"C:/Users/Admin/Documents/Unreal Projects/ai-project/Content/StarterContent/Audio/Starter_Wind06.uasset" 731
"C:/Users/Admin/Documents/Unreal Projects/ai-project/Content/StarterContent/Audio/Starter_Wind06.uexp" 732
"C:/Users/Admin/Documents/Unreal Projects/ai-project/Content/StarterContent/Audio/Starter_Wind05.ubulk" 733
"C:/Users/Admin/Documents/Unreal Projects/ai-project/Content/StarterContent/Audio/Starter_Wind05.uasset" 734
"C:/Users/Admin/Documents/Unreal Projects/ai-project/Content/StarterContent/Audio/Starter_Wind05.uexp" 735
"C:/Users/Admin/Documents/Unreal Projects/ai-project/Content/StarterContent/Architecture/texture_door.uasset" 736
"C:/Users/Admin/Documents/Unreal Projects/ai-project/Content/StarterContent/Architecture/texture_door.uexp" 737
"C:/Users/Admin/Documents/Unreal Projects/ai-project/Content/StarterContent/Architecture/texture_door_Mat.uasset" 738
"C:/Users/Admin/Documents/Unreal Projects/ai-project/Content/StarterContent/Architecture/texture_door_Mat.uexp" 739
"C:/Users/Admin/Documents/Unreal Projects/ai-project/Content/StarterContent/Architecture/texture_1.uasset" 740
"C:/Users/Admin/Documents/Unreal Projects/ai-project/Content/StarterContent/Architecture/texture_1.uexp" 741
"C:/Users/Admin/Documents/Unreal Projects/ai-project/Content/StarterContent/Architecture/texture_1_Mat.uasset" 742
"C:/Users/Admin/Documents/Unreal Projects/ai-project/Content/StarterContent/Architecture/texture_1_Mat.uexp" 743
"C:/Users/Admin/Documents/Unreal Projects/ai-project/Content/Maps/mansion_map_img__1_.uasset" 744
"C:/Users/Admin/Documents/Unreal Projects/ai-project/Content/Maps/mansion_map_img__1_.uexp" 745
"C:/Users/Admin/Documents/Unreal Projects/ai-project/Content/Maps/mansion_map_img__1__Mat.uasset" 746
"C:/Users/Admin/Documents/Unreal Projects/ai-project/Content/Maps/mansion_map_img__1__Mat.uexp" 747
"C:/Users/Admin/Documents/Unreal Projects/ai-project/Content/StarterContent/Audio/Starter_Music01.ubulk" 748
"C:/Users/Admin/Documents/Unreal Projects/ai-project/Content/StarterContent/Audio/Starter_Music01.uasset" 749
"C:/Users/Admin/Documents/Unreal Projects/ai-project/Content/StarterContent/Audio/Starter_Music01.uexp" 750
"C:/Users/Admin/Documents/Unreal Projects/ai-project/Content/StarterContent/Audio/Starter_Birds01.ubulk" 751
"C:/Users/Admin/Documents/Unreal Projects/ai-project/Content/StarterContent/Audio/Starter_Birds01.uasset" 752
"C:/Users/Admin/Documents/Unreal Projects/ai-project/Content/StarterContent/Audio/Starter_Birds01.uexp" 753
"C:/Users/Admin/Documents/Unreal Projects/ai-project/Content/StarterContent/Audio/Smoke01.ubulk" 754
"C:/Users/Admin/Documents/Unreal Projects/ai-project/Content/StarterContent/Audio/Smoke01.uasset" 755
"C:/Users/Admin/Documents/Unreal Projects/ai-project/Content/StarterContent/Audio/Smoke01.uexp" 756
"C:/Users/Admin/Documents/Unreal Projects/ai-project/Content/StarterContent/Audio/Light02_Cue.uasset" 757
"C:/Users/Admin/Documents/Unreal Projects/ai-project/Content/StarterContent/Audio/Light02_Cue.uexp" 758
"C:/Users/Admin/Documents/Unreal Projects/ai-project/Content/StarterContent/Audio/Light02.ubulk" 759
"C:/Users/Admin/Documents/Unreal Projects/ai-project/Content/StarterContent/Audio/Light02.uasset" 760
"C:/Users/Admin/Documents/Unreal Projects/ai-project/Content/StarterContent/Audio/Light02.uexp" 761
"C:/Users/Admin/Documents/Unreal Projects/ai-project/Content/StarterContent/Audio/Light01_Cue.uasset" 762
"C:/Users/Admin/Documents/Unreal Projects/ai-project/Content/StarterContent/Audio/Light01_Cue.uexp" 763
"C:/Users/Admin/Documents/Unreal Projects/ai-project/Content/StarterContent/Audio/Light01.ubulk" 764
"C:/Users/Admin/Documents/Unreal Projects/ai-project/Content/StarterContent/Audio/Light01.uasset" 765
"C:/Users/Admin/Documents/Unreal Projects/ai-project/Content/StarterContent/Audio/Light01.uexp" 766
"C:/Users/Admin/Documents/Unreal Projects/ai-project/Content/StarterContent/Audio/Fire_Sparks01.ubulk" 767
"C:/Users/Admin/Documents/Unreal Projects/ai-project/Content/StarterContent/Audio/Fire_Sparks01.uasset" 768
"C:/Users/Admin/Documents/Unreal Projects/ai-project/Content/StarterContent/Audio/Fire_Sparks01.uexp" 769
"C:/Users/Admin/Documents/Unreal Projects/ai-project/Content/StarterContent/Audio/Fire01.ubulk" 770
"C:/Users/Admin/Documents/Unreal Projects/ai-project/Content/StarterContent/Audio/Fire01.uasset" 771
"C:/Users/Admin/Documents/Unreal Projects/ai-project/Content/StarterContent/Audio/Fire01.uexp" 772
"C:/Users/Admin/Documents/Unreal Projects/ai-project/Content/StarterContent/Audio/Explosion02.ubulk" 773
"C:/Users/Admin/Documents/Unreal Projects/ai-project/Content/StarterContent/Audio/Explosion02.uasset" 774
"C:/Users/Admin/Documents/Unreal Projects/ai-project/Content/StarterContent/Audio/Explosion02.uexp" 775
"C:/Users/Admin/Documents/Unreal Projects/ai-project/Content/StarterContent/Audio/Explosion01.ubulk" 776
"C:/Users/Admin/Documents/Unreal Projects/ai-project/Content/StarterContent/Audio/Explosion01.uasset" 777
"C:/Users/Admin/Documents/Unreal Projects/ai-project/Content/StarterContent/Audio/Explosion01.uexp" 778
"C:/Users/Admin/Documents/Unreal Projects/ai-project/Content/StarterContent/Audio/Collapse02.ubulk" 779
"C:/Users/Admin/Documents/Unreal Projects/ai-project/Content/StarterContent/Audio/Collapse02.uasset" 780
"C:/Users/Admin/Documents/Unreal Projects/ai-project/Content/StarterContent/Audio/Collapse02.uexp" 781
"C:/Users/Admin/Documents/Unreal Projects/ai-project/Content/StarterContent/Audio/Collapse01.ubulk" 782
"C:/Users/Admin/Documents/Unreal Projects/ai-project/Content/StarterContent/Audio/Collapse01.uasset" 783
"C:/Users/Admin/Documents/Unreal Projects/ai-project/Content/StarterContent/Audio/Collapse01.uexp" 784
"C:/Users/Admin/Documents/Unreal Projects/ai-project/Content/StarterContent/Architecture/Wall_Window_400x400.ubulk" 785
"C:/Users/Admin/Documents/Unreal Projects/ai-project/Content/StarterContent/Architecture/Wall_Window_400x400.uasset" 786
"C:/Users/Admin/Documents/Unreal Projects/ai-project/Content/StarterContent/Architecture/Wall_Window_400x400.uexp" 787
"C:/Users/Admin/Documents/Unreal Projects/ai-project/Content/StarterContent/Architecture/Wall_Door_400x400.ubulk" 788
"C:/Users/Admin/Documents/Unreal Projects/ai-project/Content/StarterContent/Architecture/Wall_Door_400x400.uasset" 789
"C:/Users/Admin/Documents/Unreal Projects/ai-project/Content/StarterContent/Architecture/Wall_Door_400x400.uexp" 790
"C:/Users/Admin/Documents/Unreal Projects/ai-project/Content/StarterContent/Architecture/Wall_500x500.ubulk" 791
"C:/Users/Admin/Documents/Unreal Projects/ai-project/Content/StarterContent/Architecture/Wall_500x500.uasset" 792
"C:/Users/Admin/Documents/Unreal Projects/ai-project/Content/StarterContent/Architecture/Wall_500x500.uexp" 793
"C:/Users/Admin/Documents/Unreal Projects/ai-project/Content/StarterContent/Architecture/Wall_400x400.ubulk" 794
"C:/Users/Admin/Documents/Unreal Projects/ai-project/Content/StarterContent/Architecture/Wall_400x400.uasset" 795
"C:/Users/Admin/Documents/Unreal Projects/ai-project/Content/StarterContent/Architecture/Wall_400x400.uexp" 796
"C:/Users/Admin/Documents/Unreal Projects/ai-project/Content/StarterContent/Architecture/Wall_400x300.ubulk" 797
"C:/Users/Admin/Documents/Unreal Projects/ai-project/Content/StarterContent/Architecture/Wall_400x300.uasset" 798
"C:/Users/Admin/Documents/Unreal Projects/ai-project/Content/StarterContent/Architecture/Wall_400x300.uexp" 799
"C:/Users/Admin/Documents/Unreal Projects/ai-project/Content/StarterContent/Architecture/Pillar_50x500.ubulk" 800
"C:/Users/Admin/Documents/Unreal Projects/ai-project/Content/StarterContent/Architecture/Pillar_50x500.uasset" 801
"C:/Users/Admin/Documents/Unreal Projects/ai-project/Content/StarterContent/Architecture/Pillar_50x500.uexp" 802
"C:/Users/Admin/Documents/Unreal Projects/ai-project/Content/ThirdPerson/Input/Actions/IA_ChangeViewE.uasset" 803
"C:/Users/Admin/Documents/Unreal Projects/ai-project/Content/ThirdPerson/Input/Actions/IA_ChangeViewE.uexp" 804
"C:/Users/Admin/Documents/Unreal Projects/ai-project/Content/StarterContent/Textures/T_Brick_Clay_New_D.ubulk" 805
"C:/Users/Admin/Documents/Unreal Projects/ai-project/Content/StarterContent/Textures/T_Brick_Clay_New_D.uasset" 806
"C:/Users/Admin/Documents/Unreal Projects/ai-project/Content/StarterContent/Textures/T_Brick_Clay_New_D.uexp" 807
"C:/Users/Admin/Documents/Unreal Projects/ai-project/Content/StarterContent/Textures/T_Brick_Clay_New_M.uasset" 808
"C:/Users/Admin/Documents/Unreal Projects/ai-project/Content/StarterContent/Textures/T_Brick_Clay_New_M.uexp" 809
"C:/Users/Admin/Documents/Unreal Projects/ai-project/Content/StarterContent/Textures/T_MacroVariation.uasset" 810
"C:/Users/Admin/Documents/Unreal Projects/ai-project/Content/StarterContent/Textures/T_MacroVariation.uexp" 811
"C:/Users/Admin/Documents/Unreal Projects/ai-project/Content/StarterContent/Textures/T_Brick_Clay_New_N.uasset" 812
"C:/Users/Admin/Documents/Unreal Projects/ai-project/Content/StarterContent/Textures/T_Brick_Clay_New_N.uexp" 813
"C:/Users/Admin/Documents/Unreal Projects/ai-project/Content/StarterContent/Materials/M_Brick_Clay_New.uasset" 814
"C:/Users/Admin/Documents/Unreal Projects/ai-project/Content/StarterContent/Materials/M_Brick_Clay_New.uexp" 815
"C:/Users/Admin/Documents/Unreal Projects/ai-project/Content/Maps/_GENERATED/Josephine/wallseg.ubulk" 816
"C:/Users/Admin/Documents/Unreal Projects/ai-project/Content/Maps/_GENERATED/Josephine/wallseg.uasset" 817
"C:/Users/Admin/Documents/Unreal Projects/ai-project/Content/Maps/_GENERATED/Josephine/wallseg.uexp" 818
"C:/Users/Admin/Documents/Unreal Projects/ai-project/Content/Maps/_GENERATED/Josephine/CubeGridToolOutput_FAD2EDBB.ubulk" 819
"C:/Users/Admin/Documents/Unreal Projects/ai-project/Content/Maps/_GENERATED/Josephine/CubeGridToolOutput_FAD2EDBB.uasset" 820
"C:/Users/Admin/Documents/Unreal Projects/ai-project/Content/Maps/_GENERATED/Josephine/CubeGridToolOutput_FAD2EDBB.uexp" 821
"C:/Users/Admin/Documents/Unreal Projects/ai-project/Content/Maps/_GENERATED/Josephine/CubeGridToolOutput_F85E903D.ubulk" 822
"C:/Users/Admin/Documents/Unreal Projects/ai-project/Content/Maps/_GENERATED/Josephine/CubeGridToolOutput_F85E903D.uasset" 823
"C:/Users/Admin/Documents/Unreal Projects/ai-project/Content/Maps/_GENERATED/Josephine/CubeGridToolOutput_F85E903D.uexp" 824
"C:/Users/Admin/Documents/Unreal Projects/ai-project/Content/Maps/_GENERATED/Josephine/CubeGridToolOutput_F5494416.ubulk" 825
"C:/Users/Admin/Documents/Unreal Projects/ai-project/Content/Maps/_GENERATED/Josephine/CubeGridToolOutput_F5494416.uasset" 826
"C:/Users/Admin/Documents/Unreal Projects/ai-project/Content/Maps/_GENERATED/Josephine/CubeGridToolOutput_F5494416.uexp" 827
"C:/Users/Admin/Documents/Unreal Projects/ai-project/Content/Maps/_GENERATED/Josephine/CubeGridToolOutput_E6F5256E.ubulk" 828
"C:/Users/Admin/Documents/Unreal Projects/ai-project/Content/Maps/_GENERATED/Josephine/CubeGridToolOutput_E6F5256E.uasset" 829
"C:/Users/Admin/Documents/Unreal Projects/ai-project/Content/Maps/_GENERATED/Josephine/CubeGridToolOutput_E6F5256E.uexp" 830
"C:/Users/Admin/Documents/Unreal Projects/ai-project/Content/Maps/_GENERATED/Josephine/CubeGridToolOutput_D98F4D4D.ubulk" 831
"C:/Users/Admin/Documents/Unreal Projects/ai-project/Content/Maps/_GENERATED/Josephine/CubeGridToolOutput_D98F4D4D.uasset" 832
"C:/Users/Admin/Documents/Unreal Projects/ai-project/Content/Maps/_GENERATED/Josephine/CubeGridToolOutput_D98F4D4D.uexp" 833
"C:/Users/Admin/Documents/Unreal Projects/ai-project/Content/Maps/_GENERATED/Josephine/CubeGridToolOutput_C8D47B1C.ubulk" 834
"C:/Users/Admin/Documents/Unreal Projects/ai-project/Content/Maps/_GENERATED/Josephine/CubeGridToolOutput_C8D47B1C.uasset" 835
"C:/Users/Admin/Documents/Unreal Projects/ai-project/Content/Maps/_GENERATED/Josephine/CubeGridToolOutput_C8D47B1C.uexp" 836
"C:/Users/Admin/Documents/Unreal Projects/ai-project/Content/Maps/_GENERATED/Josephine/CubeGridToolOutput_BB96F733.ubulk" 837
"C:/Users/Admin/Documents/Unreal Projects/ai-project/Content/Maps/_GENERATED/Josephine/CubeGridToolOutput_BB96F733.uasset" 838
"C:/Users/Admin/Documents/Unreal Projects/ai-project/Content/Maps/_GENERATED/Josephine/CubeGridToolOutput_BB96F733.uexp" 839
"C:/Users/Admin/Documents/Unreal Projects/ai-project/Content/Maps/_GENERATED/Josephine/CubeGridToolOutput_B275BA0F.ubulk" 840
"C:/Users/Admin/Documents/Unreal Projects/ai-project/Content/Maps/_GENERATED/Josephine/CubeGridToolOutput_B275BA0F.uasset" 841
"C:/Users/Admin/Documents/Unreal Projects/ai-project/Content/Maps/_GENERATED/Josephine/CubeGridToolOutput_B275BA0F.uexp" 842
"C:/Users/Admin/Documents/Unreal Projects/ai-project/Content/Maps/_GENERATED/Josephine/CubeGridToolOutput_8A77025D.ubulk" 843
"C:/Users/Admin/Documents/Unreal Projects/ai-project/Content/Maps/_GENERATED/Josephine/CubeGridToolOutput_8A77025D.uasset" 844
"C:/Users/Admin/Documents/Unreal Projects/ai-project/Content/Maps/_GENERATED/Josephine/CubeGridToolOutput_8A77025D.uexp" 845
"C:/Users/Admin/Documents/Unreal Projects/ai-project/Content/Maps/_GENERATED/Josephine/CubeGridToolOutput_7A5C3CB7.ubulk" 846
"C:/Users/Admin/Documents/Unreal Projects/ai-project/Content/Maps/_GENERATED/Josephine/CubeGridToolOutput_7A5C3CB7.uasset" 847
"C:/Users/Admin/Documents/Unreal Projects/ai-project/Content/Maps/_GENERATED/Josephine/CubeGridToolOutput_7A5C3CB7.uexp" 848
"C:/Users/Admin/Documents/Unreal Projects/ai-project/Content/Maps/_GENERATED/Josephine/CubeGridToolOutput_63469F66.ubulk" 849
"C:/Users/Admin/Documents/Unreal Projects/ai-project/Content/Maps/_GENERATED/Josephine/CubeGridToolOutput_63469F66.uasset" 850
"C:/Users/Admin/Documents/Unreal Projects/ai-project/Content/Maps/_GENERATED/Josephine/CubeGridToolOutput_63469F66.uexp" 851
"C:/Users/Admin/Documents/Unreal Projects/ai-project/Content/Maps/_GENERATED/Josephine/CubeGridToolOutput_5E6627F1.ubulk" 852
"C:/Users/Admin/Documents/Unreal Projects/ai-project/Content/Maps/_GENERATED/Josephine/CubeGridToolOutput_5E6627F1.uasset" 853
"C:/Users/Admin/Documents/Unreal Projects/ai-project/Content/Maps/_GENERATED/Josephine/CubeGridToolOutput_5E6627F1.uexp" 854
"C:/Users/Admin/Documents/Unreal Projects/ai-project/Content/Maps/_GENERATED/Josephine/CubeGridToolOutput_5E2475A4.ubulk" 855
"C:/Users/Admin/Documents/Unreal Projects/ai-project/Content/Maps/_GENERATED/Josephine/CubeGridToolOutput_5E2475A4.uasset" 856
"C:/Users/Admin/Documents/Unreal Projects/ai-project/Content/Maps/_GENERATED/Josephine/CubeGridToolOutput_5E2475A4.uexp" 857
"C:/Users/Admin/Documents/Unreal Projects/ai-project/Content/Maps/_GENERATED/Josephine/CubeGridToolOutput_209F1968.ubulk" 858
"C:/Users/Admin/Documents/Unreal Projects/ai-project/Content/Maps/_GENERATED/Josephine/CubeGridToolOutput_209F1968.uasset" 859
"C:/Users/Admin/Documents/Unreal Projects/ai-project/Content/Maps/_GENERATED/Josephine/CubeGridToolOutput_209F1968.uexp" 860
"C:/Users/Admin/Documents/Unreal Projects/ai-project/Content/Maps/_GENERATED/Josephine/CubeGridToolOutput_19FBE70D.ubulk" 861
"C:/Users/Admin/Documents/Unreal Projects/ai-project/Content/Maps/_GENERATED/Josephine/CubeGridToolOutput_19FBE70D.uasset" 862
"C:/Users/Admin/Documents/Unreal Projects/ai-project/Content/Maps/_GENERATED/Josephine/CubeGridToolOutput_19FBE70D.uexp" 863
"C:/Users/Admin/Documents/Unreal Projects/ai-project/Content/Maps/_GENERATED/Josephine/CubeGridToolOutput_18B24C8F.ubulk" 864
"C:/Users/Admin/Documents/Unreal Projects/ai-project/Content/Maps/_GENERATED/Josephine/CubeGridToolOutput_18B24C8F.uasset" 865
"C:/Users/Admin/Documents/Unreal Projects/ai-project/Content/Maps/_GENERATED/Josephine/CubeGridToolOutput_18B24C8F.uexp" 866
"C:/Users/Admin/Documents/Unreal Projects/ai-project/Content/Maps/_GENERATED/Josephine/CubeGridToolOutput_17FC65DD.ubulk" 867
"C:/Users/Admin/Documents/Unreal Projects/ai-project/Content/Maps/_GENERATED/Josephine/CubeGridToolOutput_17FC65DD.uasset" 868
"C:/Users/Admin/Documents/Unreal Projects/ai-project/Content/Maps/_GENERATED/Josephine/CubeGridToolOutput_17FC65DD.uexp" 869
"C:/Users/Admin/Documents/Unreal Projects/ai-project/Content/Maps/_GENERATED/Josephine/CubeGridToolOutput_119AD43C.ubulk" 870
"C:/Users/Admin/Documents/Unreal Projects/ai-project/Content/Maps/_GENERATED/Josephine/CubeGridToolOutput_119AD43C.uasset" 871
"C:/Users/Admin/Documents/Unreal Projects/ai-project/Content/Maps/_GENERATED/Josephine/CubeGridToolOutput_119AD43C.uexp" 872
"C:/Users/Admin/Documents/Unreal Projects/ai-project/Content/LevelPrototyping/Textures/T_GridChecker_A.ubulk" 873
"C:/Users/Admin/Documents/Unreal Projects/ai-project/Content/LevelPrototyping/Textures/T_GridChecker_A.uasset" 874
"C:/Users/Admin/Documents/Unreal Projects/ai-project/Content/LevelPrototyping/Textures/T_GridChecker_A.uexp" 875
"../../../Engine/Content/Functions/Engine_MaterialFunctions01/Gradient/LinearGradient.uasset" 876
"../../../Engine/Content/Functions/Engine_MaterialFunctions01/Gradient/LinearGradient.uexp" 877
"../../../Engine/Content/Functions/Engine_MaterialFunctions01/ImageAdjustment/CheapContrast.uasset" 878
"../../../Engine/Content/Functions/Engine_MaterialFunctions01/ImageAdjustment/CheapContrast.uexp" 879
"C:/Users/Admin/Documents/Unreal Projects/ai-project/Content/LevelPrototyping/Materials/MF_ProcGrid.uasset" 880
"C:/Users/Admin/Documents/Unreal Projects/ai-project/Content/LevelPrototyping/Materials/MF_ProcGrid.uexp" 881
"C:/Users/Admin/Documents/Unreal Projects/ai-project/Content/LevelPrototyping/Materials/M_PrototypeGrid.uasset" 882
"C:/Users/Admin/Documents/Unreal Projects/ai-project/Content/LevelPrototyping/Materials/M_PrototypeGrid.uexp" 883
"C:/Users/Admin/Documents/Unreal Projects/ai-project/Content/LevelPrototyping/Materials/MI_PrototypeGrid_Gray.uasset" 884
"C:/Users/Admin/Documents/Unreal Projects/ai-project/Content/LevelPrototyping/Materials/MI_PrototypeGrid_Gray.uexp" 885
"C:/Users/Admin/Documents/Unreal Projects/ai-project/Content/LevelPrototyping/Meshes/SM_Cylinder.ubulk" 886
"C:/Users/Admin/Documents/Unreal Projects/ai-project/Content/LevelPrototyping/Meshes/SM_Cylinder.uasset" 887
"C:/Users/Admin/Documents/Unreal Projects/ai-project/Content/LevelPrototyping/Meshes/SM_Cylinder.uexp" 888
"C:/Users/Admin/Documents/Unreal Projects/ai-project/Content/LevelPrototyping/Materials/MI_PrototypeGrid_Gray_02.uasset" 889
"C:/Users/Admin/Documents/Unreal Projects/ai-project/Content/LevelPrototyping/Materials/MI_PrototypeGrid_Gray_02.uexp" 890
"C:/Users/Admin/Documents/Unreal Projects/ai-project/Content/Interface_And_Item_Sounds/WAV/Special_Powerup_10.ubulk" 891
"C:/Users/Admin/Documents/Unreal Projects/ai-project/Content/Interface_And_Item_Sounds/WAV/Special_Powerup_10.uasset" 892
"C:/Users/Admin/Documents/Unreal Projects/ai-project/Content/Interface_And_Item_Sounds/WAV/Special_Powerup_10.uexp" 893
"C:/Users/Admin/Documents/Unreal Projects/ai-project/Content/Interface_And_Item_Sounds/Cues/Special_Powerup_10_Cue.uasset" 894
"C:/Users/Admin/Documents/Unreal Projects/ai-project/Content/Interface_And_Item_Sounds/Cues/Special_Powerup_10_Cue.uexp" 895
"C:/Users/Admin/Documents/Unreal Projects/ai-project/Content/Interface_And_Item_Sounds/WAV/Special_Powerup_09.ubulk" 896
"C:/Users/Admin/Documents/Unreal Projects/ai-project/Content/Interface_And_Item_Sounds/WAV/Special_Powerup_09.uasset" 897
"C:/Users/Admin/Documents/Unreal Projects/ai-project/Content/Interface_And_Item_Sounds/WAV/Special_Powerup_09.uexp" 898
"C:/Users/Admin/Documents/Unreal Projects/ai-project/Content/Interface_And_Item_Sounds/Cues/Special_Powerup_09_Cue.uasset" 899
"C:/Users/Admin/Documents/Unreal Projects/ai-project/Content/Interface_And_Item_Sounds/Cues/Special_Powerup_09_Cue.uexp" 900
"C:/Users/Admin/Documents/Unreal Projects/ai-project/Content/Interface_And_Item_Sounds/WAV/Special_Powerup_08.ubulk" 901
"C:/Users/Admin/Documents/Unreal Projects/ai-project/Content/Interface_And_Item_Sounds/WAV/Special_Powerup_08.uasset" 902
"C:/Users/Admin/Documents/Unreal Projects/ai-project/Content/Interface_And_Item_Sounds/WAV/Special_Powerup_08.uexp" 903
"C:/Users/Admin/Documents/Unreal Projects/ai-project/Content/Interface_And_Item_Sounds/Cues/Special_Powerup_08_Cue.uasset" 904
"C:/Users/Admin/Documents/Unreal Projects/ai-project/Content/Interface_And_Item_Sounds/Cues/Special_Powerup_08_Cue.uexp" 905
"C:/Users/Admin/Documents/Unreal Projects/ai-project/Content/Interface_And_Item_Sounds/WAV/Special_Powerup_07.ubulk" 906
"C:/Users/Admin/Documents/Unreal Projects/ai-project/Content/Interface_And_Item_Sounds/WAV/Special_Powerup_07.uasset" 907
"C:/Users/Admin/Documents/Unreal Projects/ai-project/Content/Interface_And_Item_Sounds/WAV/Special_Powerup_07.uexp" 908
"C:/Users/Admin/Documents/Unreal Projects/ai-project/Content/Interface_And_Item_Sounds/Cues/Special_Powerup_07_Cue.uasset" 909
"C:/Users/Admin/Documents/Unreal Projects/ai-project/Content/Interface_And_Item_Sounds/Cues/Special_Powerup_07_Cue.uexp" 910
"C:/Users/Admin/Documents/Unreal Projects/ai-project/Content/Interface_And_Item_Sounds/WAV/Special_Powerup_06.ubulk" 911
"C:/Users/Admin/Documents/Unreal Projects/ai-project/Content/Interface_And_Item_Sounds/WAV/Special_Powerup_06.uasset" 912
"C:/Users/Admin/Documents/Unreal Projects/ai-project/Content/Interface_And_Item_Sounds/WAV/Special_Powerup_06.uexp" 913
"C:/Users/Admin/Documents/Unreal Projects/ai-project/Content/Interface_And_Item_Sounds/Cues/Special_Powerup_06_Cue.uasset" 914
"C:/Users/Admin/Documents/Unreal Projects/ai-project/Content/Interface_And_Item_Sounds/Cues/Special_Powerup_06_Cue.uexp" 915
"C:/Users/Admin/Documents/Unreal Projects/ai-project/Content/Interface_And_Item_Sounds/WAV/Special_Powerup_05.ubulk" 916
"C:/Users/Admin/Documents/Unreal Projects/ai-project/Content/Interface_And_Item_Sounds/WAV/Special_Powerup_05.uasset" 917
"C:/Users/Admin/Documents/Unreal Projects/ai-project/Content/Interface_And_Item_Sounds/WAV/Special_Powerup_05.uexp" 918
"C:/Users/Admin/Documents/Unreal Projects/ai-project/Content/Interface_And_Item_Sounds/Cues/Special_Powerup_05_Cue.uasset" 919
"C:/Users/Admin/Documents/Unreal Projects/ai-project/Content/Interface_And_Item_Sounds/Cues/Special_Powerup_05_Cue.uexp" 920
"C:/Users/Admin/Documents/Unreal Projects/ai-project/Content/Interface_And_Item_Sounds/WAV/Special_Powerup_04.ubulk" 921
"C:/Users/Admin/Documents/Unreal Projects/ai-project/Content/Interface_And_Item_Sounds/WAV/Special_Powerup_04.uasset" 922
"C:/Users/Admin/Documents/Unreal Projects/ai-project/Content/Interface_And_Item_Sounds/WAV/Special_Powerup_04.uexp" 923
"C:/Users/Admin/Documents/Unreal Projects/ai-project/Content/Interface_And_Item_Sounds/Cues/Special_Powerup_04_Cue.uasset" 924
"C:/Users/Admin/Documents/Unreal Projects/ai-project/Content/Interface_And_Item_Sounds/Cues/Special_Powerup_04_Cue.uexp" 925
"C:/Users/Admin/Documents/Unreal Projects/ai-project/Content/Interface_And_Item_Sounds/WAV/Special_Powerup_03.ubulk" 926
"C:/Users/Admin/Documents/Unreal Projects/ai-project/Content/Interface_And_Item_Sounds/WAV/Special_Powerup_03.uasset" 927
"C:/Users/Admin/Documents/Unreal Projects/ai-project/Content/Interface_And_Item_Sounds/WAV/Special_Powerup_03.uexp" 928
"C:/Users/Admin/Documents/Unreal Projects/ai-project/Content/Interface_And_Item_Sounds/Cues/Special_Powerup_03_Cue.uasset" 929
"C:/Users/Admin/Documents/Unreal Projects/ai-project/Content/Interface_And_Item_Sounds/Cues/Special_Powerup_03_Cue.uexp" 930
"C:/Users/Admin/Documents/Unreal Projects/ai-project/Content/Interface_And_Item_Sounds/WAV/Special_Powerup_02.ubulk" 931
"C:/Users/Admin/Documents/Unreal Projects/ai-project/Content/Interface_And_Item_Sounds/WAV/Special_Powerup_02.uasset" 932
"C:/Users/Admin/Documents/Unreal Projects/ai-project/Content/Interface_And_Item_Sounds/WAV/Special_Powerup_02.uexp" 933
"C:/Users/Admin/Documents/Unreal Projects/ai-project/Content/Interface_And_Item_Sounds/Cues/Special_Powerup_02_Cue.uasset" 934
"C:/Users/Admin/Documents/Unreal Projects/ai-project/Content/Interface_And_Item_Sounds/Cues/Special_Powerup_02_Cue.uexp" 935
"C:/Users/Admin/Documents/Unreal Projects/ai-project/Content/Interface_And_Item_Sounds/WAV/Special_Powerup_01.ubulk" 936
"C:/Users/Admin/Documents/Unreal Projects/ai-project/Content/Interface_And_Item_Sounds/WAV/Special_Powerup_01.uasset" 937
"C:/Users/Admin/Documents/Unreal Projects/ai-project/Content/Interface_And_Item_Sounds/WAV/Special_Powerup_01.uexp" 938
"C:/Users/Admin/Documents/Unreal Projects/ai-project/Content/Interface_And_Item_Sounds/Cues/Special_Powerup_01_Cue.uasset" 939
"C:/Users/Admin/Documents/Unreal Projects/ai-project/Content/Interface_And_Item_Sounds/Cues/Special_Powerup_01_Cue.uexp" 940
"C:/Users/Admin/Documents/Unreal Projects/ai-project/Content/Interface_And_Item_Sounds/WAV/Special_Musical_05.ubulk" 941
"C:/Users/Admin/Documents/Unreal Projects/ai-project/Content/Interface_And_Item_Sounds/WAV/Special_Musical_05.uasset" 942
"C:/Users/Admin/Documents/Unreal Projects/ai-project/Content/Interface_And_Item_Sounds/WAV/Special_Musical_05.uexp" 943
"C:/Users/Admin/Documents/Unreal Projects/ai-project/Content/Interface_And_Item_Sounds/Cues/Special_Musical_05_Cue.uasset" 944
"C:/Users/Admin/Documents/Unreal Projects/ai-project/Content/Interface_And_Item_Sounds/Cues/Special_Musical_05_Cue.uexp" 945
"C:/Users/Admin/Documents/Unreal Projects/ai-project/Content/Interface_And_Item_Sounds/WAV/Special_Musical_04.ubulk" 946
"C:/Users/Admin/Documents/Unreal Projects/ai-project/Content/Interface_And_Item_Sounds/WAV/Special_Musical_04.uasset" 947
"C:/Users/Admin/Documents/Unreal Projects/ai-project/Content/Interface_And_Item_Sounds/WAV/Special_Musical_04.uexp" 948
"C:/Users/Admin/Documents/Unreal Projects/ai-project/Content/Interface_And_Item_Sounds/Cues/Special_Musical_04_Cue.uasset" 949
"C:/Users/Admin/Documents/Unreal Projects/ai-project/Content/Interface_And_Item_Sounds/Cues/Special_Musical_04_Cue.uexp" 950
"C:/Users/Admin/Documents/Unreal Projects/ai-project/Content/Interface_And_Item_Sounds/WAV/Special_Musical_03.ubulk" 951
"C:/Users/Admin/Documents/Unreal Projects/ai-project/Content/Interface_And_Item_Sounds/WAV/Special_Musical_03.uasset" 952
"C:/Users/Admin/Documents/Unreal Projects/ai-project/Content/Interface_And_Item_Sounds/WAV/Special_Musical_03.uexp" 953
"C:/Users/Admin/Documents/Unreal Projects/ai-project/Content/Interface_And_Item_Sounds/Cues/Special_Musical_03_Cue.uasset" 954
"C:/Users/Admin/Documents/Unreal Projects/ai-project/Content/Interface_And_Item_Sounds/Cues/Special_Musical_03_Cue.uexp" 955
"C:/Users/Admin/Documents/Unreal Projects/ai-project/Content/Interface_And_Item_Sounds/WAV/Special_Musical_02.ubulk" 956
"C:/Users/Admin/Documents/Unreal Projects/ai-project/Content/Interface_And_Item_Sounds/WAV/Special_Musical_02.uasset" 957
"C:/Users/Admin/Documents/Unreal Projects/ai-project/Content/Interface_And_Item_Sounds/WAV/Special_Musical_02.uexp" 958
"C:/Users/Admin/Documents/Unreal Projects/ai-project/Content/Interface_And_Item_Sounds/Cues/Special_Musical_02_Cue.uasset" 959
"C:/Users/Admin/Documents/Unreal Projects/ai-project/Content/Interface_And_Item_Sounds/Cues/Special_Musical_02_Cue.uexp" 960
"C:/Users/Admin/Documents/Unreal Projects/ai-project/Content/Interface_And_Item_Sounds/WAV/Special_Musical_01.ubulk" 961
"C:/Users/Admin/Documents/Unreal Projects/ai-project/Content/Interface_And_Item_Sounds/WAV/Special_Musical_01.uasset" 962
"C:/Users/Admin/Documents/Unreal Projects/ai-project/Content/Interface_And_Item_Sounds/WAV/Special_Musical_01.uexp" 963
"C:/Users/Admin/Documents/Unreal Projects/ai-project/Content/Interface_And_Item_Sounds/Cues/Special_Musical_01_Cue.uasset" 964
"C:/Users/Admin/Documents/Unreal Projects/ai-project/Content/Interface_And_Item_Sounds/Cues/Special_Musical_01_Cue.uexp" 965
"C:/Users/Admin/Documents/Unreal Projects/ai-project/Content/Interface_And_Item_Sounds/WAV/Ringtone_01.ubulk" 966
"C:/Users/Admin/Documents/Unreal Projects/ai-project/Content/Interface_And_Item_Sounds/WAV/Ringtone_01.uasset" 967
"C:/Users/Admin/Documents/Unreal Projects/ai-project/Content/Interface_And_Item_Sounds/WAV/Ringtone_01.uexp" 968
"C:/Users/Admin/Documents/Unreal Projects/ai-project/Content/Interface_And_Item_Sounds/Cues/Ringtone_01_Cue.uasset" 969
"C:/Users/Admin/Documents/Unreal Projects/ai-project/Content/Interface_And_Item_Sounds/Cues/Ringtone_01_Cue.uexp" 970
"C:/Users/Admin/Documents/Unreal Projects/ai-project/Content/Interface_And_Item_Sounds/WAV/Pop_10.ubulk" 971
"C:/Users/Admin/Documents/Unreal Projects/ai-project/Content/Interface_And_Item_Sounds/WAV/Pop_10.uasset" 972
"C:/Users/Admin/Documents/Unreal Projects/ai-project/Content/Interface_And_Item_Sounds/WAV/Pop_10.uexp" 973
"C:/Users/Admin/Documents/Unreal Projects/ai-project/Content/Interface_And_Item_Sounds/Cues/Pop_10_Cue.uasset" 974
"C:/Users/Admin/Documents/Unreal Projects/ai-project/Content/Interface_And_Item_Sounds/Cues/Pop_10_Cue.uexp" 975
"C:/Users/Admin/Documents/Unreal Projects/ai-project/Content/Interface_And_Item_Sounds/WAV/Pop_09.ubulk" 976
"C:/Users/Admin/Documents/Unreal Projects/ai-project/Content/Interface_And_Item_Sounds/WAV/Pop_09.uasset" 977
"C:/Users/Admin/Documents/Unreal Projects/ai-project/Content/Interface_And_Item_Sounds/WAV/Pop_09.uexp" 978
"C:/Users/Admin/Documents/Unreal Projects/ai-project/Content/Interface_And_Item_Sounds/Cues/Pop_09_Cue.uasset" 979
"C:/Users/Admin/Documents/Unreal Projects/ai-project/Content/Interface_And_Item_Sounds/Cues/Pop_09_Cue.uexp" 980
"C:/Users/Admin/Documents/Unreal Projects/ai-project/Content/Interface_And_Item_Sounds/WAV/Pop_08.ubulk" 981
"C:/Users/Admin/Documents/Unreal Projects/ai-project/Content/Interface_And_Item_Sounds/WAV/Pop_08.uasset" 982
"C:/Users/Admin/Documents/Unreal Projects/ai-project/Content/Interface_And_Item_Sounds/WAV/Pop_08.uexp" 983
"C:/Users/Admin/Documents/Unreal Projects/ai-project/Content/Interface_And_Item_Sounds/Cues/Pop_08_Cue.uasset" 984
"C:/Users/Admin/Documents/Unreal Projects/ai-project/Content/Interface_And_Item_Sounds/Cues/Pop_08_Cue.uexp" 985
"C:/Users/Admin/Documents/Unreal Projects/ai-project/Content/Interface_And_Item_Sounds/WAV/Pop_07.ubulk" 986
"C:/Users/Admin/Documents/Unreal Projects/ai-project/Content/Interface_And_Item_Sounds/WAV/Pop_07.uasset" 987
"C:/Users/Admin/Documents/Unreal Projects/ai-project/Content/Interface_And_Item_Sounds/WAV/Pop_07.uexp" 988
"C:/Users/Admin/Documents/Unreal Projects/ai-project/Content/Interface_And_Item_Sounds/Cues/Pop_07_Cue.uasset" 989
"C:/Users/Admin/Documents/Unreal Projects/ai-project/Content/Interface_And_Item_Sounds/Cues/Pop_07_Cue.uexp" 990
"C:/Users/Admin/Documents/Unreal Projects/ai-project/Content/Interface_And_Item_Sounds/WAV/Pop_06.ubulk" 991
"C:/Users/Admin/Documents/Unreal Projects/ai-project/Content/Interface_And_Item_Sounds/WAV/Pop_06.uasset" 992
"C:/Users/Admin/Documents/Unreal Projects/ai-project/Content/Interface_And_Item_Sounds/WAV/Pop_06.uexp" 993
"C:/Users/Admin/Documents/Unreal Projects/ai-project/Content/Interface_And_Item_Sounds/Cues/Pop_06_Cue.uasset" 994
"C:/Users/Admin/Documents/Unreal Projects/ai-project/Content/Interface_And_Item_Sounds/Cues/Pop_06_Cue.uexp" 995
"C:/Users/Admin/Documents/Unreal Projects/ai-project/Content/Interface_And_Item_Sounds/WAV/Pop_05.ubulk" 996
"C:/Users/Admin/Documents/Unreal Projects/ai-project/Content/Interface_And_Item_Sounds/WAV/Pop_05.uasset" 997
"C:/Users/Admin/Documents/Unreal Projects/ai-project/Content/Interface_And_Item_Sounds/WAV/Pop_05.uexp" 998
"C:/Users/Admin/Documents/Unreal Projects/ai-project/Content/Interface_And_Item_Sounds/Cues/Pop_05_Cue.uasset" 999
"C:/Users/Admin/Documents/Unreal Projects/ai-project/Content/Interface_And_Item_Sounds/Cues/Pop_05_Cue.uexp" 1000
"C:/Users/Admin/Documents/Unreal Projects/ai-project/Content/Interface_And_Item_Sounds/WAV/Pop_04.ubulk" 1001
"C:/Users/Admin/Documents/Unreal Projects/ai-project/Content/Interface_And_Item_Sounds/WAV/Pop_04.uasset" 1002
"C:/Users/Admin/Documents/Unreal Projects/ai-project/Content/Interface_And_Item_Sounds/WAV/Pop_04.uexp" 1003
"C:/Users/Admin/Documents/Unreal Projects/ai-project/Content/Interface_And_Item_Sounds/Cues/Pop_04_Cue.uasset" 1004
"C:/Users/Admin/Documents/Unreal Projects/ai-project/Content/Interface_And_Item_Sounds/Cues/Pop_04_Cue.uexp" 1005
"C:/Users/Admin/Documents/Unreal Projects/ai-project/Content/Interface_And_Item_Sounds/WAV/Pop_03.ubulk" 1006
"C:/Users/Admin/Documents/Unreal Projects/ai-project/Content/Interface_And_Item_Sounds/WAV/Pop_03.uasset" 1007
"C:/Users/Admin/Documents/Unreal Projects/ai-project/Content/Interface_And_Item_Sounds/WAV/Pop_03.uexp" 1008
"C:/Users/Admin/Documents/Unreal Projects/ai-project/Content/Interface_And_Item_Sounds/Cues/Pop_03_Cue.uasset" 1009
"C:/Users/Admin/Documents/Unreal Projects/ai-project/Content/Interface_And_Item_Sounds/Cues/Pop_03_Cue.uexp" 1010
"C:/Users/Admin/Documents/Unreal Projects/ai-project/Content/Interface_And_Item_Sounds/WAV/Pop_02.ubulk" 1011
"C:/Users/Admin/Documents/Unreal Projects/ai-project/Content/Interface_And_Item_Sounds/WAV/Pop_02.uasset" 1012
"C:/Users/Admin/Documents/Unreal Projects/ai-project/Content/Interface_And_Item_Sounds/WAV/Pop_02.uexp" 1013
"C:/Users/Admin/Documents/Unreal Projects/ai-project/Content/Interface_And_Item_Sounds/Cues/Pop_02_Cue.uasset" 1014
"C:/Users/Admin/Documents/Unreal Projects/ai-project/Content/Interface_And_Item_Sounds/Cues/Pop_02_Cue.uexp" 1015
"C:/Users/Admin/Documents/Unreal Projects/ai-project/Content/Interface_And_Item_Sounds/WAV/Pop_01.ubulk" 1016
"C:/Users/Admin/Documents/Unreal Projects/ai-project/Content/Interface_And_Item_Sounds/WAV/Pop_01.uasset" 1017
"C:/Users/Admin/Documents/Unreal Projects/ai-project/Content/Interface_And_Item_Sounds/WAV/Pop_01.uexp" 1018
"C:/Users/Admin/Documents/Unreal Projects/ai-project/Content/Interface_And_Item_Sounds/Cues/Pop_01_Cue.uasset" 1019
"C:/Users/Admin/Documents/Unreal Projects/ai-project/Content/Interface_And_Item_Sounds/Cues/Pop_01_Cue.uexp" 1020
"C:/Users/Admin/Documents/Unreal Projects/ai-project/Content/Interface_And_Item_Sounds/WAV/Musical_Click_10.ubulk" 1021
"C:/Users/Admin/Documents/Unreal Projects/ai-project/Content/Interface_And_Item_Sounds/WAV/Musical_Click_10.uasset" 1022
"C:/Users/Admin/Documents/Unreal Projects/ai-project/Content/Interface_And_Item_Sounds/WAV/Musical_Click_10.uexp" 1023
"C:/Users/Admin/Documents/Unreal Projects/ai-project/Content/Interface_And_Item_Sounds/Cues/Musical_Click_10_Cue.uasset" 1024
"C:/Users/Admin/Documents/Unreal Projects/ai-project/Content/Interface_And_Item_Sounds/Cues/Musical_Click_10_Cue.uexp" 1025
"C:/Users/Admin/Documents/Unreal Projects/ai-project/Content/Interface_And_Item_Sounds/WAV/Musical_Click_09.ubulk" 1026
"C:/Users/Admin/Documents/Unreal Projects/ai-project/Content/Interface_And_Item_Sounds/WAV/Musical_Click_09.uasset" 1027
"C:/Users/Admin/Documents/Unreal Projects/ai-project/Content/Interface_And_Item_Sounds/WAV/Musical_Click_09.uexp" 1028
"C:/Users/Admin/Documents/Unreal Projects/ai-project/Content/Interface_And_Item_Sounds/Cues/Musical_Click_09_Cue.uasset" 1029
"C:/Users/Admin/Documents/Unreal Projects/ai-project/Content/Interface_And_Item_Sounds/Cues/Musical_Click_09_Cue.uexp" 1030
"C:/Users/Admin/Documents/Unreal Projects/ai-project/Content/Interface_And_Item_Sounds/WAV/Musical_Click_08.ubulk" 1031
"C:/Users/Admin/Documents/Unreal Projects/ai-project/Content/Interface_And_Item_Sounds/WAV/Musical_Click_08.uasset" 1032
"C:/Users/Admin/Documents/Unreal Projects/ai-project/Content/Interface_And_Item_Sounds/WAV/Musical_Click_08.uexp" 1033
"C:/Users/Admin/Documents/Unreal Projects/ai-project/Content/Interface_And_Item_Sounds/Cues/Musical_Click_08_Cue.uasset" 1034
"C:/Users/Admin/Documents/Unreal Projects/ai-project/Content/Interface_And_Item_Sounds/Cues/Musical_Click_08_Cue.uexp" 1035
"C:/Users/Admin/Documents/Unreal Projects/ai-project/Content/Interface_And_Item_Sounds/WAV/Musical_Click_07.ubulk" 1036
"C:/Users/Admin/Documents/Unreal Projects/ai-project/Content/Interface_And_Item_Sounds/WAV/Musical_Click_07.uasset" 1037
"C:/Users/Admin/Documents/Unreal Projects/ai-project/Content/Interface_And_Item_Sounds/WAV/Musical_Click_07.uexp" 1038
"C:/Users/Admin/Documents/Unreal Projects/ai-project/Content/Interface_And_Item_Sounds/Cues/Musical_Click_07_Cue.uasset" 1039
"C:/Users/Admin/Documents/Unreal Projects/ai-project/Content/Interface_And_Item_Sounds/Cues/Musical_Click_07_Cue.uexp" 1040
"C:/Users/Admin/Documents/Unreal Projects/ai-project/Content/Interface_And_Item_Sounds/WAV/Musical_Click_06.ubulk" 1041
"C:/Users/Admin/Documents/Unreal Projects/ai-project/Content/Interface_And_Item_Sounds/WAV/Musical_Click_06.uasset" 1042
"C:/Users/Admin/Documents/Unreal Projects/ai-project/Content/Interface_And_Item_Sounds/WAV/Musical_Click_06.uexp" 1043
"C:/Users/Admin/Documents/Unreal Projects/ai-project/Content/Interface_And_Item_Sounds/Cues/Musical_Click_06_Cue.uasset" 1044
"C:/Users/Admin/Documents/Unreal Projects/ai-project/Content/Interface_And_Item_Sounds/Cues/Musical_Click_06_Cue.uexp" 1045
"C:/Users/Admin/Documents/Unreal Projects/ai-project/Content/Interface_And_Item_Sounds/WAV/Musical_Click_05.ubulk" 1046
"C:/Users/Admin/Documents/Unreal Projects/ai-project/Content/Interface_And_Item_Sounds/WAV/Musical_Click_05.uasset" 1047
"C:/Users/Admin/Documents/Unreal Projects/ai-project/Content/Interface_And_Item_Sounds/WAV/Musical_Click_05.uexp" 1048
"C:/Users/Admin/Documents/Unreal Projects/ai-project/Content/Interface_And_Item_Sounds/Cues/Musical_Click_05_Cue.uasset" 1049
"C:/Users/Admin/Documents/Unreal Projects/ai-project/Content/Interface_And_Item_Sounds/Cues/Musical_Click_05_Cue.uexp" 1050
"C:/Users/Admin/Documents/Unreal Projects/ai-project/Content/Interface_And_Item_Sounds/WAV/Musical_Click_04.ubulk" 1051
"C:/Users/Admin/Documents/Unreal Projects/ai-project/Content/Interface_And_Item_Sounds/WAV/Musical_Click_04.uasset" 1052
"C:/Users/Admin/Documents/Unreal Projects/ai-project/Content/Interface_And_Item_Sounds/WAV/Musical_Click_04.uexp" 1053
"C:/Users/Admin/Documents/Unreal Projects/ai-project/Content/Interface_And_Item_Sounds/Cues/Musical_Click_04_Cue.uasset" 1054
"C:/Users/Admin/Documents/Unreal Projects/ai-project/Content/Interface_And_Item_Sounds/Cues/Musical_Click_04_Cue.uexp" 1055
"C:/Users/Admin/Documents/Unreal Projects/ai-project/Content/Interface_And_Item_Sounds/WAV/Musical_Click_03.ubulk" 1056
"C:/Users/Admin/Documents/Unreal Projects/ai-project/Content/Interface_And_Item_Sounds/WAV/Musical_Click_03.uasset" 1057
"C:/Users/Admin/Documents/Unreal Projects/ai-project/Content/Interface_And_Item_Sounds/WAV/Musical_Click_03.uexp" 1058
"C:/Users/Admin/Documents/Unreal Projects/ai-project/Content/Interface_And_Item_Sounds/Cues/Musical_Click_03_Cue.uasset" 1059
"C:/Users/Admin/Documents/Unreal Projects/ai-project/Content/Interface_And_Item_Sounds/Cues/Musical_Click_03_Cue.uexp" 1060
"C:/Users/Admin/Documents/Unreal Projects/ai-project/Content/Interface_And_Item_Sounds/WAV/Musical_Click_02.ubulk" 1061
"C:/Users/Admin/Documents/Unreal Projects/ai-project/Content/Interface_And_Item_Sounds/WAV/Musical_Click_02.uasset" 1062
"C:/Users/Admin/Documents/Unreal Projects/ai-project/Content/Interface_And_Item_Sounds/WAV/Musical_Click_02.uexp" 1063
"C:/Users/Admin/Documents/Unreal Projects/ai-project/Content/Interface_And_Item_Sounds/Cues/Musical_Click_02_Cue.uasset" 1064
"C:/Users/Admin/Documents/Unreal Projects/ai-project/Content/Interface_And_Item_Sounds/Cues/Musical_Click_02_Cue.uexp" 1065
"C:/Users/Admin/Documents/Unreal Projects/ai-project/Content/Interface_And_Item_Sounds/WAV/Musical_Click_01.ubulk" 1066
"C:/Users/Admin/Documents/Unreal Projects/ai-project/Content/Interface_And_Item_Sounds/WAV/Musical_Click_01.uasset" 1067
"C:/Users/Admin/Documents/Unreal Projects/ai-project/Content/Interface_And_Item_Sounds/WAV/Musical_Click_01.uexp" 1068
"C:/Users/Admin/Documents/Unreal Projects/ai-project/Content/Interface_And_Item_Sounds/Cues/Musical_Click_01_Cue.uasset" 1069
"C:/Users/Admin/Documents/Unreal Projects/ai-project/Content/Interface_And_Item_Sounds/Cues/Musical_Click_01_Cue.uexp" 1070
"C:/Users/Admin/Documents/Unreal Projects/ai-project/Content/Interface_And_Item_Sounds/WAV/Item_Sell_Purchase_05.ubulk" 1071
"C:/Users/Admin/Documents/Unreal Projects/ai-project/Content/Interface_And_Item_Sounds/WAV/Item_Sell_Purchase_05.uasset" 1072
"C:/Users/Admin/Documents/Unreal Projects/ai-project/Content/Interface_And_Item_Sounds/WAV/Item_Sell_Purchase_05.uexp" 1073
"C:/Users/Admin/Documents/Unreal Projects/ai-project/Content/Interface_And_Item_Sounds/Cues/Item_Sell_Purchase_05_Cue.uasset" 1074
"C:/Users/Admin/Documents/Unreal Projects/ai-project/Content/Interface_And_Item_Sounds/Cues/Item_Sell_Purchase_05_Cue.uexp" 1075
"C:/Users/Admin/Documents/Unreal Projects/ai-project/Content/Interface_And_Item_Sounds/WAV/Item_Sell_Purchase_04.ubulk" 1076
"C:/Users/Admin/Documents/Unreal Projects/ai-project/Content/Interface_And_Item_Sounds/WAV/Item_Sell_Purchase_04.uasset" 1077
"C:/Users/Admin/Documents/Unreal Projects/ai-project/Content/Interface_And_Item_Sounds/WAV/Item_Sell_Purchase_04.uexp" 1078
"C:/Users/Admin/Documents/Unreal Projects/ai-project/Content/Interface_And_Item_Sounds/Cues/Item_Sell_Purchase_04_Cue.uasset" 1079
"C:/Users/Admin/Documents/Unreal Projects/ai-project/Content/Interface_And_Item_Sounds/Cues/Item_Sell_Purchase_04_Cue.uexp" 1080
"C:/Users/Admin/Documents/Unreal Projects/ai-project/Content/Interface_And_Item_Sounds/WAV/Item_Sell_Purchase_03.ubulk" 1081
"C:/Users/Admin/Documents/Unreal Projects/ai-project/Content/Interface_And_Item_Sounds/WAV/Item_Sell_Purchase_03.uasset" 1082
"C:/Users/Admin/Documents/Unreal Projects/ai-project/Content/Interface_And_Item_Sounds/WAV/Item_Sell_Purchase_03.uexp" 1083
"C:/Users/Admin/Documents/Unreal Projects/ai-project/Content/Interface_And_Item_Sounds/Cues/Item_Sell_Purchase_03_Cue.uasset" 1084
"C:/Users/Admin/Documents/Unreal Projects/ai-project/Content/Interface_And_Item_Sounds/Cues/Item_Sell_Purchase_03_Cue.uexp" 1085
"C:/Users/Admin/Documents/Unreal Projects/ai-project/Content/Interface_And_Item_Sounds/WAV/Item_Sell_Purchase_02.ubulk" 1086
"C:/Users/Admin/Documents/Unreal Projects/ai-project/Content/Interface_And_Item_Sounds/WAV/Item_Sell_Purchase_02.uasset" 1087
"C:/Users/Admin/Documents/Unreal Projects/ai-project/Content/Interface_And_Item_Sounds/WAV/Item_Sell_Purchase_02.uexp" 1088
"C:/Users/Admin/Documents/Unreal Projects/ai-project/Content/Interface_And_Item_Sounds/Cues/Item_Sell_Purchase_02_Cue.uasset" 1089
"C:/Users/Admin/Documents/Unreal Projects/ai-project/Content/Interface_And_Item_Sounds/Cues/Item_Sell_Purchase_02_Cue.uexp" 1090
"C:/Users/Admin/Documents/Unreal Projects/ai-project/Content/Interface_And_Item_Sounds/WAV/Item_Sell_Purchase_01.ubulk" 1091
"C:/Users/Admin/Documents/Unreal Projects/ai-project/Content/Interface_And_Item_Sounds/WAV/Item_Sell_Purchase_01.uasset" 1092
"C:/Users/Admin/Documents/Unreal Projects/ai-project/Content/Interface_And_Item_Sounds/WAV/Item_Sell_Purchase_01.uexp" 1093
"C:/Users/Admin/Documents/Unreal Projects/ai-project/Content/Interface_And_Item_Sounds/Cues/Item_Sell_Purchase_01_Cue.uasset" 1094
"C:/Users/Admin/Documents/Unreal Projects/ai-project/Content/Interface_And_Item_Sounds/Cues/Item_Sell_Purchase_01_Cue.uexp" 1095
"C:/Users/Admin/Documents/Unreal Projects/ai-project/Content/Interface_And_Item_Sounds/WAV/Gong_03.ubulk" 1096
"C:/Users/Admin/Documents/Unreal Projects/ai-project/Content/Interface_And_Item_Sounds/WAV/Gong_03.uasset" 1097
"C:/Users/Admin/Documents/Unreal Projects/ai-project/Content/Interface_And_Item_Sounds/WAV/Gong_03.uexp" 1098
"C:/Users/Admin/Documents/Unreal Projects/ai-project/Content/Interface_And_Item_Sounds/Cues/Gong_03_Cue.uasset" 1099
"C:/Users/Admin/Documents/Unreal Projects/ai-project/Content/Interface_And_Item_Sounds/Cues/Gong_03_Cue.uexp" 1100
"C:/Users/Admin/Documents/Unreal Projects/ai-project/Content/Interface_And_Item_Sounds/WAV/Gong_02.ubulk" 1101
"C:/Users/Admin/Documents/Unreal Projects/ai-project/Content/Interface_And_Item_Sounds/WAV/Gong_02.uasset" 1102
"C:/Users/Admin/Documents/Unreal Projects/ai-project/Content/Interface_And_Item_Sounds/WAV/Gong_02.uexp" 1103
"C:/Users/Admin/Documents/Unreal Projects/ai-project/Content/Interface_And_Item_Sounds/Cues/Gong_02_Cue.uasset" 1104
"C:/Users/Admin/Documents/Unreal Projects/ai-project/Content/Interface_And_Item_Sounds/Cues/Gong_02_Cue.uexp" 1105
"C:/Users/Admin/Documents/Unreal Projects/ai-project/Content/Interface_And_Item_Sounds/WAV/Gong_01.ubulk" 1106
"C:/Users/Admin/Documents/Unreal Projects/ai-project/Content/Interface_And_Item_Sounds/WAV/Gong_01.uasset" 1107
"C:/Users/Admin/Documents/Unreal Projects/ai-project/Content/Interface_And_Item_Sounds/WAV/Gong_01.uexp" 1108
"C:/Users/Admin/Documents/Unreal Projects/ai-project/Content/Interface_And_Item_Sounds/Cues/Gong_01_Cue.uasset" 1109
"C:/Users/Admin/Documents/Unreal Projects/ai-project/Content/Interface_And_Item_Sounds/Cues/Gong_01_Cue.uexp" 1110
"C:/Users/Admin/Documents/Unreal Projects/ai-project/Content/Interface_And_Item_Sounds/WAV/Futuristic_Click_11.ubulk" 1111
"C:/Users/Admin/Documents/Unreal Projects/ai-project/Content/Interface_And_Item_Sounds/WAV/Futuristic_Click_11.uasset" 1112
"C:/Users/Admin/Documents/Unreal Projects/ai-project/Content/Interface_And_Item_Sounds/WAV/Futuristic_Click_11.uexp" 1113
"C:/Users/Admin/Documents/Unreal Projects/ai-project/Content/Interface_And_Item_Sounds/Cues/Futuristic_Click_11_Cue.uasset" 1114
"C:/Users/Admin/Documents/Unreal Projects/ai-project/Content/Interface_And_Item_Sounds/Cues/Futuristic_Click_11_Cue.uexp" 1115
"C:/Users/Admin/Documents/Unreal Projects/ai-project/Content/Interface_And_Item_Sounds/WAV/Futuristic_Click_10.ubulk" 1116
"C:/Users/Admin/Documents/Unreal Projects/ai-project/Content/Interface_And_Item_Sounds/WAV/Futuristic_Click_10.uasset" 1117
"C:/Users/Admin/Documents/Unreal Projects/ai-project/Content/Interface_And_Item_Sounds/WAV/Futuristic_Click_10.uexp" 1118
"C:/Users/Admin/Documents/Unreal Projects/ai-project/Content/Interface_And_Item_Sounds/Cues/Futuristic_Click_10_Cue.uasset" 1119
"C:/Users/Admin/Documents/Unreal Projects/ai-project/Content/Interface_And_Item_Sounds/Cues/Futuristic_Click_10_Cue.uexp" 1120
"C:/Users/Admin/Documents/Unreal Projects/ai-project/Content/Interface_And_Item_Sounds/WAV/Futuristic_Click_09.ubulk" 1121
"C:/Users/Admin/Documents/Unreal Projects/ai-project/Content/Interface_And_Item_Sounds/WAV/Futuristic_Click_09.uasset" 1122
"C:/Users/Admin/Documents/Unreal Projects/ai-project/Content/Interface_And_Item_Sounds/WAV/Futuristic_Click_09.uexp" 1123
"C:/Users/Admin/Documents/Unreal Projects/ai-project/Content/Interface_And_Item_Sounds/Cues/Futuristic_Click_09_Cue.uasset" 1124
"C:/Users/Admin/Documents/Unreal Projects/ai-project/Content/Interface_And_Item_Sounds/Cues/Futuristic_Click_09_Cue.uexp" 1125
"C:/Users/Admin/Documents/Unreal Projects/ai-project/Content/Interface_And_Item_Sounds/WAV/Futuristic_Click_08.ubulk" 1126
"C:/Users/Admin/Documents/Unreal Projects/ai-project/Content/Interface_And_Item_Sounds/WAV/Futuristic_Click_08.uasset" 1127
"C:/Users/Admin/Documents/Unreal Projects/ai-project/Content/Interface_And_Item_Sounds/WAV/Futuristic_Click_08.uexp" 1128
"C:/Users/Admin/Documents/Unreal Projects/ai-project/Content/Interface_And_Item_Sounds/Cues/Futuristic_Click_08_Cue.uasset" 1129
"C:/Users/Admin/Documents/Unreal Projects/ai-project/Content/Interface_And_Item_Sounds/Cues/Futuristic_Click_08_Cue.uexp" 1130
"C:/Users/Admin/Documents/Unreal Projects/ai-project/Content/Interface_And_Item_Sounds/WAV/Futuristic_Click_07.ubulk" 1131
"C:/Users/Admin/Documents/Unreal Projects/ai-project/Content/Interface_And_Item_Sounds/WAV/Futuristic_Click_07.uasset" 1132
"C:/Users/Admin/Documents/Unreal Projects/ai-project/Content/Interface_And_Item_Sounds/WAV/Futuristic_Click_07.uexp" 1133
"C:/Users/Admin/Documents/Unreal Projects/ai-project/Content/Interface_And_Item_Sounds/Cues/Futuristic_Click_07_Cue.uasset" 1134
"C:/Users/Admin/Documents/Unreal Projects/ai-project/Content/Interface_And_Item_Sounds/Cues/Futuristic_Click_07_Cue.uexp" 1135
"C:/Users/Admin/Documents/Unreal Projects/ai-project/Content/Interface_And_Item_Sounds/WAV/Futuristic_Click_06.ubulk" 1136
"C:/Users/Admin/Documents/Unreal Projects/ai-project/Content/Interface_And_Item_Sounds/WAV/Futuristic_Click_06.uasset" 1137
"C:/Users/Admin/Documents/Unreal Projects/ai-project/Content/Interface_And_Item_Sounds/WAV/Futuristic_Click_06.uexp" 1138
"C:/Users/Admin/Documents/Unreal Projects/ai-project/Content/Interface_And_Item_Sounds/Cues/Futuristic_Click_06_Cue.uasset" 1139
"C:/Users/Admin/Documents/Unreal Projects/ai-project/Content/Interface_And_Item_Sounds/Cues/Futuristic_Click_06_Cue.uexp" 1140
"C:/Users/Admin/Documents/Unreal Projects/ai-project/Content/Interface_And_Item_Sounds/WAV/Futuristic_Click_05.ubulk" 1141
"C:/Users/Admin/Documents/Unreal Projects/ai-project/Content/Interface_And_Item_Sounds/WAV/Futuristic_Click_05.uasset" 1142
"C:/Users/Admin/Documents/Unreal Projects/ai-project/Content/Interface_And_Item_Sounds/WAV/Futuristic_Click_05.uexp" 1143
"C:/Users/Admin/Documents/Unreal Projects/ai-project/Content/Interface_And_Item_Sounds/Cues/Futuristic_Click_05_Cue.uasset" 1144
"C:/Users/Admin/Documents/Unreal Projects/ai-project/Content/Interface_And_Item_Sounds/Cues/Futuristic_Click_05_Cue.uexp" 1145
"C:/Users/Admin/Documents/Unreal Projects/ai-project/Content/Interface_And_Item_Sounds/WAV/Futuristic_Click_04.ubulk" 1146
"C:/Users/Admin/Documents/Unreal Projects/ai-project/Content/Interface_And_Item_Sounds/WAV/Futuristic_Click_04.uasset" 1147
"C:/Users/Admin/Documents/Unreal Projects/ai-project/Content/Interface_And_Item_Sounds/WAV/Futuristic_Click_04.uexp" 1148
"C:/Users/Admin/Documents/Unreal Projects/ai-project/Content/Interface_And_Item_Sounds/Cues/Futuristic_Click_04_Cue.uasset" 1149
"C:/Users/Admin/Documents/Unreal Projects/ai-project/Content/Interface_And_Item_Sounds/Cues/Futuristic_Click_04_Cue.uexp" 1150
"C:/Users/Admin/Documents/Unreal Projects/ai-project/Content/Interface_And_Item_Sounds/WAV/Futuristic_Click_03.ubulk" 1151
"C:/Users/Admin/Documents/Unreal Projects/ai-project/Content/Interface_And_Item_Sounds/WAV/Futuristic_Click_03.uasset" 1152
"C:/Users/Admin/Documents/Unreal Projects/ai-project/Content/Interface_And_Item_Sounds/WAV/Futuristic_Click_03.uexp" 1153
"C:/Users/Admin/Documents/Unreal Projects/ai-project/Content/Interface_And_Item_Sounds/Cues/Futuristic_Click_03_Cue.uasset" 1154
"C:/Users/Admin/Documents/Unreal Projects/ai-project/Content/Interface_And_Item_Sounds/Cues/Futuristic_Click_03_Cue.uexp" 1155
"C:/Users/Admin/Documents/Unreal Projects/ai-project/Content/Interface_And_Item_Sounds/WAV/Futuristic_Click_02.ubulk" 1156
"C:/Users/Admin/Documents/Unreal Projects/ai-project/Content/Interface_And_Item_Sounds/WAV/Futuristic_Click_02.uasset" 1157
"C:/Users/Admin/Documents/Unreal Projects/ai-project/Content/Interface_And_Item_Sounds/WAV/Futuristic_Click_02.uexp" 1158
"C:/Users/Admin/Documents/Unreal Projects/ai-project/Content/Interface_And_Item_Sounds/Cues/Futuristic_Click_02_Cue.uasset" 1159
"C:/Users/Admin/Documents/Unreal Projects/ai-project/Content/Interface_And_Item_Sounds/Cues/Futuristic_Click_02_Cue.uexp" 1160
"C:/Users/Admin/Documents/Unreal Projects/ai-project/Content/Interface_And_Item_Sounds/WAV/Futuristic_Click_01.ubulk" 1161
"C:/Users/Admin/Documents/Unreal Projects/ai-project/Content/Interface_And_Item_Sounds/WAV/Futuristic_Click_01.uasset" 1162
"C:/Users/Admin/Documents/Unreal Projects/ai-project/Content/Interface_And_Item_Sounds/WAV/Futuristic_Click_01.uexp" 1163
"C:/Users/Admin/Documents/Unreal Projects/ai-project/Content/Interface_And_Item_Sounds/Cues/Futuristic_Click_01_Cue.uasset" 1164
"C:/Users/Admin/Documents/Unreal Projects/ai-project/Content/Interface_And_Item_Sounds/Cues/Futuristic_Click_01_Cue.uexp" 1165
"C:/Users/Admin/Documents/Unreal Projects/ai-project/Content/Interface_And_Item_Sounds/WAV/Futuristic_Alarm_01.ubulk" 1166
"C:/Users/Admin/Documents/Unreal Projects/ai-project/Content/Interface_And_Item_Sounds/WAV/Futuristic_Alarm_01.uasset" 1167
"C:/Users/Admin/Documents/Unreal Projects/ai-project/Content/Interface_And_Item_Sounds/WAV/Futuristic_Alarm_01.uexp" 1168
"C:/Users/Admin/Documents/Unreal Projects/ai-project/Content/Interface_And_Item_Sounds/Cues/Futuristic_Alarm_01_Cue.uasset" 1169
"C:/Users/Admin/Documents/Unreal Projects/ai-project/Content/Interface_And_Item_Sounds/Cues/Futuristic_Alarm_01_Cue.uexp" 1170
"C:/Users/Admin/Documents/Unreal Projects/ai-project/Content/Interface_And_Item_Sounds/WAV/Flick_Switch_05.ubulk" 1171
"C:/Users/Admin/Documents/Unreal Projects/ai-project/Content/Interface_And_Item_Sounds/WAV/Flick_Switch_05.uasset" 1172
"C:/Users/Admin/Documents/Unreal Projects/ai-project/Content/Interface_And_Item_Sounds/WAV/Flick_Switch_05.uexp" 1173
"C:/Users/Admin/Documents/Unreal Projects/ai-project/Content/Interface_And_Item_Sounds/Cues/Flick_Switch_05_Cue.uasset" 1174
"C:/Users/Admin/Documents/Unreal Projects/ai-project/Content/Interface_And_Item_Sounds/Cues/Flick_Switch_05_Cue.uexp" 1175
"C:/Users/Admin/Documents/Unreal Projects/ai-project/Content/Interface_And_Item_Sounds/WAV/Flick_Switch_04.ubulk" 1176
"C:/Users/Admin/Documents/Unreal Projects/ai-project/Content/Interface_And_Item_Sounds/WAV/Flick_Switch_04.uasset" 1177
"C:/Users/Admin/Documents/Unreal Projects/ai-project/Content/Interface_And_Item_Sounds/WAV/Flick_Switch_04.uexp" 1178
"C:/Users/Admin/Documents/Unreal Projects/ai-project/Content/Interface_And_Item_Sounds/Cues/Flick_Switch_04_Cue.uasset" 1179
"C:/Users/Admin/Documents/Unreal Projects/ai-project/Content/Interface_And_Item_Sounds/Cues/Flick_Switch_04_Cue.uexp" 1180
"C:/Users/Admin/Documents/Unreal Projects/ai-project/Content/Interface_And_Item_Sounds/WAV/Flick_Switch_03.ubulk" 1181
"C:/Users/Admin/Documents/Unreal Projects/ai-project/Content/Interface_And_Item_Sounds/WAV/Flick_Switch_03.uasset" 1182
"C:/Users/Admin/Documents/Unreal Projects/ai-project/Content/Interface_And_Item_Sounds/WAV/Flick_Switch_03.uexp" 1183
"C:/Users/Admin/Documents/Unreal Projects/ai-project/Content/Interface_And_Item_Sounds/Cues/Flick_Switch_03_Cue.uasset" 1184
"C:/Users/Admin/Documents/Unreal Projects/ai-project/Content/Interface_And_Item_Sounds/Cues/Flick_Switch_03_Cue.uexp" 1185
"C:/Users/Admin/Documents/Unreal Projects/ai-project/Content/Interface_And_Item_Sounds/WAV/Flick_Switch_02.ubulk" 1186
"C:/Users/Admin/Documents/Unreal Projects/ai-project/Content/Interface_And_Item_Sounds/WAV/Flick_Switch_02.uasset" 1187
"C:/Users/Admin/Documents/Unreal Projects/ai-project/Content/Interface_And_Item_Sounds/WAV/Flick_Switch_02.uexp" 1188
"C:/Users/Admin/Documents/Unreal Projects/ai-project/Content/Interface_And_Item_Sounds/Cues/Flick_Switch_02_Cue.uasset" 1189
"C:/Users/Admin/Documents/Unreal Projects/ai-project/Content/Interface_And_Item_Sounds/Cues/Flick_Switch_02_Cue.uexp" 1190
"C:/Users/Admin/Documents/Unreal Projects/ai-project/Content/Interface_And_Item_Sounds/WAV/Flick_Switch_01.ubulk" 1191
"C:/Users/Admin/Documents/Unreal Projects/ai-project/Content/Interface_And_Item_Sounds/WAV/Flick_Switch_01.uasset" 1192
"C:/Users/Admin/Documents/Unreal Projects/ai-project/Content/Interface_And_Item_Sounds/WAV/Flick_Switch_01.uexp" 1193
"C:/Users/Admin/Documents/Unreal Projects/ai-project/Content/Interface_And_Item_Sounds/Cues/Flick_Switch_01_Cue.uasset" 1194
"C:/Users/Admin/Documents/Unreal Projects/ai-project/Content/Interface_And_Item_Sounds/Cues/Flick_Switch_01_Cue.uexp" 1195
"C:/Users/Admin/Documents/Unreal Projects/ai-project/Content/Interface_And_Item_Sounds/WAV/Error_Buzz_05.ubulk" 1196
"C:/Users/Admin/Documents/Unreal Projects/ai-project/Content/Interface_And_Item_Sounds/WAV/Error_Buzz_05.uasset" 1197
"C:/Users/Admin/Documents/Unreal Projects/ai-project/Content/Interface_And_Item_Sounds/WAV/Error_Buzz_05.uexp" 1198
"C:/Users/Admin/Documents/Unreal Projects/ai-project/Content/Interface_And_Item_Sounds/Cues/Error_Buzz_05_Cue.uasset" 1199
"C:/Users/Admin/Documents/Unreal Projects/ai-project/Content/Interface_And_Item_Sounds/Cues/Error_Buzz_05_Cue.uexp" 1200
"C:/Users/Admin/Documents/Unreal Projects/ai-project/Content/Interface_And_Item_Sounds/WAV/Error_Buzz_04.ubulk" 1201
"C:/Users/Admin/Documents/Unreal Projects/ai-project/Content/Interface_And_Item_Sounds/WAV/Error_Buzz_04.uasset" 1202
"C:/Users/Admin/Documents/Unreal Projects/ai-project/Content/Interface_And_Item_Sounds/WAV/Error_Buzz_04.uexp" 1203
"C:/Users/Admin/Documents/Unreal Projects/ai-project/Content/Interface_And_Item_Sounds/Cues/Error_Buzz_04_Cue.uasset" 1204
"C:/Users/Admin/Documents/Unreal Projects/ai-project/Content/Interface_And_Item_Sounds/Cues/Error_Buzz_04_Cue.uexp" 1205
"C:/Users/Admin/Documents/Unreal Projects/ai-project/Content/Interface_And_Item_Sounds/WAV/Error_Buzz_03.ubulk" 1206
"C:/Users/Admin/Documents/Unreal Projects/ai-project/Content/Interface_And_Item_Sounds/WAV/Error_Buzz_03.uasset" 1207
"C:/Users/Admin/Documents/Unreal Projects/ai-project/Content/Interface_And_Item_Sounds/WAV/Error_Buzz_03.uexp" 1208
"C:/Users/Admin/Documents/Unreal Projects/ai-project/Content/Interface_And_Item_Sounds/Cues/Error_Buzz_03_Cue.uasset" 1209
"C:/Users/Admin/Documents/Unreal Projects/ai-project/Content/Interface_And_Item_Sounds/Cues/Error_Buzz_03_Cue.uexp" 1210
"C:/Users/Admin/Documents/Unreal Projects/ai-project/Content/Interface_And_Item_Sounds/WAV/Error_Buzz_02.ubulk" 1211
"C:/Users/Admin/Documents/Unreal Projects/ai-project/Content/Interface_And_Item_Sounds/WAV/Error_Buzz_02.uasset" 1212
"C:/Users/Admin/Documents/Unreal Projects/ai-project/Content/Interface_And_Item_Sounds/WAV/Error_Buzz_02.uexp" 1213
"C:/Users/Admin/Documents/Unreal Projects/ai-project/Content/Interface_And_Item_Sounds/Cues/Error_Buzz_02_Cue.uasset" 1214
"C:/Users/Admin/Documents/Unreal Projects/ai-project/Content/Interface_And_Item_Sounds/Cues/Error_Buzz_02_Cue.uexp" 1215
"C:/Users/Admin/Documents/Unreal Projects/ai-project/Content/Interface_And_Item_Sounds/WAV/Error_Buzz_01.ubulk" 1216
"C:/Users/Admin/Documents/Unreal Projects/ai-project/Content/Interface_And_Item_Sounds/WAV/Error_Buzz_01.uasset" 1217
"C:/Users/Admin/Documents/Unreal Projects/ai-project/Content/Interface_And_Item_Sounds/WAV/Error_Buzz_01.uexp" 1218
"C:/Users/Admin/Documents/Unreal Projects/ai-project/Content/Interface_And_Item_Sounds/Cues/Error_Buzz_01_Cue.uasset" 1219
"C:/Users/Admin/Documents/Unreal Projects/ai-project/Content/Interface_And_Item_Sounds/Cues/Error_Buzz_01_Cue.uexp" 1220
"C:/Users/Admin/Documents/Unreal Projects/ai-project/Content/Interface_And_Item_Sounds/WAV/Discordant_GameOver_Musical_Short.ubulk" 1221
"C:/Users/Admin/Documents/Unreal Projects/ai-project/Content/Interface_And_Item_Sounds/WAV/Discordant_GameOver_Musical_Short.uasset" 1222
"C:/Users/Admin/Documents/Unreal Projects/ai-project/Content/Interface_And_Item_Sounds/WAV/Discordant_GameOver_Musical_Short.uexp" 1223
"C:/Users/Admin/Documents/Unreal Projects/ai-project/Content/Interface_And_Item_Sounds/Cues/Discordant_GameOver_Musical_Short_Cue.uasset" 1224
"C:/Users/Admin/Documents/Unreal Projects/ai-project/Content/Interface_And_Item_Sounds/Cues/Discordant_GameOver_Musical_Short_Cue.uexp" 1225
"C:/Users/Admin/Documents/Unreal Projects/ai-project/Content/Interface_And_Item_Sounds/WAV/Discordant_GameOver_Musical_Long.ubulk" 1226
"C:/Users/Admin/Documents/Unreal Projects/ai-project/Content/Interface_And_Item_Sounds/WAV/Discordant_GameOver_Musical_Long.uasset" 1227
"C:/Users/Admin/Documents/Unreal Projects/ai-project/Content/Interface_And_Item_Sounds/WAV/Discordant_GameOver_Musical_Long.uexp" 1228
"C:/Users/Admin/Documents/Unreal Projects/ai-project/Content/Interface_And_Item_Sounds/Cues/Discordant_GameOver_Musical_Long_Cue.uasset" 1229
"C:/Users/Admin/Documents/Unreal Projects/ai-project/Content/Interface_And_Item_Sounds/Cues/Discordant_GameOver_Musical_Long_Cue.uexp" 1230
"C:/Users/Admin/Documents/Unreal Projects/ai-project/Content/Interface_And_Item_Sounds/WAV/Coins_15.ubulk" 1231
"C:/Users/Admin/Documents/Unreal Projects/ai-project/Content/Interface_And_Item_Sounds/WAV/Coins_15.uasset" 1232
"C:/Users/Admin/Documents/Unreal Projects/ai-project/Content/Interface_And_Item_Sounds/WAV/Coins_15.uexp" 1233
"C:/Users/Admin/Documents/Unreal Projects/ai-project/Content/Interface_And_Item_Sounds/Cues/Coins_15_Cue.uasset" 1234
"C:/Users/Admin/Documents/Unreal Projects/ai-project/Content/Interface_And_Item_Sounds/Cues/Coins_15_Cue.uexp" 1235
"C:/Users/Admin/Documents/Unreal Projects/ai-project/Content/Interface_And_Item_Sounds/WAV/Coins_14.ubulk" 1236
"C:/Users/Admin/Documents/Unreal Projects/ai-project/Content/Interface_And_Item_Sounds/WAV/Coins_14.uasset" 1237
"C:/Users/Admin/Documents/Unreal Projects/ai-project/Content/Interface_And_Item_Sounds/WAV/Coins_14.uexp" 1238
"C:/Users/Admin/Documents/Unreal Projects/ai-project/Content/Interface_And_Item_Sounds/Cues/Coins_14_Cue.uasset" 1239
"C:/Users/Admin/Documents/Unreal Projects/ai-project/Content/Interface_And_Item_Sounds/Cues/Coins_14_Cue.uexp" 1240
"C:/Users/Admin/Documents/Unreal Projects/ai-project/Content/Interface_And_Item_Sounds/WAV/Coins_13.ubulk" 1241
"C:/Users/Admin/Documents/Unreal Projects/ai-project/Content/Interface_And_Item_Sounds/WAV/Coins_13.uasset" 1242
"C:/Users/Admin/Documents/Unreal Projects/ai-project/Content/Interface_And_Item_Sounds/WAV/Coins_13.uexp" 1243
"C:/Users/Admin/Documents/Unreal Projects/ai-project/Content/Interface_And_Item_Sounds/Cues/Coins_13_Cue.uasset" 1244
"C:/Users/Admin/Documents/Unreal Projects/ai-project/Content/Interface_And_Item_Sounds/Cues/Coins_13_Cue.uexp" 1245
"C:/Users/Admin/Documents/Unreal Projects/ai-project/Content/Interface_And_Item_Sounds/WAV/Coins_12.ubulk" 1246
"C:/Users/Admin/Documents/Unreal Projects/ai-project/Content/Interface_And_Item_Sounds/WAV/Coins_12.uasset" 1247
"C:/Users/Admin/Documents/Unreal Projects/ai-project/Content/Interface_And_Item_Sounds/WAV/Coins_12.uexp" 1248
"C:/Users/Admin/Documents/Unreal Projects/ai-project/Content/Interface_And_Item_Sounds/Cues/Coins_12_Cue.uasset" 1249
"C:/Users/Admin/Documents/Unreal Projects/ai-project/Content/Interface_And_Item_Sounds/Cues/Coins_12_Cue.uexp" 1250
"C:/Users/Admin/Documents/Unreal Projects/ai-project/Content/Interface_And_Item_Sounds/WAV/Coins_11.ubulk" 1251
"C:/Users/Admin/Documents/Unreal Projects/ai-project/Content/Interface_And_Item_Sounds/WAV/Coins_11.uasset" 1252
"C:/Users/Admin/Documents/Unreal Projects/ai-project/Content/Interface_And_Item_Sounds/WAV/Coins_11.uexp" 1253
"C:/Users/Admin/Documents/Unreal Projects/ai-project/Content/Interface_And_Item_Sounds/Cues/Coins_11_Cue.uasset" 1254
"C:/Users/Admin/Documents/Unreal Projects/ai-project/Content/Interface_And_Item_Sounds/Cues/Coins_11_Cue.uexp" 1255
"C:/Users/Admin/Documents/Unreal Projects/ai-project/Content/Interface_And_Item_Sounds/WAV/Coins_10.ubulk" 1256
"C:/Users/Admin/Documents/Unreal Projects/ai-project/Content/Interface_And_Item_Sounds/WAV/Coins_10.uasset" 1257
"C:/Users/Admin/Documents/Unreal Projects/ai-project/Content/Interface_And_Item_Sounds/WAV/Coins_10.uexp" 1258
"C:/Users/Admin/Documents/Unreal Projects/ai-project/Content/Interface_And_Item_Sounds/Cues/Coins_10_Cue.uasset" 1259
"C:/Users/Admin/Documents/Unreal Projects/ai-project/Content/Interface_And_Item_Sounds/Cues/Coins_10_Cue.uexp" 1260
"C:/Users/Admin/Documents/Unreal Projects/ai-project/Content/Interface_And_Item_Sounds/WAV/Coins_09.ubulk" 1261
"C:/Users/Admin/Documents/Unreal Projects/ai-project/Content/Interface_And_Item_Sounds/WAV/Coins_09.uasset" 1262
"C:/Users/Admin/Documents/Unreal Projects/ai-project/Content/Interface_And_Item_Sounds/WAV/Coins_09.uexp" 1263
"C:/Users/Admin/Documents/Unreal Projects/ai-project/Content/Interface_And_Item_Sounds/Cues/Coins_09_Cue.uasset" 1264
"C:/Users/Admin/Documents/Unreal Projects/ai-project/Content/Interface_And_Item_Sounds/Cues/Coins_09_Cue.uexp" 1265
"C:/Users/Admin/Documents/Unreal Projects/ai-project/Content/Interface_And_Item_Sounds/WAV/Coins_08.ubulk" 1266
"C:/Users/Admin/Documents/Unreal Projects/ai-project/Content/Interface_And_Item_Sounds/WAV/Coins_08.uasset" 1267
"C:/Users/Admin/Documents/Unreal Projects/ai-project/Content/Interface_And_Item_Sounds/WAV/Coins_08.uexp" 1268
"C:/Users/Admin/Documents/Unreal Projects/ai-project/Content/Interface_And_Item_Sounds/Cues/Coins_08_Cue.uasset" 1269
"C:/Users/Admin/Documents/Unreal Projects/ai-project/Content/Interface_And_Item_Sounds/Cues/Coins_08_Cue.uexp" 1270
"C:/Users/Admin/Documents/Unreal Projects/ai-project/Content/Interface_And_Item_Sounds/WAV/Coins_07.ubulk" 1271
"C:/Users/Admin/Documents/Unreal Projects/ai-project/Content/Interface_And_Item_Sounds/WAV/Coins_07.uasset" 1272
"C:/Users/Admin/Documents/Unreal Projects/ai-project/Content/Interface_And_Item_Sounds/WAV/Coins_07.uexp" 1273
"C:/Users/Admin/Documents/Unreal Projects/ai-project/Content/Interface_And_Item_Sounds/Cues/Coins_07_Cue.uasset" 1274
"C:/Users/Admin/Documents/Unreal Projects/ai-project/Content/Interface_And_Item_Sounds/Cues/Coins_07_Cue.uexp" 1275
"C:/Users/Admin/Documents/Unreal Projects/ai-project/Content/Interface_And_Item_Sounds/WAV/Coins_06.ubulk" 1276
"C:/Users/Admin/Documents/Unreal Projects/ai-project/Content/Interface_And_Item_Sounds/WAV/Coins_06.uasset" 1277
"C:/Users/Admin/Documents/Unreal Projects/ai-project/Content/Interface_And_Item_Sounds/WAV/Coins_06.uexp" 1278
"C:/Users/Admin/Documents/Unreal Projects/ai-project/Content/Interface_And_Item_Sounds/Cues/Coins_06_Cue.uasset" 1279
"C:/Users/Admin/Documents/Unreal Projects/ai-project/Content/Interface_And_Item_Sounds/Cues/Coins_06_Cue.uexp" 1280
"C:/Users/Admin/Documents/Unreal Projects/ai-project/Content/Interface_And_Item_Sounds/WAV/Coins_05.ubulk" 1281
"C:/Users/Admin/Documents/Unreal Projects/ai-project/Content/Interface_And_Item_Sounds/WAV/Coins_05.uasset" 1282
"C:/Users/Admin/Documents/Unreal Projects/ai-project/Content/Interface_And_Item_Sounds/WAV/Coins_05.uexp" 1283
"C:/Users/Admin/Documents/Unreal Projects/ai-project/Content/Interface_And_Item_Sounds/Cues/Coins_05_Cue.uasset" 1284
"C:/Users/Admin/Documents/Unreal Projects/ai-project/Content/Interface_And_Item_Sounds/Cues/Coins_05_Cue.uexp" 1285
"C:/Users/Admin/Documents/Unreal Projects/ai-project/Content/Interface_And_Item_Sounds/WAV/Coins_04.ubulk" 1286
"C:/Users/Admin/Documents/Unreal Projects/ai-project/Content/Interface_And_Item_Sounds/WAV/Coins_04.uasset" 1287
"C:/Users/Admin/Documents/Unreal Projects/ai-project/Content/Interface_And_Item_Sounds/WAV/Coins_04.uexp" 1288
"C:/Users/Admin/Documents/Unreal Projects/ai-project/Content/Interface_And_Item_Sounds/Cues/Coins_04_Cue.uasset" 1289
"C:/Users/Admin/Documents/Unreal Projects/ai-project/Content/Interface_And_Item_Sounds/Cues/Coins_04_Cue.uexp" 1290
"C:/Users/Admin/Documents/Unreal Projects/ai-project/Content/Interface_And_Item_Sounds/WAV/Coins_03.ubulk" 1291
"C:/Users/Admin/Documents/Unreal Projects/ai-project/Content/Interface_And_Item_Sounds/WAV/Coins_03.uasset" 1292
"C:/Users/Admin/Documents/Unreal Projects/ai-project/Content/Interface_And_Item_Sounds/WAV/Coins_03.uexp" 1293
"C:/Users/Admin/Documents/Unreal Projects/ai-project/Content/Interface_And_Item_Sounds/Cues/Coins_03_Cue.uasset" 1294
"C:/Users/Admin/Documents/Unreal Projects/ai-project/Content/Interface_And_Item_Sounds/Cues/Coins_03_Cue.uexp" 1295
"C:/Users/Admin/Documents/Unreal Projects/ai-project/Content/Interface_And_Item_Sounds/WAV/Coins_02.ubulk" 1296
"C:/Users/Admin/Documents/Unreal Projects/ai-project/Content/Interface_And_Item_Sounds/WAV/Coins_02.uasset" 1297
"C:/Users/Admin/Documents/Unreal Projects/ai-project/Content/Interface_And_Item_Sounds/WAV/Coins_02.uexp" 1298
"C:/Users/Admin/Documents/Unreal Projects/ai-project/Content/Interface_And_Item_Sounds/Cues/Coins_02_Cue.uasset" 1299
"C:/Users/Admin/Documents/Unreal Projects/ai-project/Content/Interface_And_Item_Sounds/Cues/Coins_02_Cue.uexp" 1300
"C:/Users/Admin/Documents/Unreal Projects/ai-project/Content/Interface_And_Item_Sounds/WAV/Coins_01.ubulk" 1301
"C:/Users/Admin/Documents/Unreal Projects/ai-project/Content/Interface_And_Item_Sounds/WAV/Coins_01.uasset" 1302
"C:/Users/Admin/Documents/Unreal Projects/ai-project/Content/Interface_And_Item_Sounds/WAV/Coins_01.uexp" 1303
"C:/Users/Admin/Documents/Unreal Projects/ai-project/Content/Interface_And_Item_Sounds/Cues/Coins_01_Cue.uasset" 1304
"C:/Users/Admin/Documents/Unreal Projects/ai-project/Content/Interface_And_Item_Sounds/Cues/Coins_01_Cue.uexp" 1305
"C:/Users/Admin/Documents/Unreal Projects/ai-project/Content/Interface_And_Item_Sounds/WAV/Click_11.ubulk" 1306
"C:/Users/Admin/Documents/Unreal Projects/ai-project/Content/Interface_And_Item_Sounds/WAV/Click_11.uasset" 1307
"C:/Users/Admin/Documents/Unreal Projects/ai-project/Content/Interface_And_Item_Sounds/WAV/Click_11.uexp" 1308
"C:/Users/Admin/Documents/Unreal Projects/ai-project/Content/Interface_And_Item_Sounds/Cues/Click_11_Cue.uasset" 1309
"C:/Users/Admin/Documents/Unreal Projects/ai-project/Content/Interface_And_Item_Sounds/Cues/Click_11_Cue.uexp" 1310
"C:/Users/Admin/Documents/Unreal Projects/ai-project/Content/Interface_And_Item_Sounds/WAV/Click_10.ubulk" 1311
"C:/Users/Admin/Documents/Unreal Projects/ai-project/Content/Interface_And_Item_Sounds/WAV/Click_10.uasset" 1312
"C:/Users/Admin/Documents/Unreal Projects/ai-project/Content/Interface_And_Item_Sounds/WAV/Click_10.uexp" 1313
"C:/Users/Admin/Documents/Unreal Projects/ai-project/Content/Interface_And_Item_Sounds/Cues/Click_10_Cue.uasset" 1314
"C:/Users/Admin/Documents/Unreal Projects/ai-project/Content/Interface_And_Item_Sounds/Cues/Click_10_Cue.uexp" 1315
"C:/Users/Admin/Documents/Unreal Projects/ai-project/Content/Interface_And_Item_Sounds/WAV/Click_09.ubulk" 1316
"C:/Users/Admin/Documents/Unreal Projects/ai-project/Content/Interface_And_Item_Sounds/WAV/Click_09.uasset" 1317
"C:/Users/Admin/Documents/Unreal Projects/ai-project/Content/Interface_And_Item_Sounds/WAV/Click_09.uexp" 1318
"C:/Users/Admin/Documents/Unreal Projects/ai-project/Content/Interface_And_Item_Sounds/Cues/Click_09_Cue.uasset" 1319
"C:/Users/Admin/Documents/Unreal Projects/ai-project/Content/Interface_And_Item_Sounds/Cues/Click_09_Cue.uexp" 1320
"C:/Users/Admin/Documents/Unreal Projects/ai-project/Content/Interface_And_Item_Sounds/WAV/Click_08.ubulk" 1321
"C:/Users/Admin/Documents/Unreal Projects/ai-project/Content/Interface_And_Item_Sounds/WAV/Click_08.uasset" 1322
"C:/Users/Admin/Documents/Unreal Projects/ai-project/Content/Interface_And_Item_Sounds/WAV/Click_08.uexp" 1323
"C:/Users/Admin/Documents/Unreal Projects/ai-project/Content/Interface_And_Item_Sounds/Cues/Click_08_Cue.uasset" 1324
"C:/Users/Admin/Documents/Unreal Projects/ai-project/Content/Interface_And_Item_Sounds/Cues/Click_08_Cue.uexp" 1325
"C:/Users/Admin/Documents/Unreal Projects/ai-project/Content/Interface_And_Item_Sounds/WAV/Click_07.ubulk" 1326
"C:/Users/Admin/Documents/Unreal Projects/ai-project/Content/Interface_And_Item_Sounds/WAV/Click_07.uasset" 1327
"C:/Users/Admin/Documents/Unreal Projects/ai-project/Content/Interface_And_Item_Sounds/WAV/Click_07.uexp" 1328
"C:/Users/Admin/Documents/Unreal Projects/ai-project/Content/Interface_And_Item_Sounds/Cues/Click_07_Cue.uasset" 1329
"C:/Users/Admin/Documents/Unreal Projects/ai-project/Content/Interface_And_Item_Sounds/Cues/Click_07_Cue.uexp" 1330
"C:/Users/Admin/Documents/Unreal Projects/ai-project/Content/Interface_And_Item_Sounds/WAV/Click_06.ubulk" 1331
"C:/Users/Admin/Documents/Unreal Projects/ai-project/Content/Interface_And_Item_Sounds/WAV/Click_06.uasset" 1332
"C:/Users/Admin/Documents/Unreal Projects/ai-project/Content/Interface_And_Item_Sounds/WAV/Click_06.uexp" 1333
"C:/Users/Admin/Documents/Unreal Projects/ai-project/Content/Interface_And_Item_Sounds/Cues/Click_06_Cue.uasset" 1334
"C:/Users/Admin/Documents/Unreal Projects/ai-project/Content/Interface_And_Item_Sounds/Cues/Click_06_Cue.uexp" 1335
"C:/Users/Admin/Documents/Unreal Projects/ai-project/Content/Interface_And_Item_Sounds/WAV/Click_05.ubulk" 1336
"C:/Users/Admin/Documents/Unreal Projects/ai-project/Content/Interface_And_Item_Sounds/WAV/Click_05.uasset" 1337
"C:/Users/Admin/Documents/Unreal Projects/ai-project/Content/Interface_And_Item_Sounds/WAV/Click_05.uexp" 1338
"C:/Users/Admin/Documents/Unreal Projects/ai-project/Content/Interface_And_Item_Sounds/Cues/Click_05_Cue.uasset" 1339
"C:/Users/Admin/Documents/Unreal Projects/ai-project/Content/Interface_And_Item_Sounds/Cues/Click_05_Cue.uexp" 1340
"C:/Users/Admin/Documents/Unreal Projects/ai-project/Content/Interface_And_Item_Sounds/WAV/Click_04.ubulk" 1341
"C:/Users/Admin/Documents/Unreal Projects/ai-project/Content/Interface_And_Item_Sounds/WAV/Click_04.uasset" 1342
"C:/Users/Admin/Documents/Unreal Projects/ai-project/Content/Interface_And_Item_Sounds/WAV/Click_04.uexp" 1343
"C:/Users/Admin/Documents/Unreal Projects/ai-project/Content/Interface_And_Item_Sounds/Cues/Click_04_Cue.uasset" 1344
"C:/Users/Admin/Documents/Unreal Projects/ai-project/Content/Interface_And_Item_Sounds/Cues/Click_04_Cue.uexp" 1345
"C:/Users/Admin/Documents/Unreal Projects/ai-project/Content/Interface_And_Item_Sounds/WAV/Click_03.ubulk" 1346
"C:/Users/Admin/Documents/Unreal Projects/ai-project/Content/Interface_And_Item_Sounds/WAV/Click_03.uasset" 1347
"C:/Users/Admin/Documents/Unreal Projects/ai-project/Content/Interface_And_Item_Sounds/WAV/Click_03.uexp" 1348
"C:/Users/Admin/Documents/Unreal Projects/ai-project/Content/Interface_And_Item_Sounds/Cues/Click_03_Cue.uasset" 1349
"C:/Users/Admin/Documents/Unreal Projects/ai-project/Content/Interface_And_Item_Sounds/Cues/Click_03_Cue.uexp" 1350
"C:/Users/Admin/Documents/Unreal Projects/ai-project/Content/Interface_And_Item_Sounds/WAV/Click_02.ubulk" 1351
"C:/Users/Admin/Documents/Unreal Projects/ai-project/Content/Interface_And_Item_Sounds/WAV/Click_02.uasset" 1352
"C:/Users/Admin/Documents/Unreal Projects/ai-project/Content/Interface_And_Item_Sounds/WAV/Click_02.uexp" 1353
"C:/Users/Admin/Documents/Unreal Projects/ai-project/Content/Interface_And_Item_Sounds/Cues/Click_02_Cue.uasset" 1354
"C:/Users/Admin/Documents/Unreal Projects/ai-project/Content/Interface_And_Item_Sounds/Cues/Click_02_Cue.uexp" 1355
"C:/Users/Admin/Documents/Unreal Projects/ai-project/Content/Interface_And_Item_Sounds/WAV/Click_01.ubulk" 1356
"C:/Users/Admin/Documents/Unreal Projects/ai-project/Content/Interface_And_Item_Sounds/WAV/Click_01.uasset" 1357
"C:/Users/Admin/Documents/Unreal Projects/ai-project/Content/Interface_And_Item_Sounds/WAV/Click_01.uexp" 1358
"C:/Users/Admin/Documents/Unreal Projects/ai-project/Content/Interface_And_Item_Sounds/Cues/Click_01_Cue.uasset" 1359
"C:/Users/Admin/Documents/Unreal Projects/ai-project/Content/Interface_And_Item_Sounds/Cues/Click_01_Cue.uexp" 1360
"C:/Users/Admin/Documents/Unreal Projects/ai-project/Content/Interface_And_Item_Sounds/WAV/Cartoon_Falling_05.ubulk" 1361
"C:/Users/Admin/Documents/Unreal Projects/ai-project/Content/Interface_And_Item_Sounds/WAV/Cartoon_Falling_05.uasset" 1362
"C:/Users/Admin/Documents/Unreal Projects/ai-project/Content/Interface_And_Item_Sounds/WAV/Cartoon_Falling_05.uexp" 1363
"C:/Users/Admin/Documents/Unreal Projects/ai-project/Content/Interface_And_Item_Sounds/Cues/Cartoon_Falling_05_Cue.uasset" 1364
"C:/Users/Admin/Documents/Unreal Projects/ai-project/Content/Interface_And_Item_Sounds/Cues/Cartoon_Falling_05_Cue.uexp" 1365
"C:/Users/Admin/Documents/Unreal Projects/ai-project/Content/Interface_And_Item_Sounds/WAV/Cartoon_Falling_04.ubulk" 1366
"C:/Users/Admin/Documents/Unreal Projects/ai-project/Content/Interface_And_Item_Sounds/WAV/Cartoon_Falling_04.uasset" 1367
"C:/Users/Admin/Documents/Unreal Projects/ai-project/Content/Interface_And_Item_Sounds/WAV/Cartoon_Falling_04.uexp" 1368
"C:/Users/Admin/Documents/Unreal Projects/ai-project/Content/Interface_And_Item_Sounds/Cues/Cartoon_Falling_04_Cue.uasset" 1369
"C:/Users/Admin/Documents/Unreal Projects/ai-project/Content/Interface_And_Item_Sounds/Cues/Cartoon_Falling_04_Cue.uexp" 1370
"C:/Users/Admin/Documents/Unreal Projects/ai-project/Content/Interface_And_Item_Sounds/WAV/Cartoon_Falling_03.ubulk" 1371
"C:/Users/Admin/Documents/Unreal Projects/ai-project/Content/Interface_And_Item_Sounds/WAV/Cartoon_Falling_03.uasset" 1372
"C:/Users/Admin/Documents/Unreal Projects/ai-project/Content/Interface_And_Item_Sounds/WAV/Cartoon_Falling_03.uexp" 1373
"C:/Users/Admin/Documents/Unreal Projects/ai-project/Content/Interface_And_Item_Sounds/Cues/Cartoon_Falling_03_Cue.uasset" 1374
"C:/Users/Admin/Documents/Unreal Projects/ai-project/Content/Interface_And_Item_Sounds/Cues/Cartoon_Falling_03_Cue.uexp" 1375
"C:/Users/Admin/Documents/Unreal Projects/ai-project/Content/Interface_And_Item_Sounds/WAV/Cartoon_Falling_02.ubulk" 1376
"C:/Users/Admin/Documents/Unreal Projects/ai-project/Content/Interface_And_Item_Sounds/WAV/Cartoon_Falling_02.uasset" 1377
"C:/Users/Admin/Documents/Unreal Projects/ai-project/Content/Interface_And_Item_Sounds/WAV/Cartoon_Falling_02.uexp" 1378
"C:/Users/Admin/Documents/Unreal Projects/ai-project/Content/Interface_And_Item_Sounds/Cues/Cartoon_Falling_02_Cue.uasset" 1379
"C:/Users/Admin/Documents/Unreal Projects/ai-project/Content/Interface_And_Item_Sounds/Cues/Cartoon_Falling_02_Cue.uexp" 1380
"C:/Users/Admin/Documents/Unreal Projects/ai-project/Content/Interface_And_Item_Sounds/WAV/Cartoon_Falling_01.ubulk" 1381
"C:/Users/Admin/Documents/Unreal Projects/ai-project/Content/Interface_And_Item_Sounds/WAV/Cartoon_Falling_01.uasset" 1382
"C:/Users/Admin/Documents/Unreal Projects/ai-project/Content/Interface_And_Item_Sounds/WAV/Cartoon_Falling_01.uexp" 1383
"C:/Users/Admin/Documents/Unreal Projects/ai-project/Content/Interface_And_Item_Sounds/Cues/Cartoon_Falling_01_Cue.uasset" 1384
"C:/Users/Admin/Documents/Unreal Projects/ai-project/Content/Interface_And_Item_Sounds/Cues/Cartoon_Falling_01_Cue.uexp" 1385
"C:/Users/Admin/Documents/Unreal Projects/ai-project/Content/Interface_And_Item_Sounds/WAV/Bar_Filling_02.ubulk" 1386
"C:/Users/Admin/Documents/Unreal Projects/ai-project/Content/Interface_And_Item_Sounds/WAV/Bar_Filling_02.uasset" 1387
"C:/Users/Admin/Documents/Unreal Projects/ai-project/Content/Interface_And_Item_Sounds/WAV/Bar_Filling_02.uexp" 1388
"C:/Users/Admin/Documents/Unreal Projects/ai-project/Content/Interface_And_Item_Sounds/Cues/Bar_Filling_02_Cue.uasset" 1389
"C:/Users/Admin/Documents/Unreal Projects/ai-project/Content/Interface_And_Item_Sounds/Cues/Bar_Filling_02_Cue.uexp" 1390
"C:/Users/Admin/Documents/Unreal Projects/ai-project/Content/Interface_And_Item_Sounds/WAV/Bar_Filling_01.ubulk" 1391
"C:/Users/Admin/Documents/Unreal Projects/ai-project/Content/Interface_And_Item_Sounds/WAV/Bar_Filling_01.uasset" 1392
"C:/Users/Admin/Documents/Unreal Projects/ai-project/Content/Interface_And_Item_Sounds/WAV/Bar_Filling_01.uexp" 1393
"C:/Users/Admin/Documents/Unreal Projects/ai-project/Content/Interface_And_Item_Sounds/Cues/Bar_Filling_01_Cue.uasset" 1394
"C:/Users/Admin/Documents/Unreal Projects/ai-project/Content/Interface_And_Item_Sounds/Cues/Bar_Filling_01_Cue.uexp" 1395
"C:/Users/Admin/Documents/Unreal Projects/ai-project/Content/Interface_And_Item_Sounds/WAV/Back_Click_11.ubulk" 1396
"C:/Users/Admin/Documents/Unreal Projects/ai-project/Content/Interface_And_Item_Sounds/WAV/Back_Click_11.uasset" 1397
"C:/Users/Admin/Documents/Unreal Projects/ai-project/Content/Interface_And_Item_Sounds/WAV/Back_Click_11.uexp" 1398
"C:/Users/Admin/Documents/Unreal Projects/ai-project/Content/Interface_And_Item_Sounds/Cues/Back_Click_11_Cue.uasset" 1399
"C:/Users/Admin/Documents/Unreal Projects/ai-project/Content/Interface_And_Item_Sounds/Cues/Back_Click_11_Cue.uexp" 1400
"C:/Users/Admin/Documents/Unreal Projects/ai-project/Content/Interface_And_Item_Sounds/WAV/Back_Click_10.ubulk" 1401
"C:/Users/Admin/Documents/Unreal Projects/ai-project/Content/Interface_And_Item_Sounds/WAV/Back_Click_10.uasset" 1402
"C:/Users/Admin/Documents/Unreal Projects/ai-project/Content/Interface_And_Item_Sounds/WAV/Back_Click_10.uexp" 1403
"C:/Users/Admin/Documents/Unreal Projects/ai-project/Content/Interface_And_Item_Sounds/Cues/Back_Click_10_Cue.uasset" 1404
"C:/Users/Admin/Documents/Unreal Projects/ai-project/Content/Interface_And_Item_Sounds/Cues/Back_Click_10_Cue.uexp" 1405
"C:/Users/Admin/Documents/Unreal Projects/ai-project/Content/Interface_And_Item_Sounds/WAV/Back_Click_09.ubulk" 1406
"C:/Users/Admin/Documents/Unreal Projects/ai-project/Content/Interface_And_Item_Sounds/WAV/Back_Click_09.uasset" 1407
"C:/Users/Admin/Documents/Unreal Projects/ai-project/Content/Interface_And_Item_Sounds/WAV/Back_Click_09.uexp" 1408
"C:/Users/Admin/Documents/Unreal Projects/ai-project/Content/Interface_And_Item_Sounds/Cues/Back_Click_09_Cue.uasset" 1409
"C:/Users/Admin/Documents/Unreal Projects/ai-project/Content/Interface_And_Item_Sounds/Cues/Back_Click_09_Cue.uexp" 1410
"C:/Users/Admin/Documents/Unreal Projects/ai-project/Content/Interface_And_Item_Sounds/WAV/Back_Click_08.ubulk" 1411
"C:/Users/Admin/Documents/Unreal Projects/ai-project/Content/Interface_And_Item_Sounds/WAV/Back_Click_08.uasset" 1412
"C:/Users/Admin/Documents/Unreal Projects/ai-project/Content/Interface_And_Item_Sounds/WAV/Back_Click_08.uexp" 1413
"C:/Users/Admin/Documents/Unreal Projects/ai-project/Content/Interface_And_Item_Sounds/Cues/Back_Click_08_Cue.uasset" 1414
"C:/Users/Admin/Documents/Unreal Projects/ai-project/Content/Interface_And_Item_Sounds/Cues/Back_Click_08_Cue.uexp" 1415
"C:/Users/Admin/Documents/Unreal Projects/ai-project/Content/Interface_And_Item_Sounds/WAV/Back_Click_07.ubulk" 1416
"C:/Users/Admin/Documents/Unreal Projects/ai-project/Content/Interface_And_Item_Sounds/WAV/Back_Click_07.uasset" 1417
"C:/Users/Admin/Documents/Unreal Projects/ai-project/Content/Interface_And_Item_Sounds/WAV/Back_Click_07.uexp" 1418
"C:/Users/Admin/Documents/Unreal Projects/ai-project/Content/Interface_And_Item_Sounds/Cues/Back_Click_07_Cue.uasset" 1419
"C:/Users/Admin/Documents/Unreal Projects/ai-project/Content/Interface_And_Item_Sounds/Cues/Back_Click_07_Cue.uexp" 1420
"C:/Users/Admin/Documents/Unreal Projects/ai-project/Content/Interface_And_Item_Sounds/WAV/Back_Click_06.ubulk" 1421
"C:/Users/Admin/Documents/Unreal Projects/ai-project/Content/Interface_And_Item_Sounds/WAV/Back_Click_06.uasset" 1422
"C:/Users/Admin/Documents/Unreal Projects/ai-project/Content/Interface_And_Item_Sounds/WAV/Back_Click_06.uexp" 1423
"C:/Users/Admin/Documents/Unreal Projects/ai-project/Content/Interface_And_Item_Sounds/Cues/Back_Click_06_Cue.uasset" 1424
"C:/Users/Admin/Documents/Unreal Projects/ai-project/Content/Interface_And_Item_Sounds/Cues/Back_Click_06_Cue.uexp" 1425
"C:/Users/Admin/Documents/Unreal Projects/ai-project/Content/Interface_And_Item_Sounds/WAV/Back_Click_05.ubulk" 1426
"C:/Users/Admin/Documents/Unreal Projects/ai-project/Content/Interface_And_Item_Sounds/WAV/Back_Click_05.uasset" 1427
"C:/Users/Admin/Documents/Unreal Projects/ai-project/Content/Interface_And_Item_Sounds/WAV/Back_Click_05.uexp" 1428
"C:/Users/Admin/Documents/Unreal Projects/ai-project/Content/Interface_And_Item_Sounds/Cues/Back_Click_05_Cue.uasset" 1429
"C:/Users/Admin/Documents/Unreal Projects/ai-project/Content/Interface_And_Item_Sounds/Cues/Back_Click_05_Cue.uexp" 1430
"C:/Users/Admin/Documents/Unreal Projects/ai-project/Content/Interface_And_Item_Sounds/WAV/Back_Click_04.ubulk" 1431
"C:/Users/Admin/Documents/Unreal Projects/ai-project/Content/Interface_And_Item_Sounds/WAV/Back_Click_04.uasset" 1432
"C:/Users/Admin/Documents/Unreal Projects/ai-project/Content/Interface_And_Item_Sounds/WAV/Back_Click_04.uexp" 1433
"C:/Users/Admin/Documents/Unreal Projects/ai-project/Content/Interface_And_Item_Sounds/Cues/Back_Click_04_Cue.uasset" 1434
"C:/Users/Admin/Documents/Unreal Projects/ai-project/Content/Interface_And_Item_Sounds/Cues/Back_Click_04_Cue.uexp" 1435
"C:/Users/Admin/Documents/Unreal Projects/ai-project/Content/Interface_And_Item_Sounds/WAV/Back_Click_03.ubulk" 1436
"C:/Users/Admin/Documents/Unreal Projects/ai-project/Content/Interface_And_Item_Sounds/WAV/Back_Click_03.uasset" 1437
"C:/Users/Admin/Documents/Unreal Projects/ai-project/Content/Interface_And_Item_Sounds/WAV/Back_Click_03.uexp" 1438
"C:/Users/Admin/Documents/Unreal Projects/ai-project/Content/Interface_And_Item_Sounds/Cues/Back_Click_03_Cue.uasset" 1439
"C:/Users/Admin/Documents/Unreal Projects/ai-project/Content/Interface_And_Item_Sounds/Cues/Back_Click_03_Cue.uexp" 1440
"C:/Users/Admin/Documents/Unreal Projects/ai-project/Content/Interface_And_Item_Sounds/WAV/Back_Click_02.ubulk" 1441
"C:/Users/Admin/Documents/Unreal Projects/ai-project/Content/Interface_And_Item_Sounds/WAV/Back_Click_02.uasset" 1442
"C:/Users/Admin/Documents/Unreal Projects/ai-project/Content/Interface_And_Item_Sounds/WAV/Back_Click_02.uexp" 1443
"C:/Users/Admin/Documents/Unreal Projects/ai-project/Content/Interface_And_Item_Sounds/Cues/Back_Click_02_Cue.uasset" 1444
"C:/Users/Admin/Documents/Unreal Projects/ai-project/Content/Interface_And_Item_Sounds/Cues/Back_Click_02_Cue.uexp" 1445
"C:/Users/Admin/Documents/Unreal Projects/ai-project/Content/Interface_And_Item_Sounds/WAV/Back_Click_01.ubulk" 1446
"C:/Users/Admin/Documents/Unreal Projects/ai-project/Content/Interface_And_Item_Sounds/WAV/Back_Click_01.uasset" 1447
"C:/Users/Admin/Documents/Unreal Projects/ai-project/Content/Interface_And_Item_Sounds/WAV/Back_Click_01.uexp" 1448
"C:/Users/Admin/Documents/Unreal Projects/ai-project/Content/Interface_And_Item_Sounds/Cues/Back_Click_01_Cue.uasset" 1449
"C:/Users/Admin/Documents/Unreal Projects/ai-project/Content/Interface_And_Item_Sounds/Cues/Back_Click_01_Cue.uexp" 1450
"C:/Users/Admin/Documents/Unreal Projects/ai-project/Content/Interface_And_Item_Sounds/WAV/Abstract_Pop_05.ubulk" 1451
"C:/Users/Admin/Documents/Unreal Projects/ai-project/Content/Interface_And_Item_Sounds/WAV/Abstract_Pop_05.uasset" 1452
"C:/Users/Admin/Documents/Unreal Projects/ai-project/Content/Interface_And_Item_Sounds/WAV/Abstract_Pop_05.uexp" 1453
"C:/Users/Admin/Documents/Unreal Projects/ai-project/Content/Interface_And_Item_Sounds/Cues/Abstract_Pop_05_Cue.uasset" 1454
"C:/Users/Admin/Documents/Unreal Projects/ai-project/Content/Interface_And_Item_Sounds/Cues/Abstract_Pop_05_Cue.uexp" 1455
"C:/Users/Admin/Documents/Unreal Projects/ai-project/Content/Interface_And_Item_Sounds/WAV/Abstract_Pop_04.ubulk" 1456
"C:/Users/Admin/Documents/Unreal Projects/ai-project/Content/Interface_And_Item_Sounds/WAV/Abstract_Pop_04.uasset" 1457
"C:/Users/Admin/Documents/Unreal Projects/ai-project/Content/Interface_And_Item_Sounds/WAV/Abstract_Pop_04.uexp" 1458
"C:/Users/Admin/Documents/Unreal Projects/ai-project/Content/Interface_And_Item_Sounds/Cues/Abstract_Pop_04_Cue.uasset" 1459
"C:/Users/Admin/Documents/Unreal Projects/ai-project/Content/Interface_And_Item_Sounds/Cues/Abstract_Pop_04_Cue.uexp" 1460
"C:/Users/Admin/Documents/Unreal Projects/ai-project/Content/Interface_And_Item_Sounds/WAV/Abstract_Pop_03.ubulk" 1461
"C:/Users/Admin/Documents/Unreal Projects/ai-project/Content/Interface_And_Item_Sounds/WAV/Abstract_Pop_03.uasset" 1462
"C:/Users/Admin/Documents/Unreal Projects/ai-project/Content/Interface_And_Item_Sounds/WAV/Abstract_Pop_03.uexp" 1463
"C:/Users/Admin/Documents/Unreal Projects/ai-project/Content/Interface_And_Item_Sounds/Cues/Abstract_Pop_03_Cue.uasset" 1464
"C:/Users/Admin/Documents/Unreal Projects/ai-project/Content/Interface_And_Item_Sounds/Cues/Abstract_Pop_03_Cue.uexp" 1465
"C:/Users/Admin/Documents/Unreal Projects/ai-project/Content/Interface_And_Item_Sounds/WAV/Abstract_Pop_02.ubulk" 1466
"C:/Users/Admin/Documents/Unreal Projects/ai-project/Content/Interface_And_Item_Sounds/WAV/Abstract_Pop_02.uasset" 1467
"C:/Users/Admin/Documents/Unreal Projects/ai-project/Content/Interface_And_Item_Sounds/WAV/Abstract_Pop_02.uexp" 1468
"C:/Users/Admin/Documents/Unreal Projects/ai-project/Content/Interface_And_Item_Sounds/Cues/Abstract_Pop_02_Cue.uasset" 1469
"C:/Users/Admin/Documents/Unreal Projects/ai-project/Content/Interface_And_Item_Sounds/Cues/Abstract_Pop_02_Cue.uexp" 1470
"C:/Users/Admin/Documents/Unreal Projects/ai-project/Content/Interface_And_Item_Sounds/WAV/Abstract_Pop_01.ubulk" 1471
"C:/Users/Admin/Documents/Unreal Projects/ai-project/Content/Interface_And_Item_Sounds/WAV/Abstract_Pop_01.uasset" 1472
"C:/Users/Admin/Documents/Unreal Projects/ai-project/Content/Interface_And_Item_Sounds/WAV/Abstract_Pop_01.uexp" 1473
"C:/Users/Admin/Documents/Unreal Projects/ai-project/Content/Interface_And_Item_Sounds/Cues/Abstract_Pop_01_Cue.uasset" 1474
"C:/Users/Admin/Documents/Unreal Projects/ai-project/Content/Interface_And_Item_Sounds/Cues/Abstract_Pop_01_Cue.uexp" 1475
"C:/Users/Admin/Documents/Unreal Projects/ai-project/Content/Goals/Prisoner/Goals/G_ShowerActivity.uasset" 1476
"C:/Users/Admin/Documents/Unreal Projects/ai-project/Content/Goals/Prisoner/Goals/G_ShowerActivity.uexp" 1477
"C:/Users/Admin/Documents/Unreal Projects/ai-project/Content/Goals/Prisoner/Goals/G_Routine.uasset" 1478
"C:/Users/Admin/Documents/Unreal Projects/ai-project/Content/Goals/Prisoner/Goals/G_Routine.uexp" 1479
"C:/Users/Admin/Documents/Unreal Projects/ai-project/Content/Goals/Prisoner/Goals/G_FreetimeActity.uasset" 1480
"C:/Users/Admin/Documents/Unreal Projects/ai-project/Content/Goals/Prisoner/Goals/G_FreetimeActity.uexp" 1481
"C:/Users/Admin/Documents/Unreal Projects/ai-project/Content/Goals/Prisoner/Goals/G_ExerciseActivity.uasset" 1482
"C:/Users/Admin/Documents/Unreal Projects/ai-project/Content/Goals/Prisoner/Goals/G_ExerciseActivity.uexp" 1483
"C:/Users/Admin/Documents/Unreal Projects/ai-project/Content/Goals/Prisoner/Blackboard/BB_Prisoner.uasset" 1484
"C:/Users/Admin/Documents/Unreal Projects/ai-project/Content/Goals/Prisoner/Blackboard/BB_Prisoner.uexp" 1485
"C:/Users/Admin/Documents/Unreal Projects/ai-project/Content/Goals/Prisoner/Actions/A_RandomAction.uasset" 1486
"C:/Users/Admin/Documents/Unreal Projects/ai-project/Content/Goals/Prisoner/Actions/A_RandomAction.uexp" 1487
"C:/Users/Admin/Documents/Unreal Projects/ai-project/Content/Goals/Guard/Actions/A_Chase.uasset" 1488
"C:/Users/Admin/Documents/Unreal Projects/ai-project/Content/Goals/Guard/Actions/A_Chase.uexp" 1489
"C:/Users/Admin/Documents/Unreal Projects/ai-project/Content/Goals/Guard/Goals/G_PutDownPlayer.uasset" 1490
"C:/Users/Admin/Documents/Unreal Projects/ai-project/Content/Goals/Guard/Goals/G_PutDownPlayer.uexp" 1491
"C:/Users/Admin/Documents/Unreal Projects/ai-project/Content/Goals/G_AttackPlayer.uasset" 1492
"C:/Users/Admin/Documents/Unreal Projects/ai-project/Content/Goals/G_AttackPlayer.uexp" 1493
"C:/Users/Admin/Documents/Unreal Projects/ai-project/Content/Goals/Guard/Actions/A_GoToTarget.uasset" 1494
"C:/Users/Admin/Documents/Unreal Projects/ai-project/Content/Goals/Guard/Actions/A_GoToTarget.uexp" 1495
"C:/Users/Admin/Documents/Unreal Projects/ai-project/Content/Goals/Guard/Goals/G_Enforcement.uasset" 1496
"C:/Users/Admin/Documents/Unreal Projects/ai-project/Content/Goals/Guard/Goals/G_Enforcement.uexp" 1497
"C:/Users/Admin/Documents/Unreal Projects/ai-project/Content/Goals/Guard/Actions/A_AimAndFire.uasset" 1498
"C:/Users/Admin/Documents/Unreal Projects/ai-project/Content/Goals/Guard/Actions/A_AimAndFire.uexp" 1499
"C:/Users/Admin/Documents/Unreal Projects/ai-project/Content/Anim/Guard/Guard_QuinnnZombie_Attack.uasset" 1500
"C:/Users/Admin/Documents/Unreal Projects/ai-project/Content/Anim/Guard/Guard_QuinnnZombie_Attack.uexp" 1501
"C:/Users/Admin/Documents/Unreal Projects/ai-project/Content/Anim/Guard/AM_GuardAttack.uasset" 1502
"C:/Users/Admin/Documents/Unreal Projects/ai-project/Content/Anim/Guard/AM_GuardAttack.uexp" 1503
"C:/Users/Admin/Documents/Unreal Projects/ai-project/Content/Goals/Guard/Actions/A_Attack.uasset" 1504
"C:/Users/Admin/Documents/Unreal Projects/ai-project/Content/Goals/Guard/Actions/A_Attack.uexp" 1505
"C:/Users/Admin/Documents/Unreal Projects/ai-project/Content/Goals/Guard/Actions/A_TransitionRoutine.uasset" 1506
"C:/Users/Admin/Documents/Unreal Projects/ai-project/Content/Goals/Guard/Actions/A_TransitionRoutine.uexp" 1507
"C:/Users/Admin/Documents/Unreal Projects/ai-project/Content/DataTables/DT_Rountine.uasset" 1508
"C:/Users/Admin/Documents/Unreal Projects/ai-project/Content/DataTables/DT_Rountine.uexp" 1509
"C:/Users/Admin/Documents/Unreal Projects/ai-project/Content/Goals/Guard/Actions/A_Investigate.uasset" 1510
"C:/Users/Admin/Documents/Unreal Projects/ai-project/Content/Goals/Guard/Actions/A_Investigate.uexp" 1511
"C:/Users/Admin/Documents/Unreal Projects/ai-project/Content/Goals/Guard/Actions/A_FindPlayer.uasset" 1512
"C:/Users/Admin/Documents/Unreal Projects/ai-project/Content/Goals/Guard/Actions/A_FindPlayer.uexp" 1513
"C:/Users/Admin/Documents/Unreal Projects/ai-project/Content/Goals/Guard/Actions/A_FollowRoutine.uasset" 1514
"C:/Users/Admin/Documents/Unreal Projects/ai-project/Content/Goals/Guard/Actions/A_FollowRoutine.uexp" 1515
"C:/Users/Admin/Documents/Unreal Projects/ai-project/Content/Goals/G_FollowRoutine.uasset" 1516
"C:/Users/Admin/Documents/Unreal Projects/ai-project/Content/Goals/G_FollowRoutine.uexp" 1517
"C:/Users/Admin/Documents/Unreal Projects/ai-project/Content/Goals/Guard/Controller/GuardController.uasset" 1518
"C:/Users/Admin/Documents/Unreal Projects/ai-project/Content/Goals/Guard/Controller/GuardController.uexp" 1519
"C:/Users/Admin/Documents/Unreal Projects/ai-project/Content/Goals/Prisoner/Actions/A_ExecuteRoutine.uasset" 1520
"C:/Users/Admin/Documents/Unreal Projects/ai-project/Content/Goals/Prisoner/Actions/A_ExecuteRoutine.uexp" 1521
"C:/Users/Admin/Documents/Unreal Projects/ai-project/Content/Goals/Prisoner/Actions/A_Fight.uasset" 1522
"C:/Users/Admin/Documents/Unreal Projects/ai-project/Content/Goals/Prisoner/Actions/A_Fight.uexp" 1523
"C:/Users/Admin/Documents/Unreal Projects/ai-project/Content/RamsterZ_FreeAnims_Volume1/Demo/Mannequin/Character/Mesh/UE4_Mannequin_Skeleton.uasset" 1524
"C:/Users/Admin/Documents/Unreal Projects/ai-project/Content/RamsterZ_FreeAnims_Volume1/Demo/Mannequin/Character/Mesh/UE4_Mannequin_Skeleton.uexp" 1525
"C:/Users/Admin/Documents/Unreal Projects/ai-project/Content/RamsterZ_FreeAnims_Volume1/AnimationSequence/TalkGesture/TalkGesture_Dramatic01.uasset" 1526
"C:/Users/Admin/Documents/Unreal Projects/ai-project/Content/RamsterZ_FreeAnims_Volume1/AnimationSequence/TalkGesture/TalkGesture_Dramatic01.uexp" 1527
"C:/Users/Admin/Documents/Unreal Projects/ai-project/Content/Goals/Prisoner/Actions/A_Talk.uasset" 1528
"C:/Users/Admin/Documents/Unreal Projects/ai-project/Content/Goals/Prisoner/Actions/A_Talk.uexp" 1529
"C:/Users/Admin/Documents/Unreal Projects/ai-project/Content/Goals/Prisoner/Actions/A_Exercise.uasset" 1530
"C:/Users/Admin/Documents/Unreal Projects/ai-project/Content/Goals/Prisoner/Actions/A_Exercise.uexp" 1531
"C:/Users/Admin/Documents/Unreal Projects/ai-project/Content/Goals/Prisoner/Actions/A_TransitionRoutine.uasset" 1532
"C:/Users/Admin/Documents/Unreal Projects/ai-project/Content/Goals/Prisoner/Actions/A_TransitionRoutine.uexp" 1533
"C:/Users/Admin/Documents/Unreal Projects/ai-project/Content/Goals/Prisoner/Actions/A_GoToTarget.uasset" 1534
"C:/Users/Admin/Documents/Unreal Projects/ai-project/Content/Goals/Prisoner/Actions/A_GoToTarget.uexp" 1535
"C:/Users/Admin/Documents/Unreal Projects/ai-project/Content/Goals/Prisoner/Blackboard/BB_Inmate.uasset" 1536
"C:/Users/Admin/Documents/Unreal Projects/ai-project/Content/Goals/Prisoner/Blackboard/BB_Inmate.uexp" 1537
"C:/Users/Admin/Documents/Unreal Projects/ai-project/Content/Goals/Prisoner/Actions/A_Shower.uasset" 1538
"C:/Users/Admin/Documents/Unreal Projects/ai-project/Content/Goals/Prisoner/Actions/A_Shower.uexp" 1539
"C:/Users/Admin/Documents/Unreal Projects/ai-project/Content/Goals/Prisoner/Actions/A_Snitch.uasset" 1540
"C:/Users/Admin/Documents/Unreal Projects/ai-project/Content/Goals/Prisoner/Actions/A_Snitch.uexp" 1541
"C:/Users/Admin/Documents/Unreal Projects/ai-project/Content/Goals/Prisoner/Controller/C_PrisonerController.uasset" 1542
"C:/Users/Admin/Documents/Unreal Projects/ai-project/Content/Goals/Prisoner/Controller/C_PrisonerController.uexp" 1543
"C:/Users/Admin/Documents/Unreal Projects/ai-project/Content/Goals/Prisoner/Actions/A_GoToLocation.uasset" 1544
"C:/Users/Admin/Documents/Unreal Projects/ai-project/Content/Goals/Prisoner/Actions/A_GoToLocation.uexp" 1545
"C:/Users/Admin/Documents/Unreal Projects/ai-project/Content/Goals/Guard/Goals/testgoal.uasset" 1546
"C:/Users/Admin/Documents/Unreal Projects/ai-project/Content/Goals/Guard/Goals/testgoal.uexp" 1547
"C:/Users/Admin/Documents/Unreal Projects/ai-project/Content/Goals/Guard/Goals/G_Investigate.uasset" 1548
"C:/Users/Admin/Documents/Unreal Projects/ai-project/Content/Goals/Guard/Goals/G_Investigate.uexp" 1549
"C:/Users/Admin/Documents/Unreal Projects/ai-project/Content/AI/BB_General.uasset" 1550
"C:/Users/Admin/Documents/Unreal Projects/ai-project/Content/AI/BB_General.uexp" 1551
"C:/Users/Admin/Documents/Unreal Projects/ai-project/Content/Goals/Guard/Controller/CT_Guard.uasset" 1552
"C:/Users/Admin/Documents/Unreal Projects/ai-project/Content/Goals/Guard/Controller/CT_Guard.uexp" 1553
"C:/Users/Admin/Documents/Unreal Projects/ai-project/Content/Goals/Guard/Blackboard/BT_Blackboard.uasset" 1554
"C:/Users/Admin/Documents/Unreal Projects/ai-project/Content/Goals/Guard/Blackboard/BT_Blackboard.uexp" 1555
"C:/Users/Admin/Documents/Unreal Projects/ai-project/Content/Goals/ghost/actions/A_GhostlyRangedAttack.uasset" 1556
"C:/Users/Admin/Documents/Unreal Projects/ai-project/Content/Goals/ghost/actions/A_GhostlyRangedAttack.uexp" 1557
"C:/Users/Admin/Documents/Unreal Projects/ai-project/Content/Goals/ghost/goals/G_Escape.uasset" 1558
"C:/Users/Admin/Documents/Unreal Projects/ai-project/Content/Goals/ghost/goals/G_Escape.uexp" 1559
"C:/Users/Admin/Documents/Unreal Projects/ai-project/Content/Goals/ghost/actions/A_ThrowObjectAttack.uasset" 1560
"C:/Users/Admin/Documents/Unreal Projects/ai-project/Content/Goals/ghost/actions/A_ThrowObjectAttack.uexp" 1561
"C:/Users/Admin/Documents/Unreal Projects/ai-project/Content/Goals/ghost/actions/A_MoveToPlayer.uasset" 1562
"C:/Users/Admin/Documents/Unreal Projects/ai-project/Content/Goals/ghost/actions/A_MoveToPlayer.uexp" 1563
"C:/Users/Admin/Documents/Unreal Projects/ai-project/Content/Goals/ghost/goals/G_PossessDoll.uasset" 1564
"C:/Users/Admin/Documents/Unreal Projects/ai-project/Content/Goals/ghost/goals/G_PossessDoll.uexp" 1565
"C:/Users/Admin/Documents/Unreal Projects/ai-project/Content/Goals/ghost/actions/A_CloseAttack.uasset" 1566
"C:/Users/Admin/Documents/Unreal Projects/ai-project/Content/Goals/ghost/actions/A_CloseAttack.uexp" 1567
"C:/Users/Admin/Documents/Unreal Projects/ai-project/Content/Goals/ghost/controller/GhostController.uasset" 1568
"C:/Users/Admin/Documents/Unreal Projects/ai-project/Content/Goals/ghost/controller/GhostController.uexp" 1569
"C:/Users/Admin/Documents/Unreal Projects/ai-project/Content/Characters/Mannequins/Rigs/Poses/Manny/Manny_foot_l_anim.uasset" 1570
"C:/Users/Admin/Documents/Unreal Projects/ai-project/Content/Characters/Mannequins/Rigs/Poses/Manny/Manny_foot_l_anim.uexp" 1571
"C:/Users/Admin/Documents/Unreal Projects/ai-project/Content/Characters/Mannequins/Rigs/Poses/Manny/Manny_foot_l_pose.uasset" 1572
"C:/Users/Admin/Documents/Unreal Projects/ai-project/Content/Characters/Mannequins/Rigs/Poses/Manny/Manny_foot_l_pose.uexp" 1573
"C:/Users/Admin/Documents/Unreal Projects/ai-project/Content/Characters/Mannequins/Rigs/Poses/Manny/Manny_thigh_r_anim.uasset" 1574
"C:/Users/Admin/Documents/Unreal Projects/ai-project/Content/Characters/Mannequins/Rigs/Poses/Manny/Manny_thigh_r_anim.uexp" 1575
"C:/Users/Admin/Documents/Unreal Projects/ai-project/Content/Characters/Mannequins/Rigs/Poses/Manny/Manny_thigh_r_pose.uasset" 1576
"C:/Users/Admin/Documents/Unreal Projects/ai-project/Content/Characters/Mannequins/Rigs/Poses/Manny/Manny_thigh_r_pose.uexp" 1577
"C:/Users/Admin/Documents/Unreal Projects/ai-project/Content/Characters/Mannequins/Rigs/Poses/Manny/Manny_hand_r_anim.uasset" 1578
"C:/Users/Admin/Documents/Unreal Projects/ai-project/Content/Characters/Mannequins/Rigs/Poses/Manny/Manny_hand_r_anim.uexp" 1579
"C:/Users/Admin/Documents/Unreal Projects/ai-project/Content/Characters/Mannequins/Rigs/Poses/Manny/Manny_hand_r_pose.uasset" 1580
"C:/Users/Admin/Documents/Unreal Projects/ai-project/Content/Characters/Mannequins/Rigs/Poses/Manny/Manny_hand_r_pose.uexp" 1581
"C:/Users/Admin/Documents/Unreal Projects/ai-project/Content/Characters/Mannequins/Rigs/Poses/Manny/Manny_clavicle_l_anim.uasset" 1582
"C:/Users/Admin/Documents/Unreal Projects/ai-project/Content/Characters/Mannequins/Rigs/Poses/Manny/Manny_clavicle_l_anim.uexp" 1583
"C:/Users/Admin/Documents/Unreal Projects/ai-project/Content/Characters/Mannequins/Rigs/Poses/Manny/Manny_clavicle_l_pose.uasset" 1584
"C:/Users/Admin/Documents/Unreal Projects/ai-project/Content/Characters/Mannequins/Rigs/Poses/Manny/Manny_clavicle_l_pose.uexp" 1585
"C:/Users/Admin/Documents/Unreal Projects/ai-project/Content/Characters/Mannequins/Rigs/Poses/Manny/Manny_calf_l_anim.uasset" 1586
"C:/Users/Admin/Documents/Unreal Projects/ai-project/Content/Characters/Mannequins/Rigs/Poses/Manny/Manny_calf_l_anim.uexp" 1587
"C:/Users/Admin/Documents/Unreal Projects/ai-project/Content/Characters/Mannequins/Rigs/Poses/Manny/Manny_calf_l_pose.uasset" 1588
"C:/Users/Admin/Documents/Unreal Projects/ai-project/Content/Characters/Mannequins/Rigs/Poses/Manny/Manny_calf_l_pose.uexp" 1589
"C:/Users/Admin/Documents/Unreal Projects/ai-project/Content/Characters/Mannequins/Rigs/Poses/Manny/Manny_hand_l_anim.uasset" 1590
"C:/Users/Admin/Documents/Unreal Projects/ai-project/Content/Characters/Mannequins/Rigs/Poses/Manny/Manny_hand_l_anim.uexp" 1591
"C:/Users/Admin/Documents/Unreal Projects/ai-project/Content/Characters/Mannequins/Rigs/Poses/Manny/Manny_hand_l_pose.uasset" 1592
"C:/Users/Admin/Documents/Unreal Projects/ai-project/Content/Characters/Mannequins/Rigs/Poses/Manny/Manny_hand_l_pose.uexp" 1593
"C:/Users/Admin/Documents/Unreal Projects/ai-project/Content/Characters/Mannequins/Rigs/CR_Mannequin_Procedural.uasset" 1594
"C:/Users/Admin/Documents/Unreal Projects/ai-project/Content/Characters/Mannequins/Rigs/CR_Mannequin_Procedural.uexp" 1595
"C:/Users/Admin/Documents/Unreal Projects/ai-project/Content/Characters/Mannequins/Rigs/Poses/Manny/Manny_upperarm_r_anim.uasset" 1596
"C:/Users/Admin/Documents/Unreal Projects/ai-project/Content/Characters/Mannequins/Rigs/Poses/Manny/Manny_upperarm_r_anim.uexp" 1597
"C:/Users/Admin/Documents/Unreal Projects/ai-project/Content/Characters/Mannequins/Rigs/Poses/Manny/Manny_upperarm_r_pose.uasset" 1598
"C:/Users/Admin/Documents/Unreal Projects/ai-project/Content/Characters/Mannequins/Rigs/Poses/Manny/Manny_upperarm_r_pose.uexp" 1599
"C:/Users/Admin/Documents/Unreal Projects/ai-project/Content/Characters/Mannequins/Rigs/Poses/Manny/Manny_lowerarm_r_anim.uasset" 1600
"C:/Users/Admin/Documents/Unreal Projects/ai-project/Content/Characters/Mannequins/Rigs/Poses/Manny/Manny_lowerarm_r_anim.uexp" 1601
"C:/Users/Admin/Documents/Unreal Projects/ai-project/Content/Characters/Mannequins/Rigs/Poses/Manny/Manny_lowerarm_r_pose.uasset" 1602
"C:/Users/Admin/Documents/Unreal Projects/ai-project/Content/Characters/Mannequins/Rigs/Poses/Manny/Manny_lowerarm_r_pose.uexp" 1603
"C:/Users/Admin/Documents/Unreal Projects/ai-project/Content/Characters/Mannequins/Rigs/Poses/Manny/Manny_calf_r_anim.uasset" 1604
"C:/Users/Admin/Documents/Unreal Projects/ai-project/Content/Characters/Mannequins/Rigs/Poses/Manny/Manny_calf_r_anim.uexp" 1605
"C:/Users/Admin/Documents/Unreal Projects/ai-project/Content/Characters/Mannequins/Rigs/Poses/Manny/Manny_calf_r_pose.uasset" 1606
"C:/Users/Admin/Documents/Unreal Projects/ai-project/Content/Characters/Mannequins/Rigs/Poses/Manny/Manny_calf_r_pose.uexp" 1607
"C:/Users/Admin/Documents/Unreal Projects/ai-project/Content/Characters/Mannequins/Rigs/Poses/Manny/Manny_foot_r_anim.uasset" 1608
"C:/Users/Admin/Documents/Unreal Projects/ai-project/Content/Characters/Mannequins/Rigs/Poses/Manny/Manny_foot_r_anim.uexp" 1609
"C:/Users/Admin/Documents/Unreal Projects/ai-project/Content/Characters/Mannequins/Rigs/Poses/Manny/Manny_foot_r_pose.uasset" 1610
"C:/Users/Admin/Documents/Unreal Projects/ai-project/Content/Characters/Mannequins/Rigs/Poses/Manny/Manny_foot_r_pose.uexp" 1611
"C:/Users/Admin/Documents/Unreal Projects/ai-project/Content/Characters/Mannequins/Rigs/Poses/Manny/Manny_lowerarm_l_anim.uasset" 1612
"C:/Users/Admin/Documents/Unreal Projects/ai-project/Content/Characters/Mannequins/Rigs/Poses/Manny/Manny_lowerarm_l_anim.uexp" 1613
"C:/Users/Admin/Documents/Unreal Projects/ai-project/Content/Characters/Mannequins/Rigs/Poses/Manny/Manny_lowerarm_l_pose.uasset" 1614
"C:/Users/Admin/Documents/Unreal Projects/ai-project/Content/Characters/Mannequins/Rigs/Poses/Manny/Manny_lowerarm_l_pose.uexp" 1615
"C:/Users/Admin/Documents/Unreal Projects/ai-project/Content/Characters/Mannequins/Rigs/Poses/Manny/Manny_clavicle_r_anim.uasset" 1616
"C:/Users/Admin/Documents/Unreal Projects/ai-project/Content/Characters/Mannequins/Rigs/Poses/Manny/Manny_clavicle_r_anim.uexp" 1617
"C:/Users/Admin/Documents/Unreal Projects/ai-project/Content/Characters/Mannequins/Rigs/Poses/Manny/Manny_clavicle_r_pose.uasset" 1618
"C:/Users/Admin/Documents/Unreal Projects/ai-project/Content/Characters/Mannequins/Rigs/Poses/Manny/Manny_clavicle_r_pose.uexp" 1619
"C:/Users/Admin/Documents/Unreal Projects/ai-project/Content/Characters/Mannequins/Rigs/Poses/Manny/Manny_thigh_l_anim.uasset" 1620
"C:/Users/Admin/Documents/Unreal Projects/ai-project/Content/Characters/Mannequins/Rigs/Poses/Manny/Manny_thigh_l_anim.uexp" 1621
"C:/Users/Admin/Documents/Unreal Projects/ai-project/Content/Characters/Mannequins/Rigs/Poses/Manny/Manny_thigh_l_pose.uasset" 1622
"C:/Users/Admin/Documents/Unreal Projects/ai-project/Content/Characters/Mannequins/Rigs/Poses/Manny/Manny_thigh_l_pose.uexp" 1623
"C:/Users/Admin/Documents/Unreal Projects/ai-project/Content/Characters/Mannequins/Rigs/Poses/Manny/Manny_upperarm_l_anim.uasset" 1624
"C:/Users/Admin/Documents/Unreal Projects/ai-project/Content/Characters/Mannequins/Rigs/Poses/Manny/Manny_upperarm_l_anim.uexp" 1625
"C:/Users/Admin/Documents/Unreal Projects/ai-project/Content/Characters/Mannequins/Rigs/Poses/Manny/Manny_upperarm_l_pose.uasset" 1626
"C:/Users/Admin/Documents/Unreal Projects/ai-project/Content/Characters/Mannequins/Rigs/Poses/Manny/Manny_upperarm_l_pose.uexp" 1627
"C:/Users/Admin/Documents/Unreal Projects/ai-project/Content/Characters/Mannequins/Rigs/ABP_Manny_PostProcess.uasset" 1628
"C:/Users/Admin/Documents/Unreal Projects/ai-project/Content/Characters/Mannequins/Rigs/ABP_Manny_PostProcess.uexp" 1629
"C:/Users/Admin/Documents/Unreal Projects/ai-project/Content/Characters/Mannequins/Textures/Manny/T_Manny_02_MSR_MSK.ubulk" 1630
"C:/Users/Admin/Documents/Unreal Projects/ai-project/Content/Characters/Mannequins/Textures/Manny/T_Manny_02_MSR_MSK.uasset" 1631
"C:/Users/Admin/Documents/Unreal Projects/ai-project/Content/Characters/Mannequins/Textures/Manny/T_Manny_02_MSR_MSK.uexp" 1632
"C:/Users/Admin/Documents/Unreal Projects/ai-project/Content/Characters/Mannequins/Textures/Manny/T_Manny_02_CCRCCPlastic_MSK.ubulk" 1633
"C:/Users/Admin/Documents/Unreal Projects/ai-project/Content/Characters/Mannequins/Textures/Manny/T_Manny_02_CCRCCPlastic_MSK.uasset" 1634
"C:/Users/Admin/Documents/Unreal Projects/ai-project/Content/Characters/Mannequins/Textures/Manny/T_Manny_02_CCRCCPlastic_MSK.uexp" 1635
"C:/Users/Admin/Documents/Unreal Projects/ai-project/Content/Characters/Mannequins/Textures/Manny/T_Manny_02_Tan.ubulk" 1636
"C:/Users/Admin/Documents/Unreal Projects/ai-project/Content/Characters/Mannequins/Textures/Manny/T_Manny_02_Tan.uasset" 1637
"C:/Users/Admin/Documents/Unreal Projects/ai-project/Content/Characters/Mannequins/Textures/Manny/T_Manny_02_Tan.uexp" 1638
"C:/Users/Admin/Documents/Unreal Projects/ai-project/Content/Characters/Mannequins/Textures/Manny/T_Manny_02_N.ubulk" 1639
"C:/Users/Admin/Documents/Unreal Projects/ai-project/Content/Characters/Mannequins/Textures/Manny/T_Manny_02_N.uasset" 1640
"C:/Users/Admin/Documents/Unreal Projects/ai-project/Content/Characters/Mannequins/Textures/Manny/T_Manny_02_N.uexp" 1641
"C:/Users/Admin/Documents/Unreal Projects/ai-project/Content/Characters/Mannequins/Materials/Instances/Manny/MI_Manny_01.uasset" 1642
"C:/Users/Admin/Documents/Unreal Projects/ai-project/Content/Characters/Mannequins/Materials/Instances/Manny/MI_Manny_01.uexp" 1643
"C:/Users/Admin/Documents/Unreal Projects/ai-project/Content/Characters/Mannequins/Textures/Manny/T_Manny_02_BN.ubulk" 1644
"C:/Users/Admin/Documents/Unreal Projects/ai-project/Content/Characters/Mannequins/Textures/Manny/T_Manny_02_BN.uasset" 1645
"C:/Users/Admin/Documents/Unreal Projects/ai-project/Content/Characters/Mannequins/Textures/Manny/T_Manny_02_BN.uexp" 1646
"C:/Users/Admin/Documents/Unreal Projects/ai-project/Content/Characters/Mannequins/Textures/Manny/T_Manny_02_ASAOPMASK_MSK.ubulk" 1647
"C:/Users/Admin/Documents/Unreal Projects/ai-project/Content/Characters/Mannequins/Textures/Manny/T_Manny_02_ASAOPMASK_MSK.uasset" 1648
"C:/Users/Admin/Documents/Unreal Projects/ai-project/Content/Characters/Mannequins/Textures/Manny/T_Manny_02_ASAOPMASK_MSK.uexp" 1649
"C:/Users/Admin/Documents/Unreal Projects/ai-project/Content/Characters/Mannequins/Textures/Manny/T_Manny_02_D.ubulk" 1650
"C:/Users/Admin/Documents/Unreal Projects/ai-project/Content/Characters/Mannequins/Textures/Manny/T_Manny_02_D.uasset" 1651
"C:/Users/Admin/Documents/Unreal Projects/ai-project/Content/Characters/Mannequins/Textures/Manny/T_Manny_02_D.uexp" 1652
"C:/Users/Admin/Documents/Unreal Projects/ai-project/Content/Characters/Mannequins/Materials/Instances/Manny/MI_Manny_02.uasset" 1653
"C:/Users/Admin/Documents/Unreal Projects/ai-project/Content/Characters/Mannequins/Materials/Instances/Manny/MI_Manny_02.uexp" 1654
"C:/Users/Admin/Documents/Unreal Projects/ai-project/Content/Characters/Mannequins/Meshes/SKM_Manny.uasset" 1655
"C:/Users/Admin/Documents/Unreal Projects/ai-project/Content/Characters/Mannequins/Meshes/SKM_Manny.uexp" 1656
"C:/Users/Admin/Documents/Unreal Projects/ai-project/Content/Goals/ghost/pawn/BP_Ghost.uasset" 1657
"C:/Users/Admin/Documents/Unreal Projects/ai-project/Content/Goals/ghost/pawn/BP_Ghost.uexp" 1658
"C:/Users/Admin/Documents/Unreal Projects/ai-project/Content/Goals/ghost/goals/G_PossessSmartObject.uasset" 1659
"C:/Users/Admin/Documents/Unreal Projects/ai-project/Content/Goals/ghost/goals/G_PossessSmartObject.uexp" 1660
"C:/Users/Admin/Documents/Unreal Projects/ai-project/Content/AI/FM_States/FS_Patrol.uasset" 1661
"C:/Users/Admin/Documents/Unreal Projects/ai-project/Content/AI/FM_States/FS_Patrol.uexp" 1662
"C:/Users/Admin/Documents/Unreal Projects/ai-project/Content/AI/FM_States/FS_RangedAttack.uasset" 1663
"C:/Users/Admin/Documents/Unreal Projects/ai-project/Content/AI/FM_States/FS_RangedAttack.uexp" 1664
"C:/Users/Admin/Documents/Unreal Projects/ai-project/Content/AI/FM_States/FS_CloseAttack.uasset" 1665
"C:/Users/Admin/Documents/Unreal Projects/ai-project/Content/AI/FM_States/FS_CloseAttack.uexp" 1666
"C:/Users/Admin/Documents/Unreal Projects/ai-project/Content/FiniteMachine/MyFMController.uasset" 1667
"C:/Users/Admin/Documents/Unreal Projects/ai-project/Content/FiniteMachine/MyFMController.uexp" 1668
"C:/Users/Admin/Documents/Unreal Projects/ai-project/Content/ExternalAssets/sounds/VOXReac_Anger_HA_MaleCharVoc_11.ubulk" 1669
"C:/Users/Admin/Documents/Unreal Projects/ai-project/Content/ExternalAssets/sounds/VOXReac_Anger_HA_MaleCharVoc_11.uasset" 1670
"C:/Users/Admin/Documents/Unreal Projects/ai-project/Content/ExternalAssets/sounds/VOXReac_Anger_HA_MaleCharVoc_11.uexp" 1671
"C:/Users/Admin/Documents/Unreal Projects/ai-project/Content/ExternalAssets/sounds/VOXEfrt_Attack_HA_MaleCharVoc_83.ubulk" 1672
"C:/Users/Admin/Documents/Unreal Projects/ai-project/Content/ExternalAssets/sounds/VOXEfrt_Attack_HA_MaleCharVoc_83.uasset" 1673
"C:/Users/Admin/Documents/Unreal Projects/ai-project/Content/ExternalAssets/sounds/VOXEfrt_Attack_HA_MaleCharVoc_83.uexp" 1674
"C:/Users/Admin/Documents/Unreal Projects/ai-project/Content/ExternalAssets/sounds/VOXEfrt_Attack_HA_MaleCharVoc_59.ubulk" 1675
"C:/Users/Admin/Documents/Unreal Projects/ai-project/Content/ExternalAssets/sounds/VOXEfrt_Attack_HA_MaleCharVoc_59.uasset" 1676
"C:/Users/Admin/Documents/Unreal Projects/ai-project/Content/ExternalAssets/sounds/VOXEfrt_Attack_HA_MaleCharVoc_59.uexp" 1677
"C:/Users/Admin/Documents/Unreal Projects/ai-project/Content/ExternalAssets/sounds/VOXEfrt_Attack_HA_MaleCharVoc_21.ubulk" 1678
"C:/Users/Admin/Documents/Unreal Projects/ai-project/Content/ExternalAssets/sounds/VOXEfrt_Attack_HA_MaleCharVoc_21.uasset" 1679
"C:/Users/Admin/Documents/Unreal Projects/ai-project/Content/ExternalAssets/sounds/VOXEfrt_Attack_HA_MaleCharVoc_21.uexp" 1680
"C:/Users/Admin/Documents/Unreal Projects/ai-project/Content/ExternalAssets/sounds/VOXEfrt_Attack_HA_MaleCharVoc_110.ubulk" 1681
"C:/Users/Admin/Documents/Unreal Projects/ai-project/Content/ExternalAssets/sounds/VOXEfrt_Attack_HA_MaleCharVoc_110.uasset" 1682
"C:/Users/Admin/Documents/Unreal Projects/ai-project/Content/ExternalAssets/sounds/VOXEfrt_Attack_HA_MaleCharVoc_110.uexp" 1683
"C:/Users/Admin/Documents/Unreal Projects/ai-project/Content/ExternalAssets/sounds/VOXEfrt_Attack_HA_MaleCharVoc_104.ubulk" 1684
"C:/Users/Admin/Documents/Unreal Projects/ai-project/Content/ExternalAssets/sounds/VOXEfrt_Attack_HA_MaleCharVoc_104.uasset" 1685
"C:/Users/Admin/Documents/Unreal Projects/ai-project/Content/ExternalAssets/sounds/VOXEfrt_Attack_HA_MaleCharVoc_104.uexp" 1686
"C:/Users/Admin/Documents/Unreal Projects/ai-project/Content/ExternalAssets/sounds/VOXEfrt_Attack_HA_MaleCharVoc_03.ubulk" 1687
"C:/Users/Admin/Documents/Unreal Projects/ai-project/Content/ExternalAssets/sounds/VOXEfrt_Attack_HA_MaleCharVoc_03.uasset" 1688
"C:/Users/Admin/Documents/Unreal Projects/ai-project/Content/ExternalAssets/sounds/VOXEfrt_Attack_HA_MaleCharVoc_03.uexp" 1689
"C:/Users/Admin/Documents/Unreal Projects/ai-project/Content/ExternalAssets/sounds/PrisonSounds/817398__chaos-kid__coach-whistle.ubulk" 1690
"C:/Users/Admin/Documents/Unreal Projects/ai-project/Content/ExternalAssets/sounds/PrisonSounds/817398__chaos-kid__coach-whistle.uasset" 1691
"C:/Users/Admin/Documents/Unreal Projects/ai-project/Content/ExternalAssets/sounds/PrisonSounds/817398__chaos-kid__coach-whistle.uexp" 1692
"C:/Users/Admin/Documents/Unreal Projects/ai-project/Content/ExternalAssets/sounds/PrisonSounds/738598__randomrecord19__alarm-12.ubulk" 1693
"C:/Users/Admin/Documents/Unreal Projects/ai-project/Content/ExternalAssets/sounds/PrisonSounds/738598__randomrecord19__alarm-12.uasset" 1694
"C:/Users/Admin/Documents/Unreal Projects/ai-project/Content/ExternalAssets/sounds/PrisonSounds/738598__randomrecord19__alarm-12.uexp" 1695
"C:/Users/Admin/Documents/Unreal Projects/ai-project/Content/ExternalAssets/sounds/PrisonSounds/345815__vendarro__alarm-no.ubulk" 1696
"C:/Users/Admin/Documents/Unreal Projects/ai-project/Content/ExternalAssets/sounds/PrisonSounds/345815__vendarro__alarm-no.uasset" 1697
"C:/Users/Admin/Documents/Unreal Projects/ai-project/Content/ExternalAssets/sounds/PrisonSounds/345815__vendarro__alarm-no.uexp" 1698
"C:/Users/Admin/Documents/Unreal Projects/ai-project/Content/ExternalAssets/sounds/PrisonSounds/218318__splicesound__referee-whistle-blow-gymnasium.ubulk" 1699
"C:/Users/Admin/Documents/Unreal Projects/ai-project/Content/ExternalAssets/sounds/PrisonSounds/218318__splicesound__referee-whistle-blow-gymnasium.uasset" 1700
"C:/Users/Admin/Documents/Unreal Projects/ai-project/Content/ExternalAssets/sounds/PrisonSounds/218318__splicesound__referee-whistle-blow-gymnasium.uexp" 1701
"C:/Users/Admin/Documents/Unreal Projects/ai-project/Content/ExternalAssets/Prsion/SM_String_T_Batton_0.ubulk" 1702
"C:/Users/Admin/Documents/Unreal Projects/ai-project/Content/ExternalAssets/Prsion/SM_String_T_Batton_0.uasset" 1703
"C:/Users/Admin/Documents/Unreal Projects/ai-project/Content/ExternalAssets/Prsion/SM_String_T_Batton_0.uexp" 1704
"C:/Users/Admin/Documents/Unreal Projects/ai-project/Content/ExternalAssets/Prsion/rusted_medieval_key_texture_2_Mat.uasset" 1705
"C:/Users/Admin/Documents/Unreal Projects/ai-project/Content/ExternalAssets/Prsion/rusted_medieval_key_texture_2_Mat.uexp" 1706
"C:/Users/Admin/Documents/Unreal Projects/ai-project/Content/ExternalAssets/Prsion/rusted_medieval_key_texture_1_Mat.uasset" 1707
"C:/Users/Admin/Documents/Unreal Projects/ai-project/Content/ExternalAssets/Prsion/rusted_medieval_key_texture_1_Mat.uexp" 1708
"C:/Users/Admin/Documents/Unreal Projects/ai-project/Content/ExternalAssets/Prsion/rusted_medieval_key_texture_0_Mat.uasset" 1709
"C:/Users/Admin/Documents/Unreal Projects/ai-project/Content/ExternalAssets/Prsion/rusted_medieval_key_texture_0_Mat.uexp" 1710
"C:/Users/Admin/Documents/Unreal Projects/ai-project/Content/ExternalAssets/Prsion/asteroid_01_009_asteroid_001_0.ubulk" 1711
"C:/Users/Admin/Documents/Unreal Projects/ai-project/Content/ExternalAssets/Prsion/asteroid_01_009_asteroid_001_0.uasset" 1712
"C:/Users/Admin/Documents/Unreal Projects/ai-project/Content/ExternalAssets/Prsion/asteroid_01_009_asteroid_001_0.uexp" 1713
"C:/Users/Admin/Documents/Unreal Projects/ai-project/Content/ExternalAssets/Prsion/asteroid_01_008_asteroid_001_0.ubulk" 1714
"C:/Users/Admin/Documents/Unreal Projects/ai-project/Content/ExternalAssets/Prsion/asteroid_01_008_asteroid_001_0.uasset" 1715
"C:/Users/Admin/Documents/Unreal Projects/ai-project/Content/ExternalAssets/Prsion/asteroid_01_008_asteroid_001_0.uexp" 1716
"C:/Users/Admin/Documents/Unreal Projects/ai-project/Content/ExternalAssets/Prsion/asteroid_01_007_asteroid_001_0.ubulk" 1717
"C:/Users/Admin/Documents/Unreal Projects/ai-project/Content/ExternalAssets/Prsion/asteroid_01_007_asteroid_001_0.uasset" 1718
"C:/Users/Admin/Documents/Unreal Projects/ai-project/Content/ExternalAssets/Prsion/asteroid_01_007_asteroid_001_0.uexp" 1719
"C:/Users/Admin/Documents/Unreal Projects/ai-project/Content/ExternalAssets/Prsion/asteroid_01_006_asteroid_001_0.ubulk" 1720
"C:/Users/Admin/Documents/Unreal Projects/ai-project/Content/ExternalAssets/Prsion/asteroid_01_006_asteroid_001_0.uasset" 1721
"C:/Users/Admin/Documents/Unreal Projects/ai-project/Content/ExternalAssets/Prsion/asteroid_01_006_asteroid_001_0.uexp" 1722
"C:/Users/Admin/Documents/Unreal Projects/ai-project/Content/ExternalAssets/icons/genericItem_color_163.uasset" 1723
"C:/Users/Admin/Documents/Unreal Projects/ai-project/Content/ExternalAssets/icons/genericItem_color_163.uexp" 1724
"C:/Users/Admin/Documents/Unreal Projects/ai-project/Content/ExternalAssets/icons/genericItem_color_162.uasset" 1725
"C:/Users/Admin/Documents/Unreal Projects/ai-project/Content/ExternalAssets/icons/genericItem_color_162.uexp" 1726
"C:/Users/Admin/Documents/Unreal Projects/ai-project/Content/ExternalAssets/icons/genericItem_color_160.uasset" 1727
"C:/Users/Admin/Documents/Unreal Projects/ai-project/Content/ExternalAssets/icons/genericItem_color_160.uexp" 1728
"C:/Users/Admin/Documents/Unreal Projects/ai-project/Content/ExternalAssets/icons/genericItem_color_158.uasset" 1729
"C:/Users/Admin/Documents/Unreal Projects/ai-project/Content/ExternalAssets/icons/genericItem_color_158.uexp" 1730
"C:/Users/Admin/Documents/Unreal Projects/ai-project/Content/ExternalAssets/icons/genericItem_color_157.uasset" 1731
"C:/Users/Admin/Documents/Unreal Projects/ai-project/Content/ExternalAssets/icons/genericItem_color_157.uexp" 1732
"C:/Users/Admin/Documents/Unreal Projects/ai-project/Content/ExternalAssets/icons/genericItem_color_153.uasset" 1733
"C:/Users/Admin/Documents/Unreal Projects/ai-project/Content/ExternalAssets/icons/genericItem_color_153.uexp" 1734
"C:/Users/Admin/Documents/Unreal Projects/ai-project/Content/ExternalAssets/icons/genericItem_color_152.uasset" 1735
"C:/Users/Admin/Documents/Unreal Projects/ai-project/Content/ExternalAssets/icons/genericItem_color_152.uexp" 1736
"C:/Users/Admin/Documents/Unreal Projects/ai-project/Content/ExternalAssets/icons/genericItem_color_150.uasset" 1737
"C:/Users/Admin/Documents/Unreal Projects/ai-project/Content/ExternalAssets/icons/genericItem_color_150.uexp" 1738
"C:/Users/Admin/Documents/Unreal Projects/ai-project/Content/ExternalAssets/icons/genericItem_color_149.uasset" 1739
"C:/Users/Admin/Documents/Unreal Projects/ai-project/Content/ExternalAssets/icons/genericItem_color_149.uexp" 1740
"C:/Users/Admin/Documents/Unreal Projects/ai-project/Content/ExternalAssets/icons/genericItem_color_148.uasset" 1741
"C:/Users/Admin/Documents/Unreal Projects/ai-project/Content/ExternalAssets/icons/genericItem_color_148.uexp" 1742
"C:/Users/Admin/Documents/Unreal Projects/ai-project/Content/ExternalAssets/icons/genericItem_color_147.uasset" 1743
"C:/Users/Admin/Documents/Unreal Projects/ai-project/Content/ExternalAssets/icons/genericItem_color_147.uexp" 1744
"C:/Users/Admin/Documents/Unreal Projects/ai-project/Content/ExternalAssets/icons/genericItem_color_146.uasset" 1745
"C:/Users/Admin/Documents/Unreal Projects/ai-project/Content/ExternalAssets/icons/genericItem_color_146.uexp" 1746
"C:/Users/Admin/Documents/Unreal Projects/ai-project/Content/ExternalAssets/icons/genericItem_color_145.uasset" 1747
"C:/Users/Admin/Documents/Unreal Projects/ai-project/Content/ExternalAssets/icons/genericItem_color_145.uexp" 1748
"C:/Users/Admin/Documents/Unreal Projects/ai-project/Content/ExternalAssets/icons/genericItem_color_144.uasset" 1749
"C:/Users/Admin/Documents/Unreal Projects/ai-project/Content/ExternalAssets/icons/genericItem_color_144.uexp" 1750
"C:/Users/Admin/Documents/Unreal Projects/ai-project/Content/ExternalAssets/icons/genericItem_color_143.uasset" 1751
"C:/Users/Admin/Documents/Unreal Projects/ai-project/Content/ExternalAssets/icons/genericItem_color_143.uexp" 1752
"C:/Users/Admin/Documents/Unreal Projects/ai-project/Content/ExternalAssets/icons/genericItem_color_142.uasset" 1753
"C:/Users/Admin/Documents/Unreal Projects/ai-project/Content/ExternalAssets/icons/genericItem_color_142.uexp" 1754
"C:/Users/Admin/Documents/Unreal Projects/ai-project/Content/ExternalAssets/icons/genericItem_color_141.uasset" 1755
"C:/Users/Admin/Documents/Unreal Projects/ai-project/Content/ExternalAssets/icons/genericItem_color_141.uexp" 1756
"C:/Users/Admin/Documents/Unreal Projects/ai-project/Content/ExternalAssets/icons/genericItem_color_140.uasset" 1757
"C:/Users/Admin/Documents/Unreal Projects/ai-project/Content/ExternalAssets/icons/genericItem_color_140.uexp" 1758
"C:/Users/Admin/Documents/Unreal Projects/ai-project/Content/ExternalAssets/icons/genericItem_color_139.uasset" 1759
"C:/Users/Admin/Documents/Unreal Projects/ai-project/Content/ExternalAssets/icons/genericItem_color_139.uexp" 1760
"C:/Users/Admin/Documents/Unreal Projects/ai-project/Content/ExternalAssets/icons/genericItem_color_138.uasset" 1761
"C:/Users/Admin/Documents/Unreal Projects/ai-project/Content/ExternalAssets/icons/genericItem_color_138.uexp" 1762
"C:/Users/Admin/Documents/Unreal Projects/ai-project/Content/ExternalAssets/icons/genericItem_color_137.uasset" 1763
"C:/Users/Admin/Documents/Unreal Projects/ai-project/Content/ExternalAssets/icons/genericItem_color_137.uexp" 1764
"C:/Users/Admin/Documents/Unreal Projects/ai-project/Content/ExternalAssets/icons/genericItem_color_136.uasset" 1765
"C:/Users/Admin/Documents/Unreal Projects/ai-project/Content/ExternalAssets/icons/genericItem_color_136.uexp" 1766
"C:/Users/Admin/Documents/Unreal Projects/ai-project/Content/ExternalAssets/icons/genericItem_color_135.uasset" 1767
"C:/Users/Admin/Documents/Unreal Projects/ai-project/Content/ExternalAssets/icons/genericItem_color_135.uexp" 1768
"C:/Users/Admin/Documents/Unreal Projects/ai-project/Content/ExternalAssets/icons/genericItem_color_134.uasset" 1769
"C:/Users/Admin/Documents/Unreal Projects/ai-project/Content/ExternalAssets/icons/genericItem_color_134.uexp" 1770
"C:/Users/Admin/Documents/Unreal Projects/ai-project/Content/ExternalAssets/icons/genericItem_color_132.uasset" 1771
"C:/Users/Admin/Documents/Unreal Projects/ai-project/Content/ExternalAssets/icons/genericItem_color_132.uexp" 1772
"C:/Users/Admin/Documents/Unreal Projects/ai-project/Content/ExternalAssets/icons/genericItem_color_128.uasset" 1773
"C:/Users/Admin/Documents/Unreal Projects/ai-project/Content/ExternalAssets/icons/genericItem_color_128.uexp" 1774
"C:/Users/Admin/Documents/Unreal Projects/ai-project/Content/ExternalAssets/icons/genericItem_color_127.uasset" 1775
"C:/Users/Admin/Documents/Unreal Projects/ai-project/Content/ExternalAssets/icons/genericItem_color_127.uexp" 1776
"C:/Users/Admin/Documents/Unreal Projects/ai-project/Content/ExternalAssets/icons/genericItem_color_126.uasset" 1777
"C:/Users/Admin/Documents/Unreal Projects/ai-project/Content/ExternalAssets/icons/genericItem_color_126.uexp" 1778
"C:/Users/Admin/Documents/Unreal Projects/ai-project/Content/ExternalAssets/icons/genericItem_color_125.uasset" 1779
"C:/Users/Admin/Documents/Unreal Projects/ai-project/Content/ExternalAssets/icons/genericItem_color_125.uexp" 1780
"C:/Users/Admin/Documents/Unreal Projects/ai-project/Content/ExternalAssets/icons/genericItem_color_124.uasset" 1781
"C:/Users/Admin/Documents/Unreal Projects/ai-project/Content/ExternalAssets/icons/genericItem_color_124.uexp" 1782
"C:/Users/Admin/Documents/Unreal Projects/ai-project/Content/ExternalAssets/icons/genericItem_color_123.uasset" 1783
"C:/Users/Admin/Documents/Unreal Projects/ai-project/Content/ExternalAssets/icons/genericItem_color_123.uexp" 1784
"C:/Users/Admin/Documents/Unreal Projects/ai-project/Content/ExternalAssets/icons/genericItem_color_121.uasset" 1785
"C:/Users/Admin/Documents/Unreal Projects/ai-project/Content/ExternalAssets/icons/genericItem_color_121.uexp" 1786
"C:/Users/Admin/Documents/Unreal Projects/ai-project/Content/ExternalAssets/icons/genericItem_color_120.uasset" 1787
"C:/Users/Admin/Documents/Unreal Projects/ai-project/Content/ExternalAssets/icons/genericItem_color_120.uexp" 1788
"C:/Users/Admin/Documents/Unreal Projects/ai-project/Content/ExternalAssets/icons/genericItem_color_119.uasset" 1789
"C:/Users/Admin/Documents/Unreal Projects/ai-project/Content/ExternalAssets/icons/genericItem_color_119.uexp" 1790
"C:/Users/Admin/Documents/Unreal Projects/ai-project/Content/ExternalAssets/icons/genericItem_color_118.uasset" 1791
"C:/Users/Admin/Documents/Unreal Projects/ai-project/Content/ExternalAssets/icons/genericItem_color_118.uexp" 1792
"C:/Users/Admin/Documents/Unreal Projects/ai-project/Content/ExternalAssets/icons/genericItem_color_117.uasset" 1793
"C:/Users/Admin/Documents/Unreal Projects/ai-project/Content/ExternalAssets/icons/genericItem_color_117.uexp" 1794
"C:/Users/Admin/Documents/Unreal Projects/ai-project/Content/ExternalAssets/icons/genericItem_color_116.uasset" 1795
"C:/Users/Admin/Documents/Unreal Projects/ai-project/Content/ExternalAssets/icons/genericItem_color_116.uexp" 1796
"C:/Users/Admin/Documents/Unreal Projects/ai-project/Content/ExternalAssets/icons/genericItem_color_115.uasset" 1797
"C:/Users/Admin/Documents/Unreal Projects/ai-project/Content/ExternalAssets/icons/genericItem_color_115.uexp" 1798
"C:/Users/Admin/Documents/Unreal Projects/ai-project/Content/ExternalAssets/icons/genericItem_color_114.uasset" 1799
"C:/Users/Admin/Documents/Unreal Projects/ai-project/Content/ExternalAssets/icons/genericItem_color_114.uexp" 1800
"C:/Users/Admin/Documents/Unreal Projects/ai-project/Content/ExternalAssets/icons/genericItem_color_113.uasset" 1801
"C:/Users/Admin/Documents/Unreal Projects/ai-project/Content/ExternalAssets/icons/genericItem_color_113.uexp" 1802
"C:/Users/Admin/Documents/Unreal Projects/ai-project/Content/ExternalAssets/icons/genericItem_color_112.uasset" 1803
"C:/Users/Admin/Documents/Unreal Projects/ai-project/Content/ExternalAssets/icons/genericItem_color_112.uexp" 1804
"C:/Users/Admin/Documents/Unreal Projects/ai-project/Content/ExternalAssets/icons/genericItem_color_111.uasset" 1805
"C:/Users/Admin/Documents/Unreal Projects/ai-project/Content/ExternalAssets/icons/genericItem_color_111.uexp" 1806
"C:/Users/Admin/Documents/Unreal Projects/ai-project/Content/ExternalAssets/icons/genericItem_color_110.uasset" 1807
"C:/Users/Admin/Documents/Unreal Projects/ai-project/Content/ExternalAssets/icons/genericItem_color_110.uexp" 1808
"C:/Users/Admin/Documents/Unreal Projects/ai-project/Content/ExternalAssets/icons/genericItem_color_109.uasset" 1809
"C:/Users/Admin/Documents/Unreal Projects/ai-project/Content/ExternalAssets/icons/genericItem_color_109.uexp" 1810
"C:/Users/Admin/Documents/Unreal Projects/ai-project/Content/ExternalAssets/icons/genericItem_color_108.uasset" 1811
"C:/Users/Admin/Documents/Unreal Projects/ai-project/Content/ExternalAssets/icons/genericItem_color_108.uexp" 1812
"C:/Users/Admin/Documents/Unreal Projects/ai-project/Content/ExternalAssets/icons/genericItem_color_107.uasset" 1813
"C:/Users/Admin/Documents/Unreal Projects/ai-project/Content/ExternalAssets/icons/genericItem_color_107.uexp" 1814
"C:/Users/Admin/Documents/Unreal Projects/ai-project/Content/ExternalAssets/icons/genericItem_color_106.uasset" 1815
"C:/Users/Admin/Documents/Unreal Projects/ai-project/Content/ExternalAssets/icons/genericItem_color_106.uexp" 1816
"C:/Users/Admin/Documents/Unreal Projects/ai-project/Content/ExternalAssets/icons/genericItem_color_105.uasset" 1817
"C:/Users/Admin/Documents/Unreal Projects/ai-project/Content/ExternalAssets/icons/genericItem_color_105.uexp" 1818
"C:/Users/Admin/Documents/Unreal Projects/ai-project/Content/ExternalAssets/icons/genericItem_color_103.uasset" 1819
"C:/Users/Admin/Documents/Unreal Projects/ai-project/Content/ExternalAssets/icons/genericItem_color_103.uexp" 1820
"C:/Users/Admin/Documents/Unreal Projects/ai-project/Content/ExternalAssets/icons/genericItem_color_102.uasset" 1821
"C:/Users/Admin/Documents/Unreal Projects/ai-project/Content/ExternalAssets/icons/genericItem_color_102.uexp" 1822
"C:/Users/Admin/Documents/Unreal Projects/ai-project/Content/ExternalAssets/icons/genericItem_color_100.uasset" 1823
"C:/Users/Admin/Documents/Unreal Projects/ai-project/Content/ExternalAssets/icons/genericItem_color_100.uexp" 1824
"C:/Users/Admin/Documents/Unreal Projects/ai-project/Content/ExternalAssets/icons/genericItem_color_099.uasset" 1825
"C:/Users/Admin/Documents/Unreal Projects/ai-project/Content/ExternalAssets/icons/genericItem_color_099.uexp" 1826
"C:/Users/Admin/Documents/Unreal Projects/ai-project/Content/ExternalAssets/icons/genericItem_color_098.uasset" 1827
"C:/Users/Admin/Documents/Unreal Projects/ai-project/Content/ExternalAssets/icons/genericItem_color_098.uexp" 1828
"C:/Users/Admin/Documents/Unreal Projects/ai-project/Content/ExternalAssets/icons/genericItem_color_097.uasset" 1829
"C:/Users/Admin/Documents/Unreal Projects/ai-project/Content/ExternalAssets/icons/genericItem_color_097.uexp" 1830
"C:/Users/Admin/Documents/Unreal Projects/ai-project/Content/ExternalAssets/icons/genericItem_color_095.uasset" 1831
"C:/Users/Admin/Documents/Unreal Projects/ai-project/Content/ExternalAssets/icons/genericItem_color_095.uexp" 1832
"C:/Users/Admin/Documents/Unreal Projects/ai-project/Content/ExternalAssets/icons/genericItem_color_094.uasset" 1833
"C:/Users/Admin/Documents/Unreal Projects/ai-project/Content/ExternalAssets/icons/genericItem_color_094.uexp" 1834
"C:/Users/Admin/Documents/Unreal Projects/ai-project/Content/ExternalAssets/icons/genericItem_color_093.uasset" 1835
"C:/Users/Admin/Documents/Unreal Projects/ai-project/Content/ExternalAssets/icons/genericItem_color_093.uexp" 1836
"C:/Users/Admin/Documents/Unreal Projects/ai-project/Content/ExternalAssets/icons/genericItem_color_092.uasset" 1837
"C:/Users/Admin/Documents/Unreal Projects/ai-project/Content/ExternalAssets/icons/genericItem_color_092.uexp" 1838
"C:/Users/Admin/Documents/Unreal Projects/ai-project/Content/ExternalAssets/icons/genericItem_color_091.uasset" 1839
"C:/Users/Admin/Documents/Unreal Projects/ai-project/Content/ExternalAssets/icons/genericItem_color_091.uexp" 1840
"C:/Users/Admin/Documents/Unreal Projects/ai-project/Content/ExternalAssets/icons/genericItem_color_090.uasset" 1841
"C:/Users/Admin/Documents/Unreal Projects/ai-project/Content/ExternalAssets/icons/genericItem_color_090.uexp" 1842
"C:/Users/Admin/Documents/Unreal Projects/ai-project/Content/ExternalAssets/icons/genericItem_color_087.uasset" 1843
"C:/Users/Admin/Documents/Unreal Projects/ai-project/Content/ExternalAssets/icons/genericItem_color_087.uexp" 1844
"C:/Users/Admin/Documents/Unreal Projects/ai-project/Content/ExternalAssets/icons/genericItem_color_086.uasset" 1845
"C:/Users/Admin/Documents/Unreal Projects/ai-project/Content/ExternalAssets/icons/genericItem_color_086.uexp" 1846
"C:/Users/Admin/Documents/Unreal Projects/ai-project/Content/ExternalAssets/icons/genericItem_color_085.uasset" 1847
"C:/Users/Admin/Documents/Unreal Projects/ai-project/Content/ExternalAssets/icons/genericItem_color_085.uexp" 1848
"C:/Users/Admin/Documents/Unreal Projects/ai-project/Content/ExternalAssets/icons/genericItem_color_084.uasset" 1849
"C:/Users/Admin/Documents/Unreal Projects/ai-project/Content/ExternalAssets/icons/genericItem_color_084.uexp" 1850
"C:/Users/Admin/Documents/Unreal Projects/ai-project/Content/ExternalAssets/icons/genericItem_color_083.uasset" 1851
"C:/Users/Admin/Documents/Unreal Projects/ai-project/Content/ExternalAssets/icons/genericItem_color_083.uexp" 1852
"C:/Users/Admin/Documents/Unreal Projects/ai-project/Content/ExternalAssets/icons/genericItem_color_082.uasset" 1853
"C:/Users/Admin/Documents/Unreal Projects/ai-project/Content/ExternalAssets/icons/genericItem_color_082.uexp" 1854
"C:/Users/Admin/Documents/Unreal Projects/ai-project/Content/ExternalAssets/icons/genericItem_color_081.uasset" 1855
"C:/Users/Admin/Documents/Unreal Projects/ai-project/Content/ExternalAssets/icons/genericItem_color_081.uexp" 1856
"C:/Users/Admin/Documents/Unreal Projects/ai-project/Content/ExternalAssets/icons/genericItem_color_080.uasset" 1857
"C:/Users/Admin/Documents/Unreal Projects/ai-project/Content/ExternalAssets/icons/genericItem_color_080.uexp" 1858
"C:/Users/Admin/Documents/Unreal Projects/ai-project/Content/ExternalAssets/icons/genericItem_color_079.uasset" 1859
"C:/Users/Admin/Documents/Unreal Projects/ai-project/Content/ExternalAssets/icons/genericItem_color_079.uexp" 1860
"C:/Users/Admin/Documents/Unreal Projects/ai-project/Content/ExternalAssets/icons/genericItem_color_078.uasset" 1861
"C:/Users/Admin/Documents/Unreal Projects/ai-project/Content/ExternalAssets/icons/genericItem_color_078.uexp" 1862
"C:/Users/Admin/Documents/Unreal Projects/ai-project/Content/ExternalAssets/icons/genericItem_color_077.uasset" 1863
"C:/Users/Admin/Documents/Unreal Projects/ai-project/Content/ExternalAssets/icons/genericItem_color_077.uexp" 1864
"C:/Users/Admin/Documents/Unreal Projects/ai-project/Content/ExternalAssets/icons/genericItem_color_076.uasset" 1865
"C:/Users/Admin/Documents/Unreal Projects/ai-project/Content/ExternalAssets/icons/genericItem_color_076.uexp" 1866
"C:/Users/Admin/Documents/Unreal Projects/ai-project/Content/ExternalAssets/icons/genericItem_color_075.uasset" 1867
"C:/Users/Admin/Documents/Unreal Projects/ai-project/Content/ExternalAssets/icons/genericItem_color_075.uexp" 1868
"C:/Users/Admin/Documents/Unreal Projects/ai-project/Content/ExternalAssets/icons/genericItem_color_074.uasset" 1869
"C:/Users/Admin/Documents/Unreal Projects/ai-project/Content/ExternalAssets/icons/genericItem_color_074.uexp" 1870
"C:/Users/Admin/Documents/Unreal Projects/ai-project/Content/ExternalAssets/icons/genericItem_color_073.uasset" 1871
"C:/Users/Admin/Documents/Unreal Projects/ai-project/Content/ExternalAssets/icons/genericItem_color_073.uexp" 1872
"C:/Users/Admin/Documents/Unreal Projects/ai-project/Content/ExternalAssets/icons/genericItem_color_072.uasset" 1873
"C:/Users/Admin/Documents/Unreal Projects/ai-project/Content/ExternalAssets/icons/genericItem_color_072.uexp" 1874
"C:/Users/Admin/Documents/Unreal Projects/ai-project/Content/ExternalAssets/icons/genericItem_color_071.uasset" 1875
"C:/Users/Admin/Documents/Unreal Projects/ai-project/Content/ExternalAssets/icons/genericItem_color_071.uexp" 1876
"C:/Users/Admin/Documents/Unreal Projects/ai-project/Content/ExternalAssets/icons/genericItem_color_070.uasset" 1877
"C:/Users/Admin/Documents/Unreal Projects/ai-project/Content/ExternalAssets/icons/genericItem_color_070.uexp" 1878
"C:/Users/Admin/Documents/Unreal Projects/ai-project/Content/ExternalAssets/icons/genericItem_color_069.uasset" 1879
"C:/Users/Admin/Documents/Unreal Projects/ai-project/Content/ExternalAssets/icons/genericItem_color_069.uexp" 1880
"C:/Users/Admin/Documents/Unreal Projects/ai-project/Content/ExternalAssets/icons/genericItem_color_068.uasset" 1881
"C:/Users/Admin/Documents/Unreal Projects/ai-project/Content/ExternalAssets/icons/genericItem_color_068.uexp" 1882
"C:/Users/Admin/Documents/Unreal Projects/ai-project/Content/ExternalAssets/icons/genericItem_color_067.uasset" 1883
"C:/Users/Admin/Documents/Unreal Projects/ai-project/Content/ExternalAssets/icons/genericItem_color_067.uexp" 1884
"C:/Users/Admin/Documents/Unreal Projects/ai-project/Content/ExternalAssets/icons/genericItem_color_066.uasset" 1885
"C:/Users/Admin/Documents/Unreal Projects/ai-project/Content/ExternalAssets/icons/genericItem_color_066.uexp" 1886
"C:/Users/Admin/Documents/Unreal Projects/ai-project/Content/ExternalAssets/icons/genericItem_color_065.uasset" 1887
"C:/Users/Admin/Documents/Unreal Projects/ai-project/Content/ExternalAssets/icons/genericItem_color_065.uexp" 1888
"C:/Users/Admin/Documents/Unreal Projects/ai-project/Content/ExternalAssets/icons/genericItem_color_064.uasset" 1889
"C:/Users/Admin/Documents/Unreal Projects/ai-project/Content/ExternalAssets/icons/genericItem_color_064.uexp" 1890
"C:/Users/Admin/Documents/Unreal Projects/ai-project/Content/ExternalAssets/icons/genericItem_color_063.uasset" 1891
"C:/Users/Admin/Documents/Unreal Projects/ai-project/Content/ExternalAssets/icons/genericItem_color_063.uexp" 1892
"C:/Users/Admin/Documents/Unreal Projects/ai-project/Content/ExternalAssets/icons/genericItem_color_062.uasset" 1893
"C:/Users/Admin/Documents/Unreal Projects/ai-project/Content/ExternalAssets/icons/genericItem_color_062.uexp" 1894
"C:/Users/Admin/Documents/Unreal Projects/ai-project/Content/ExternalAssets/icons/genericItem_color_061.uasset" 1895
"C:/Users/Admin/Documents/Unreal Projects/ai-project/Content/ExternalAssets/icons/genericItem_color_061.uexp" 1896
"C:/Users/Admin/Documents/Unreal Projects/ai-project/Content/ExternalAssets/icons/genericItem_color_060.uasset" 1897
"C:/Users/Admin/Documents/Unreal Projects/ai-project/Content/ExternalAssets/icons/genericItem_color_060.uexp" 1898
"C:/Users/Admin/Documents/Unreal Projects/ai-project/Content/ExternalAssets/icons/genericItem_color_059.uasset" 1899
"C:/Users/Admin/Documents/Unreal Projects/ai-project/Content/ExternalAssets/icons/genericItem_color_059.uexp" 1900
"C:/Users/Admin/Documents/Unreal Projects/ai-project/Content/ExternalAssets/icons/genericItem_color_058.uasset" 1901
"C:/Users/Admin/Documents/Unreal Projects/ai-project/Content/ExternalAssets/icons/genericItem_color_058.uexp" 1902
"C:/Users/Admin/Documents/Unreal Projects/ai-project/Content/ExternalAssets/icons/genericItem_color_057.uasset" 1903
"C:/Users/Admin/Documents/Unreal Projects/ai-project/Content/ExternalAssets/icons/genericItem_color_057.uexp" 1904
"C:/Users/Admin/Documents/Unreal Projects/ai-project/Content/ExternalAssets/icons/genericItem_color_056.uasset" 1905
"C:/Users/Admin/Documents/Unreal Projects/ai-project/Content/ExternalAssets/icons/genericItem_color_056.uexp" 1906
"C:/Users/Admin/Documents/Unreal Projects/ai-project/Content/ExternalAssets/icons/genericItem_color_055.uasset" 1907
"C:/Users/Admin/Documents/Unreal Projects/ai-project/Content/ExternalAssets/icons/genericItem_color_055.uexp" 1908
"C:/Users/Admin/Documents/Unreal Projects/ai-project/Content/ExternalAssets/icons/genericItem_color_054.uasset" 1909
"C:/Users/Admin/Documents/Unreal Projects/ai-project/Content/ExternalAssets/icons/genericItem_color_054.uexp" 1910
"C:/Users/Admin/Documents/Unreal Projects/ai-project/Content/ExternalAssets/icons/genericItem_color_053.uasset" 1911
"C:/Users/Admin/Documents/Unreal Projects/ai-project/Content/ExternalAssets/icons/genericItem_color_053.uexp" 1912
"C:/Users/Admin/Documents/Unreal Projects/ai-project/Content/ExternalAssets/icons/genericItem_color_052.uasset" 1913
"C:/Users/Admin/Documents/Unreal Projects/ai-project/Content/ExternalAssets/icons/genericItem_color_052.uexp" 1914
"C:/Users/Admin/Documents/Unreal Projects/ai-project/Content/ExternalAssets/icons/genericItem_color_051.uasset" 1915
"C:/Users/Admin/Documents/Unreal Projects/ai-project/Content/ExternalAssets/icons/genericItem_color_051.uexp" 1916
"C:/Users/Admin/Documents/Unreal Projects/ai-project/Content/ExternalAssets/icons/genericItem_color_050.uasset" 1917
"C:/Users/Admin/Documents/Unreal Projects/ai-project/Content/ExternalAssets/icons/genericItem_color_050.uexp" 1918
"C:/Users/Admin/Documents/Unreal Projects/ai-project/Content/ExternalAssets/icons/genericItem_color_049.uasset" 1919
"C:/Users/Admin/Documents/Unreal Projects/ai-project/Content/ExternalAssets/icons/genericItem_color_049.uexp" 1920
"C:/Users/Admin/Documents/Unreal Projects/ai-project/Content/ExternalAssets/icons/genericItem_color_048.uasset" 1921
"C:/Users/Admin/Documents/Unreal Projects/ai-project/Content/ExternalAssets/icons/genericItem_color_048.uexp" 1922
"C:/Users/Admin/Documents/Unreal Projects/ai-project/Content/ExternalAssets/icons/genericItem_color_047.uasset" 1923
"C:/Users/Admin/Documents/Unreal Projects/ai-project/Content/ExternalAssets/icons/genericItem_color_047.uexp" 1924
"C:/Users/Admin/Documents/Unreal Projects/ai-project/Content/ExternalAssets/icons/genericItem_color_046.uasset" 1925
"C:/Users/Admin/Documents/Unreal Projects/ai-project/Content/ExternalAssets/icons/genericItem_color_046.uexp" 1926
"C:/Users/Admin/Documents/Unreal Projects/ai-project/Content/ExternalAssets/icons/genericItem_color_045.uasset" 1927
"C:/Users/Admin/Documents/Unreal Projects/ai-project/Content/ExternalAssets/icons/genericItem_color_045.uexp" 1928
"C:/Users/Admin/Documents/Unreal Projects/ai-project/Content/ExternalAssets/icons/genericItem_color_044.uasset" 1929
"C:/Users/Admin/Documents/Unreal Projects/ai-project/Content/ExternalAssets/icons/genericItem_color_044.uexp" 1930
"C:/Users/Admin/Documents/Unreal Projects/ai-project/Content/ExternalAssets/icons/genericItem_color_043.uasset" 1931
"C:/Users/Admin/Documents/Unreal Projects/ai-project/Content/ExternalAssets/icons/genericItem_color_043.uexp" 1932
"C:/Users/Admin/Documents/Unreal Projects/ai-project/Content/ExternalAssets/icons/genericItem_color_042.uasset" 1933
"C:/Users/Admin/Documents/Unreal Projects/ai-project/Content/ExternalAssets/icons/genericItem_color_042.uexp" 1934
"C:/Users/Admin/Documents/Unreal Projects/ai-project/Content/ExternalAssets/icons/genericItem_color_041.uasset" 1935
"C:/Users/Admin/Documents/Unreal Projects/ai-project/Content/ExternalAssets/icons/genericItem_color_041.uexp" 1936
"C:/Users/Admin/Documents/Unreal Projects/ai-project/Content/ExternalAssets/icons/genericItem_color_040.uasset" 1937
"C:/Users/Admin/Documents/Unreal Projects/ai-project/Content/ExternalAssets/icons/genericItem_color_040.uexp" 1938
"C:/Users/Admin/Documents/Unreal Projects/ai-project/Content/ExternalAssets/icons/genericItem_color_039.uasset" 1939
"C:/Users/Admin/Documents/Unreal Projects/ai-project/Content/ExternalAssets/icons/genericItem_color_039.uexp" 1940
"C:/Users/Admin/Documents/Unreal Projects/ai-project/Content/ExternalAssets/icons/genericItem_color_038.uasset" 1941
"C:/Users/Admin/Documents/Unreal Projects/ai-project/Content/ExternalAssets/icons/genericItem_color_038.uexp" 1942
"C:/Users/Admin/Documents/Unreal Projects/ai-project/Content/ExternalAssets/icons/genericItem_color_037.uasset" 1943
"C:/Users/Admin/Documents/Unreal Projects/ai-project/Content/ExternalAssets/icons/genericItem_color_037.uexp" 1944
"C:/Users/Admin/Documents/Unreal Projects/ai-project/Content/ExternalAssets/icons/genericItem_color_036.uasset" 1945
"C:/Users/Admin/Documents/Unreal Projects/ai-project/Content/ExternalAssets/icons/genericItem_color_036.uexp" 1946
"C:/Users/Admin/Documents/Unreal Projects/ai-project/Content/ExternalAssets/icons/genericItem_color_035.uasset" 1947
"C:/Users/Admin/Documents/Unreal Projects/ai-project/Content/ExternalAssets/icons/genericItem_color_035.uexp" 1948
"C:/Users/Admin/Documents/Unreal Projects/ai-project/Content/ExternalAssets/icons/genericItem_color_034.uasset" 1949
"C:/Users/Admin/Documents/Unreal Projects/ai-project/Content/ExternalAssets/icons/genericItem_color_034.uexp" 1950
"C:/Users/Admin/Documents/Unreal Projects/ai-project/Content/ExternalAssets/icons/genericItem_color_033.uasset" 1951
"C:/Users/Admin/Documents/Unreal Projects/ai-project/Content/ExternalAssets/icons/genericItem_color_033.uexp" 1952
"C:/Users/Admin/Documents/Unreal Projects/ai-project/Content/ExternalAssets/icons/genericItem_color_032.uasset" 1953
"C:/Users/Admin/Documents/Unreal Projects/ai-project/Content/ExternalAssets/icons/genericItem_color_032.uexp" 1954
"C:/Users/Admin/Documents/Unreal Projects/ai-project/Content/ExternalAssets/icons/genericItem_color_031.uasset" 1955
"C:/Users/Admin/Documents/Unreal Projects/ai-project/Content/ExternalAssets/icons/genericItem_color_031.uexp" 1956
"C:/Users/Admin/Documents/Unreal Projects/ai-project/Content/ExternalAssets/icons/genericItem_color_030.uasset" 1957
"C:/Users/Admin/Documents/Unreal Projects/ai-project/Content/ExternalAssets/icons/genericItem_color_030.uexp" 1958
"C:/Users/Admin/Documents/Unreal Projects/ai-project/Content/ExternalAssets/icons/genericItem_color_029.uasset" 1959
"C:/Users/Admin/Documents/Unreal Projects/ai-project/Content/ExternalAssets/icons/genericItem_color_029.uexp" 1960
"C:/Users/Admin/Documents/Unreal Projects/ai-project/Content/ExternalAssets/icons/genericItem_color_028.uasset" 1961
"C:/Users/Admin/Documents/Unreal Projects/ai-project/Content/ExternalAssets/icons/genericItem_color_028.uexp" 1962
"C:/Users/Admin/Documents/Unreal Projects/ai-project/Content/ExternalAssets/icons/genericItem_color_027.uasset" 1963
"C:/Users/Admin/Documents/Unreal Projects/ai-project/Content/ExternalAssets/icons/genericItem_color_027.uexp" 1964
"C:/Users/Admin/Documents/Unreal Projects/ai-project/Content/ExternalAssets/icons/genericItem_color_026.uasset" 1965
"C:/Users/Admin/Documents/Unreal Projects/ai-project/Content/ExternalAssets/icons/genericItem_color_026.uexp" 1966
"C:/Users/Admin/Documents/Unreal Projects/ai-project/Content/ExternalAssets/icons/genericItem_color_025.uasset" 1967
"C:/Users/Admin/Documents/Unreal Projects/ai-project/Content/ExternalAssets/icons/genericItem_color_025.uexp" 1968
"C:/Users/Admin/Documents/Unreal Projects/ai-project/Content/ExternalAssets/icons/genericItem_color_024.uasset" 1969
"C:/Users/Admin/Documents/Unreal Projects/ai-project/Content/ExternalAssets/icons/genericItem_color_024.uexp" 1970
"C:/Users/Admin/Documents/Unreal Projects/ai-project/Content/ExternalAssets/icons/genericItem_color_023.uasset" 1971
"C:/Users/Admin/Documents/Unreal Projects/ai-project/Content/ExternalAssets/icons/genericItem_color_023.uexp" 1972
"C:/Users/Admin/Documents/Unreal Projects/ai-project/Content/ExternalAssets/icons/genericItem_color_021.uasset" 1973
"C:/Users/Admin/Documents/Unreal Projects/ai-project/Content/ExternalAssets/icons/genericItem_color_021.uexp" 1974
"C:/Users/Admin/Documents/Unreal Projects/ai-project/Content/ExternalAssets/icons/genericItem_color_020.uasset" 1975
"C:/Users/Admin/Documents/Unreal Projects/ai-project/Content/ExternalAssets/icons/genericItem_color_020.uexp" 1976
"C:/Users/Admin/Documents/Unreal Projects/ai-project/Content/ExternalAssets/icons/genericItem_color_019.uasset" 1977
"C:/Users/Admin/Documents/Unreal Projects/ai-project/Content/ExternalAssets/icons/genericItem_color_019.uexp" 1978
"C:/Users/Admin/Documents/Unreal Projects/ai-project/Content/ExternalAssets/icons/genericItem_color_018.uasset" 1979
"C:/Users/Admin/Documents/Unreal Projects/ai-project/Content/ExternalAssets/icons/genericItem_color_018.uexp" 1980
"C:/Users/Admin/Documents/Unreal Projects/ai-project/Content/ExternalAssets/icons/genericItem_color_017.uasset" 1981
"C:/Users/Admin/Documents/Unreal Projects/ai-project/Content/ExternalAssets/icons/genericItem_color_017.uexp" 1982
"C:/Users/Admin/Documents/Unreal Projects/ai-project/Content/ExternalAssets/icons/genericItem_color_016.uasset" 1983
"C:/Users/Admin/Documents/Unreal Projects/ai-project/Content/ExternalAssets/icons/genericItem_color_016.uexp" 1984
"C:/Users/Admin/Documents/Unreal Projects/ai-project/Content/ExternalAssets/icons/genericItem_color_014.uasset" 1985
"C:/Users/Admin/Documents/Unreal Projects/ai-project/Content/ExternalAssets/icons/genericItem_color_014.uexp" 1986
"C:/Users/Admin/Documents/Unreal Projects/ai-project/Content/ExternalAssets/icons/genericItem_color_013.uasset" 1987
"C:/Users/Admin/Documents/Unreal Projects/ai-project/Content/ExternalAssets/icons/genericItem_color_013.uexp" 1988
"C:/Users/Admin/Documents/Unreal Projects/ai-project/Content/ExternalAssets/icons/genericItem_color_012.uasset" 1989
"C:/Users/Admin/Documents/Unreal Projects/ai-project/Content/ExternalAssets/icons/genericItem_color_012.uexp" 1990
"C:/Users/Admin/Documents/Unreal Projects/ai-project/Content/ExternalAssets/icons/genericItem_color_011.uasset" 1991
"C:/Users/Admin/Documents/Unreal Projects/ai-project/Content/ExternalAssets/icons/genericItem_color_011.uexp" 1992
"C:/Users/Admin/Documents/Unreal Projects/ai-project/Content/ExternalAssets/icons/genericItem_color_010.uasset" 1993
"C:/Users/Admin/Documents/Unreal Projects/ai-project/Content/ExternalAssets/icons/genericItem_color_010.uexp" 1994
"C:/Users/Admin/Documents/Unreal Projects/ai-project/Content/ExternalAssets/icons/genericItem_color_009.uasset" 1995
"C:/Users/Admin/Documents/Unreal Projects/ai-project/Content/ExternalAssets/icons/genericItem_color_009.uexp" 1996
"C:/Users/Admin/Documents/Unreal Projects/ai-project/Content/ExternalAssets/icons/genericItem_color_008.uasset" 1997
"C:/Users/Admin/Documents/Unreal Projects/ai-project/Content/ExternalAssets/icons/genericItem_color_008.uexp" 1998
"C:/Users/Admin/Documents/Unreal Projects/ai-project/Content/ExternalAssets/icons/genericItem_color_007.uasset" 1999
"C:/Users/Admin/Documents/Unreal Projects/ai-project/Content/ExternalAssets/icons/genericItem_color_007.uexp" 2000
"C:/Users/Admin/Documents/Unreal Projects/ai-project/Content/ExternalAssets/icons/genericItem_color_006.uasset" 2001
"C:/Users/Admin/Documents/Unreal Projects/ai-project/Content/ExternalAssets/icons/genericItem_color_006.uexp" 2002
"C:/Users/Admin/Documents/Unreal Projects/ai-project/Content/ExternalAssets/icons/genericItem_color_004.uasset" 2003
"C:/Users/Admin/Documents/Unreal Projects/ai-project/Content/ExternalAssets/icons/genericItem_color_004.uexp" 2004
"C:/Users/Admin/Documents/Unreal Projects/ai-project/Content/ExternalAssets/icons/genericItem_color_003.uasset" 2005
"C:/Users/Admin/Documents/Unreal Projects/ai-project/Content/ExternalAssets/icons/genericItem_color_003.uexp" 2006
"C:/Users/Admin/Documents/Unreal Projects/ai-project/Content/ExternalAssets/icons/genericItem_color_002.uasset" 2007
"C:/Users/Admin/Documents/Unreal Projects/ai-project/Content/ExternalAssets/icons/genericItem_color_002.uexp" 2008
"C:/Users/Admin/Documents/Unreal Projects/ai-project/Content/ExternalAssets/FBX_format_graveyard/urn-square_urn-square.ubulk" 2009
"C:/Users/Admin/Documents/Unreal Projects/ai-project/Content/ExternalAssets/FBX_format_graveyard/urn-square_urn-square.uasset" 2010
"C:/Users/Admin/Documents/Unreal Projects/ai-project/Content/ExternalAssets/FBX_format_graveyard/urn-square_urn-square.uexp" 2011
"C:/Users/Admin/Documents/Unreal Projects/ai-project/Content/ExternalAssets/FBX_format_graveyard/urn-square_lid.ubulk" 2012
"C:/Users/Admin/Documents/Unreal Projects/ai-project/Content/ExternalAssets/FBX_format_graveyard/urn-square_lid.uasset" 2013
"C:/Users/Admin/Documents/Unreal Projects/ai-project/Content/ExternalAssets/FBX_format_graveyard/urn-square_lid.uexp" 2014
"C:/Users/Admin/Documents/Unreal Projects/ai-project/Content/ExternalAssets/FBX_format_graveyard/urn-round_urn-round.ubulk" 2015
"C:/Users/Admin/Documents/Unreal Projects/ai-project/Content/ExternalAssets/FBX_format_graveyard/urn-round_urn-round.uasset" 2016
"C:/Users/Admin/Documents/Unreal Projects/ai-project/Content/ExternalAssets/FBX_format_graveyard/urn-round_urn-round.uexp" 2017
"C:/Users/Admin/Documents/Unreal Projects/ai-project/Content/ExternalAssets/FBX_format_graveyard/urn-round_lid.ubulk" 2018
"C:/Users/Admin/Documents/Unreal Projects/ai-project/Content/ExternalAssets/FBX_format_graveyard/urn-round_lid.uasset" 2019
"C:/Users/Admin/Documents/Unreal Projects/ai-project/Content/ExternalAssets/FBX_format_graveyard/urn-round_lid.uexp" 2020
"C:/Users/Admin/Documents/Unreal Projects/ai-project/Content/ExternalAssets/FBX_format_graveyard/trunk_trunk.ubulk" 2021
"C:/Users/Admin/Documents/Unreal Projects/ai-project/Content/ExternalAssets/FBX_format_graveyard/trunk_trunk.uasset" 2022
"C:/Users/Admin/Documents/Unreal Projects/ai-project/Content/ExternalAssets/FBX_format_graveyard/trunk_trunk.uexp" 2023
"C:/Users/Admin/Documents/Unreal Projects/ai-project/Content/ExternalAssets/FBX_format_graveyard/trunk-long_trunk-long.ubulk" 2024
"C:/Users/Admin/Documents/Unreal Projects/ai-project/Content/ExternalAssets/FBX_format_graveyard/trunk-long_trunk-long.uasset" 2025
"C:/Users/Admin/Documents/Unreal Projects/ai-project/Content/ExternalAssets/FBX_format_graveyard/trunk-long_trunk-long.uexp" 2026
"C:/Users/Admin/Documents/Unreal Projects/ai-project/Content/ExternalAssets/FBX_format_graveyard/stone-wall_stone-wall.ubulk" 2027
"C:/Users/Admin/Documents/Unreal Projects/ai-project/Content/ExternalAssets/FBX_format_graveyard/stone-wall_stone-wall.uasset" 2028
"C:/Users/Admin/Documents/Unreal Projects/ai-project/Content/ExternalAssets/FBX_format_graveyard/stone-wall_stone-wall.uexp" 2029
"C:/Users/Admin/Documents/Unreal Projects/ai-project/Content/ExternalAssets/FBX_format_graveyard/stone-wall-damaged_stone-wall-damaged.ubulk" 2030
"C:/Users/Admin/Documents/Unreal Projects/ai-project/Content/ExternalAssets/FBX_format_graveyard/stone-wall-damaged_stone-wall-damaged.uasset" 2031
"C:/Users/Admin/Documents/Unreal Projects/ai-project/Content/ExternalAssets/FBX_format_graveyard/stone-wall-damaged_stone-wall-damaged.uexp" 2032
"C:/Users/Admin/Documents/Unreal Projects/ai-project/Content/ExternalAssets/FBX_format_graveyard/stone-wall-curve_stone-wall-curve.ubulk" 2033
"C:/Users/Admin/Documents/Unreal Projects/ai-project/Content/ExternalAssets/FBX_format_graveyard/stone-wall-curve_stone-wall-curve.uasset" 2034
"C:/Users/Admin/Documents/Unreal Projects/ai-project/Content/ExternalAssets/FBX_format_graveyard/stone-wall-curve_stone-wall-curve.uexp" 2035
"C:/Users/Admin/Documents/Unreal Projects/ai-project/Content/ExternalAssets/FBX_format_graveyard/stone-wall-column_stone-wall-column.ubulk" 2036
"C:/Users/Admin/Documents/Unreal Projects/ai-project/Content/ExternalAssets/FBX_format_graveyard/stone-wall-column_stone-wall-column.uasset" 2037
"C:/Users/Admin/Documents/Unreal Projects/ai-project/Content/ExternalAssets/FBX_format_graveyard/stone-wall-column_stone-wall-column.uexp" 2038
"C:/Users/Admin/Documents/Unreal Projects/ai-project/Content/ExternalAssets/FBX_format_graveyard/shovel-dirt_shovel-dirt.ubulk" 2039
"C:/Users/Admin/Documents/Unreal Projects/ai-project/Content/ExternalAssets/FBX_format_graveyard/shovel-dirt_shovel-dirt.uasset" 2040
"C:/Users/Admin/Documents/Unreal Projects/ai-project/Content/ExternalAssets/FBX_format_graveyard/shovel-dirt_shovel-dirt.uexp" 2041
"C:/Users/Admin/Documents/Unreal Projects/ai-project/Content/ExternalAssets/FBX_format_graveyard/rocks_rocks.ubulk" 2042
"C:/Users/Admin/Documents/Unreal Projects/ai-project/Content/ExternalAssets/FBX_format_graveyard/rocks_rocks.uasset" 2043
"C:/Users/Admin/Documents/Unreal Projects/ai-project/Content/ExternalAssets/FBX_format_graveyard/rocks_rocks.uexp" 2044
"C:/Users/Admin/Documents/Unreal Projects/ai-project/Content/ExternalAssets/FBX_format_graveyard/rocks-tall_rocks-tall.ubulk" 2045
"C:/Users/Admin/Documents/Unreal Projects/ai-project/Content/ExternalAssets/FBX_format_graveyard/rocks-tall_rocks-tall.uasset" 2046
"C:/Users/Admin/Documents/Unreal Projects/ai-project/Content/ExternalAssets/FBX_format_graveyard/rocks-tall_rocks-tall.uexp" 2047
"C:/Users/Admin/Documents/Unreal Projects/ai-project/Content/ExternalAssets/FBX_format_graveyard/road_road.ubulk" 2048
"C:/Users/Admin/Documents/Unreal Projects/ai-project/Content/ExternalAssets/FBX_format_graveyard/road_road.uasset" 2049
"C:/Users/Admin/Documents/Unreal Projects/ai-project/Content/ExternalAssets/FBX_format_graveyard/road_road.uexp" 2050
"C:/Users/Admin/Documents/Unreal Projects/ai-project/Content/ExternalAssets/FBX_format_graveyard/pumpkin_pumpkin.ubulk" 2051
"C:/Users/Admin/Documents/Unreal Projects/ai-project/Content/ExternalAssets/FBX_format_graveyard/pumpkin_pumpkin.uasset" 2052
"C:/Users/Admin/Documents/Unreal Projects/ai-project/Content/ExternalAssets/FBX_format_graveyard/pumpkin_pumpkin.uexp" 2053
"C:/Users/Admin/Documents/Unreal Projects/ai-project/Content/ExternalAssets/FBX_format_graveyard/pumpkin-tall_pumpkin-tall.ubulk" 2054
"C:/Users/Admin/Documents/Unreal Projects/ai-project/Content/ExternalAssets/FBX_format_graveyard/pumpkin-tall_pumpkin-tall.uasset" 2055
"C:/Users/Admin/Documents/Unreal Projects/ai-project/Content/ExternalAssets/FBX_format_graveyard/pumpkin-tall_pumpkin-tall.uexp" 2056
"C:/Users/Admin/Documents/Unreal Projects/ai-project/Content/ExternalAssets/FBX_format_graveyard/pumpkin-tall-carved_pumpkin-tall-carved.ubulk" 2057
"C:/Users/Admin/Documents/Unreal Projects/ai-project/Content/ExternalAssets/FBX_format_graveyard/pumpkin-tall-carved_pumpkin-tall-carved.uasset" 2058
"C:/Users/Admin/Documents/Unreal Projects/ai-project/Content/ExternalAssets/FBX_format_graveyard/pumpkin-tall-carved_pumpkin-tall-carved.uexp" 2059
"C:/Users/Admin/Documents/Unreal Projects/ai-project/Content/ExternalAssets/FBX_format_graveyard/pumpkin-carved_pumpkin-carved.ubulk" 2060
"C:/Users/Admin/Documents/Unreal Projects/ai-project/Content/ExternalAssets/FBX_format_graveyard/pumpkin-carved_pumpkin-carved.uasset" 2061
"C:/Users/Admin/Documents/Unreal Projects/ai-project/Content/ExternalAssets/FBX_format_graveyard/pumpkin-carved_pumpkin-carved.uexp" 2062
"C:/Users/Admin/Documents/Unreal Projects/ai-project/Content/ExternalAssets/FBX_format_graveyard/pine_pine.ubulk" 2063
"C:/Users/Admin/Documents/Unreal Projects/ai-project/Content/ExternalAssets/FBX_format_graveyard/pine_pine.uasset" 2064
"C:/Users/Admin/Documents/Unreal Projects/ai-project/Content/ExternalAssets/FBX_format_graveyard/pine_pine.uexp" 2065
"C:/Users/Admin/Documents/Unreal Projects/ai-project/Content/ExternalAssets/FBX_format_graveyard/pine-fall_pine-fall.ubulk" 2066
"C:/Users/Admin/Documents/Unreal Projects/ai-project/Content/ExternalAssets/FBX_format_graveyard/pine-fall_pine-fall.uasset" 2067
"C:/Users/Admin/Documents/Unreal Projects/ai-project/Content/ExternalAssets/FBX_format_graveyard/pine-fall_pine-fall.uexp" 2068
"C:/Users/Admin/Documents/Unreal Projects/ai-project/Content/ExternalAssets/FBX_format_graveyard/pine-fall-crooked_pine-fall-crooked.ubulk" 2069
"C:/Users/Admin/Documents/Unreal Projects/ai-project/Content/ExternalAssets/FBX_format_graveyard/pine-fall-crooked_pine-fall-crooked.uasset" 2070
"C:/Users/Admin/Documents/Unreal Projects/ai-project/Content/ExternalAssets/FBX_format_graveyard/pine-fall-crooked_pine-fall-crooked.uexp" 2071
"C:/Users/Admin/Documents/Unreal Projects/ai-project/Content/ExternalAssets/FBX_format_graveyard/pine-crooked_pine-crooked.ubulk" 2072
"C:/Users/Admin/Documents/Unreal Projects/ai-project/Content/ExternalAssets/FBX_format_graveyard/pine-crooked_pine-crooked.uasset" 2073
"C:/Users/Admin/Documents/Unreal Projects/ai-project/Content/ExternalAssets/FBX_format_graveyard/pine-crooked_pine-crooked.uexp" 2074
"C:/Users/Admin/Documents/Unreal Projects/ai-project/Content/ExternalAssets/FBX_format_graveyard/pillar-square_pillar-square.ubulk" 2075
"C:/Users/Admin/Documents/Unreal Projects/ai-project/Content/ExternalAssets/FBX_format_graveyard/pillar-square_pillar-square.uasset" 2076
"C:/Users/Admin/Documents/Unreal Projects/ai-project/Content/ExternalAssets/FBX_format_graveyard/pillar-square_pillar-square.uexp" 2077
"C:/Users/Admin/Documents/Unreal Projects/ai-project/Content/ExternalAssets/FBX_format_graveyard/pillar-small_pillar-small.ubulk" 2078
"C:/Users/Admin/Documents/Unreal Projects/ai-project/Content/ExternalAssets/FBX_format_graveyard/pillar-small_pillar-small.uasset" 2079
"C:/Users/Admin/Documents/Unreal Projects/ai-project/Content/ExternalAssets/FBX_format_graveyard/pillar-small_pillar-small.uexp" 2080
"C:/Users/Admin/Documents/Unreal Projects/ai-project/Content/ExternalAssets/FBX_format_graveyard/pillar-obelisk_pillar-obelisk.ubulk" 2081
"C:/Users/Admin/Documents/Unreal Projects/ai-project/Content/ExternalAssets/FBX_format_graveyard/pillar-obelisk_pillar-obelisk.uasset" 2082
"C:/Users/Admin/Documents/Unreal Projects/ai-project/Content/ExternalAssets/FBX_format_graveyard/pillar-obelisk_pillar-obelisk.uexp" 2083
"C:/Users/Admin/Documents/Unreal Projects/ai-project/Content/ExternalAssets/FBX_format_graveyard/pillar-large_pillar-large.ubulk" 2084
"C:/Users/Admin/Documents/Unreal Projects/ai-project/Content/ExternalAssets/FBX_format_graveyard/pillar-large_pillar-large.uasset" 2085
"C:/Users/Admin/Documents/Unreal Projects/ai-project/Content/ExternalAssets/FBX_format_graveyard/pillar-large_pillar-large.uexp" 2086
"C:/Users/Admin/Documents/Unreal Projects/ai-project/Content/ExternalAssets/FBX_format_graveyard/lightpost-single_lightpost-single.ubulk" 2087
"C:/Users/Admin/Documents/Unreal Projects/ai-project/Content/ExternalAssets/FBX_format_graveyard/lightpost-single_lightpost-single.uasset" 2088
"C:/Users/Admin/Documents/Unreal Projects/ai-project/Content/ExternalAssets/FBX_format_graveyard/lightpost-single_lightpost-single.uexp" 2089
"C:/Users/Admin/Documents/Unreal Projects/ai-project/Content/ExternalAssets/FBX_format_graveyard/lightpost-double_lightpost-double.ubulk" 2090
"C:/Users/Admin/Documents/Unreal Projects/ai-project/Content/ExternalAssets/FBX_format_graveyard/lightpost-double_lightpost-double.uasset" 2091
"C:/Users/Admin/Documents/Unreal Projects/ai-project/Content/ExternalAssets/FBX_format_graveyard/lightpost-double_lightpost-double.uexp" 2092
"C:/Users/Admin/Documents/Unreal Projects/ai-project/Content/ExternalAssets/FBX_format_graveyard/lightpost-all_lightpost-all.ubulk" 2093
"C:/Users/Admin/Documents/Unreal Projects/ai-project/Content/ExternalAssets/FBX_format_graveyard/lightpost-all_lightpost-all.uasset" 2094
"C:/Users/Admin/Documents/Unreal Projects/ai-project/Content/ExternalAssets/FBX_format_graveyard/lightpost-all_lightpost-all.uexp" 2095
"C:/Users/Admin/Documents/Unreal Projects/ai-project/Content/ExternalAssets/FBX_format_graveyard/lantern-glass_lantern-glass.ubulk" 2096
"C:/Users/Admin/Documents/Unreal Projects/ai-project/Content/ExternalAssets/FBX_format_graveyard/lantern-glass_lantern-glass.uasset" 2097
"C:/Users/Admin/Documents/Unreal Projects/ai-project/Content/ExternalAssets/FBX_format_graveyard/lantern-glass_lantern-glass.uexp" 2098
"C:/Users/Admin/Documents/Unreal Projects/ai-project/Content/ExternalAssets/FBX_format_graveyard/lantern-candle_lantern-candle.ubulk" 2099
"C:/Users/Admin/Documents/Unreal Projects/ai-project/Content/ExternalAssets/FBX_format_graveyard/lantern-candle_lantern-candle.uasset" 2100
"C:/Users/Admin/Documents/Unreal Projects/ai-project/Content/ExternalAssets/FBX_format_graveyard/lantern-candle_lantern-candle.uexp" 2101
"C:/Users/Admin/Documents/Unreal Projects/ai-project/Content/ExternalAssets/FBX_format_graveyard/iron-fence_iron-fence.ubulk" 2102
"C:/Users/Admin/Documents/Unreal Projects/ai-project/Content/ExternalAssets/FBX_format_graveyard/iron-fence_iron-fence.uasset" 2103
"C:/Users/Admin/Documents/Unreal Projects/ai-project/Content/ExternalAssets/FBX_format_graveyard/iron-fence_iron-fence.uexp" 2104
"C:/Users/Admin/Documents/Unreal Projects/ai-project/Content/ExternalAssets/FBX_format_graveyard/iron-fence-damaged_iron-fence-damaged.ubulk" 2105
"C:/Users/Admin/Documents/Unreal Projects/ai-project/Content/ExternalAssets/FBX_format_graveyard/iron-fence-damaged_iron-fence-damaged.uasset" 2106
"C:/Users/Admin/Documents/Unreal Projects/ai-project/Content/ExternalAssets/FBX_format_graveyard/iron-fence-damaged_iron-fence-damaged.uexp" 2107
"C:/Users/Admin/Documents/Unreal Projects/ai-project/Content/ExternalAssets/FBX_format_graveyard/iron-fence-curve_iron-fence-curve.ubulk" 2108
"C:/Users/Admin/Documents/Unreal Projects/ai-project/Content/ExternalAssets/FBX_format_graveyard/iron-fence-curve_iron-fence-curve.uasset" 2109
"C:/Users/Admin/Documents/Unreal Projects/ai-project/Content/ExternalAssets/FBX_format_graveyard/iron-fence-curve_iron-fence-curve.uexp" 2110
"C:/Users/Admin/Documents/Unreal Projects/ai-project/Content/ExternalAssets/FBX_format_graveyard/iron-fence-bar_iron-fence-bar.ubulk" 2111
"C:/Users/Admin/Documents/Unreal Projects/ai-project/Content/ExternalAssets/FBX_format_graveyard/iron-fence-bar_iron-fence-bar.uasset" 2112
"C:/Users/Admin/Documents/Unreal Projects/ai-project/Content/ExternalAssets/FBX_format_graveyard/iron-fence-bar_iron-fence-bar.uexp" 2113
"C:/Users/Admin/Documents/Unreal Projects/ai-project/Content/ExternalAssets/FBX_format_graveyard/hay-bale_hay-bale.ubulk" 2114
"C:/Users/Admin/Documents/Unreal Projects/ai-project/Content/ExternalAssets/FBX_format_graveyard/hay-bale_hay-bale.uasset" 2115
"C:/Users/Admin/Documents/Unreal Projects/ai-project/Content/ExternalAssets/FBX_format_graveyard/hay-bale_hay-bale.uexp" 2116
"C:/Users/Admin/Documents/Unreal Projects/ai-project/Content/ExternalAssets/FBX_format_graveyard/hay-bale-bundled_hay-bale-bundled.ubulk" 2117
"C:/Users/Admin/Documents/Unreal Projects/ai-project/Content/ExternalAssets/FBX_format_graveyard/hay-bale-bundled_hay-bale-bundled.uasset" 2118
"C:/Users/Admin/Documents/Unreal Projects/ai-project/Content/ExternalAssets/FBX_format_graveyard/hay-bale-bundled_hay-bale-bundled.uexp" 2119
"C:/Users/Admin/Documents/Unreal Projects/ai-project/Content/ExternalAssets/FBX_format_graveyard/grave_grave.ubulk" 2120
"C:/Users/Admin/Documents/Unreal Projects/ai-project/Content/ExternalAssets/FBX_format_graveyard/grave_grave.uasset" 2121
"C:/Users/Admin/Documents/Unreal Projects/ai-project/Content/ExternalAssets/FBX_format_graveyard/grave_grave.uexp" 2122
"C:/Users/Admin/Documents/Unreal Projects/ai-project/Content/ExternalAssets/FBX_format_graveyard/gravestone-wide_gravestone-wide.ubulk" 2123
"C:/Users/Admin/Documents/Unreal Projects/ai-project/Content/ExternalAssets/FBX_format_graveyard/gravestone-wide_gravestone-wide.uasset" 2124
"C:/Users/Admin/Documents/Unreal Projects/ai-project/Content/ExternalAssets/FBX_format_graveyard/gravestone-wide_gravestone-wide.uexp" 2125
"C:/Users/Admin/Documents/Unreal Projects/ai-project/Content/ExternalAssets/FBX_format_graveyard/gravestone-round_gravestone-round.ubulk" 2126
"C:/Users/Admin/Documents/Unreal Projects/ai-project/Content/ExternalAssets/FBX_format_graveyard/gravestone-round_gravestone-round.uasset" 2127
"C:/Users/Admin/Documents/Unreal Projects/ai-project/Content/ExternalAssets/FBX_format_graveyard/gravestone-round_gravestone-round.uexp" 2128
"C:/Users/Admin/Documents/Unreal Projects/ai-project/Content/ExternalAssets/FBX_format_graveyard/gravestone-roof_gravestone-roof.ubulk" 2129
"C:/Users/Admin/Documents/Unreal Projects/ai-project/Content/ExternalAssets/FBX_format_graveyard/gravestone-roof_gravestone-roof.uasset" 2130
"C:/Users/Admin/Documents/Unreal Projects/ai-project/Content/ExternalAssets/FBX_format_graveyard/gravestone-roof_gravestone-roof.uexp" 2131
"C:/Users/Admin/Documents/Unreal Projects/ai-project/Content/ExternalAssets/FBX_format_graveyard/gravestone-decorative_gravestone-decorative.ubulk" 2132
"C:/Users/Admin/Documents/Unreal Projects/ai-project/Content/ExternalAssets/FBX_format_graveyard/gravestone-decorative_gravestone-decorative.uasset" 2133
"C:/Users/Admin/Documents/Unreal Projects/ai-project/Content/ExternalAssets/FBX_format_graveyard/gravestone-decorative_gravestone-decorative.uexp" 2134
"C:/Users/Admin/Documents/Unreal Projects/ai-project/Content/ExternalAssets/FBX_format_graveyard/gravestone-debris_gravestone-debris.ubulk" 2135
"C:/Users/Admin/Documents/Unreal Projects/ai-project/Content/ExternalAssets/FBX_format_graveyard/gravestone-debris_gravestone-debris.uasset" 2136
"C:/Users/Admin/Documents/Unreal Projects/ai-project/Content/ExternalAssets/FBX_format_graveyard/gravestone-debris_gravestone-debris.uexp" 2137
"C:/Users/Admin/Documents/Unreal Projects/ai-project/Content/ExternalAssets/FBX_format_graveyard/gravestone-cross_gravestone-cross.ubulk" 2138
"C:/Users/Admin/Documents/Unreal Projects/ai-project/Content/ExternalAssets/FBX_format_graveyard/gravestone-cross_gravestone-cross.uasset" 2139
"C:/Users/Admin/Documents/Unreal Projects/ai-project/Content/ExternalAssets/FBX_format_graveyard/gravestone-cross_gravestone-cross.uexp" 2140
"C:/Users/Admin/Documents/Unreal Projects/ai-project/Content/ExternalAssets/FBX_format_graveyard/gravestone-cross-large_gravestone-cross-large.ubulk" 2141
"C:/Users/Admin/Documents/Unreal Projects/ai-project/Content/ExternalAssets/FBX_format_graveyard/gravestone-cross-large_gravestone-cross-large.uasset" 2142
"C:/Users/Admin/Documents/Unreal Projects/ai-project/Content/ExternalAssets/FBX_format_graveyard/gravestone-cross-large_gravestone-cross-large.uexp" 2143
"C:/Users/Admin/Documents/Unreal Projects/ai-project/Content/ExternalAssets/FBX_format_graveyard/gravestone-broken_gravestone-broken.ubulk" 2144
"C:/Users/Admin/Documents/Unreal Projects/ai-project/Content/ExternalAssets/FBX_format_graveyard/gravestone-broken_gravestone-broken.uasset" 2145
"C:/Users/Admin/Documents/Unreal Projects/ai-project/Content/ExternalAssets/FBX_format_graveyard/gravestone-broken_gravestone-broken.uexp" 2146
"C:/Users/Admin/Documents/Unreal Projects/ai-project/Content/ExternalAssets/FBX_format_graveyard/gravestone-bevel_gravestone-bevel.ubulk" 2147
"C:/Users/Admin/Documents/Unreal Projects/ai-project/Content/ExternalAssets/FBX_format_graveyard/gravestone-bevel_gravestone-bevel.uasset" 2148
"C:/Users/Admin/Documents/Unreal Projects/ai-project/Content/ExternalAssets/FBX_format_graveyard/gravestone-bevel_gravestone-bevel.uexp" 2149
"C:/Users/Admin/Documents/Unreal Projects/ai-project/Content/ExternalAssets/FBX_format_graveyard/grave-border_grave-border.ubulk" 2150
"C:/Users/Admin/Documents/Unreal Projects/ai-project/Content/ExternalAssets/FBX_format_graveyard/grave-border_grave-border.uasset" 2151
"C:/Users/Admin/Documents/Unreal Projects/ai-project/Content/ExternalAssets/FBX_format_graveyard/grave-border_grave-border.uexp" 2152
"C:/Users/Admin/Documents/Unreal Projects/ai-project/Content/ExternalAssets/FBX_format_graveyard/fire-basket_fire-basket.ubulk" 2153
"C:/Users/Admin/Documents/Unreal Projects/ai-project/Content/ExternalAssets/FBX_format_graveyard/fire-basket_fire-basket.uasset" 2154
"C:/Users/Admin/Documents/Unreal Projects/ai-project/Content/ExternalAssets/FBX_format_graveyard/fire-basket_fire-basket.uexp" 2155
"C:/Users/Admin/Documents/Unreal Projects/ai-project/Content/ExternalAssets/FBX_format_graveyard/fence_fence.ubulk" 2156
"C:/Users/Admin/Documents/Unreal Projects/ai-project/Content/ExternalAssets/FBX_format_graveyard/fence_fence.uasset" 2157
"C:/Users/Admin/Documents/Unreal Projects/ai-project/Content/ExternalAssets/FBX_format_graveyard/fence_fence.uexp" 2158
"C:/Users/Admin/Documents/Unreal Projects/ai-project/Content/ExternalAssets/FBX_format_graveyard/fence-gate_fence-gate.ubulk" 2159
"C:/Users/Admin/Documents/Unreal Projects/ai-project/Content/ExternalAssets/FBX_format_graveyard/fence-gate_fence-gate.uasset" 2160
"C:/Users/Admin/Documents/Unreal Projects/ai-project/Content/ExternalAssets/FBX_format_graveyard/fence-gate_fence-gate.uexp" 2161
"C:/Users/Admin/Documents/Unreal Projects/ai-project/Content/ExternalAssets/FBX_format_graveyard/fence-damaged_fence-damaged.ubulk" 2162
"C:/Users/Admin/Documents/Unreal Projects/ai-project/Content/ExternalAssets/FBX_format_graveyard/fence-damaged_fence-damaged.uasset" 2163
"C:/Users/Admin/Documents/Unreal Projects/ai-project/Content/ExternalAssets/FBX_format_graveyard/fence-damaged_fence-damaged.uexp" 2164
"C:/Users/Admin/Documents/Unreal Projects/ai-project/Content/ExternalAssets/FBX_format_graveyard/detail-plate_detail-plate.ubulk" 2165
"C:/Users/Admin/Documents/Unreal Projects/ai-project/Content/ExternalAssets/FBX_format_graveyard/detail-plate_detail-plate.uasset" 2166
"C:/Users/Admin/Documents/Unreal Projects/ai-project/Content/ExternalAssets/FBX_format_graveyard/detail-plate_detail-plate.uexp" 2167
"C:/Users/Admin/Documents/Unreal Projects/ai-project/Content/ExternalAssets/FBX_format_graveyard/detail-chalice_detail-chalice.ubulk" 2168
"C:/Users/Admin/Documents/Unreal Projects/ai-project/Content/ExternalAssets/FBX_format_graveyard/detail-chalice_detail-chalice.uasset" 2169
"C:/Users/Admin/Documents/Unreal Projects/ai-project/Content/ExternalAssets/FBX_format_graveyard/detail-chalice_detail-chalice.uexp" 2170
"C:/Users/Admin/Documents/Unreal Projects/ai-project/Content/ExternalAssets/FBX_format_graveyard/detail-bowl_detail-bowl.ubulk" 2171
"C:/Users/Admin/Documents/Unreal Projects/ai-project/Content/ExternalAssets/FBX_format_graveyard/detail-bowl_detail-bowl.uasset" 2172
"C:/Users/Admin/Documents/Unreal Projects/ai-project/Content/ExternalAssets/FBX_format_graveyard/detail-bowl_detail-bowl.uexp" 2173
"C:/Users/Admin/Documents/Unreal Projects/ai-project/Content/ExternalAssets/FBX_format_graveyard/debris_debris.ubulk" 2174
"C:/Users/Admin/Documents/Unreal Projects/ai-project/Content/ExternalAssets/FBX_format_graveyard/debris_debris.uasset" 2175
"C:/Users/Admin/Documents/Unreal Projects/ai-project/Content/ExternalAssets/FBX_format_graveyard/debris_debris.uexp" 2176
"C:/Users/Admin/Documents/Unreal Projects/ai-project/Content/ExternalAssets/FBX_format_graveyard/debris-wood_debris-wood.ubulk" 2177
"C:/Users/Admin/Documents/Unreal Projects/ai-project/Content/ExternalAssets/FBX_format_graveyard/debris-wood_debris-wood.uasset" 2178
"C:/Users/Admin/Documents/Unreal Projects/ai-project/Content/ExternalAssets/FBX_format_graveyard/debris-wood_debris-wood.uexp" 2179
"C:/Users/Admin/Documents/Unreal Projects/ai-project/Content/ExternalAssets/FBX_format_graveyard/crypt_crypt.ubulk" 2180
"C:/Users/Admin/Documents/Unreal Projects/ai-project/Content/ExternalAssets/FBX_format_graveyard/crypt_crypt.uasset" 2181
"C:/Users/Admin/Documents/Unreal Projects/ai-project/Content/ExternalAssets/FBX_format_graveyard/crypt_crypt.uexp" 2182
"C:/Users/Admin/Documents/Unreal Projects/ai-project/Content/ExternalAssets/FBX_format_graveyard/crypt-small_crypt-small.ubulk" 2183
"C:/Users/Admin/Documents/Unreal Projects/ai-project/Content/ExternalAssets/FBX_format_graveyard/crypt-small_crypt-small.uasset" 2184
"C:/Users/Admin/Documents/Unreal Projects/ai-project/Content/ExternalAssets/FBX_format_graveyard/crypt-small_crypt-small.uexp" 2185
"C:/Users/Admin/Documents/Unreal Projects/ai-project/Content/ExternalAssets/FBX_format_graveyard/crypt-small-roof_crypt-small-roof.ubulk" 2186
"C:/Users/Admin/Documents/Unreal Projects/ai-project/Content/ExternalAssets/FBX_format_graveyard/crypt-small-roof_crypt-small-roof.uasset" 2187
"C:/Users/Admin/Documents/Unreal Projects/ai-project/Content/ExternalAssets/FBX_format_graveyard/crypt-small-roof_crypt-small-roof.uexp" 2188
"C:/Users/Admin/Documents/Unreal Projects/ai-project/Content/ExternalAssets/FBX_format_graveyard/crypt-large_crypt-large.ubulk" 2189
"C:/Users/Admin/Documents/Unreal Projects/ai-project/Content/ExternalAssets/FBX_format_graveyard/crypt-large_crypt-large.uasset" 2190
"C:/Users/Admin/Documents/Unreal Projects/ai-project/Content/ExternalAssets/FBX_format_graveyard/crypt-large_crypt-large.uexp" 2191
"C:/Users/Admin/Documents/Unreal Projects/ai-project/Content/ExternalAssets/FBX_format_graveyard/crypt-large-roof_crypt-large-roof.ubulk" 2192
"C:/Users/Admin/Documents/Unreal Projects/ai-project/Content/ExternalAssets/FBX_format_graveyard/crypt-large-roof_crypt-large-roof.uasset" 2193
"C:/Users/Admin/Documents/Unreal Projects/ai-project/Content/ExternalAssets/FBX_format_graveyard/crypt-large-roof_crypt-large-roof.uexp" 2194
"C:/Users/Admin/Documents/Unreal Projects/ai-project/Content/ExternalAssets/FBX_format_graveyard/crypt-door_door.ubulk" 2195
"C:/Users/Admin/Documents/Unreal Projects/ai-project/Content/ExternalAssets/FBX_format_graveyard/crypt-door_door.uasset" 2196
"C:/Users/Admin/Documents/Unreal Projects/ai-project/Content/ExternalAssets/FBX_format_graveyard/crypt-door_door.uexp" 2197
"C:/Users/Admin/Documents/Unreal Projects/ai-project/Content/ExternalAssets/FBX_format_graveyard/crypt-b_crypt-b.ubulk" 2198
"C:/Users/Admin/Documents/Unreal Projects/ai-project/Content/ExternalAssets/FBX_format_graveyard/crypt-b_crypt-b.uasset" 2199
"C:/Users/Admin/Documents/Unreal Projects/ai-project/Content/ExternalAssets/FBX_format_graveyard/crypt-b_crypt-b.uexp" 2200
"C:/Users/Admin/Documents/Unreal Projects/ai-project/Content/ExternalAssets/FBX_format_graveyard/crypt-a_crypt-a.ubulk" 2201
"C:/Users/Admin/Documents/Unreal Projects/ai-project/Content/ExternalAssets/FBX_format_graveyard/crypt-a_crypt-a.uasset" 2202
"C:/Users/Admin/Documents/Unreal Projects/ai-project/Content/ExternalAssets/FBX_format_graveyard/crypt-a_crypt-a.uexp" 2203
"C:/Users/Admin/Documents/Unreal Projects/ai-project/Content/ExternalAssets/FBX_format_graveyard/cross_cross.ubulk" 2204
"C:/Users/Admin/Documents/Unreal Projects/ai-project/Content/ExternalAssets/FBX_format_graveyard/cross_cross.uasset" 2205
"C:/Users/Admin/Documents/Unreal Projects/ai-project/Content/ExternalAssets/FBX_format_graveyard/cross_cross.uexp" 2206
"C:/Users/Admin/Documents/Unreal Projects/ai-project/Content/ExternalAssets/FBX_format_graveyard/cross-wood_cross-wood.ubulk" 2207
"C:/Users/Admin/Documents/Unreal Projects/ai-project/Content/ExternalAssets/FBX_format_graveyard/cross-wood_cross-wood.uasset" 2208
"C:/Users/Admin/Documents/Unreal Projects/ai-project/Content/ExternalAssets/FBX_format_graveyard/cross-wood_cross-wood.uexp" 2209
"C:/Users/Admin/Documents/Unreal Projects/ai-project/Content/ExternalAssets/FBX_format_graveyard/cross-column_cross-column.ubulk" 2210
"C:/Users/Admin/Documents/Unreal Projects/ai-project/Content/ExternalAssets/FBX_format_graveyard/cross-column_cross-column.uasset" 2211
"C:/Users/Admin/Documents/Unreal Projects/ai-project/Content/ExternalAssets/FBX_format_graveyard/cross-column_cross-column.uexp" 2212
"C:/Users/Admin/Documents/Unreal Projects/ai-project/Content/ExternalAssets/FBX_format_graveyard/column-large_column-large.ubulk" 2213
"C:/Users/Admin/Documents/Unreal Projects/ai-project/Content/ExternalAssets/FBX_format_graveyard/column-large_column-large.uasset" 2214
"C:/Users/Admin/Documents/Unreal Projects/ai-project/Content/ExternalAssets/FBX_format_graveyard/column-large_column-large.uexp" 2215
"C:/Users/Admin/Documents/Unreal Projects/ai-project/Content/ExternalAssets/FBX_format_graveyard/coffin_lid.ubulk" 2216
"C:/Users/Admin/Documents/Unreal Projects/ai-project/Content/ExternalAssets/FBX_format_graveyard/coffin_lid.uasset" 2217
"C:/Users/Admin/Documents/Unreal Projects/ai-project/Content/ExternalAssets/FBX_format_graveyard/coffin_lid.uexp" 2218
"C:/Users/Admin/Documents/Unreal Projects/ai-project/Content/ExternalAssets/FBX_format_graveyard/coffin_coffin.ubulk" 2219
"C:/Users/Admin/Documents/Unreal Projects/ai-project/Content/ExternalAssets/FBX_format_graveyard/coffin_coffin.uasset" 2220
"C:/Users/Admin/Documents/Unreal Projects/ai-project/Content/ExternalAssets/FBX_format_graveyard/coffin_coffin.uexp" 2221
"C:/Users/Admin/Documents/Unreal Projects/ai-project/Content/ExternalAssets/FBX_format_graveyard/coffin-old_coffin-old.ubulk" 2222
"C:/Users/Admin/Documents/Unreal Projects/ai-project/Content/ExternalAssets/FBX_format_graveyard/coffin-old_coffin-old.uasset" 2223
"C:/Users/Admin/Documents/Unreal Projects/ai-project/Content/ExternalAssets/FBX_format_graveyard/coffin-old_coffin-old.uexp" 2224
"C:/Users/Admin/Documents/Unreal Projects/ai-project/Content/ExternalAssets/FBX_format_graveyard/character-zombie_torso.ubulk" 2225
"C:/Users/Admin/Documents/Unreal Projects/ai-project/Content/ExternalAssets/FBX_format_graveyard/character-zombie_torso.uasset" 2226
"C:/Users/Admin/Documents/Unreal Projects/ai-project/Content/ExternalAssets/FBX_format_graveyard/character-zombie_torso.uexp" 2227
"C:/Users/Admin/Documents/Unreal Projects/ai-project/Content/ExternalAssets/FBX_format_graveyard/character-zombie_leg-right.ubulk" 2228
"C:/Users/Admin/Documents/Unreal Projects/ai-project/Content/ExternalAssets/FBX_format_graveyard/character-zombie_leg-right.uasset" 2229
"C:/Users/Admin/Documents/Unreal Projects/ai-project/Content/ExternalAssets/FBX_format_graveyard/character-zombie_leg-right.uexp" 2230
"C:/Users/Admin/Documents/Unreal Projects/ai-project/Content/ExternalAssets/FBX_format_graveyard/character-zombie_leg-left.ubulk" 2231
"C:/Users/Admin/Documents/Unreal Projects/ai-project/Content/ExternalAssets/FBX_format_graveyard/character-zombie_leg-left.uasset" 2232
"C:/Users/Admin/Documents/Unreal Projects/ai-project/Content/ExternalAssets/FBX_format_graveyard/character-zombie_leg-left.uexp" 2233
"C:/Users/Admin/Documents/Unreal Projects/ai-project/Content/ExternalAssets/FBX_format_graveyard/character-zombie_head.ubulk" 2234
"C:/Users/Admin/Documents/Unreal Projects/ai-project/Content/ExternalAssets/FBX_format_graveyard/character-zombie_head.uasset" 2235
"C:/Users/Admin/Documents/Unreal Projects/ai-project/Content/ExternalAssets/FBX_format_graveyard/character-zombie_head.uexp" 2236
"C:/Users/Admin/Documents/Unreal Projects/ai-project/Content/ExternalAssets/FBX_format_graveyard/character-zombie_arm-right.ubulk" 2237
"C:/Users/Admin/Documents/Unreal Projects/ai-project/Content/ExternalAssets/FBX_format_graveyard/character-zombie_arm-right.uasset" 2238
"C:/Users/Admin/Documents/Unreal Projects/ai-project/Content/ExternalAssets/FBX_format_graveyard/character-zombie_arm-right.uexp" 2239
"C:/Users/Admin/Documents/Unreal Projects/ai-project/Content/ExternalAssets/FBX_format_graveyard/character-zombie_arm-left.ubulk" 2240
"C:/Users/Admin/Documents/Unreal Projects/ai-project/Content/ExternalAssets/FBX_format_graveyard/character-zombie_arm-left.uasset" 2241
"C:/Users/Admin/Documents/Unreal Projects/ai-project/Content/ExternalAssets/FBX_format_graveyard/character-zombie_arm-left.uexp" 2242
"C:/Users/Admin/Documents/Unreal Projects/ai-project/Content/ExternalAssets/FBX_format_graveyard/character-vampire_torso.ubulk" 2243
"C:/Users/Admin/Documents/Unreal Projects/ai-project/Content/ExternalAssets/FBX_format_graveyard/character-vampire_torso.uasset" 2244
"C:/Users/Admin/Documents/Unreal Projects/ai-project/Content/ExternalAssets/FBX_format_graveyard/character-vampire_torso.uexp" 2245
"C:/Users/Admin/Documents/Unreal Projects/ai-project/Content/ExternalAssets/FBX_format_graveyard/character-vampire_leg-right.ubulk" 2246
"C:/Users/Admin/Documents/Unreal Projects/ai-project/Content/ExternalAssets/FBX_format_graveyard/character-vampire_leg-right.uasset" 2247
"C:/Users/Admin/Documents/Unreal Projects/ai-project/Content/ExternalAssets/FBX_format_graveyard/character-vampire_leg-right.uexp" 2248
"C:/Users/Admin/Documents/Unreal Projects/ai-project/Content/ExternalAssets/FBX_format_graveyard/character-vampire_leg-left.ubulk" 2249
"C:/Users/Admin/Documents/Unreal Projects/ai-project/Content/ExternalAssets/FBX_format_graveyard/character-vampire_leg-left.uasset" 2250
"C:/Users/Admin/Documents/Unreal Projects/ai-project/Content/ExternalAssets/FBX_format_graveyard/character-vampire_leg-left.uexp" 2251
"C:/Users/Admin/Documents/Unreal Projects/ai-project/Content/ExternalAssets/FBX_format_graveyard/character-vampire_head.ubulk" 2252
"C:/Users/Admin/Documents/Unreal Projects/ai-project/Content/ExternalAssets/FBX_format_graveyard/character-vampire_head.uasset" 2253
"C:/Users/Admin/Documents/Unreal Projects/ai-project/Content/ExternalAssets/FBX_format_graveyard/character-vampire_head.uexp" 2254
"C:/Users/Admin/Documents/Unreal Projects/ai-project/Content/ExternalAssets/FBX_format_graveyard/character-vampire_arm-right.ubulk" 2255
"C:/Users/Admin/Documents/Unreal Projects/ai-project/Content/ExternalAssets/FBX_format_graveyard/character-vampire_arm-right.uasset" 2256
"C:/Users/Admin/Documents/Unreal Projects/ai-project/Content/ExternalAssets/FBX_format_graveyard/character-vampire_arm-right.uexp" 2257
"C:/Users/Admin/Documents/Unreal Projects/ai-project/Content/ExternalAssets/FBX_format_graveyard/character-vampire_arm-left.ubulk" 2258
"C:/Users/Admin/Documents/Unreal Projects/ai-project/Content/ExternalAssets/FBX_format_graveyard/character-vampire_arm-left.uasset" 2259
"C:/Users/Admin/Documents/Unreal Projects/ai-project/Content/ExternalAssets/FBX_format_graveyard/character-vampire_arm-left.uexp" 2260
"C:/Users/Admin/Documents/Unreal Projects/ai-project/Content/ExternalAssets/FBX_format_graveyard/character-skeleton_torso.ubulk" 2261
"C:/Users/Admin/Documents/Unreal Projects/ai-project/Content/ExternalAssets/FBX_format_graveyard/character-skeleton_torso.uasset" 2262
"C:/Users/Admin/Documents/Unreal Projects/ai-project/Content/ExternalAssets/FBX_format_graveyard/character-skeleton_torso.uexp" 2263
"C:/Users/Admin/Documents/Unreal Projects/ai-project/Content/ExternalAssets/FBX_format_graveyard/character-skeleton_leg-right.ubulk" 2264
"C:/Users/Admin/Documents/Unreal Projects/ai-project/Content/ExternalAssets/FBX_format_graveyard/character-skeleton_leg-right.uasset" 2265
"C:/Users/Admin/Documents/Unreal Projects/ai-project/Content/ExternalAssets/FBX_format_graveyard/character-skeleton_leg-right.uexp" 2266
"C:/Users/Admin/Documents/Unreal Projects/ai-project/Content/ExternalAssets/FBX_format_graveyard/character-skeleton_leg-left.ubulk" 2267
"C:/Users/Admin/Documents/Unreal Projects/ai-project/Content/ExternalAssets/FBX_format_graveyard/character-skeleton_leg-left.uasset" 2268
"C:/Users/Admin/Documents/Unreal Projects/ai-project/Content/ExternalAssets/FBX_format_graveyard/character-skeleton_leg-left.uexp" 2269
"C:/Users/Admin/Documents/Unreal Projects/ai-project/Content/ExternalAssets/FBX_format_graveyard/character-skeleton_head.ubulk" 2270
"C:/Users/Admin/Documents/Unreal Projects/ai-project/Content/ExternalAssets/FBX_format_graveyard/character-skeleton_head.uasset" 2271
"C:/Users/Admin/Documents/Unreal Projects/ai-project/Content/ExternalAssets/FBX_format_graveyard/character-skeleton_head.uexp" 2272
"C:/Users/Admin/Documents/Unreal Projects/ai-project/Content/ExternalAssets/FBX_format_graveyard/character-skeleton_arm-right.ubulk" 2273
"C:/Users/Admin/Documents/Unreal Projects/ai-project/Content/ExternalAssets/FBX_format_graveyard/character-skeleton_arm-right.uasset" 2274
"C:/Users/Admin/Documents/Unreal Projects/ai-project/Content/ExternalAssets/FBX_format_graveyard/character-skeleton_arm-right.uexp" 2275
"C:/Users/Admin/Documents/Unreal Projects/ai-project/Content/ExternalAssets/FBX_format_graveyard/character-skeleton_arm-left.ubulk" 2276
"C:/Users/Admin/Documents/Unreal Projects/ai-project/Content/ExternalAssets/FBX_format_graveyard/character-skeleton_arm-left.uasset" 2277
"C:/Users/Admin/Documents/Unreal Projects/ai-project/Content/ExternalAssets/FBX_format_graveyard/character-skeleton_arm-left.uexp" 2278
"C:/Users/Admin/Documents/Unreal Projects/ai-project/Content/ExternalAssets/FBX_format_graveyard/character-keeper_torso.ubulk" 2279
"C:/Users/Admin/Documents/Unreal Projects/ai-project/Content/ExternalAssets/FBX_format_graveyard/character-keeper_torso.uasset" 2280
"C:/Users/Admin/Documents/Unreal Projects/ai-project/Content/ExternalAssets/FBX_format_graveyard/character-keeper_torso.uexp" 2281
"C:/Users/Admin/Documents/Unreal Projects/ai-project/Content/ExternalAssets/FBX_format_graveyard/character-keeper_leg-right.ubulk" 2282
"C:/Users/Admin/Documents/Unreal Projects/ai-project/Content/ExternalAssets/FBX_format_graveyard/character-keeper_leg-right.uasset" 2283
"C:/Users/Admin/Documents/Unreal Projects/ai-project/Content/ExternalAssets/FBX_format_graveyard/character-keeper_leg-right.uexp" 2284
"C:/Users/Admin/Documents/Unreal Projects/ai-project/Content/ExternalAssets/FBX_format_graveyard/character-keeper_leg-left.ubulk" 2285
"C:/Users/Admin/Documents/Unreal Projects/ai-project/Content/ExternalAssets/FBX_format_graveyard/character-keeper_leg-left.uasset" 2286
"C:/Users/Admin/Documents/Unreal Projects/ai-project/Content/ExternalAssets/FBX_format_graveyard/character-keeper_leg-left.uexp" 2287
"C:/Users/Admin/Documents/Unreal Projects/ai-project/Content/ExternalAssets/FBX_format_graveyard/character-keeper_head.ubulk" 2288
"C:/Users/Admin/Documents/Unreal Projects/ai-project/Content/ExternalAssets/FBX_format_graveyard/character-keeper_head.uasset" 2289
"C:/Users/Admin/Documents/Unreal Projects/ai-project/Content/ExternalAssets/FBX_format_graveyard/character-keeper_head.uexp" 2290
"C:/Users/Admin/Documents/Unreal Projects/ai-project/Content/ExternalAssets/FBX_format_graveyard/character-keeper_arm-right.ubulk" 2291
"C:/Users/Admin/Documents/Unreal Projects/ai-project/Content/ExternalAssets/FBX_format_graveyard/character-keeper_arm-right.uasset" 2292
"C:/Users/Admin/Documents/Unreal Projects/ai-project/Content/ExternalAssets/FBX_format_graveyard/character-keeper_arm-right.uexp" 2293
"C:/Users/Admin/Documents/Unreal Projects/ai-project/Content/ExternalAssets/FBX_format_graveyard/character-keeper_arm-left.ubulk" 2294
"C:/Users/Admin/Documents/Unreal Projects/ai-project/Content/ExternalAssets/FBX_format_graveyard/character-keeper_arm-left.uasset" 2295
"C:/Users/Admin/Documents/Unreal Projects/ai-project/Content/ExternalAssets/FBX_format_graveyard/character-keeper_arm-left.uexp" 2296
"C:/Users/Admin/Documents/Unreal Projects/ai-project/Content/ExternalAssets/FBX_format_graveyard/character-ghost_torso.ubulk" 2297
"C:/Users/Admin/Documents/Unreal Projects/ai-project/Content/ExternalAssets/FBX_format_graveyard/character-ghost_torso.uasset" 2298
"C:/Users/Admin/Documents/Unreal Projects/ai-project/Content/ExternalAssets/FBX_format_graveyard/character-ghost_torso.uexp" 2299
"C:/Users/Admin/Documents/Unreal Projects/ai-project/Content/ExternalAssets/FBX_format_graveyard/character-ghost_arm-right.ubulk" 2300
"C:/Users/Admin/Documents/Unreal Projects/ai-project/Content/ExternalAssets/FBX_format_graveyard/character-ghost_arm-right.uasset" 2301
"C:/Users/Admin/Documents/Unreal Projects/ai-project/Content/ExternalAssets/FBX_format_graveyard/character-ghost_arm-right.uexp" 2302
"C:/Users/Admin/Documents/Unreal Projects/ai-project/Content/ExternalAssets/FBX_format_graveyard/character-ghost_arm-left.ubulk" 2303
"C:/Users/Admin/Documents/Unreal Projects/ai-project/Content/ExternalAssets/FBX_format_graveyard/character-ghost_arm-left.uasset" 2304
"C:/Users/Admin/Documents/Unreal Projects/ai-project/Content/ExternalAssets/FBX_format_graveyard/character-ghost_arm-left.uexp" 2305
"C:/Users/Admin/Documents/Unreal Projects/ai-project/Content/ExternalAssets/FBX_format_graveyard/candle.ubulk" 2306
"C:/Users/Admin/Documents/Unreal Projects/ai-project/Content/ExternalAssets/FBX_format_graveyard/candle.uasset" 2307
"C:/Users/Admin/Documents/Unreal Projects/ai-project/Content/ExternalAssets/FBX_format_graveyard/candle.uexp" 2308
"C:/Users/Admin/Documents/Unreal Projects/ai-project/Content/ExternalAssets/FBX_format_graveyard/candle-multiple.ubulk" 2309
"C:/Users/Admin/Documents/Unreal Projects/ai-project/Content/ExternalAssets/FBX_format_graveyard/candle-multiple.uasset" 2310
"C:/Users/Admin/Documents/Unreal Projects/ai-project/Content/ExternalAssets/FBX_format_graveyard/candle-multiple.uexp" 2311
"C:/Users/Admin/Documents/Unreal Projects/ai-project/Content/ExternalAssets/FBX_format_graveyard/brick-wall-end.ubulk" 2312
"C:/Users/Admin/Documents/Unreal Projects/ai-project/Content/ExternalAssets/FBX_format_graveyard/brick-wall-end.uasset" 2313
"C:/Users/Admin/Documents/Unreal Projects/ai-project/Content/ExternalAssets/FBX_format_graveyard/brick-wall-end.uexp" 2314
"C:/Users/Admin/Documents/Unreal Projects/ai-project/Content/ExternalAssets/FBX_format_graveyard/brick-wall-curve-small.ubulk" 2315
"C:/Users/Admin/Documents/Unreal Projects/ai-project/Content/ExternalAssets/FBX_format_graveyard/brick-wall-curve-small.uasset" 2316
"C:/Users/Admin/Documents/Unreal Projects/ai-project/Content/ExternalAssets/FBX_format_graveyard/brick-wall-curve-small.uexp" 2317
"C:/Users/Admin/Documents/Unreal Projects/ai-project/Content/ExternalAssets/FBX_format_graveyard/border-pillar.ubulk" 2318
"C:/Users/Admin/Documents/Unreal Projects/ai-project/Content/ExternalAssets/FBX_format_graveyard/border-pillar.uasset" 2319
"C:/Users/Admin/Documents/Unreal Projects/ai-project/Content/ExternalAssets/FBX_format_graveyard/border-pillar.uexp" 2320
"C:/Users/Admin/Documents/Unreal Projects/ai-project/Content/ExternalAssets/FBX_format_graveyard/bench.ubulk" 2321
"C:/Users/Admin/Documents/Unreal Projects/ai-project/Content/ExternalAssets/FBX_format_graveyard/bench.uasset" 2322
"C:/Users/Admin/Documents/Unreal Projects/ai-project/Content/ExternalAssets/FBX_format_graveyard/bench.uexp" 2323
"C:/Users/Admin/Documents/Unreal Projects/ai-project/Content/ExternalAssets/FBX_format_graveyard/bench-damaged.ubulk" 2324
"C:/Users/Admin/Documents/Unreal Projects/ai-project/Content/ExternalAssets/FBX_format_graveyard/bench-damaged.uasset" 2325
"C:/Users/Admin/Documents/Unreal Projects/ai-project/Content/ExternalAssets/FBX_format_graveyard/bench-damaged.uexp" 2326
"C:/Users/Admin/Documents/Unreal Projects/ai-project/Content/ExternalAssets/FBX_format_graveyard/altar-wood.ubulk" 2327
"C:/Users/Admin/Documents/Unreal Projects/ai-project/Content/ExternalAssets/FBX_format_graveyard/altar-wood.uasset" 2328
"C:/Users/Admin/Documents/Unreal Projects/ai-project/Content/ExternalAssets/FBX_format_graveyard/altar-wood.uexp" 2329
"C:/Users/Admin/Documents/Unreal Projects/ai-project/Content/ExternalAssets/FBX_format_graveyard/altar-stone.ubulk" 2330
"C:/Users/Admin/Documents/Unreal Projects/ai-project/Content/ExternalAssets/FBX_format_graveyard/altar-stone.uasset" 2331
"C:/Users/Admin/Documents/Unreal Projects/ai-project/Content/ExternalAssets/FBX_format_graveyard/altar-stone.uexp" 2332
"C:/Users/Admin/Documents/Unreal Projects/ai-project/Content/ExternalAssets/FBX_format_graveyard/Textures/colormap.ubulk" 2333
"C:/Users/Admin/Documents/Unreal Projects/ai-project/Content/ExternalAssets/FBX_format_graveyard/Textures/colormap.uasset" 2334
"C:/Users/Admin/Documents/Unreal Projects/ai-project/Content/ExternalAssets/FBX_format_graveyard/Textures/colormap.uexp" 2335
"C:/Users/Admin/Documents/Unreal Projects/ai-project/Content/ExternalAssets/FBX_format_furni/_defaultMat.uasset" 2336
"C:/Users/Admin/Documents/Unreal Projects/ai-project/Content/ExternalAssets/FBX_format_furni/_defaultMat.uexp" 2337
"C:/Users/Admin/Documents/Unreal Projects/ai-project/Content/ExternalAssets/FBX_format_furni/metal.uasset" 2338
"C:/Users/Admin/Documents/Unreal Projects/ai-project/Content/ExternalAssets/FBX_format_furni/metal.uexp" 2339
"C:/Users/Admin/Documents/Unreal Projects/ai-project/Content/ExternalAssets/FBX_format_furni/glass.uasset" 2340
"C:/Users/Admin/Documents/Unreal Projects/ai-project/Content/ExternalAssets/FBX_format_furni/glass.uexp" 2341
"C:/Users/Admin/Documents/Unreal Projects/ai-project/Content/ExternalAssets/FBX_format_furni/washer_washerDoor.ubulk" 2342
"C:/Users/Admin/Documents/Unreal Projects/ai-project/Content/ExternalAssets/FBX_format_furni/washer_washerDoor.uasset" 2343
"C:/Users/Admin/Documents/Unreal Projects/ai-project/Content/ExternalAssets/FBX_format_furni/washer_washerDoor.uexp" 2344
"C:/Users/Admin/Documents/Unreal Projects/ai-project/Content/ExternalAssets/FBX_format_furni/metalDark.uasset" 2345
"C:/Users/Admin/Documents/Unreal Projects/ai-project/Content/ExternalAssets/FBX_format_furni/metalDark.uexp" 2346
"C:/Users/Admin/Documents/Unreal Projects/ai-project/Content/ExternalAssets/FBX_format_furni/metalMedium.uasset" 2347
"C:/Users/Admin/Documents/Unreal Projects/ai-project/Content/ExternalAssets/FBX_format_furni/metalMedium.uexp" 2348
"C:/Users/Admin/Documents/Unreal Projects/ai-project/Content/ExternalAssets/FBX_format_furni/metalLight.uasset" 2349
"C:/Users/Admin/Documents/Unreal Projects/ai-project/Content/ExternalAssets/FBX_format_furni/metalLight.uexp" 2350
"C:/Users/Admin/Documents/Unreal Projects/ai-project/Content/ExternalAssets/FBX_format_furni/washer_washer.ubulk" 2351
"C:/Users/Admin/Documents/Unreal Projects/ai-project/Content/ExternalAssets/FBX_format_furni/washer_washer.uasset" 2352
"C:/Users/Admin/Documents/Unreal Projects/ai-project/Content/ExternalAssets/FBX_format_furni/washer_washer.uexp" 2353
"C:/Users/Admin/Documents/Unreal Projects/ai-project/Content/ExternalAssets/FBX_format_furni/washerDryerStacked_washerDryerStacked.ubulk" 2354
"C:/Users/Admin/Documents/Unreal Projects/ai-project/Content/ExternalAssets/FBX_format_furni/washerDryerStacked_washerDryerStacked.uasset" 2355
"C:/Users/Admin/Documents/Unreal Projects/ai-project/Content/ExternalAssets/FBX_format_furni/washerDryerStacked_washerDryerStacked.uexp" 2356
"C:/Users/Admin/Documents/Unreal Projects/ai-project/Content/ExternalAssets/FBX_format_furni/washerDryerStacked_washerDoor.ubulk" 2357
"C:/Users/Admin/Documents/Unreal Projects/ai-project/Content/ExternalAssets/FBX_format_furni/washerDryerStacked_washerDoor.uasset" 2358
"C:/Users/Admin/Documents/Unreal Projects/ai-project/Content/ExternalAssets/FBX_format_furni/washerDryerStacked_washerDoor.uexp" 2359
"C:/Users/Admin/Documents/Unreal Projects/ai-project/Content/ExternalAssets/FBX_format_furni/washerDryerStacked_dryerDoor.ubulk" 2360
"C:/Users/Admin/Documents/Unreal Projects/ai-project/Content/ExternalAssets/FBX_format_furni/washerDryerStacked_dryerDoor.uasset" 2361
"C:/Users/Admin/Documents/Unreal Projects/ai-project/Content/ExternalAssets/FBX_format_furni/washerDryerStacked_dryerDoor.uexp" 2362
"C:/Users/Admin/Documents/Unreal Projects/ai-project/Content/ExternalAssets/FBX_format_furni/wood.uasset" 2363
"C:/Users/Admin/Documents/Unreal Projects/ai-project/Content/ExternalAssets/FBX_format_furni/wood.uexp" 2364
"C:/Users/Admin/Documents/Unreal Projects/ai-project/Content/ExternalAssets/FBX_format_furni/wall_wall.ubulk" 2365
"C:/Users/Admin/Documents/Unreal Projects/ai-project/Content/ExternalAssets/FBX_format_furni/wall_wall.uasset" 2366
"C:/Users/Admin/Documents/Unreal Projects/ai-project/Content/ExternalAssets/FBX_format_furni/wall_wall.uexp" 2367
"C:/Users/Admin/Documents/Unreal Projects/ai-project/Content/ExternalAssets/FBX_format_furni/wallWindow_window.ubulk" 2368
"C:/Users/Admin/Documents/Unreal Projects/ai-project/Content/ExternalAssets/FBX_format_furni/wallWindow_window.uasset" 2369
"C:/Users/Admin/Documents/Unreal Projects/ai-project/Content/ExternalAssets/FBX_format_furni/wallWindow_window.uexp" 2370
"C:/Users/Admin/Documents/Unreal Projects/ai-project/Content/ExternalAssets/FBX_format_furni/wallWindow_wallWindow.ubulk" 2371
"C:/Users/Admin/Documents/Unreal Projects/ai-project/Content/ExternalAssets/FBX_format_furni/wallWindow_wallWindow.uasset" 2372
"C:/Users/Admin/Documents/Unreal Projects/ai-project/Content/ExternalAssets/FBX_format_furni/wallWindow_wallWindow.uexp" 2373
"C:/Users/Admin/Documents/Unreal Projects/ai-project/Content/ExternalAssets/FBX_format_furni/wallWindowSlide_windowTop.ubulk" 2374
"C:/Users/Admin/Documents/Unreal Projects/ai-project/Content/ExternalAssets/FBX_format_furni/wallWindowSlide_windowTop.uasset" 2375
"C:/Users/Admin/Documents/Unreal Projects/ai-project/Content/ExternalAssets/FBX_format_furni/wallWindowSlide_windowTop.uexp" 2376
"C:/Users/Admin/Documents/Unreal Projects/ai-project/Content/ExternalAssets/FBX_format_furni/wallWindowSlide_windowBottom.ubulk" 2377
"C:/Users/Admin/Documents/Unreal Projects/ai-project/Content/ExternalAssets/FBX_format_furni/wallWindowSlide_windowBottom.uasset" 2378
"C:/Users/Admin/Documents/Unreal Projects/ai-project/Content/ExternalAssets/FBX_format_furni/wallWindowSlide_windowBottom.uexp" 2379
"C:/Users/Admin/Documents/Unreal Projects/ai-project/Content/ExternalAssets/FBX_format_furni/wallWindowSlide_wallWindowSlide.ubulk" 2380
"C:/Users/Admin/Documents/Unreal Projects/ai-project/Content/ExternalAssets/FBX_format_furni/wallWindowSlide_wallWindowSlide.uasset" 2381
"C:/Users/Admin/Documents/Unreal Projects/ai-project/Content/ExternalAssets/FBX_format_furni/wallWindowSlide_wallWindowSlide.uexp" 2382
"C:/Users/Admin/Documents/Unreal Projects/ai-project/Content/ExternalAssets/FBX_format_furni/wallHalf_wallHalf.ubulk" 2383
"C:/Users/Admin/Documents/Unreal Projects/ai-project/Content/ExternalAssets/FBX_format_furni/wallHalf_wallHalf.uasset" 2384
"C:/Users/Admin/Documents/Unreal Projects/ai-project/Content/ExternalAssets/FBX_format_furni/wallHalf_wallHalf.uexp" 2385
"C:/Users/Admin/Documents/Unreal Projects/ai-project/Content/ExternalAssets/FBX_format_furni/wallDoorway_wallDoorway.ubulk" 2386
"C:/Users/Admin/Documents/Unreal Projects/ai-project/Content/ExternalAssets/FBX_format_furni/wallDoorway_wallDoorway.uasset" 2387
"C:/Users/Admin/Documents/Unreal Projects/ai-project/Content/ExternalAssets/FBX_format_furni/wallDoorway_wallDoorway.uexp" 2388
"C:/Users/Admin/Documents/Unreal Projects/ai-project/Content/ExternalAssets/FBX_format_furni/wallDoorwayWide_wallDoorwayWide.ubulk" 2389
"C:/Users/Admin/Documents/Unreal Projects/ai-project/Content/ExternalAssets/FBX_format_furni/wallDoorwayWide_wallDoorwayWide.uasset" 2390
"C:/Users/Admin/Documents/Unreal Projects/ai-project/Content/ExternalAssets/FBX_format_furni/wallDoorwayWide_wallDoorwayWide.uexp" 2391
"C:/Users/Admin/Documents/Unreal Projects/ai-project/Content/ExternalAssets/FBX_format_furni/wallCorner_wallCorner.ubulk" 2392
"C:/Users/Admin/Documents/Unreal Projects/ai-project/Content/ExternalAssets/FBX_format_furni/wallCorner_wallCorner.uasset" 2393
"C:/Users/Admin/Documents/Unreal Projects/ai-project/Content/ExternalAssets/FBX_format_furni/wallCorner_wallCorner.uexp" 2394
"C:/Users/Admin/Documents/Unreal Projects/ai-project/Content/ExternalAssets/FBX_format_furni/wallCornerRond_wallCornerRond.ubulk" 2395
"C:/Users/Admin/Documents/Unreal Projects/ai-project/Content/ExternalAssets/FBX_format_furni/wallCornerRond_wallCornerRond.uasset" 2396
"C:/Users/Admin/Documents/Unreal Projects/ai-project/Content/ExternalAssets/FBX_format_furni/wallCornerRond_wallCornerRond.uexp" 2397
"C:/Users/Admin/Documents/Unreal Projects/ai-project/Content/ExternalAssets/FBX_format_furni/trashcan_trashcan.ubulk" 2398
"C:/Users/Admin/Documents/Unreal Projects/ai-project/Content/ExternalAssets/FBX_format_furni/trashcan_trashcan.uasset" 2399
"C:/Users/Admin/Documents/Unreal Projects/ai-project/Content/ExternalAssets/FBX_format_furni/trashcan_trashcan.uexp" 2400
"C:/Users/Admin/Documents/Unreal Projects/ai-project/Content/ExternalAssets/FBX_format_furni/toilet_cover.ubulk" 2401
"C:/Users/Admin/Documents/Unreal Projects/ai-project/Content/ExternalAssets/FBX_format_furni/toilet_cover.uasset" 2402
"C:/Users/Admin/Documents/Unreal Projects/ai-project/Content/ExternalAssets/FBX_format_furni/toilet_cover.uexp" 2403
"C:/Users/Admin/Documents/Unreal Projects/ai-project/Content/ExternalAssets/FBX_format_furni/carpetWhite.uasset" 2404
"C:/Users/Admin/Documents/Unreal Projects/ai-project/Content/ExternalAssets/FBX_format_furni/carpetWhite.uexp" 2405
"C:/Users/Admin/Documents/Unreal Projects/ai-project/Content/ExternalAssets/FBX_format_furni/toiletSquare_toiletSquare.ubulk" 2406
"C:/Users/Admin/Documents/Unreal Projects/ai-project/Content/ExternalAssets/FBX_format_furni/toiletSquare_toiletSquare.uasset" 2407
"C:/Users/Admin/Documents/Unreal Projects/ai-project/Content/ExternalAssets/FBX_format_furni/toiletSquare_toiletSquare.uexp" 2408
"C:/Users/Admin/Documents/Unreal Projects/ai-project/Content/ExternalAssets/FBX_format_furni/toiletSquare_Group.ubulk" 2409
"C:/Users/Admin/Documents/Unreal Projects/ai-project/Content/ExternalAssets/FBX_format_furni/toiletSquare_Group.uasset" 2410
"C:/Users/Admin/Documents/Unreal Projects/ai-project/Content/ExternalAssets/FBX_format_furni/toiletSquare_Group.uexp" 2411
"C:/Users/Admin/Documents/Unreal Projects/ai-project/Content/ExternalAssets/FBX_format_furni/toaster_toaster.ubulk" 2412
"C:/Users/Admin/Documents/Unreal Projects/ai-project/Content/ExternalAssets/FBX_format_furni/toaster_toaster.uasset" 2413
"C:/Users/Admin/Documents/Unreal Projects/ai-project/Content/ExternalAssets/FBX_format_furni/toaster_toaster.uexp" 2414
"C:/Users/Admin/Documents/Unreal Projects/ai-project/Content/ExternalAssets/FBX_format_furni/televisionVintage_televisionVintage.ubulk" 2415
"C:/Users/Admin/Documents/Unreal Projects/ai-project/Content/ExternalAssets/FBX_format_furni/televisionVintage_televisionVintage.uasset" 2416
"C:/Users/Admin/Documents/Unreal Projects/ai-project/Content/ExternalAssets/FBX_format_furni/televisionVintage_televisionVintage.uexp" 2417
"C:/Users/Admin/Documents/Unreal Projects/ai-project/Content/ExternalAssets/FBX_format_furni/televisionModern_televisionModern.ubulk" 2418
"C:/Users/Admin/Documents/Unreal Projects/ai-project/Content/ExternalAssets/FBX_format_furni/televisionModern_televisionModern.uasset" 2419
"C:/Users/Admin/Documents/Unreal Projects/ai-project/Content/ExternalAssets/FBX_format_furni/televisionModern_televisionModern.uexp" 2420
"C:/Users/Admin/Documents/Unreal Projects/ai-project/Content/ExternalAssets/FBX_format_furni/televisionAntenna_televisionAntenna.ubulk" 2421
"C:/Users/Admin/Documents/Unreal Projects/ai-project/Content/ExternalAssets/FBX_format_furni/televisionAntenna_televisionAntenna.uasset" 2422
"C:/Users/Admin/Documents/Unreal Projects/ai-project/Content/ExternalAssets/FBX_format_furni/televisionAntenna_televisionAntenna.uexp" 2423
"C:/Users/Admin/Documents/Unreal Projects/ai-project/Content/ExternalAssets/FBX_format_furni/table_table.ubulk" 2424
"C:/Users/Admin/Documents/Unreal Projects/ai-project/Content/ExternalAssets/FBX_format_furni/table_table.uasset" 2425
"C:/Users/Admin/Documents/Unreal Projects/ai-project/Content/ExternalAssets/FBX_format_furni/table_table.uexp" 2426
"C:/Users/Admin/Documents/Unreal Projects/ai-project/Content/ExternalAssets/FBX_format_furni/tableRound_tableRound.ubulk" 2427
"C:/Users/Admin/Documents/Unreal Projects/ai-project/Content/ExternalAssets/FBX_format_furni/tableRound_tableRound.uasset" 2428
"C:/Users/Admin/Documents/Unreal Projects/ai-project/Content/ExternalAssets/FBX_format_furni/tableRound_tableRound.uexp" 2429
"C:/Users/Admin/Documents/Unreal Projects/ai-project/Content/ExternalAssets/FBX_format_furni/tableGlass_tableGlass.ubulk" 2430
"C:/Users/Admin/Documents/Unreal Projects/ai-project/Content/ExternalAssets/FBX_format_furni/tableGlass_tableGlass.uasset" 2431
"C:/Users/Admin/Documents/Unreal Projects/ai-project/Content/ExternalAssets/FBX_format_furni/tableGlass_tableGlass.uexp" 2432
"C:/Users/Admin/Documents/Unreal Projects/ai-project/Content/ExternalAssets/FBX_format_furni/carpet.uasset" 2433
"C:/Users/Admin/Documents/Unreal Projects/ai-project/Content/ExternalAssets/FBX_format_furni/carpet.uexp" 2434
"C:/Users/Admin/Documents/Unreal Projects/ai-project/Content/ExternalAssets/FBX_format_furni/tableCrossCloth_tableCrossCloth.ubulk" 2435
"C:/Users/Admin/Documents/Unreal Projects/ai-project/Content/ExternalAssets/FBX_format_furni/tableCrossCloth_tableCrossCloth.uasset" 2436
"C:/Users/Admin/Documents/Unreal Projects/ai-project/Content/ExternalAssets/FBX_format_furni/tableCrossCloth_tableCrossCloth.uexp" 2437
"C:/Users/Admin/Documents/Unreal Projects/ai-project/Content/ExternalAssets/FBX_format_furni/tableCoffee_tableCoffee.ubulk" 2438
"C:/Users/Admin/Documents/Unreal Projects/ai-project/Content/ExternalAssets/FBX_format_furni/tableCoffee_tableCoffee.uasset" 2439
"C:/Users/Admin/Documents/Unreal Projects/ai-project/Content/ExternalAssets/FBX_format_furni/tableCoffee_tableCoffee.uexp" 2440
"C:/Users/Admin/Documents/Unreal Projects/ai-project/Content/ExternalAssets/FBX_format_furni/tableCoffeeGlass_tableCoffeeGlass.ubulk" 2441
"C:/Users/Admin/Documents/Unreal Projects/ai-project/Content/ExternalAssets/FBX_format_furni/tableCoffeeGlass_tableCoffeeGlass.uasset" 2442
"C:/Users/Admin/Documents/Unreal Projects/ai-project/Content/ExternalAssets/FBX_format_furni/tableCoffeeGlass_tableCoffeeGlass.uexp" 2443
"C:/Users/Admin/Documents/Unreal Projects/ai-project/Content/ExternalAssets/FBX_format_furni/tableCoffeeGlassSquare_tableCoffeeGlassSquare.ubulk" 2444
"C:/Users/Admin/Documents/Unreal Projects/ai-project/Content/ExternalAssets/FBX_format_furni/tableCoffeeGlassSquare_tableCoffeeGlassSquare.uasset" 2445
"C:/Users/Admin/Documents/Unreal Projects/ai-project/Content/ExternalAssets/FBX_format_furni/tableCoffeeGlassSquare_tableCoffeeGlassSquare.uexp" 2446
"C:/Users/Admin/Documents/Unreal Projects/ai-project/Content/ExternalAssets/FBX_format_furni/tableCloth_tableCloth.ubulk" 2447
"C:/Users/Admin/Documents/Unreal Projects/ai-project/Content/ExternalAssets/FBX_format_furni/tableCloth_tableCloth.uasset" 2448
"C:/Users/Admin/Documents/Unreal Projects/ai-project/Content/ExternalAssets/FBX_format_furni/tableCloth_tableCloth.uexp" 2449
"C:/Users/Admin/Documents/Unreal Projects/ai-project/Content/ExternalAssets/FBX_format_furni/stoolBar_stoolBar.ubulk" 2450
"C:/Users/Admin/Documents/Unreal Projects/ai-project/Content/ExternalAssets/FBX_format_furni/stoolBar_stoolBar.uasset" 2451
"C:/Users/Admin/Documents/Unreal Projects/ai-project/Content/ExternalAssets/FBX_format_furni/stoolBar_stoolBar.uexp" 2452
"C:/Users/Admin/Documents/Unreal Projects/ai-project/Content/ExternalAssets/FBX_format_furni/stoolBarSquare_stoolBarSquare.ubulk" 2453
"C:/Users/Admin/Documents/Unreal Projects/ai-project/Content/ExternalAssets/FBX_format_furni/stoolBarSquare_stoolBarSquare.uasset" 2454
"C:/Users/Admin/Documents/Unreal Projects/ai-project/Content/ExternalAssets/FBX_format_furni/stoolBarSquare_stoolBarSquare.uexp" 2455
"C:/Users/Admin/Documents/Unreal Projects/ai-project/Content/ExternalAssets/FBX_format_furni/woodDark.uasset" 2456
"C:/Users/Admin/Documents/Unreal Projects/ai-project/Content/ExternalAssets/FBX_format_furni/woodDark.uexp" 2457
"C:/Users/Admin/Documents/Unreal Projects/ai-project/Content/ExternalAssets/FBX_format_furni/stairs_stairs.ubulk" 2458
"C:/Users/Admin/Documents/Unreal Projects/ai-project/Content/ExternalAssets/FBX_format_furni/stairs_stairs.uasset" 2459
"C:/Users/Admin/Documents/Unreal Projects/ai-project/Content/ExternalAssets/FBX_format_furni/stairs_stairs.uexp" 2460
"C:/Users/Admin/Documents/Unreal Projects/ai-project/Content/ExternalAssets/FBX_format_furni/stairsOpen_stairsOpen.ubulk" 2461
"C:/Users/Admin/Documents/Unreal Projects/ai-project/Content/ExternalAssets/FBX_format_furni/stairsOpen_stairsOpen.uasset" 2462
"C:/Users/Admin/Documents/Unreal Projects/ai-project/Content/ExternalAssets/FBX_format_furni/stairsOpen_stairsOpen.uexp" 2463
"C:/Users/Admin/Documents/Unreal Projects/ai-project/Content/ExternalAssets/FBX_format_furni/stairsOpen_Group1.ubulk" 2464
"C:/Users/Admin/Documents/Unreal Projects/ai-project/Content/ExternalAssets/FBX_format_furni/stairsOpen_Group1.uasset" 2465
"C:/Users/Admin/Documents/Unreal Projects/ai-project/Content/ExternalAssets/FBX_format_furni/stairsOpen_Group1.uexp" 2466
"C:/Users/Admin/Documents/Unreal Projects/ai-project/Content/ExternalAssets/FBX_format_furni/stairsOpen_Group.ubulk" 2467
"C:/Users/Admin/Documents/Unreal Projects/ai-project/Content/ExternalAssets/FBX_format_furni/stairsOpen_Group.uasset" 2468
"C:/Users/Admin/Documents/Unreal Projects/ai-project/Content/ExternalAssets/FBX_format_furni/stairsOpen_Group.uexp" 2469
"C:/Users/Admin/Documents/Unreal Projects/ai-project/Content/ExternalAssets/FBX_format_furni/stairsOpenSingle_stairsOpenSingle.ubulk" 2470
"C:/Users/Admin/Documents/Unreal Projects/ai-project/Content/ExternalAssets/FBX_format_furni/stairsOpenSingle_stairsOpenSingle.uasset" 2471
"C:/Users/Admin/Documents/Unreal Projects/ai-project/Content/ExternalAssets/FBX_format_furni/stairsOpenSingle_stairsOpenSingle.uexp" 2472
"C:/Users/Admin/Documents/Unreal Projects/ai-project/Content/ExternalAssets/FBX_format_furni/stairsOpenSingle_Group.ubulk" 2473
"C:/Users/Admin/Documents/Unreal Projects/ai-project/Content/ExternalAssets/FBX_format_furni/stairsOpenSingle_Group.uasset" 2474
"C:/Users/Admin/Documents/Unreal Projects/ai-project/Content/ExternalAssets/FBX_format_furni/stairsOpenSingle_Group.uexp" 2475
"C:/Users/Admin/Documents/Unreal Projects/ai-project/Content/ExternalAssets/FBX_format_furni/stairsCorner_stairsCorner.ubulk" 2476
"C:/Users/Admin/Documents/Unreal Projects/ai-project/Content/ExternalAssets/FBX_format_furni/stairsCorner_stairsCorner.uasset" 2477
"C:/Users/Admin/Documents/Unreal Projects/ai-project/Content/ExternalAssets/FBX_format_furni/stairsCorner_stairsCorner.uexp" 2478
"C:/Users/Admin/Documents/Unreal Projects/ai-project/Content/ExternalAssets/FBX_format_furni/speaker_speaker.ubulk" 2479
"C:/Users/Admin/Documents/Unreal Projects/ai-project/Content/ExternalAssets/FBX_format_furni/speaker_speaker.uasset" 2480
"C:/Users/Admin/Documents/Unreal Projects/ai-project/Content/ExternalAssets/FBX_format_furni/speaker_speaker.uexp" 2481
"C:/Users/Admin/Documents/Unreal Projects/ai-project/Content/ExternalAssets/FBX_format_furni/speakerSmall_speakerSmall.ubulk" 2482
"C:/Users/Admin/Documents/Unreal Projects/ai-project/Content/ExternalAssets/FBX_format_furni/speakerSmall_speakerSmall.uasset" 2483
"C:/Users/Admin/Documents/Unreal Projects/ai-project/Content/ExternalAssets/FBX_format_furni/speakerSmall_speakerSmall.uexp" 2484
"C:/Users/Admin/Documents/Unreal Projects/ai-project/Content/ExternalAssets/FBX_format_furni/sideTable_sideTable.ubulk" 2485
"C:/Users/Admin/Documents/Unreal Projects/ai-project/Content/ExternalAssets/FBX_format_furni/sideTable_sideTable.uasset" 2486
"C:/Users/Admin/Documents/Unreal Projects/ai-project/Content/ExternalAssets/FBX_format_furni/sideTable_sideTable.uexp" 2487
"C:/Users/Admin/Documents/Unreal Projects/ai-project/Content/ExternalAssets/FBX_format_furni/sideTableDrawers_sideTableDrawers.ubulk" 2488
"C:/Users/Admin/Documents/Unreal Projects/ai-project/Content/ExternalAssets/FBX_format_furni/sideTableDrawers_sideTableDrawers.uasset" 2489
"C:/Users/Admin/Documents/Unreal Projects/ai-project/Content/ExternalAssets/FBX_format_furni/sideTableDrawers_sideTableDrawers.uexp" 2490
"C:/Users/Admin/Documents/Unreal Projects/ai-project/Content/ExternalAssets/FBX_format_furni/sideTableDrawers_drawerRight.ubulk" 2491
"C:/Users/Admin/Documents/Unreal Projects/ai-project/Content/ExternalAssets/FBX_format_furni/sideTableDrawers_drawerRight.uasset" 2492
"C:/Users/Admin/Documents/Unreal Projects/ai-project/Content/ExternalAssets/FBX_format_furni/sideTableDrawers_drawerRight.uexp" 2493
"C:/Users/Admin/Documents/Unreal Projects/ai-project/Content/ExternalAssets/FBX_format_furni/sideTableDrawers_drawerLeft.ubulk" 2494
"C:/Users/Admin/Documents/Unreal Projects/ai-project/Content/ExternalAssets/FBX_format_furni/sideTableDrawers_drawerLeft.uasset" 2495
"C:/Users/Admin/Documents/Unreal Projects/ai-project/Content/ExternalAssets/FBX_format_furni/sideTableDrawers_drawerLeft.uexp" 2496
"C:/Users/Admin/Documents/Unreal Projects/ai-project/Content/ExternalAssets/FBX_format_furni/shower_shower.ubulk" 2497
"C:/Users/Admin/Documents/Unreal Projects/ai-project/Content/ExternalAssets/FBX_format_furni/shower_shower.uasset" 2498
"C:/Users/Admin/Documents/Unreal Projects/ai-project/Content/ExternalAssets/FBX_format_furni/shower_shower.uexp" 2499
"C:/Users/Admin/Documents/Unreal Projects/ai-project/Content/ExternalAssets/FBX_format_furni/shower_doorRight.ubulk" 2500
"C:/Users/Admin/Documents/Unreal Projects/ai-project/Content/ExternalAssets/FBX_format_furni/shower_doorRight.uasset" 2501
"C:/Users/Admin/Documents/Unreal Projects/ai-project/Content/ExternalAssets/FBX_format_furni/shower_doorRight.uexp" 2502
"C:/Users/Admin/Documents/Unreal Projects/ai-project/Content/ExternalAssets/FBX_format_furni/shower_doorLeft.ubulk" 2503
"C:/Users/Admin/Documents/Unreal Projects/ai-project/Content/ExternalAssets/FBX_format_furni/shower_doorLeft.uasset" 2504
"C:/Users/Admin/Documents/Unreal Projects/ai-project/Content/ExternalAssets/FBX_format_furni/shower_doorLeft.uexp" 2505
"C:/Users/Admin/Documents/Unreal Projects/ai-project/Content/ExternalAssets/FBX_format_furni/showerRound_showerRound.ubulk" 2506
"C:/Users/Admin/Documents/Unreal Projects/ai-project/Content/ExternalAssets/FBX_format_furni/showerRound_showerRound.uasset" 2507
"C:/Users/Admin/Documents/Unreal Projects/ai-project/Content/ExternalAssets/FBX_format_furni/showerRound_showerRound.uexp" 2508
"C:/Users/Admin/Documents/Unreal Projects/ai-project/Content/ExternalAssets/FBX_format_furni/showerRound_faucet.ubulk" 2509
"C:/Users/Admin/Documents/Unreal Projects/ai-project/Content/ExternalAssets/FBX_format_furni/showerRound_faucet.uasset" 2510
"C:/Users/Admin/Documents/Unreal Projects/ai-project/Content/ExternalAssets/FBX_format_furni/showerRound_faucet.uexp" 2511
"C:/Users/Admin/Documents/Unreal Projects/ai-project/Content/ExternalAssets/FBX_format_furni/showerRound_doorRight.ubulk" 2512
"C:/Users/Admin/Documents/Unreal Projects/ai-project/Content/ExternalAssets/FBX_format_furni/showerRound_doorRight.uasset" 2513
"C:/Users/Admin/Documents/Unreal Projects/ai-project/Content/ExternalAssets/FBX_format_furni/showerRound_doorRight.uexp" 2514
"C:/Users/Admin/Documents/Unreal Projects/ai-project/Content/ExternalAssets/FBX_format_furni/showerRound_doorLeft.ubulk" 2515
"C:/Users/Admin/Documents/Unreal Projects/ai-project/Content/ExternalAssets/FBX_format_furni/showerRound_doorLeft.uasset" 2516
"C:/Users/Admin/Documents/Unreal Projects/ai-project/Content/ExternalAssets/FBX_format_furni/showerRound_doorLeft.uexp" 2517
"C:/Users/Admin/Documents/Unreal Projects/ai-project/Content/ExternalAssets/FBX_format_furni/carpetDarker.uasset" 2518
"C:/Users/Admin/Documents/Unreal Projects/ai-project/Content/ExternalAssets/FBX_format_furni/carpetDarker.uexp" 2519
"C:/Users/Admin/Documents/Unreal Projects/ai-project/Content/ExternalAssets/FBX_format_furni/rugSquare_rugSquare.ubulk" 2520
"C:/Users/Admin/Documents/Unreal Projects/ai-project/Content/ExternalAssets/FBX_format_furni/rugSquare_rugSquare.uasset" 2521
"C:/Users/Admin/Documents/Unreal Projects/ai-project/Content/ExternalAssets/FBX_format_furni/rugSquare_rugSquare.uexp" 2522
"C:/Users/Admin/Documents/Unreal Projects/ai-project/Content/ExternalAssets/FBX_format_furni/rugRound_rugRound.ubulk" 2523
"C:/Users/Admin/Documents/Unreal Projects/ai-project/Content/ExternalAssets/FBX_format_furni/rugRound_rugRound.uasset" 2524
"C:/Users/Admin/Documents/Unreal Projects/ai-project/Content/ExternalAssets/FBX_format_furni/rugRound_rugRound.uexp" 2525
"C:/Users/Admin/Documents/Unreal Projects/ai-project/Content/ExternalAssets/FBX_format_furni/rugRounded_rugRounded.ubulk" 2526
"C:/Users/Admin/Documents/Unreal Projects/ai-project/Content/ExternalAssets/FBX_format_furni/rugRounded_rugRounded.uasset" 2527
"C:/Users/Admin/Documents/Unreal Projects/ai-project/Content/ExternalAssets/FBX_format_furni/rugRounded_rugRounded.uexp" 2528
"C:/Users/Admin/Documents/Unreal Projects/ai-project/Content/ExternalAssets/FBX_format_furni/rugRectangle_rugRectangle.ubulk" 2529
"C:/Users/Admin/Documents/Unreal Projects/ai-project/Content/ExternalAssets/FBX_format_furni/rugRectangle_rugRectangle.uasset" 2530
"C:/Users/Admin/Documents/Unreal Projects/ai-project/Content/ExternalAssets/FBX_format_furni/rugRectangle_rugRectangle.uexp" 2531
"C:/Users/Admin/Documents/Unreal Projects/ai-project/Content/ExternalAssets/FBX_format_furni/rugDoormat_rugDoormat.ubulk" 2532
"C:/Users/Admin/Documents/Unreal Projects/ai-project/Content/ExternalAssets/FBX_format_furni/rugDoormat_rugDoormat.uasset" 2533
"C:/Users/Admin/Documents/Unreal Projects/ai-project/Content/ExternalAssets/FBX_format_furni/rugDoormat_rugDoormat.uexp" 2534
"C:/Users/Admin/Documents/Unreal Projects/ai-project/Content/ExternalAssets/FBX_format_furni/radio_radio.ubulk" 2535
"C:/Users/Admin/Documents/Unreal Projects/ai-project/Content/ExternalAssets/FBX_format_furni/radio_radio.uasset" 2536
"C:/Users/Admin/Documents/Unreal Projects/ai-project/Content/ExternalAssets/FBX_format_furni/radio_radio.uexp" 2537
"C:/Users/Admin/Documents/Unreal Projects/ai-project/Content/ExternalAssets/FBX_format_furni/pottedPlant_pottedPlant.ubulk" 2538
"C:/Users/Admin/Documents/Unreal Projects/ai-project/Content/ExternalAssets/FBX_format_furni/pottedPlant_pottedPlant.uasset" 2539
"C:/Users/Admin/Documents/Unreal Projects/ai-project/Content/ExternalAssets/FBX_format_furni/pottedPlant_pottedPlant.uexp" 2540
"C:/Users/Admin/Documents/Unreal Projects/ai-project/Content/ExternalAssets/FBX_format_furni/plant.uasset" 2541
"C:/Users/Admin/Documents/Unreal Projects/ai-project/Content/ExternalAssets/FBX_format_furni/plant.uexp" 2542
"C:/Users/Admin/Documents/Unreal Projects/ai-project/Content/ExternalAssets/FBX_format_furni/pottedPlant_plant.ubulk" 2543
"C:/Users/Admin/Documents/Unreal Projects/ai-project/Content/ExternalAssets/FBX_format_furni/pottedPlant_plant.uasset" 2544
"C:/Users/Admin/Documents/Unreal Projects/ai-project/Content/ExternalAssets/FBX_format_furni/pottedPlant_plant.uexp" 2545
"C:/Users/Admin/Documents/Unreal Projects/ai-project/Content/ExternalAssets/FBX_format_furni/plantSmall3_plantSmall3.ubulk" 2546
"C:/Users/Admin/Documents/Unreal Projects/ai-project/Content/ExternalAssets/FBX_format_furni/plantSmall3_plantSmall3.uasset" 2547
"C:/Users/Admin/Documents/Unreal Projects/ai-project/Content/ExternalAssets/FBX_format_furni/plantSmall3_plantSmall3.uexp" 2548
"C:/Users/Admin/Documents/Unreal Projects/ai-project/Content/ExternalAssets/FBX_format_furni/plantSmall2_plantSmall2.ubulk" 2549
"C:/Users/Admin/Documents/Unreal Projects/ai-project/Content/ExternalAssets/FBX_format_furni/plantSmall2_plantSmall2.uasset" 2550
"C:/Users/Admin/Documents/Unreal Projects/ai-project/Content/ExternalAssets/FBX_format_furni/plantSmall2_plantSmall2.uexp" 2551
"C:/Users/Admin/Documents/Unreal Projects/ai-project/Content/ExternalAssets/FBX_format_furni/plantSmall1_plantSmall1.ubulk" 2552
"C:/Users/Admin/Documents/Unreal Projects/ai-project/Content/ExternalAssets/FBX_format_furni/plantSmall1_plantSmall1.uasset" 2553
"C:/Users/Admin/Documents/Unreal Projects/ai-project/Content/ExternalAssets/FBX_format_furni/plantSmall1_plantSmall1.uexp" 2554
"C:/Users/Admin/Documents/Unreal Projects/ai-project/Content/ExternalAssets/FBX_format_furni/pillow_pillow.ubulk" 2555
"C:/Users/Admin/Documents/Unreal Projects/ai-project/Content/ExternalAssets/FBX_format_furni/pillow_pillow.uasset" 2556
"C:/Users/Admin/Documents/Unreal Projects/ai-project/Content/ExternalAssets/FBX_format_furni/pillow_pillow.uexp" 2557
"C:/Users/Admin/Documents/Unreal Projects/ai-project/Content/ExternalAssets/FBX_format_furni/pillowLong_pillowLong.ubulk" 2558
"C:/Users/Admin/Documents/Unreal Projects/ai-project/Content/ExternalAssets/FBX_format_furni/pillowLong_pillowLong.uasset" 2559
"C:/Users/Admin/Documents/Unreal Projects/ai-project/Content/ExternalAssets/FBX_format_furni/pillowLong_pillowLong.uexp" 2560
"C:/Users/Admin/Documents/Unreal Projects/ai-project/Content/ExternalAssets/FBX_format_furni/carpetBlue.uasset" 2561
"C:/Users/Admin/Documents/Unreal Projects/ai-project/Content/ExternalAssets/FBX_format_furni/carpetBlue.uexp" 2562
"C:/Users/Admin/Documents/Unreal Projects/ai-project/Content/ExternalAssets/FBX_format_furni/pillowBlue_pillowBlue.ubulk" 2563
"C:/Users/Admin/Documents/Unreal Projects/ai-project/Content/ExternalAssets/FBX_format_furni/pillowBlue_pillowBlue.uasset" 2564
"C:/Users/Admin/Documents/Unreal Projects/ai-project/Content/ExternalAssets/FBX_format_furni/pillowBlue_pillowBlue.uexp" 2565
"C:/Users/Admin/Documents/Unreal Projects/ai-project/Content/ExternalAssets/FBX_format_furni/pillowBlueLong_pillowBlueLong.ubulk" 2566
"C:/Users/Admin/Documents/Unreal Projects/ai-project/Content/ExternalAssets/FBX_format_furni/pillowBlueLong_pillowBlueLong.uasset" 2567
"C:/Users/Admin/Documents/Unreal Projects/ai-project/Content/ExternalAssets/FBX_format_furni/pillowBlueLong_pillowBlueLong.uexp" 2568
"C:/Users/Admin/Documents/Unreal Projects/ai-project/Content/ExternalAssets/FBX_format_furni/paneling_paneling.ubulk" 2569
"C:/Users/Admin/Documents/Unreal Projects/ai-project/Content/ExternalAssets/FBX_format_furni/paneling_paneling.uasset" 2570
"C:/Users/Admin/Documents/Unreal Projects/ai-project/Content/ExternalAssets/FBX_format_furni/paneling_paneling.uexp" 2571
"C:/Users/Admin/Documents/Unreal Projects/ai-project/Content/ExternalAssets/FBX_format_furni/loungeSofa_loungeSofa.ubulk" 2572
"C:/Users/Admin/Documents/Unreal Projects/ai-project/Content/ExternalAssets/FBX_format_furni/loungeSofa_loungeSofa.uasset" 2573
"C:/Users/Admin/Documents/Unreal Projects/ai-project/Content/ExternalAssets/FBX_format_furni/loungeSofa_loungeSofa.uexp" 2574
"C:/Users/Admin/Documents/Unreal Projects/ai-project/Content/ExternalAssets/FBX_format_furni/loungeSofaOttoman_loungeSofaOttoman.ubulk" 2575
"C:/Users/Admin/Documents/Unreal Projects/ai-project/Content/ExternalAssets/FBX_format_furni/loungeSofaOttoman_loungeSofaOttoman.uasset" 2576
"C:/Users/Admin/Documents/Unreal Projects/ai-project/Content/ExternalAssets/FBX_format_furni/loungeSofaOttoman_loungeSofaOttoman.uexp" 2577
"C:/Users/Admin/Documents/Unreal Projects/ai-project/Content/ExternalAssets/FBX_format_furni/loungeSofaLong_loungeSofaLong.ubulk" 2578
"C:/Users/Admin/Documents/Unreal Projects/ai-project/Content/ExternalAssets/FBX_format_furni/loungeSofaLong_loungeSofaLong.uasset" 2579
"C:/Users/Admin/Documents/Unreal Projects/ai-project/Content/ExternalAssets/FBX_format_furni/loungeSofaLong_loungeSofaLong.uexp" 2580
"C:/Users/Admin/Documents/Unreal Projects/ai-project/Content/ExternalAssets/FBX_format_furni/loungeSofaCorner_loungeSofaCorner.ubulk" 2581
"C:/Users/Admin/Documents/Unreal Projects/ai-project/Content/ExternalAssets/FBX_format_furni/loungeSofaCorner_loungeSofaCorner.uasset" 2582
"C:/Users/Admin/Documents/Unreal Projects/ai-project/Content/ExternalAssets/FBX_format_furni/loungeSofaCorner_loungeSofaCorner.uexp" 2583
"C:/Users/Admin/Documents/Unreal Projects/ai-project/Content/ExternalAssets/FBX_format_furni/loungeDesignSofa_loungeDesignSofa.ubulk" 2584
"C:/Users/Admin/Documents/Unreal Projects/ai-project/Content/ExternalAssets/FBX_format_furni/loungeDesignSofa_loungeDesignSofa.uasset" 2585
"C:/Users/Admin/Documents/Unreal Projects/ai-project/Content/ExternalAssets/FBX_format_furni/loungeDesignSofa_loungeDesignSofa.uexp" 2586
"C:/Users/Admin/Documents/Unreal Projects/ai-project/Content/ExternalAssets/FBX_format_furni/loungeDesignSofaCorner_loungeDesignSofaCorner.ubulk" 2587
"C:/Users/Admin/Documents/Unreal Projects/ai-project/Content/ExternalAssets/FBX_format_furni/loungeDesignSofaCorner_loungeDesignSofaCorner.uasset" 2588
"C:/Users/Admin/Documents/Unreal Projects/ai-project/Content/ExternalAssets/FBX_format_furni/loungeDesignSofaCorner_loungeDesignSofaCorner.uexp" 2589
"C:/Users/Admin/Documents/Unreal Projects/ai-project/Content/ExternalAssets/FBX_format_furni/loungeDesignSofaCorner_Group.ubulk" 2590
"C:/Users/Admin/Documents/Unreal Projects/ai-project/Content/ExternalAssets/FBX_format_furni/loungeDesignSofaCorner_Group.uasset" 2591
"C:/Users/Admin/Documents/Unreal Projects/ai-project/Content/ExternalAssets/FBX_format_furni/loungeDesignSofaCorner_Group.uexp" 2592
"C:/Users/Admin/Documents/Unreal Projects/ai-project/Content/ExternalAssets/FBX_format_furni/loungeDesignChair_loungeDesignChair.ubulk" 2593
"C:/Users/Admin/Documents/Unreal Projects/ai-project/Content/ExternalAssets/FBX_format_furni/loungeDesignChair_loungeDesignChair.uasset" 2594
"C:/Users/Admin/Documents/Unreal Projects/ai-project/Content/ExternalAssets/FBX_format_furni/loungeDesignChair_loungeDesignChair.uexp" 2595
"C:/Users/Admin/Documents/Unreal Projects/ai-project/Content/ExternalAssets/FBX_format_furni/loungeChair_loungeChair.ubulk" 2596
"C:/Users/Admin/Documents/Unreal Projects/ai-project/Content/ExternalAssets/FBX_format_furni/loungeChair_loungeChair.uasset" 2597
"C:/Users/Admin/Documents/Unreal Projects/ai-project/Content/ExternalAssets/FBX_format_furni/loungeChair_loungeChair.uexp" 2598
"C:/Users/Admin/Documents/Unreal Projects/ai-project/Content/ExternalAssets/FBX_format_furni/loungeChairRelax_loungeChairRelax.ubulk" 2599
"C:/Users/Admin/Documents/Unreal Projects/ai-project/Content/ExternalAssets/FBX_format_furni/loungeChairRelax_loungeChairRelax.uasset" 2600
"C:/Users/Admin/Documents/Unreal Projects/ai-project/Content/ExternalAssets/FBX_format_furni/loungeChairRelax_loungeChairRelax.uexp" 2601
"C:/Users/Admin/Documents/Unreal Projects/ai-project/Content/ExternalAssets/FBX_format_furni/laptop_laptop.ubulk" 2602
"C:/Users/Admin/Documents/Unreal Projects/ai-project/Content/ExternalAssets/FBX_format_furni/laptop_laptop.uasset" 2603
"C:/Users/Admin/Documents/Unreal Projects/ai-project/Content/ExternalAssets/FBX_format_furni/laptop_laptop.uexp" 2604
"C:/Users/Admin/Documents/Unreal Projects/ai-project/Content/ExternalAssets/FBX_format_furni/lamp.uasset" 2605
"C:/Users/Admin/Documents/Unreal Projects/ai-project/Content/ExternalAssets/FBX_format_furni/lamp.uexp" 2606
"C:/Users/Admin/Documents/Unreal Projects/ai-project/Content/ExternalAssets/FBX_format_furni/lampWall_lampWall.ubulk" 2607
"C:/Users/Admin/Documents/Unreal Projects/ai-project/Content/ExternalAssets/FBX_format_furni/lampWall_lampWall.uasset" 2608
"C:/Users/Admin/Documents/Unreal Projects/ai-project/Content/ExternalAssets/FBX_format_furni/lampWall_lampWall.uexp" 2609
"C:/Users/Admin/Documents/Unreal Projects/ai-project/Content/ExternalAssets/FBX_format_furni/lampSquareTable_lampSquareTable.ubulk" 2610
"C:/Users/Admin/Documents/Unreal Projects/ai-project/Content/ExternalAssets/FBX_format_furni/lampSquareTable_lampSquareTable.uasset" 2611
"C:/Users/Admin/Documents/Unreal Projects/ai-project/Content/ExternalAssets/FBX_format_furni/lampSquareTable_lampSquareTable.uexp" 2612
"C:/Users/Admin/Documents/Unreal Projects/ai-project/Content/ExternalAssets/FBX_format_furni/lampSquareFloor_lampSquareFloor.ubulk" 2613
"C:/Users/Admin/Documents/Unreal Projects/ai-project/Content/ExternalAssets/FBX_format_furni/lampSquareFloor_lampSquareFloor.uasset" 2614
"C:/Users/Admin/Documents/Unreal Projects/ai-project/Content/ExternalAssets/FBX_format_furni/lampSquareFloor_lampSquareFloor.uexp" 2615
"C:/Users/Admin/Documents/Unreal Projects/ai-project/Content/ExternalAssets/FBX_format_furni/lampSquareCeiling_lampSquareCeiling.ubulk" 2616
"C:/Users/Admin/Documents/Unreal Projects/ai-project/Content/ExternalAssets/FBX_format_furni/lampSquareCeiling_lampSquareCeiling.uasset" 2617
"C:/Users/Admin/Documents/Unreal Projects/ai-project/Content/ExternalAssets/FBX_format_furni/lampSquareCeiling_lampSquareCeiling.uexp" 2618
"C:/Users/Admin/Documents/Unreal Projects/ai-project/Content/ExternalAssets/FBX_format_furni/lampRoundTable_lampRoundTable.ubulk" 2619
"C:/Users/Admin/Documents/Unreal Projects/ai-project/Content/ExternalAssets/FBX_format_furni/lampRoundTable_lampRoundTable.uasset" 2620
"C:/Users/Admin/Documents/Unreal Projects/ai-project/Content/ExternalAssets/FBX_format_furni/lampRoundTable_lampRoundTable.uexp" 2621
"C:/Users/Admin/Documents/Unreal Projects/ai-project/Content/ExternalAssets/FBX_format_furni/lampRoundFloor_lampRoundFloor.ubulk" 2622
"C:/Users/Admin/Documents/Unreal Projects/ai-project/Content/ExternalAssets/FBX_format_furni/lampRoundFloor_lampRoundFloor.uasset" 2623
"C:/Users/Admin/Documents/Unreal Projects/ai-project/Content/ExternalAssets/FBX_format_furni/lampRoundFloor_lampRoundFloor.uexp" 2624
"C:/Users/Admin/Documents/Unreal Projects/ai-project/Content/ExternalAssets/FBX_format_furni/kitchenStove_kitchenStove.ubulk" 2625
"C:/Users/Admin/Documents/Unreal Projects/ai-project/Content/ExternalAssets/FBX_format_furni/kitchenStove_kitchenStove.uasset" 2626
"C:/Users/Admin/Documents/Unreal Projects/ai-project/Content/ExternalAssets/FBX_format_furni/kitchenStove_kitchenStove.uexp" 2627
"C:/Users/Admin/Documents/Unreal Projects/ai-project/Content/ExternalAssets/FBX_format_furni/kitchenStove_door.ubulk" 2628
"C:/Users/Admin/Documents/Unreal Projects/ai-project/Content/ExternalAssets/FBX_format_furni/kitchenStove_door.uasset" 2629
"C:/Users/Admin/Documents/Unreal Projects/ai-project/Content/ExternalAssets/FBX_format_furni/kitchenStove_door.uexp" 2630
"C:/Users/Admin/Documents/Unreal Projects/ai-project/Content/ExternalAssets/FBX_format_furni/kitchenStoveElectric_kitchenStoveElectric.ubulk" 2631
"C:/Users/Admin/Documents/Unreal Projects/ai-project/Content/ExternalAssets/FBX_format_furni/kitchenStoveElectric_kitchenStoveElectric.uasset" 2632
"C:/Users/Admin/Documents/Unreal Projects/ai-project/Content/ExternalAssets/FBX_format_furni/kitchenStoveElectric_kitchenStoveElectric.uexp" 2633
"C:/Users/Admin/Documents/Unreal Projects/ai-project/Content/ExternalAssets/FBX_format_furni/kitchenSink_kitchenSink.ubulk" 2634
"C:/Users/Admin/Documents/Unreal Projects/ai-project/Content/ExternalAssets/FBX_format_furni/kitchenSink_kitchenSink.uasset" 2635
"C:/Users/Admin/Documents/Unreal Projects/ai-project/Content/ExternalAssets/FBX_format_furni/kitchenSink_kitchenSink.uexp" 2636
"C:/Users/Admin/Documents/Unreal Projects/ai-project/Content/ExternalAssets/FBX_format_furni/kitchenSink_door.ubulk" 2637
"C:/Users/Admin/Documents/Unreal Projects/ai-project/Content/ExternalAssets/FBX_format_furni/kitchenSink_door.uasset" 2638
"C:/Users/Admin/Documents/Unreal Projects/ai-project/Content/ExternalAssets/FBX_format_furni/kitchenSink_door.uexp" 2639
"C:/Users/Admin/Documents/Unreal Projects/ai-project/Content/ExternalAssets/FBX_format_furni/kitchenMicrowave_kitchenMicrowave.ubulk" 2640
"C:/Users/Admin/Documents/Unreal Projects/ai-project/Content/ExternalAssets/FBX_format_furni/kitchenMicrowave_kitchenMicrowave.uasset" 2641
"C:/Users/Admin/Documents/Unreal Projects/ai-project/Content/ExternalAssets/FBX_format_furni/kitchenMicrowave_kitchenMicrowave.uexp" 2642
"C:/Users/Admin/Documents/Unreal Projects/ai-project/Content/ExternalAssets/FBX_format_furni/kitchenMicrowave_Group.ubulk" 2643
"C:/Users/Admin/Documents/Unreal Projects/ai-project/Content/ExternalAssets/FBX_format_furni/kitchenMicrowave_Group.uasset" 2644
"C:/Users/Admin/Documents/Unreal Projects/ai-project/Content/ExternalAssets/FBX_format_furni/kitchenMicrowave_Group.uexp" 2645
"C:/Users/Admin/Documents/Unreal Projects/ai-project/Content/ExternalAssets/FBX_format_furni/kitchenFridge_kitchenFridge.ubulk" 2646
"C:/Users/Admin/Documents/Unreal Projects/ai-project/Content/ExternalAssets/FBX_format_furni/kitchenFridge_kitchenFridge.uasset" 2647
"C:/Users/Admin/Documents/Unreal Projects/ai-project/Content/ExternalAssets/FBX_format_furni/kitchenFridge_kitchenFridge.uexp" 2648
"C:/Users/Admin/Documents/Unreal Projects/ai-project/Content/ExternalAssets/FBX_format_furni/kitchenFridge_doorFridge.ubulk" 2649
"C:/Users/Admin/Documents/Unreal Projects/ai-project/Content/ExternalAssets/FBX_format_furni/kitchenFridge_doorFridge.uasset" 2650
"C:/Users/Admin/Documents/Unreal Projects/ai-project/Content/ExternalAssets/FBX_format_furni/kitchenFridge_doorFridge.uexp" 2651
"C:/Users/Admin/Documents/Unreal Projects/ai-project/Content/ExternalAssets/FBX_format_furni/kitchenFridge_doorFreezer.ubulk" 2652
"C:/Users/Admin/Documents/Unreal Projects/ai-project/Content/ExternalAssets/FBX_format_furni/kitchenFridge_doorFreezer.uasset" 2653
"C:/Users/Admin/Documents/Unreal Projects/ai-project/Content/ExternalAssets/FBX_format_furni/kitchenFridge_doorFreezer.uexp" 2654
"C:/Users/Admin/Documents/Unreal Projects/ai-project/Content/ExternalAssets/FBX_format_furni/kitchenFridgeSmall_kitchenFridgeSmall.ubulk" 2655
"C:/Users/Admin/Documents/Unreal Projects/ai-project/Content/ExternalAssets/FBX_format_furni/kitchenFridgeSmall_kitchenFridgeSmall.uasset" 2656
"C:/Users/Admin/Documents/Unreal Projects/ai-project/Content/ExternalAssets/FBX_format_furni/kitchenFridgeSmall_kitchenFridgeSmall.uexp" 2657
"C:/Users/Admin/Documents/Unreal Projects/ai-project/Content/ExternalAssets/FBX_format_furni/kitchenFridgeSmall_doorFridge.ubulk" 2658
"C:/Users/Admin/Documents/Unreal Projects/ai-project/Content/ExternalAssets/FBX_format_furni/kitchenFridgeSmall_doorFridge.uasset" 2659
"C:/Users/Admin/Documents/Unreal Projects/ai-project/Content/ExternalAssets/FBX_format_furni/kitchenFridgeSmall_doorFridge.uexp" 2660
"C:/Users/Admin/Documents/Unreal Projects/ai-project/Content/ExternalAssets/FBX_format_furni/kitchenFridgeLarge_kitchenFridgeLarge.ubulk" 2661
"C:/Users/Admin/Documents/Unreal Projects/ai-project/Content/ExternalAssets/FBX_format_furni/kitchenFridgeLarge_kitchenFridgeLarge.uasset" 2662
"C:/Users/Admin/Documents/Unreal Projects/ai-project/Content/ExternalAssets/FBX_format_furni/kitchenFridgeLarge_kitchenFridgeLarge.uexp" 2663
"C:/Users/Admin/Documents/Unreal Projects/ai-project/Content/ExternalAssets/FBX_format_furni/kitchenFridgeLarge_doorRight.ubulk" 2664
"C:/Users/Admin/Documents/Unreal Projects/ai-project/Content/ExternalAssets/FBX_format_furni/kitchenFridgeLarge_doorRight.uasset" 2665
"C:/Users/Admin/Documents/Unreal Projects/ai-project/Content/ExternalAssets/FBX_format_furni/kitchenFridgeLarge_doorRight.uexp" 2666
"C:/Users/Admin/Documents/Unreal Projects/ai-project/Content/ExternalAssets/FBX_format_furni/kitchenFridgeLarge_doorLeft.ubulk" 2667
"C:/Users/Admin/Documents/Unreal Projects/ai-project/Content/ExternalAssets/FBX_format_furni/kitchenFridgeLarge_doorLeft.uasset" 2668
"C:/Users/Admin/Documents/Unreal Projects/ai-project/Content/ExternalAssets/FBX_format_furni/kitchenFridgeLarge_doorLeft.uexp" 2669
"C:/Users/Admin/Documents/Unreal Projects/ai-project/Content/ExternalAssets/FBX_format_furni/kitchenFridgeBuiltIn_kitchenFridgeBuiltIn.ubulk" 2670
"C:/Users/Admin/Documents/Unreal Projects/ai-project/Content/ExternalAssets/FBX_format_furni/kitchenFridgeBuiltIn_kitchenFridgeBuiltIn.uasset" 2671
"C:/Users/Admin/Documents/Unreal Projects/ai-project/Content/ExternalAssets/FBX_format_furni/kitchenFridgeBuiltIn_kitchenFridgeBuiltIn.uexp" 2672
"C:/Users/Admin/Documents/Unreal Projects/ai-project/Content/ExternalAssets/FBX_format_furni/kitchenFridgeBuiltIn_doorFridge.ubulk" 2673
"C:/Users/Admin/Documents/Unreal Projects/ai-project/Content/ExternalAssets/FBX_format_furni/kitchenFridgeBuiltIn_doorFridge.uasset" 2674
"C:/Users/Admin/Documents/Unreal Projects/ai-project/Content/ExternalAssets/FBX_format_furni/kitchenFridgeBuiltIn_doorFridge.uexp" 2675
"C:/Users/Admin/Documents/Unreal Projects/ai-project/Content/ExternalAssets/FBX_format_furni/kitchenFridgeBuiltIn_doorFreezer.ubulk" 2676
"C:/Users/Admin/Documents/Unreal Projects/ai-project/Content/ExternalAssets/FBX_format_furni/kitchenFridgeBuiltIn_doorFreezer.uasset" 2677
"C:/Users/Admin/Documents/Unreal Projects/ai-project/Content/ExternalAssets/FBX_format_furni/kitchenFridgeBuiltIn_doorFreezer.uexp" 2678
"C:/Users/Admin/Documents/Unreal Projects/ai-project/Content/ExternalAssets/FBX_format_furni/kitchenCoffeeMachine_mug.ubulk" 2679
"C:/Users/Admin/Documents/Unreal Projects/ai-project/Content/ExternalAssets/FBX_format_furni/kitchenCoffeeMachine_mug.uasset" 2680
"C:/Users/Admin/Documents/Unreal Projects/ai-project/Content/ExternalAssets/FBX_format_furni/kitchenCoffeeMachine_mug.uexp" 2681
"C:/Users/Admin/Documents/Unreal Projects/ai-project/Content/ExternalAssets/FBX_format_furni/kitchenCoffeeMachine_kitchenCoffeeMachine.ubulk" 2682
"C:/Users/Admin/Documents/Unreal Projects/ai-project/Content/ExternalAssets/FBX_format_furni/kitchenCoffeeMachine_kitchenCoffeeMachine.uasset" 2683
"C:/Users/Admin/Documents/Unreal Projects/ai-project/Content/ExternalAssets/FBX_format_furni/kitchenCoffeeMachine_kitchenCoffeeMachine.uexp" 2684
"C:/Users/Admin/Documents/Unreal Projects/ai-project/Content/ExternalAssets/FBX_format_furni/kitchenCabinet_kitchenCabinet.ubulk" 2685
"C:/Users/Admin/Documents/Unreal Projects/ai-project/Content/ExternalAssets/FBX_format_furni/kitchenCabinet_kitchenCabinet.uasset" 2686
"C:/Users/Admin/Documents/Unreal Projects/ai-project/Content/ExternalAssets/FBX_format_furni/kitchenCabinet_kitchenCabinet.uexp" 2687
"C:/Users/Admin/Documents/Unreal Projects/ai-project/Content/ExternalAssets/FBX_format_furni/kitchenCabinet_door.ubulk" 2688
"C:/Users/Admin/Documents/Unreal Projects/ai-project/Content/ExternalAssets/FBX_format_furni/kitchenCabinet_door.uasset" 2689
"C:/Users/Admin/Documents/Unreal Projects/ai-project/Content/ExternalAssets/FBX_format_furni/kitchenCabinet_door.uexp" 2690
"C:/Users/Admin/Documents/Unreal Projects/ai-project/Content/ExternalAssets/FBX_format_furni/kitchenCabinetUpper_kitchenCabinetUpper.ubulk" 2691
"C:/Users/Admin/Documents/Unreal Projects/ai-project/Content/ExternalAssets/FBX_format_furni/kitchenCabinetUpper_kitchenCabinetUpper.uasset" 2692
"C:/Users/Admin/Documents/Unreal Projects/ai-project/Content/ExternalAssets/FBX_format_furni/kitchenCabinetUpper_kitchenCabinetUpper.uexp" 2693
"C:/Users/Admin/Documents/Unreal Projects/ai-project/Content/ExternalAssets/FBX_format_furni/kitchenCabinetUpper_door.ubulk" 2694
"C:/Users/Admin/Documents/Unreal Projects/ai-project/Content/ExternalAssets/FBX_format_furni/kitchenCabinetUpper_door.uasset" 2695
"C:/Users/Admin/Documents/Unreal Projects/ai-project/Content/ExternalAssets/FBX_format_furni/kitchenCabinetUpper_door.uexp" 2696
"C:/Users/Admin/Documents/Unreal Projects/ai-project/Content/ExternalAssets/FBX_format_furni/kitchenCabinetUpperLow_kitchenCabinetUpperLow.ubulk" 2697
"C:/Users/Admin/Documents/Unreal Projects/ai-project/Content/ExternalAssets/FBX_format_furni/kitchenCabinetUpperLow_kitchenCabinetUpperLow.uasset" 2698
"C:/Users/Admin/Documents/Unreal Projects/ai-project/Content/ExternalAssets/FBX_format_furni/kitchenCabinetUpperLow_kitchenCabinetUpperLow.uexp" 2699
"C:/Users/Admin/Documents/Unreal Projects/ai-project/Content/ExternalAssets/FBX_format_furni/kitchenCabinetUpperLow_door.ubulk" 2700
"C:/Users/Admin/Documents/Unreal Projects/ai-project/Content/ExternalAssets/FBX_format_furni/kitchenCabinetUpperLow_door.uasset" 2701
"C:/Users/Admin/Documents/Unreal Projects/ai-project/Content/ExternalAssets/FBX_format_furni/kitchenCabinetUpperLow_door.uexp" 2702
"C:/Users/Admin/Documents/Unreal Projects/ai-project/Content/ExternalAssets/FBX_format_furni/kitchenCabinetUpperDouble_kitchenCabinetUpperDouble.ubulk" 2703
"C:/Users/Admin/Documents/Unreal Projects/ai-project/Content/ExternalAssets/FBX_format_furni/kitchenCabinetUpperDouble_kitchenCabinetUpperDouble.uasset" 2704
"C:/Users/Admin/Documents/Unreal Projects/ai-project/Content/ExternalAssets/FBX_format_furni/kitchenCabinetUpperDouble_kitchenCabinetUpperDouble.uexp" 2705
"C:/Users/Admin/Documents/Unreal Projects/ai-project/Content/ExternalAssets/FBX_format_furni/kitchenCabinetUpperDouble_doorRight.ubulk" 2706
"C:/Users/Admin/Documents/Unreal Projects/ai-project/Content/ExternalAssets/FBX_format_furni/kitchenCabinetUpperDouble_doorRight.uasset" 2707
"C:/Users/Admin/Documents/Unreal Projects/ai-project/Content/ExternalAssets/FBX_format_furni/kitchenCabinetUpperDouble_doorRight.uexp" 2708
"C:/Users/Admin/Documents/Unreal Projects/ai-project/Content/ExternalAssets/FBX_format_furni/kitchenCabinetUpperDouble_doorLeft.ubulk" 2709
"C:/Users/Admin/Documents/Unreal Projects/ai-project/Content/ExternalAssets/FBX_format_furni/kitchenCabinetUpperDouble_doorLeft.uasset" 2710
"C:/Users/Admin/Documents/Unreal Projects/ai-project/Content/ExternalAssets/FBX_format_furni/kitchenCabinetUpperDouble_doorLeft.uexp" 2711
"C:/Users/Admin/Documents/Unreal Projects/ai-project/Content/ExternalAssets/FBX_format_furni/kitchenCabinetUpperCorner_kitchenCabinetUpperCorner.ubulk" 2712
"C:/Users/Admin/Documents/Unreal Projects/ai-project/Content/ExternalAssets/FBX_format_furni/kitchenCabinetUpperCorner_kitchenCabinetUpperCorner.uasset" 2713
"C:/Users/Admin/Documents/Unreal Projects/ai-project/Content/ExternalAssets/FBX_format_furni/kitchenCabinetUpperCorner_kitchenCabinetUpperCorner.uexp" 2714
"C:/Users/Admin/Documents/Unreal Projects/ai-project/Content/ExternalAssets/FBX_format_furni/kitchenCabinetDrawer_kitchenCabinetDrawer.ubulk" 2715
"C:/Users/Admin/Documents/Unreal Projects/ai-project/Content/ExternalAssets/FBX_format_furni/kitchenCabinetDrawer_kitchenCabinetDrawer.uasset" 2716
"C:/Users/Admin/Documents/Unreal Projects/ai-project/Content/ExternalAssets/FBX_format_furni/kitchenCabinetDrawer_kitchenCabinetDrawer.uexp" 2717
"C:/Users/Admin/Documents/Unreal Projects/ai-project/Content/ExternalAssets/FBX_format_furni/kitchenCabinetDrawer_drawer.ubulk" 2718
"C:/Users/Admin/Documents/Unreal Projects/ai-project/Content/ExternalAssets/FBX_format_furni/kitchenCabinetDrawer_drawer.uasset" 2719
"C:/Users/Admin/Documents/Unreal Projects/ai-project/Content/ExternalAssets/FBX_format_furni/kitchenCabinetDrawer_drawer.uexp" 2720
"C:/Users/Admin/Documents/Unreal Projects/ai-project/Content/ExternalAssets/FBX_format_furni/kitchenCabinetDrawer_door.ubulk" 2721
"C:/Users/Admin/Documents/Unreal Projects/ai-project/Content/ExternalAssets/FBX_format_furni/kitchenCabinetDrawer_door.uasset" 2722
"C:/Users/Admin/Documents/Unreal Projects/ai-project/Content/ExternalAssets/FBX_format_furni/kitchenCabinetDrawer_door.uexp" 2723
"C:/Users/Admin/Documents/Unreal Projects/ai-project/Content/ExternalAssets/FBX_format_furni/kitchenCabinetCornerRound_kitchenCabinetCornerRound.ubulk" 2724
"C:/Users/Admin/Documents/Unreal Projects/ai-project/Content/ExternalAssets/FBX_format_furni/kitchenCabinetCornerRound_kitchenCabinetCornerRound.uasset" 2725
"C:/Users/Admin/Documents/Unreal Projects/ai-project/Content/ExternalAssets/FBX_format_furni/kitchenCabinetCornerRound_kitchenCabinetCornerRound.uexp" 2726
"C:/Users/Admin/Documents/Unreal Projects/ai-project/Content/ExternalAssets/FBX_format_furni/kitchenCabinetCornerInner_kitchenCabinetCornerInner.ubulk" 2727
"C:/Users/Admin/Documents/Unreal Projects/ai-project/Content/ExternalAssets/FBX_format_furni/kitchenCabinetCornerInner_kitchenCabinetCornerInner.uasset" 2728
"C:/Users/Admin/Documents/Unreal Projects/ai-project/Content/ExternalAssets/FBX_format_furni/kitchenCabinetCornerInner_kitchenCabinetCornerInner.uexp" 2729
"C:/Users/Admin/Documents/Unreal Projects/ai-project/Content/ExternalAssets/FBX_format_furni/kitchenBlender_kitchenBlender.ubulk" 2730
"C:/Users/Admin/Documents/Unreal Projects/ai-project/Content/ExternalAssets/FBX_format_furni/kitchenBlender_kitchenBlender.uasset" 2731
"C:/Users/Admin/Documents/Unreal Projects/ai-project/Content/ExternalAssets/FBX_format_furni/kitchenBlender_kitchenBlender.uexp" 2732
"C:/Users/Admin/Documents/Unreal Projects/ai-project/Content/ExternalAssets/FBX_format_furni/kitchenBlender_blenderTop.ubulk" 2733
"C:/Users/Admin/Documents/Unreal Projects/ai-project/Content/ExternalAssets/FBX_format_furni/kitchenBlender_blenderTop.uasset" 2734
"C:/Users/Admin/Documents/Unreal Projects/ai-project/Content/ExternalAssets/FBX_format_furni/kitchenBlender_blenderTop.uexp" 2735
"C:/Users/Admin/Documents/Unreal Projects/ai-project/Content/ExternalAssets/FBX_format_furni/kitchenBlender_blenderCup.ubulk" 2736
"C:/Users/Admin/Documents/Unreal Projects/ai-project/Content/ExternalAssets/FBX_format_furni/kitchenBlender_blenderCup.uasset" 2737
"C:/Users/Admin/Documents/Unreal Projects/ai-project/Content/ExternalAssets/FBX_format_furni/kitchenBlender_blenderCup.uexp" 2738
"C:/Users/Admin/Documents/Unreal Projects/ai-project/Content/ExternalAssets/FBX_format_furni/kitchenBar_kitchenBar.ubulk" 2739
"C:/Users/Admin/Documents/Unreal Projects/ai-project/Content/ExternalAssets/FBX_format_furni/kitchenBar_kitchenBar.uasset" 2740
"C:/Users/Admin/Documents/Unreal Projects/ai-project/Content/ExternalAssets/FBX_format_furni/kitchenBar_kitchenBar.uexp" 2741
"C:/Users/Admin/Documents/Unreal Projects/ai-project/Content/ExternalAssets/FBX_format_furni/kitchenBarEnd_kitchenBarEnd.ubulk" 2742
"C:/Users/Admin/Documents/Unreal Projects/ai-project/Content/ExternalAssets/FBX_format_furni/kitchenBarEnd_kitchenBarEnd.uasset" 2743
"C:/Users/Admin/Documents/Unreal Projects/ai-project/Content/ExternalAssets/FBX_format_furni/kitchenBarEnd_kitchenBarEnd.uexp" 2744
"C:/Users/Admin/Documents/Unreal Projects/ai-project/Content/ExternalAssets/FBX_format_furni/hoodModern_hoodModern.ubulk" 2745
"C:/Users/Admin/Documents/Unreal Projects/ai-project/Content/ExternalAssets/FBX_format_furni/hoodModern_hoodModern.uasset" 2746
"C:/Users/Admin/Documents/Unreal Projects/ai-project/Content/ExternalAssets/FBX_format_furni/hoodModern_hoodModern.uexp" 2747
"C:/Users/Admin/Documents/Unreal Projects/ai-project/Content/ExternalAssets/FBX_format_furni/hoodLarge_hoodLarge.ubulk" 2748
"C:/Users/Admin/Documents/Unreal Projects/ai-project/Content/ExternalAssets/FBX_format_furni/hoodLarge_hoodLarge.uasset" 2749
"C:/Users/Admin/Documents/Unreal Projects/ai-project/Content/ExternalAssets/FBX_format_furni/hoodLarge_hoodLarge.uexp" 2750
"C:/Users/Admin/Documents/Unreal Projects/ai-project/Content/ExternalAssets/FBX_format_furni/floorHalf_floorHalf.ubulk" 2751
"C:/Users/Admin/Documents/Unreal Projects/ai-project/Content/ExternalAssets/FBX_format_furni/floorHalf_floorHalf.uasset" 2752
"C:/Users/Admin/Documents/Unreal Projects/ai-project/Content/ExternalAssets/FBX_format_furni/floorHalf_floorHalf.uexp" 2753
"C:/Users/Admin/Documents/Unreal Projects/ai-project/Content/ExternalAssets/FBX_format_furni/floorFull_floorFull.ubulk" 2754
"C:/Users/Admin/Documents/Unreal Projects/ai-project/Content/ExternalAssets/FBX_format_furni/floorFull_floorFull.uasset" 2755
"C:/Users/Admin/Documents/Unreal Projects/ai-project/Content/ExternalAssets/FBX_format_furni/floorFull_floorFull.uexp" 2756
"C:/Users/Admin/Documents/Unreal Projects/ai-project/Content/ExternalAssets/FBX_format_furni/floorCorner_floorCorner.ubulk" 2757
"C:/Users/Admin/Documents/Unreal Projects/ai-project/Content/ExternalAssets/FBX_format_furni/floorCorner_floorCorner.uasset" 2758
"C:/Users/Admin/Documents/Unreal Projects/ai-project/Content/ExternalAssets/FBX_format_furni/floorCorner_floorCorner.uexp" 2759
"C:/Users/Admin/Documents/Unreal Projects/ai-project/Content/ExternalAssets/FBX_format_furni/floorCornerRound_floorCornerRound.ubulk" 2760
"C:/Users/Admin/Documents/Unreal Projects/ai-project/Content/ExternalAssets/FBX_format_furni/floorCornerRound_floorCornerRound.uasset" 2761
"C:/Users/Admin/Documents/Unreal Projects/ai-project/Content/ExternalAssets/FBX_format_furni/floorCornerRound_floorCornerRound.uexp" 2762
"C:/Users/Admin/Documents/Unreal Projects/ai-project/Content/ExternalAssets/FBX_format_furni/dryer_dryerDoor.ubulk" 2763
"C:/Users/Admin/Documents/Unreal Projects/ai-project/Content/ExternalAssets/FBX_format_furni/dryer_dryerDoor.uasset" 2764
"C:/Users/Admin/Documents/Unreal Projects/ai-project/Content/ExternalAssets/FBX_format_furni/dryer_dryerDoor.uexp" 2765
"C:/Users/Admin/Documents/Unreal Projects/ai-project/Content/ExternalAssets/FBX_format_furni/dryer_dryer.ubulk" 2766
"C:/Users/Admin/Documents/Unreal Projects/ai-project/Content/ExternalAssets/FBX_format_furni/dryer_dryer.uasset" 2767
"C:/Users/Admin/Documents/Unreal Projects/ai-project/Content/ExternalAssets/FBX_format_furni/dryer_dryer.uexp" 2768
"C:/Users/Admin/Documents/Unreal Projects/ai-project/Content/ExternalAssets/FBX_format_furni/doorway_doorway.ubulk" 2769
"C:/Users/Admin/Documents/Unreal Projects/ai-project/Content/ExternalAssets/FBX_format_furni/doorway_doorway.uasset" 2770
"C:/Users/Admin/Documents/Unreal Projects/ai-project/Content/ExternalAssets/FBX_format_furni/doorway_doorway.uexp" 2771
"C:/Users/Admin/Documents/Unreal Projects/ai-project/Content/ExternalAssets/FBX_format_furni/doorway_door.ubulk" 2772
"C:/Users/Admin/Documents/Unreal Projects/ai-project/Content/ExternalAssets/FBX_format_furni/doorway_door.uasset" 2773
"C:/Users/Admin/Documents/Unreal Projects/ai-project/Content/ExternalAssets/FBX_format_furni/doorway_door.uexp" 2774
"C:/Users/Admin/Documents/Unreal Projects/ai-project/Content/ExternalAssets/FBX_format_furni/doorwayOpen_doorwayOpen.ubulk" 2775
"C:/Users/Admin/Documents/Unreal Projects/ai-project/Content/ExternalAssets/FBX_format_furni/doorwayOpen_doorwayOpen.uasset" 2776
"C:/Users/Admin/Documents/Unreal Projects/ai-project/Content/ExternalAssets/FBX_format_furni/doorwayOpen_doorwayOpen.uexp" 2777
"C:/Users/Admin/Documents/Unreal Projects/ai-project/Content/ExternalAssets/FBX_format_furni/doorwayFront_doorwayFront.ubulk" 2778
"C:/Users/Admin/Documents/Unreal Projects/ai-project/Content/ExternalAssets/FBX_format_furni/doorwayFront_doorwayFront.uasset" 2779
"C:/Users/Admin/Documents/Unreal Projects/ai-project/Content/ExternalAssets/FBX_format_furni/doorwayFront_doorwayFront.uexp" 2780
"C:/Users/Admin/Documents/Unreal Projects/ai-project/Content/ExternalAssets/FBX_format_furni/doorwayFront_door.ubulk" 2781
"C:/Users/Admin/Documents/Unreal Projects/ai-project/Content/ExternalAssets/FBX_format_furni/doorwayFront_door.uasset" 2782
"C:/Users/Admin/Documents/Unreal Projects/ai-project/Content/ExternalAssets/FBX_format_furni/doorwayFront_door.uexp" 2783
"C:/Users/Admin/Documents/Unreal Projects/ai-project/Content/ExternalAssets/FBX_format_furni/desk_drawer.ubulk" 2784
"C:/Users/Admin/Documents/Unreal Projects/ai-project/Content/ExternalAssets/FBX_format_furni/desk_drawer.uasset" 2785
"C:/Users/Admin/Documents/Unreal Projects/ai-project/Content/ExternalAssets/FBX_format_furni/desk_drawer.uexp" 2786
"C:/Users/Admin/Documents/Unreal Projects/ai-project/Content/ExternalAssets/FBX_format_furni/desk_desk.ubulk" 2787
"C:/Users/Admin/Documents/Unreal Projects/ai-project/Content/ExternalAssets/FBX_format_furni/desk_desk.uasset" 2788
"C:/Users/Admin/Documents/Unreal Projects/ai-project/Content/ExternalAssets/FBX_format_furni/desk_desk.uexp" 2789
"C:/Users/Admin/Documents/Unreal Projects/ai-project/Content/ExternalAssets/FBX_format_furni/deskCorner_drawer.ubulk" 2790
"C:/Users/Admin/Documents/Unreal Projects/ai-project/Content/ExternalAssets/FBX_format_furni/deskCorner_drawer.uasset" 2791
"C:/Users/Admin/Documents/Unreal Projects/ai-project/Content/ExternalAssets/FBX_format_furni/deskCorner_drawer.uexp" 2792
"C:/Users/Admin/Documents/Unreal Projects/ai-project/Content/ExternalAssets/FBX_format_furni/deskCorner_deskCorner.ubulk" 2793
"C:/Users/Admin/Documents/Unreal Projects/ai-project/Content/ExternalAssets/FBX_format_furni/deskCorner_deskCorner.uasset" 2794
"C:/Users/Admin/Documents/Unreal Projects/ai-project/Content/ExternalAssets/FBX_format_furni/deskCorner_deskCorner.uexp" 2795
"C:/Users/Admin/Documents/Unreal Projects/ai-project/Content/ExternalAssets/FBX_format_furni/computerScreen_computerScreen.ubulk" 2796
"C:/Users/Admin/Documents/Unreal Projects/ai-project/Content/ExternalAssets/FBX_format_furni/computerScreen_computerScreen.uasset" 2797
"C:/Users/Admin/Documents/Unreal Projects/ai-project/Content/ExternalAssets/FBX_format_furni/computerScreen_computerScreen.uexp" 2798
"C:/Users/Admin/Documents/Unreal Projects/ai-project/Content/ExternalAssets/FBX_format_furni/computerMouse_computerMouse.ubulk" 2799
"C:/Users/Admin/Documents/Unreal Projects/ai-project/Content/ExternalAssets/FBX_format_furni/computerMouse_computerMouse.uasset" 2800
"C:/Users/Admin/Documents/Unreal Projects/ai-project/Content/ExternalAssets/FBX_format_furni/computerMouse_computerMouse.uexp" 2801
"C:/Users/Admin/Documents/Unreal Projects/ai-project/Content/ExternalAssets/FBX_format_furni/computerKeyboard_computerKeyboard.ubulk" 2802
"C:/Users/Admin/Documents/Unreal Projects/ai-project/Content/ExternalAssets/FBX_format_furni/computerKeyboard_computerKeyboard.uasset" 2803
"C:/Users/Admin/Documents/Unreal Projects/ai-project/Content/ExternalAssets/FBX_format_furni/computerKeyboard_computerKeyboard.uexp" 2804
"C:/Users/Admin/Documents/Unreal Projects/ai-project/Content/ExternalAssets/FBX_format_furni/coatRack_coatRack.ubulk" 2805
"C:/Users/Admin/Documents/Unreal Projects/ai-project/Content/ExternalAssets/FBX_format_furni/coatRack_coatRack.uasset" 2806
"C:/Users/Admin/Documents/Unreal Projects/ai-project/Content/ExternalAssets/FBX_format_furni/coatRack_coatRack.uexp" 2807
"C:/Users/Admin/Documents/Unreal Projects/ai-project/Content/ExternalAssets/FBX_format_furni/coatRackStanding_coatRackStanding.ubulk" 2808
"C:/Users/Admin/Documents/Unreal Projects/ai-project/Content/ExternalAssets/FBX_format_furni/coatRackStanding_coatRackStanding.uasset" 2809
"C:/Users/Admin/Documents/Unreal Projects/ai-project/Content/ExternalAssets/FBX_format_furni/coatRackStanding_coatRackStanding.uexp" 2810
"C:/Users/Admin/Documents/Unreal Projects/ai-project/Content/ExternalAssets/FBX_format_furni/chair_chair.ubulk" 2811
"C:/Users/Admin/Documents/Unreal Projects/ai-project/Content/ExternalAssets/FBX_format_furni/chair_chair.uasset" 2812
"C:/Users/Admin/Documents/Unreal Projects/ai-project/Content/ExternalAssets/FBX_format_furni/chair_chair.uexp" 2813
"C:/Users/Admin/Documents/Unreal Projects/ai-project/Content/ExternalAssets/FBX_format_furni/chairRounded_chairRounded.ubulk" 2814
"C:/Users/Admin/Documents/Unreal Projects/ai-project/Content/ExternalAssets/FBX_format_furni/chairRounded_chairRounded.uasset" 2815
"C:/Users/Admin/Documents/Unreal Projects/ai-project/Content/ExternalAssets/FBX_format_furni/chairRounded_chairRounded.uexp" 2816
"C:/Users/Admin/Documents/Unreal Projects/ai-project/Content/ExternalAssets/FBX_format_furni/chairModernFrameCushion_chairModernFrameCushion.ubulk" 2817
"C:/Users/Admin/Documents/Unreal Projects/ai-project/Content/ExternalAssets/FBX_format_furni/chairModernFrameCushion_chairModernFrameCushion.uasset" 2818
"C:/Users/Admin/Documents/Unreal Projects/ai-project/Content/ExternalAssets/FBX_format_furni/chairModernFrameCushion_chairModernFrameCushion.uexp" 2819
"C:/Users/Admin/Documents/Unreal Projects/ai-project/Content/ExternalAssets/FBX_format_furni/chairModernCushion_chairModernCushion.ubulk" 2820
"C:/Users/Admin/Documents/Unreal Projects/ai-project/Content/ExternalAssets/FBX_format_furni/chairModernCushion_chairModernCushion.uasset" 2821
"C:/Users/Admin/Documents/Unreal Projects/ai-project/Content/ExternalAssets/FBX_format_furni/chairModernCushion_chairModernCushion.uexp" 2822
"C:/Users/Admin/Documents/Unreal Projects/ai-project/Content/ExternalAssets/FBX_format_furni/chairDesk_chairDesk.ubulk" 2823
"C:/Users/Admin/Documents/Unreal Projects/ai-project/Content/ExternalAssets/FBX_format_furni/chairDesk_chairDesk.uasset" 2824
"C:/Users/Admin/Documents/Unreal Projects/ai-project/Content/ExternalAssets/FBX_format_furni/chairDesk_chairDesk.uexp" 2825
"C:/Users/Admin/Documents/Unreal Projects/ai-project/Content/ExternalAssets/FBX_format_furni/chairDesk_chair.ubulk" 2826
"C:/Users/Admin/Documents/Unreal Projects/ai-project/Content/ExternalAssets/FBX_format_furni/chairDesk_chair.uasset" 2827
"C:/Users/Admin/Documents/Unreal Projects/ai-project/Content/ExternalAssets/FBX_format_furni/chairDesk_chair.uexp" 2828
"C:/Users/Admin/Documents/Unreal Projects/ai-project/Content/ExternalAssets/FBX_format_furni/chairCushion_chairCushion.ubulk" 2829
"C:/Users/Admin/Documents/Unreal Projects/ai-project/Content/ExternalAssets/FBX_format_furni/chairCushion_chairCushion.uasset" 2830
"C:/Users/Admin/Documents/Unreal Projects/ai-project/Content/ExternalAssets/FBX_format_furni/chairCushion_chairCushion.uexp" 2831
"C:/Users/Admin/Documents/Unreal Projects/ai-project/Content/ExternalAssets/FBX_format_furni/ceilingFan_ceilingFan.ubulk" 2832
"C:/Users/Admin/Documents/Unreal Projects/ai-project/Content/ExternalAssets/FBX_format_furni/ceilingFan_ceilingFan.uasset" 2833
"C:/Users/Admin/Documents/Unreal Projects/ai-project/Content/ExternalAssets/FBX_format_furni/ceilingFan_ceilingFan.uexp" 2834
"C:/Users/Admin/Documents/Unreal Projects/ai-project/Content/ExternalAssets/FBX_format_furni/cardboardBoxOpen_cardboardBoxOpen.ubulk" 2835
"C:/Users/Admin/Documents/Unreal Projects/ai-project/Content/ExternalAssets/FBX_format_furni/cardboardBoxOpen_cardboardBoxOpen.uasset" 2836
"C:/Users/Admin/Documents/Unreal Projects/ai-project/Content/ExternalAssets/FBX_format_furni/cardboardBoxOpen_cardboardBoxOpen.uexp" 2837
"C:/Users/Admin/Documents/Unreal Projects/ai-project/Content/ExternalAssets/FBX_format_furni/cardboardBoxClosed_cardboardBoxClosed.ubulk" 2838
"C:/Users/Admin/Documents/Unreal Projects/ai-project/Content/ExternalAssets/FBX_format_furni/cardboardBoxClosed_cardboardBoxClosed.uasset" 2839
"C:/Users/Admin/Documents/Unreal Projects/ai-project/Content/ExternalAssets/FBX_format_furni/cardboardBoxClosed_cardboardBoxClosed.uexp" 2840
"C:/Users/Admin/Documents/Unreal Projects/ai-project/Content/ExternalAssets/FBX_format_furni/cabinetTelevision_cabinetTelevision.ubulk" 2841
"C:/Users/Admin/Documents/Unreal Projects/ai-project/Content/ExternalAssets/FBX_format_furni/cabinetTelevision_cabinetTelevision.uasset" 2842
"C:/Users/Admin/Documents/Unreal Projects/ai-project/Content/ExternalAssets/FBX_format_furni/cabinetTelevision_cabinetTelevision.uexp" 2843
"C:/Users/Admin/Documents/Unreal Projects/ai-project/Content/ExternalAssets/FBX_format_furni/cabinetTelevisionDoors_doorRight.ubulk" 2844
"C:/Users/Admin/Documents/Unreal Projects/ai-project/Content/ExternalAssets/FBX_format_furni/cabinetTelevisionDoors_doorRight.uasset" 2845
"C:/Users/Admin/Documents/Unreal Projects/ai-project/Content/ExternalAssets/FBX_format_furni/cabinetTelevisionDoors_doorRight.uexp" 2846
"C:/Users/Admin/Documents/Unreal Projects/ai-project/Content/ExternalAssets/FBX_format_furni/cabinetTelevisionDoors_doorLeft.ubulk" 2847
"C:/Users/Admin/Documents/Unreal Projects/ai-project/Content/ExternalAssets/FBX_format_furni/cabinetTelevisionDoors_doorLeft.uasset" 2848
"C:/Users/Admin/Documents/Unreal Projects/ai-project/Content/ExternalAssets/FBX_format_furni/cabinetTelevisionDoors_doorLeft.uexp" 2849
"C:/Users/Admin/Documents/Unreal Projects/ai-project/Content/ExternalAssets/FBX_format_furni/cabinetTelevisionDoors_cabinetTelevisionDoors.ubulk" 2850
"C:/Users/Admin/Documents/Unreal Projects/ai-project/Content/ExternalAssets/FBX_format_furni/cabinetTelevisionDoors_cabinetTelevisionDoors.uasset" 2851
"C:/Users/Admin/Documents/Unreal Projects/ai-project/Content/ExternalAssets/FBX_format_furni/cabinetTelevisionDoors_cabinetTelevisionDoors.uexp" 2852
"C:/Users/Admin/Documents/Unreal Projects/ai-project/Content/ExternalAssets/FBX_format_furni/cabinetBed_door.ubulk" 2853
"C:/Users/Admin/Documents/Unreal Projects/ai-project/Content/ExternalAssets/FBX_format_furni/cabinetBed_door.uasset" 2854
"C:/Users/Admin/Documents/Unreal Projects/ai-project/Content/ExternalAssets/FBX_format_furni/cabinetBed_door.uexp" 2855
"C:/Users/Admin/Documents/Unreal Projects/ai-project/Content/ExternalAssets/FBX_format_furni/cabinetBed_cabinetBed.ubulk" 2856
"C:/Users/Admin/Documents/Unreal Projects/ai-project/Content/ExternalAssets/FBX_format_furni/cabinetBed_cabinetBed.uasset" 2857
"C:/Users/Admin/Documents/Unreal Projects/ai-project/Content/ExternalAssets/FBX_format_furni/cabinetBed_cabinetBed.uexp" 2858
"C:/Users/Admin/Documents/Unreal Projects/ai-project/Content/ExternalAssets/FBX_format_furni/cabinetBedDrawer_drawer.ubulk" 2859
"C:/Users/Admin/Documents/Unreal Projects/ai-project/Content/ExternalAssets/FBX_format_furni/cabinetBedDrawer_drawer.uasset" 2860
"C:/Users/Admin/Documents/Unreal Projects/ai-project/Content/ExternalAssets/FBX_format_furni/cabinetBedDrawer_drawer.uexp" 2861
"C:/Users/Admin/Documents/Unreal Projects/ai-project/Content/ExternalAssets/FBX_format_furni/cabinetBedDrawer_door.ubulk" 2862
"C:/Users/Admin/Documents/Unreal Projects/ai-project/Content/ExternalAssets/FBX_format_furni/cabinetBedDrawer_door.uasset" 2863
"C:/Users/Admin/Documents/Unreal Projects/ai-project/Content/ExternalAssets/FBX_format_furni/cabinetBedDrawer_door.uexp" 2864
"C:/Users/Admin/Documents/Unreal Projects/ai-project/Content/ExternalAssets/FBX_format_furni/cabinetBedDrawer_cabinetBedDrawer.ubulk" 2865
"C:/Users/Admin/Documents/Unreal Projects/ai-project/Content/ExternalAssets/FBX_format_furni/cabinetBedDrawer_cabinetBedDrawer.uasset" 2866
"C:/Users/Admin/Documents/Unreal Projects/ai-project/Content/ExternalAssets/FBX_format_furni/cabinetBedDrawer_cabinetBedDrawer.uexp" 2867
"C:/Users/Admin/Documents/Unreal Projects/ai-project/Content/ExternalAssets/FBX_format_furni/cabinetBedDrawerTable_drawer.ubulk" 2868
"C:/Users/Admin/Documents/Unreal Projects/ai-project/Content/ExternalAssets/FBX_format_furni/cabinetBedDrawerTable_drawer.uasset" 2869
"C:/Users/Admin/Documents/Unreal Projects/ai-project/Content/ExternalAssets/FBX_format_furni/cabinetBedDrawerTable_drawer.uexp" 2870
"C:/Users/Admin/Documents/Unreal Projects/ai-project/Content/ExternalAssets/FBX_format_furni/cabinetBedDrawerTable_cabinetBedDrawerTable.ubulk" 2871
"C:/Users/Admin/Documents/Unreal Projects/ai-project/Content/ExternalAssets/FBX_format_furni/cabinetBedDrawerTable_cabinetBedDrawerTable.uasset" 2872
"C:/Users/Admin/Documents/Unreal Projects/ai-project/Content/ExternalAssets/FBX_format_furni/cabinetBedDrawerTable_cabinetBedDrawerTable.uexp" 2873
"C:/Users/Admin/Documents/Unreal Projects/ai-project/Content/ExternalAssets/FBX_format_furni/books_books.ubulk" 2874
"C:/Users/Admin/Documents/Unreal Projects/ai-project/Content/ExternalAssets/FBX_format_furni/books_books.uasset" 2875
"C:/Users/Admin/Documents/Unreal Projects/ai-project/Content/ExternalAssets/FBX_format_furni/books_books.uexp" 2876
"C:/Users/Admin/Documents/Unreal Projects/ai-project/Content/ExternalAssets/FBX_format_furni/bookcaseOpen_bookcaseOpen.ubulk" 2877
"C:/Users/Admin/Documents/Unreal Projects/ai-project/Content/ExternalAssets/FBX_format_furni/bookcaseOpen_bookcaseOpen.uasset" 2878
"C:/Users/Admin/Documents/Unreal Projects/ai-project/Content/ExternalAssets/FBX_format_furni/bookcaseOpen_bookcaseOpen.uexp" 2879
"C:/Users/Admin/Documents/Unreal Projects/ai-project/Content/ExternalAssets/FBX_format_furni/bookcaseOpenLow_bookcaseOpenLow.ubulk" 2880
"C:/Users/Admin/Documents/Unreal Projects/ai-project/Content/ExternalAssets/FBX_format_furni/bookcaseOpenLow_bookcaseOpenLow.uasset" 2881
"C:/Users/Admin/Documents/Unreal Projects/ai-project/Content/ExternalAssets/FBX_format_furni/bookcaseOpenLow_bookcaseOpenLow.uexp" 2882
"C:/Users/Admin/Documents/Unreal Projects/ai-project/Content/ExternalAssets/FBX_format_furni/bookcaseClosed_bookcaseClosed.ubulk" 2883
"C:/Users/Admin/Documents/Unreal Projects/ai-project/Content/ExternalAssets/FBX_format_furni/bookcaseClosed_bookcaseClosed.uasset" 2884
"C:/Users/Admin/Documents/Unreal Projects/ai-project/Content/ExternalAssets/FBX_format_furni/bookcaseClosed_bookcaseClosed.uexp" 2885
"C:/Users/Admin/Documents/Unreal Projects/ai-project/Content/ExternalAssets/FBX_format_furni/bookcaseClosedWide_bookcaseClosedWide.ubulk" 2886
"C:/Users/Admin/Documents/Unreal Projects/ai-project/Content/ExternalAssets/FBX_format_furni/bookcaseClosedWide_bookcaseClosedWide.uasset" 2887
"C:/Users/Admin/Documents/Unreal Projects/ai-project/Content/ExternalAssets/FBX_format_furni/bookcaseClosedWide_bookcaseClosedWide.uexp" 2888
"C:/Users/Admin/Documents/Unreal Projects/ai-project/Content/ExternalAssets/FBX_format_furni/bookcaseClosedDoors_doorRight.ubulk" 2889
"C:/Users/Admin/Documents/Unreal Projects/ai-project/Content/ExternalAssets/FBX_format_furni/bookcaseClosedDoors_doorRight.uasset" 2890
"C:/Users/Admin/Documents/Unreal Projects/ai-project/Content/ExternalAssets/FBX_format_furni/bookcaseClosedDoors_doorRight.uexp" 2891
"C:/Users/Admin/Documents/Unreal Projects/ai-project/Content/ExternalAssets/FBX_format_furni/bookcaseClosedDoors_doorLeft.ubulk" 2892
"C:/Users/Admin/Documents/Unreal Projects/ai-project/Content/ExternalAssets/FBX_format_furni/bookcaseClosedDoors_doorLeft.uasset" 2893
"C:/Users/Admin/Documents/Unreal Projects/ai-project/Content/ExternalAssets/FBX_format_furni/bookcaseClosedDoors_doorLeft.uexp" 2894
"C:/Users/Admin/Documents/Unreal Projects/ai-project/Content/ExternalAssets/FBX_format_furni/bookcaseClosedDoors_bookcaseClosedDoors.ubulk" 2895
"C:/Users/Admin/Documents/Unreal Projects/ai-project/Content/ExternalAssets/FBX_format_furni/bookcaseClosedDoors_bookcaseClosedDoors.uasset" 2896
"C:/Users/Admin/Documents/Unreal Projects/ai-project/Content/ExternalAssets/FBX_format_furni/bookcaseClosedDoors_bookcaseClosedDoors.uexp" 2897
"C:/Users/Admin/Documents/Unreal Projects/ai-project/Content/ExternalAssets/FBX_format_furni/bench_bench.ubulk" 2898
"C:/Users/Admin/Documents/Unreal Projects/ai-project/Content/ExternalAssets/FBX_format_furni/bench_bench.uasset" 2899
"C:/Users/Admin/Documents/Unreal Projects/ai-project/Content/ExternalAssets/FBX_format_furni/bench_bench.uexp" 2900
"C:/Users/Admin/Documents/Unreal Projects/ai-project/Content/ExternalAssets/FBX_format_furni/benchCushion_benchCushion.ubulk" 2901
"C:/Users/Admin/Documents/Unreal Projects/ai-project/Content/ExternalAssets/FBX_format_furni/benchCushion_benchCushion.uasset" 2902
"C:/Users/Admin/Documents/Unreal Projects/ai-project/Content/ExternalAssets/FBX_format_furni/benchCushion_benchCushion.uexp" 2903
"C:/Users/Admin/Documents/Unreal Projects/ai-project/Content/ExternalAssets/FBX_format_furni/benchCushionLow_benchCushionLow.ubulk" 2904
"C:/Users/Admin/Documents/Unreal Projects/ai-project/Content/ExternalAssets/FBX_format_furni/benchCushionLow_benchCushionLow.uasset" 2905
"C:/Users/Admin/Documents/Unreal Projects/ai-project/Content/ExternalAssets/FBX_format_furni/benchCushionLow_benchCushionLow.uexp" 2906
"C:/Users/Admin/Documents/Unreal Projects/ai-project/Content/ExternalAssets/FBX_format_furni/bedSingle_pillow.ubulk" 2907
"C:/Users/Admin/Documents/Unreal Projects/ai-project/Content/ExternalAssets/FBX_format_furni/bedSingle_pillow.uasset" 2908
"C:/Users/Admin/Documents/Unreal Projects/ai-project/Content/ExternalAssets/FBX_format_furni/bedSingle_pillow.uexp" 2909
"C:/Users/Admin/Documents/Unreal Projects/ai-project/Content/ExternalAssets/FBX_format_furni/bedSingle_cover.ubulk" 2910
"C:/Users/Admin/Documents/Unreal Projects/ai-project/Content/ExternalAssets/FBX_format_furni/bedSingle_cover.uasset" 2911
"C:/Users/Admin/Documents/Unreal Projects/ai-project/Content/ExternalAssets/FBX_format_furni/bedSingle_cover.uexp" 2912
"C:/Users/Admin/Documents/Unreal Projects/ai-project/Content/ExternalAssets/FBX_format_furni/bedSingle_bedSingle.ubulk" 2913
"C:/Users/Admin/Documents/Unreal Projects/ai-project/Content/ExternalAssets/FBX_format_furni/bedSingle_bedSingle.uasset" 2914
"C:/Users/Admin/Documents/Unreal Projects/ai-project/Content/ExternalAssets/FBX_format_furni/bedSingle_bedSingle.uexp" 2915
"C:/Users/Admin/Documents/Unreal Projects/ai-project/Content/ExternalAssets/FBX_format_furni/bedDouble_pillowRight.ubulk" 2916
"C:/Users/Admin/Documents/Unreal Projects/ai-project/Content/ExternalAssets/FBX_format_furni/bedDouble_pillowRight.uasset" 2917
"C:/Users/Admin/Documents/Unreal Projects/ai-project/Content/ExternalAssets/FBX_format_furni/bedDouble_pillowRight.uexp" 2918
"C:/Users/Admin/Documents/Unreal Projects/ai-project/Content/ExternalAssets/FBX_format_furni/bedDouble_pillowLeft.ubulk" 2919
"C:/Users/Admin/Documents/Unreal Projects/ai-project/Content/ExternalAssets/FBX_format_furni/bedDouble_pillowLeft.uasset" 2920
"C:/Users/Admin/Documents/Unreal Projects/ai-project/Content/ExternalAssets/FBX_format_furni/bedDouble_pillowLeft.uexp" 2921
"C:/Users/Admin/Documents/Unreal Projects/ai-project/Content/ExternalAssets/FBX_format_furni/bedDouble_cover.ubulk" 2922
"C:/Users/Admin/Documents/Unreal Projects/ai-project/Content/ExternalAssets/FBX_format_furni/bedDouble_cover.uasset" 2923
"C:/Users/Admin/Documents/Unreal Projects/ai-project/Content/ExternalAssets/FBX_format_furni/bedDouble_cover.uexp" 2924
"C:/Users/Admin/Documents/Unreal Projects/ai-project/Content/ExternalAssets/FBX_format_furni/bedDouble_bedDouble.ubulk" 2925
"C:/Users/Admin/Documents/Unreal Projects/ai-project/Content/ExternalAssets/FBX_format_furni/bedDouble_bedDouble.uasset" 2926
"C:/Users/Admin/Documents/Unreal Projects/ai-project/Content/ExternalAssets/FBX_format_furni/bedDouble_bedDouble.uexp" 2927
"C:/Users/Admin/Documents/Unreal Projects/ai-project/Content/ExternalAssets/FBX_format_furni/bedBunk_pillowTop.ubulk" 2928
"C:/Users/Admin/Documents/Unreal Projects/ai-project/Content/ExternalAssets/FBX_format_furni/bedBunk_pillowTop.uasset" 2929
"C:/Users/Admin/Documents/Unreal Projects/ai-project/Content/ExternalAssets/FBX_format_furni/bedBunk_pillowTop.uexp" 2930
"C:/Users/Admin/Documents/Unreal Projects/ai-project/Content/ExternalAssets/FBX_format_furni/bedBunk_pillowBottom.ubulk" 2931
"C:/Users/Admin/Documents/Unreal Projects/ai-project/Content/ExternalAssets/FBX_format_furni/bedBunk_pillowBottom.uasset" 2932
"C:/Users/Admin/Documents/Unreal Projects/ai-project/Content/ExternalAssets/FBX_format_furni/bedBunk_pillowBottom.uexp" 2933
"C:/Users/Admin/Documents/Unreal Projects/ai-project/Content/ExternalAssets/FBX_format_furni/bedBunk_coverTop.ubulk" 2934
"C:/Users/Admin/Documents/Unreal Projects/ai-project/Content/ExternalAssets/FBX_format_furni/bedBunk_coverTop.uasset" 2935
"C:/Users/Admin/Documents/Unreal Projects/ai-project/Content/ExternalAssets/FBX_format_furni/bedBunk_coverTop.uexp" 2936
"C:/Users/Admin/Documents/Unreal Projects/ai-project/Content/ExternalAssets/FBX_format_furni/bedBunk_coverBottom.ubulk" 2937
"C:/Users/Admin/Documents/Unreal Projects/ai-project/Content/ExternalAssets/FBX_format_furni/bedBunk_coverBottom.uasset" 2938
"C:/Users/Admin/Documents/Unreal Projects/ai-project/Content/ExternalAssets/FBX_format_furni/bedBunk_coverBottom.uexp" 2939
"C:/Users/Admin/Documents/Unreal Projects/ai-project/Content/ExternalAssets/FBX_format_furni/fur.uasset" 2940
"C:/Users/Admin/Documents/Unreal Projects/ai-project/Content/ExternalAssets/FBX_format_furni/fur.uexp" 2941
"C:/Users/Admin/Documents/Unreal Projects/ai-project/Content/ExternalAssets/FBX_format_furni/bear_bear.ubulk" 2942
"C:/Users/Admin/Documents/Unreal Projects/ai-project/Content/ExternalAssets/FBX_format_furni/bear_bear.uasset" 2943
"C:/Users/Admin/Documents/Unreal Projects/ai-project/Content/ExternalAssets/FBX_format_furni/bear_bear.uexp" 2944
"C:/Users/Admin/Documents/Unreal Projects/ai-project/Content/ExternalAssets/FBX_format_furni/bathtub_bathtub.ubulk" 2945
"C:/Users/Admin/Documents/Unreal Projects/ai-project/Content/ExternalAssets/FBX_format_furni/bathtub_bathtub.uasset" 2946
"C:/Users/Admin/Documents/Unreal Projects/ai-project/Content/ExternalAssets/FBX_format_furni/bathtub_bathtub.uexp" 2947
"C:/Users/Admin/Documents/Unreal Projects/ai-project/Content/ExternalAssets/FBX_format_furni/bathroomSink_bathroomSink.ubulk" 2948
"C:/Users/Admin/Documents/Unreal Projects/ai-project/Content/ExternalAssets/FBX_format_furni/bathroomSink_bathroomSink.uasset" 2949
"C:/Users/Admin/Documents/Unreal Projects/ai-project/Content/ExternalAssets/FBX_format_furni/bathroomSink_bathroomSink.uexp" 2950
"C:/Users/Admin/Documents/Unreal Projects/ai-project/Content/ExternalAssets/FBX_format_furni/bathroomSinkSquare_bathroomSinkSquare.ubulk" 2951
"C:/Users/Admin/Documents/Unreal Projects/ai-project/Content/ExternalAssets/FBX_format_furni/bathroomSinkSquare_bathroomSinkSquare.uasset" 2952
"C:/Users/Admin/Documents/Unreal Projects/ai-project/Content/ExternalAssets/FBX_format_furni/bathroomSinkSquare_bathroomSinkSquare.uexp" 2953
"C:/Users/Admin/Documents/Unreal Projects/ai-project/Content/ExternalAssets/FBX_format_furni/bathroomMirror_bathroomMirror.ubulk" 2954
"C:/Users/Admin/Documents/Unreal Projects/ai-project/Content/ExternalAssets/FBX_format_furni/bathroomMirror_bathroomMirror.uasset" 2955
"C:/Users/Admin/Documents/Unreal Projects/ai-project/Content/ExternalAssets/FBX_format_furni/bathroomMirror_bathroomMirror.uexp" 2956
"C:/Users/Admin/Documents/Unreal Projects/ai-project/Content/ExternalAssets/FBX_format_furni/bathroomCabinet_door.ubulk" 2957
"C:/Users/Admin/Documents/Unreal Projects/ai-project/Content/ExternalAssets/FBX_format_furni/bathroomCabinet_door.uasset" 2958
"C:/Users/Admin/Documents/Unreal Projects/ai-project/Content/ExternalAssets/FBX_format_furni/bathroomCabinet_door.uexp" 2959
"C:/Users/Admin/Documents/Unreal Projects/ai-project/Content/ExternalAssets/FBX_format_furni/bathroomCabinet_bathroomCabinet.ubulk" 2960
"C:/Users/Admin/Documents/Unreal Projects/ai-project/Content/ExternalAssets/FBX_format_furni/bathroomCabinet_bathroomCabinet.uasset" 2961
"C:/Users/Admin/Documents/Unreal Projects/ai-project/Content/ExternalAssets/FBX_format_furni/bathroomCabinet_bathroomCabinet.uexp" 2962
"C:/Users/Admin/Documents/Unreal Projects/ai-project/Content/ExternalAssets/FBX_format_furni/bathroomCabinetDrawer_drawerTop.ubulk" 2963
"C:/Users/Admin/Documents/Unreal Projects/ai-project/Content/ExternalAssets/FBX_format_furni/bathroomCabinetDrawer_drawerTop.uasset" 2964
"C:/Users/Admin/Documents/Unreal Projects/ai-project/Content/ExternalAssets/FBX_format_furni/bathroomCabinetDrawer_drawerTop.uexp" 2965
"C:/Users/Admin/Documents/Unreal Projects/ai-project/Content/ExternalAssets/FBX_format_furni/bathroomCabinetDrawer_drawerBottom.ubulk" 2966
"C:/Users/Admin/Documents/Unreal Projects/ai-project/Content/ExternalAssets/FBX_format_furni/bathroomCabinetDrawer_drawerBottom.uasset" 2967
"C:/Users/Admin/Documents/Unreal Projects/ai-project/Content/ExternalAssets/FBX_format_furni/bathroomCabinetDrawer_drawerBottom.uexp" 2968
"C:/Users/Admin/Documents/Unreal Projects/ai-project/Content/ExternalAssets/FBX_format_furni/bathroomCabinetDrawer_bathroomCabinetDrawer.ubulk" 2969
"C:/Users/Admin/Documents/Unreal Projects/ai-project/Content/ExternalAssets/FBX_format_furni/bathroomCabinetDrawer_bathroomCabinetDrawer.uasset" 2970
"C:/Users/Admin/Documents/Unreal Projects/ai-project/Content/ExternalAssets/FBX_format_furni/bathroomCabinetDrawer_bathroomCabinetDrawer.uexp" 2971
"C:/Users/Admin/Documents/Unreal Projects/ai-project/Content/ExternalAssets/FBX_format_food/wine-white_wine-white.ubulk" 2972
"C:/Users/Admin/Documents/Unreal Projects/ai-project/Content/ExternalAssets/FBX_format_food/wine-white_wine-white.uasset" 2973
"C:/Users/Admin/Documents/Unreal Projects/ai-project/Content/ExternalAssets/FBX_format_food/wine-white_wine-white.uexp" 2974
"C:/Users/Admin/Documents/Unreal Projects/ai-project/Content/ExternalAssets/FBX_format_food/wine-red_wine-red.ubulk" 2975
"C:/Users/Admin/Documents/Unreal Projects/ai-project/Content/ExternalAssets/FBX_format_food/wine-red_wine-red.uasset" 2976
"C:/Users/Admin/Documents/Unreal Projects/ai-project/Content/ExternalAssets/FBX_format_food/wine-red_wine-red.uexp" 2977
"C:/Users/Admin/Documents/Unreal Projects/ai-project/Content/ExternalAssets/FBX_format_food/wholer-ham_wholer-ham.ubulk" 2978
"C:/Users/Admin/Documents/Unreal Projects/ai-project/Content/ExternalAssets/FBX_format_food/wholer-ham_wholer-ham.uasset" 2979
"C:/Users/Admin/Documents/Unreal Projects/ai-project/Content/ExternalAssets/FBX_format_food/wholer-ham_wholer-ham.uexp" 2980
"C:/Users/Admin/Documents/Unreal Projects/ai-project/Content/ExternalAssets/FBX_format_food/whole-ham_whole-ham.ubulk" 2981
"C:/Users/Admin/Documents/Unreal Projects/ai-project/Content/ExternalAssets/FBX_format_food/whole-ham_whole-ham.uasset" 2982
"C:/Users/Admin/Documents/Unreal Projects/ai-project/Content/ExternalAssets/FBX_format_food/whole-ham_whole-ham.uexp" 2983
"C:/Users/Admin/Documents/Unreal Projects/ai-project/Content/ExternalAssets/FBX_format_food/whisk_whisk.ubulk" 2984
"C:/Users/Admin/Documents/Unreal Projects/ai-project/Content/ExternalAssets/FBX_format_food/whisk_whisk.uasset" 2985
"C:/Users/Admin/Documents/Unreal Projects/ai-project/Content/ExternalAssets/FBX_format_food/whisk_whisk.uexp" 2986
"C:/Users/Admin/Documents/Unreal Projects/ai-project/Content/ExternalAssets/FBX_format_food/whipped-cream_whipped-cream.ubulk" 2987
"C:/Users/Admin/Documents/Unreal Projects/ai-project/Content/ExternalAssets/FBX_format_food/whipped-cream_whipped-cream.uasset" 2988
"C:/Users/Admin/Documents/Unreal Projects/ai-project/Content/ExternalAssets/FBX_format_food/whipped-cream_whipped-cream.uexp" 2989
"C:/Users/Admin/Documents/Unreal Projects/ai-project/Content/ExternalAssets/FBX_format_food/watermelon_slice_7.ubulk" 2990
"C:/Users/Admin/Documents/Unreal Projects/ai-project/Content/ExternalAssets/FBX_format_food/watermelon_slice_7.uasset" 2991
"C:/Users/Admin/Documents/Unreal Projects/ai-project/Content/ExternalAssets/FBX_format_food/watermelon_slice_7.uexp" 2992
"C:/Users/Admin/Documents/Unreal Projects/ai-project/Content/ExternalAssets/FBX_format_food/watermelon_slice_6.ubulk" 2993
"C:/Users/Admin/Documents/Unreal Projects/ai-project/Content/ExternalAssets/FBX_format_food/watermelon_slice_6.uasset" 2994
"C:/Users/Admin/Documents/Unreal Projects/ai-project/Content/ExternalAssets/FBX_format_food/watermelon_slice_6.uexp" 2995
"C:/Users/Admin/Documents/Unreal Projects/ai-project/Content/ExternalAssets/FBX_format_food/watermelon_slice_5.ubulk" 2996
"C:/Users/Admin/Documents/Unreal Projects/ai-project/Content/ExternalAssets/FBX_format_food/watermelon_slice_5.uasset" 2997
"C:/Users/Admin/Documents/Unreal Projects/ai-project/Content/ExternalAssets/FBX_format_food/watermelon_slice_5.uexp" 2998
"C:/Users/Admin/Documents/Unreal Projects/ai-project/Content/ExternalAssets/FBX_format_food/watermelon_slice_4.ubulk" 2999
"C:/Users/Admin/Documents/Unreal Projects/ai-project/Content/ExternalAssets/FBX_format_food/watermelon_slice_4.uasset" 3000
"C:/Users/Admin/Documents/Unreal Projects/ai-project/Content/ExternalAssets/FBX_format_food/watermelon_slice_4.uexp" 3001
"C:/Users/Admin/Documents/Unreal Projects/ai-project/Content/ExternalAssets/FBX_format_food/watermelon_slice_3.ubulk" 3002
"C:/Users/Admin/Documents/Unreal Projects/ai-project/Content/ExternalAssets/FBX_format_food/watermelon_slice_3.uasset" 3003
"C:/Users/Admin/Documents/Unreal Projects/ai-project/Content/ExternalAssets/FBX_format_food/watermelon_slice_3.uexp" 3004
"C:/Users/Admin/Documents/Unreal Projects/ai-project/Content/ExternalAssets/FBX_format_food/watermelon_slice_2.ubulk" 3005
"C:/Users/Admin/Documents/Unreal Projects/ai-project/Content/ExternalAssets/FBX_format_food/watermelon_slice_2.uasset" 3006
"C:/Users/Admin/Documents/Unreal Projects/ai-project/Content/ExternalAssets/FBX_format_food/watermelon_slice_2.uexp" 3007
"C:/Users/Admin/Documents/Unreal Projects/ai-project/Content/ExternalAssets/FBX_format_food/watermelon_slice_1.ubulk" 3008
"C:/Users/Admin/Documents/Unreal Projects/ai-project/Content/ExternalAssets/FBX_format_food/watermelon_slice_1.uasset" 3009
"C:/Users/Admin/Documents/Unreal Projects/ai-project/Content/ExternalAssets/FBX_format_food/watermelon_slice_1.uexp" 3010
"C:/Users/Admin/Documents/Unreal Projects/ai-project/Content/ExternalAssets/FBX_format_food/watermelon_slice.ubulk" 3011
"C:/Users/Admin/Documents/Unreal Projects/ai-project/Content/ExternalAssets/FBX_format_food/watermelon_slice.uasset" 3012
"C:/Users/Admin/Documents/Unreal Projects/ai-project/Content/ExternalAssets/FBX_format_food/watermelon_slice.uexp" 3013
"C:/Users/Admin/Documents/Unreal Projects/ai-project/Content/ExternalAssets/FBX_format_food/waffle_waffle.ubulk" 3014
"C:/Users/Admin/Documents/Unreal Projects/ai-project/Content/ExternalAssets/FBX_format_food/waffle_waffle.uasset" 3015
"C:/Users/Admin/Documents/Unreal Projects/ai-project/Content/ExternalAssets/FBX_format_food/waffle_waffle.uexp" 3016
"C:/Users/Admin/Documents/Unreal Projects/ai-project/Content/ExternalAssets/FBX_format_food/utensil-spoon_utensil-spoon.ubulk" 3017
"C:/Users/Admin/Documents/Unreal Projects/ai-project/Content/ExternalAssets/FBX_format_food/utensil-spoon_utensil-spoon.uasset" 3018
"C:/Users/Admin/Documents/Unreal Projects/ai-project/Content/ExternalAssets/FBX_format_food/utensil-spoon_utensil-spoon.uexp" 3019
"C:/Users/Admin/Documents/Unreal Projects/ai-project/Content/ExternalAssets/FBX_format_food/utensil-knife_utensil-knife.ubulk" 3020
"C:/Users/Admin/Documents/Unreal Projects/ai-project/Content/ExternalAssets/FBX_format_food/utensil-knife_utensil-knife.uasset" 3021
"C:/Users/Admin/Documents/Unreal Projects/ai-project/Content/ExternalAssets/FBX_format_food/utensil-knife_utensil-knife.uexp" 3022
"C:/Users/Admin/Documents/Unreal Projects/ai-project/Content/ExternalAssets/FBX_format_food/turkey_turkey.ubulk" 3023
"C:/Users/Admin/Documents/Unreal Projects/ai-project/Content/ExternalAssets/FBX_format_food/turkey_turkey.uasset" 3024
"C:/Users/Admin/Documents/Unreal Projects/ai-project/Content/ExternalAssets/FBX_format_food/turkey_turkey.uexp" 3025
"C:/Users/Admin/Documents/Unreal Projects/ai-project/Content/ExternalAssets/FBX_format_food/turkey_leg_1.ubulk" 3026
"C:/Users/Admin/Documents/Unreal Projects/ai-project/Content/ExternalAssets/FBX_format_food/turkey_leg_1.uasset" 3027
"C:/Users/Admin/Documents/Unreal Projects/ai-project/Content/ExternalAssets/FBX_format_food/turkey_leg_1.uexp" 3028
"C:/Users/Admin/Documents/Unreal Projects/ai-project/Content/ExternalAssets/FBX_format_food/turkey_leg.ubulk" 3029
"C:/Users/Admin/Documents/Unreal Projects/ai-project/Content/ExternalAssets/FBX_format_food/turkey_leg.uasset" 3030
"C:/Users/Admin/Documents/Unreal Projects/ai-project/Content/ExternalAssets/FBX_format_food/turkey_leg.uexp" 3031
"C:/Users/Admin/Documents/Unreal Projects/ai-project/Content/ExternalAssets/FBX_format_food/tomato_tomato.ubulk" 3032
"C:/Users/Admin/Documents/Unreal Projects/ai-project/Content/ExternalAssets/FBX_format_food/tomato_tomato.uasset" 3033
"C:/Users/Admin/Documents/Unreal Projects/ai-project/Content/ExternalAssets/FBX_format_food/tomato_tomato.uexp" 3034
"C:/Users/Admin/Documents/Unreal Projects/ai-project/Content/ExternalAssets/FBX_format_food/tomato-slice_tomato-slice.ubulk" 3035
"C:/Users/Admin/Documents/Unreal Projects/ai-project/Content/ExternalAssets/FBX_format_food/tomato-slice_tomato-slice.uasset" 3036
"C:/Users/Admin/Documents/Unreal Projects/ai-project/Content/ExternalAssets/FBX_format_food/tomato-slice_tomato-slice.uexp" 3037
"C:/Users/Admin/Documents/Unreal Projects/ai-project/Content/ExternalAssets/FBX_format_food/tajine_tajine.ubulk" 3038
"C:/Users/Admin/Documents/Unreal Projects/ai-project/Content/ExternalAssets/FBX_format_food/tajine_tajine.uasset" 3039
"C:/Users/Admin/Documents/Unreal Projects/ai-project/Content/ExternalAssets/FBX_format_food/tajine_tajine.uexp" 3040
"C:/Users/Admin/Documents/Unreal Projects/ai-project/Content/ExternalAssets/FBX_format_food/tajine-lid_tajine-lid.ubulk" 3041
"C:/Users/Admin/Documents/Unreal Projects/ai-project/Content/ExternalAssets/FBX_format_food/tajine-lid_tajine-lid.uasset" 3042
"C:/Users/Admin/Documents/Unreal Projects/ai-project/Content/ExternalAssets/FBX_format_food/tajine-lid_tajine-lid.uexp" 3043
"C:/Users/Admin/Documents/Unreal Projects/ai-project/Content/ExternalAssets/FBX_format_food/taco_taco.ubulk" 3044
"C:/Users/Admin/Documents/Unreal Projects/ai-project/Content/ExternalAssets/FBX_format_food/taco_taco.uasset" 3045
"C:/Users/Admin/Documents/Unreal Projects/ai-project/Content/ExternalAssets/FBX_format_food/taco_taco.uexp" 3046
"C:/Users/Admin/Documents/Unreal Projects/ai-project/Content/ExternalAssets/FBX_format_food/sushi-salmon_sushi-salmon.ubulk" 3047
"C:/Users/Admin/Documents/Unreal Projects/ai-project/Content/ExternalAssets/FBX_format_food/sushi-salmon_sushi-salmon.uasset" 3048
"C:/Users/Admin/Documents/Unreal Projects/ai-project/Content/ExternalAssets/FBX_format_food/sushi-salmon_sushi-salmon.uexp" 3049
"C:/Users/Admin/Documents/Unreal Projects/ai-project/Content/ExternalAssets/FBX_format_food/sushi-egg_sushi-egg.ubulk" 3050
"C:/Users/Admin/Documents/Unreal Projects/ai-project/Content/ExternalAssets/FBX_format_food/sushi-egg_sushi-egg.uasset" 3051
"C:/Users/Admin/Documents/Unreal Projects/ai-project/Content/ExternalAssets/FBX_format_food/sushi-egg_sushi-egg.uexp" 3052
"C:/Users/Admin/Documents/Unreal Projects/ai-project/Content/ExternalAssets/FBX_format_food/sundae_sundae.ubulk" 3053
"C:/Users/Admin/Documents/Unreal Projects/ai-project/Content/ExternalAssets/FBX_format_food/sundae_sundae.uasset" 3054
"C:/Users/Admin/Documents/Unreal Projects/ai-project/Content/ExternalAssets/FBX_format_food/sundae_sundae.uexp" 3055
"C:/Users/Admin/Documents/Unreal Projects/ai-project/Content/ExternalAssets/FBX_format_food/sundae_straw.ubulk" 3056
"C:/Users/Admin/Documents/Unreal Projects/ai-project/Content/ExternalAssets/FBX_format_food/sundae_straw.uasset" 3057
"C:/Users/Admin/Documents/Unreal Projects/ai-project/Content/ExternalAssets/FBX_format_food/sundae_straw.uexp" 3058
"C:/Users/Admin/Documents/Unreal Projects/ai-project/Content/ExternalAssets/FBX_format_food/sundae_cherry.ubulk" 3059
"C:/Users/Admin/Documents/Unreal Projects/ai-project/Content/ExternalAssets/FBX_format_food/sundae_cherry.uasset" 3060
"C:/Users/Admin/Documents/Unreal Projects/ai-project/Content/ExternalAssets/FBX_format_food/sundae_cherry.uexp" 3061
"C:/Users/Admin/Documents/Unreal Projects/ai-project/Content/ExternalAssets/FBX_format_food/sub_tomato_2.ubulk" 3062
"C:/Users/Admin/Documents/Unreal Projects/ai-project/Content/ExternalAssets/FBX_format_food/sub_tomato_2.uasset" 3063
"C:/Users/Admin/Documents/Unreal Projects/ai-project/Content/ExternalAssets/FBX_format_food/sub_tomato_2.uexp" 3064
"C:/Users/Admin/Documents/Unreal Projects/ai-project/Content/ExternalAssets/FBX_format_food/sub_tomato_1.ubulk" 3065
"C:/Users/Admin/Documents/Unreal Projects/ai-project/Content/ExternalAssets/FBX_format_food/sub_tomato_1.uasset" 3066
"C:/Users/Admin/Documents/Unreal Projects/ai-project/Content/ExternalAssets/FBX_format_food/sub_tomato_1.uexp" 3067
"C:/Users/Admin/Documents/Unreal Projects/ai-project/Content/ExternalAssets/FBX_format_food/sub_tomato.ubulk" 3068
"C:/Users/Admin/Documents/Unreal Projects/ai-project/Content/ExternalAssets/FBX_format_food/sub_tomato.uasset" 3069
"C:/Users/Admin/Documents/Unreal Projects/ai-project/Content/ExternalAssets/FBX_format_food/sub_tomato.uexp" 3070
"C:/Users/Admin/Documents/Unreal Projects/ai-project/Content/ExternalAssets/FBX_format_food/sub_meat.ubulk" 3071
"C:/Users/Admin/Documents/Unreal Projects/ai-project/Content/ExternalAssets/FBX_format_food/sub_meat.uasset" 3072
"C:/Users/Admin/Documents/Unreal Projects/ai-project/Content/ExternalAssets/FBX_format_food/sub_meat.uexp" 3073
"C:/Users/Admin/Documents/Unreal Projects/ai-project/Content/ExternalAssets/FBX_format_food/sub_lettuce.ubulk" 3074
"C:/Users/Admin/Documents/Unreal Projects/ai-project/Content/ExternalAssets/FBX_format_food/sub_lettuce.uasset" 3075
"C:/Users/Admin/Documents/Unreal Projects/ai-project/Content/ExternalAssets/FBX_format_food/sub_lettuce.uexp" 3076
"C:/Users/Admin/Documents/Unreal Projects/ai-project/Content/ExternalAssets/FBX_format_food/sub_bun-top.ubulk" 3077
"C:/Users/Admin/Documents/Unreal Projects/ai-project/Content/ExternalAssets/FBX_format_food/sub_bun-top.uasset" 3078
"C:/Users/Admin/Documents/Unreal Projects/ai-project/Content/ExternalAssets/FBX_format_food/sub_bun-top.uexp" 3079
"C:/Users/Admin/Documents/Unreal Projects/ai-project/Content/ExternalAssets/FBX_format_food/sub_bun-bottom.ubulk" 3080
"C:/Users/Admin/Documents/Unreal Projects/ai-project/Content/ExternalAssets/FBX_format_food/sub_bun-bottom.uasset" 3081
"C:/Users/Admin/Documents/Unreal Projects/ai-project/Content/ExternalAssets/FBX_format_food/sub_bun-bottom.uexp" 3082
"C:/Users/Admin/Documents/Unreal Projects/ai-project/Content/ExternalAssets/FBX_format_food/styrofoam_styrofoam.ubulk" 3083
"C:/Users/Admin/Documents/Unreal Projects/ai-project/Content/ExternalAssets/FBX_format_food/styrofoam_styrofoam.uasset" 3084
"C:/Users/Admin/Documents/Unreal Projects/ai-project/Content/ExternalAssets/FBX_format_food/styrofoam_styrofoam.uexp" 3085
"C:/Users/Admin/Documents/Unreal Projects/ai-project/Content/ExternalAssets/FBX_format_food/styrofoam_lid.ubulk" 3086
"C:/Users/Admin/Documents/Unreal Projects/ai-project/Content/ExternalAssets/FBX_format_food/styrofoam_lid.uasset" 3087
"C:/Users/Admin/Documents/Unreal Projects/ai-project/Content/ExternalAssets/FBX_format_food/styrofoam_lid.uexp" 3088
"C:/Users/Admin/Documents/Unreal Projects/ai-project/Content/ExternalAssets/FBX_format_food/styrofoam-dinner_styrofoam-dinner.ubulk" 3089
"C:/Users/Admin/Documents/Unreal Projects/ai-project/Content/ExternalAssets/FBX_format_food/styrofoam-dinner_styrofoam-dinner.uasset" 3090
"C:/Users/Admin/Documents/Unreal Projects/ai-project/Content/ExternalAssets/FBX_format_food/styrofoam-dinner_styrofoam-dinner.uexp" 3091
"C:/Users/Admin/Documents/Unreal Projects/ai-project/Content/ExternalAssets/FBX_format_food/styrofoam-dinner_lid.ubulk" 3092
"C:/Users/Admin/Documents/Unreal Projects/ai-project/Content/ExternalAssets/FBX_format_food/styrofoam-dinner_lid.uasset" 3093
"C:/Users/Admin/Documents/Unreal Projects/ai-project/Content/ExternalAssets/FBX_format_food/styrofoam-dinner_lid.uexp" 3094
"C:/Users/Admin/Documents/Unreal Projects/ai-project/Content/ExternalAssets/FBX_format_food/styrofoam-dinner_Group_2.ubulk" 3095
"C:/Users/Admin/Documents/Unreal Projects/ai-project/Content/ExternalAssets/FBX_format_food/styrofoam-dinner_Group_2.uasset" 3096
"C:/Users/Admin/Documents/Unreal Projects/ai-project/Content/ExternalAssets/FBX_format_food/styrofoam-dinner_Group_2.uexp" 3097
"C:/Users/Admin/Documents/Unreal Projects/ai-project/Content/ExternalAssets/FBX_format_food/styrofoam-dinner_Group_1.ubulk" 3098
"C:/Users/Admin/Documents/Unreal Projects/ai-project/Content/ExternalAssets/FBX_format_food/styrofoam-dinner_Group_1.uasset" 3099
"C:/Users/Admin/Documents/Unreal Projects/ai-project/Content/ExternalAssets/FBX_format_food/styrofoam-dinner_Group_1.uexp" 3100
"C:/Users/Admin/Documents/Unreal Projects/ai-project/Content/ExternalAssets/FBX_format_food/styrofoam-dinner_Group.ubulk" 3101
"C:/Users/Admin/Documents/Unreal Projects/ai-project/Content/ExternalAssets/FBX_format_food/styrofoam-dinner_Group.uasset" 3102
"C:/Users/Admin/Documents/Unreal Projects/ai-project/Content/ExternalAssets/FBX_format_food/styrofoam-dinner_Group.uexp" 3103
"C:/Users/Admin/Documents/Unreal Projects/ai-project/Content/ExternalAssets/FBX_format_food/strawberry_strawberry.ubulk" 3104
"C:/Users/Admin/Documents/Unreal Projects/ai-project/Content/ExternalAssets/FBX_format_food/strawberry_strawberry.uasset" 3105
"C:/Users/Admin/Documents/Unreal Projects/ai-project/Content/ExternalAssets/FBX_format_food/strawberry_strawberry.uexp" 3106
"C:/Users/Admin/Documents/Unreal Projects/ai-project/Content/ExternalAssets/FBX_format_food/steamer_lid.ubulk" 3107
"C:/Users/Admin/Documents/Unreal Projects/ai-project/Content/ExternalAssets/FBX_format_food/steamer_lid.uasset" 3108
"C:/Users/Admin/Documents/Unreal Projects/ai-project/Content/ExternalAssets/FBX_format_food/steamer_lid.uexp" 3109
"C:/Users/Admin/Documents/Unreal Projects/ai-project/Content/ExternalAssets/FBX_format_food/steamer_layer_2.ubulk" 3110
"C:/Users/Admin/Documents/Unreal Projects/ai-project/Content/ExternalAssets/FBX_format_food/steamer_layer_2.uasset" 3111
"C:/Users/Admin/Documents/Unreal Projects/ai-project/Content/ExternalAssets/FBX_format_food/steamer_layer_2.uexp" 3112
"C:/Users/Admin/Documents/Unreal Projects/ai-project/Content/ExternalAssets/FBX_format_food/steamer_layer_1.ubulk" 3113
"C:/Users/Admin/Documents/Unreal Projects/ai-project/Content/ExternalAssets/FBX_format_food/steamer_layer_1.uasset" 3114
"C:/Users/Admin/Documents/Unreal Projects/ai-project/Content/ExternalAssets/FBX_format_food/steamer_layer_1.uexp" 3115
"C:/Users/Admin/Documents/Unreal Projects/ai-project/Content/ExternalAssets/FBX_format_food/steamer_layer.ubulk" 3116
"C:/Users/Admin/Documents/Unreal Projects/ai-project/Content/ExternalAssets/FBX_format_food/steamer_layer.uasset" 3117
"C:/Users/Admin/Documents/Unreal Projects/ai-project/Content/ExternalAssets/FBX_format_food/steamer_layer.uexp" 3118
"C:/Users/Admin/Documents/Unreal Projects/ai-project/Content/ExternalAssets/FBX_format_food/soy_soy.ubulk" 3119
"C:/Users/Admin/Documents/Unreal Projects/ai-project/Content/ExternalAssets/FBX_format_food/soy_soy.uasset" 3120
"C:/Users/Admin/Documents/Unreal Projects/ai-project/Content/ExternalAssets/FBX_format_food/soy_soy.uexp" 3121
"C:/Users/Admin/Documents/Unreal Projects/ai-project/Content/ExternalAssets/FBX_format_food/soda_soda.ubulk" 3122
"C:/Users/Admin/Documents/Unreal Projects/ai-project/Content/ExternalAssets/FBX_format_food/soda_soda.uasset" 3123
"C:/Users/Admin/Documents/Unreal Projects/ai-project/Content/ExternalAssets/FBX_format_food/soda_soda.uexp" 3124
"C:/Users/Admin/Documents/Unreal Projects/ai-project/Content/ExternalAssets/FBX_format_food/soda-glass_straw.ubulk" 3125
"C:/Users/Admin/Documents/Unreal Projects/ai-project/Content/ExternalAssets/FBX_format_food/soda-glass_straw.uasset" 3126
"C:/Users/Admin/Documents/Unreal Projects/ai-project/Content/ExternalAssets/FBX_format_food/soda-glass_straw.uexp" 3127
"C:/Users/Admin/Documents/Unreal Projects/ai-project/Content/ExternalAssets/FBX_format_food/soda-glass_soda-glass.ubulk" 3128
"C:/Users/Admin/Documents/Unreal Projects/ai-project/Content/ExternalAssets/FBX_format_food/soda-glass_soda-glass.uasset" 3129
"C:/Users/Admin/Documents/Unreal Projects/ai-project/Content/ExternalAssets/FBX_format_food/soda-glass_soda-glass.uexp" 3130
"C:/Users/Admin/Documents/Unreal Projects/ai-project/Content/ExternalAssets/FBX_format_food/soda-glass_lemon.ubulk" 3131
"C:/Users/Admin/Documents/Unreal Projects/ai-project/Content/ExternalAssets/FBX_format_food/soda-glass_lemon.uasset" 3132
"C:/Users/Admin/Documents/Unreal Projects/ai-project/Content/ExternalAssets/FBX_format_food/soda-glass_lemon.uexp" 3133
"C:/Users/Admin/Documents/Unreal Projects/ai-project/Content/ExternalAssets/FBX_format_food/soda-can_soda-can.ubulk" 3134
"C:/Users/Admin/Documents/Unreal Projects/ai-project/Content/ExternalAssets/FBX_format_food/soda-can_soda-can.uasset" 3135
"C:/Users/Admin/Documents/Unreal Projects/ai-project/Content/ExternalAssets/FBX_format_food/soda-can_soda-can.uexp" 3136
"C:/Users/Admin/Documents/Unreal Projects/ai-project/Content/ExternalAssets/FBX_format_food/soda-can-crushed_soda-can-crushed.ubulk" 3137
"C:/Users/Admin/Documents/Unreal Projects/ai-project/Content/ExternalAssets/FBX_format_food/soda-can-crushed_soda-can-crushed.uasset" 3138
"C:/Users/Admin/Documents/Unreal Projects/ai-project/Content/ExternalAssets/FBX_format_food/soda-can-crushed_soda-can-crushed.uexp" 3139
"C:/Users/Admin/Documents/Unreal Projects/ai-project/Content/ExternalAssets/FBX_format_food/soda-bottle_soda-bottle.ubulk" 3140
"C:/Users/Admin/Documents/Unreal Projects/ai-project/Content/ExternalAssets/FBX_format_food/soda-bottle_soda-bottle.uasset" 3141
"C:/Users/Admin/Documents/Unreal Projects/ai-project/Content/ExternalAssets/FBX_format_food/soda-bottle_soda-bottle.uexp" 3142
"C:/Users/Admin/Documents/Unreal Projects/ai-project/Content/ExternalAssets/FBX_format_food/skewer_skewer.ubulk" 3143
"C:/Users/Admin/Documents/Unreal Projects/ai-project/Content/ExternalAssets/FBX_format_food/skewer_skewer.uasset" 3144
"C:/Users/Admin/Documents/Unreal Projects/ai-project/Content/ExternalAssets/FBX_format_food/skewer_skewer.uexp" 3145
"C:/Users/Admin/Documents/Unreal Projects/ai-project/Content/ExternalAssets/FBX_format_food/skewer_meat_2.ubulk" 3146
"C:/Users/Admin/Documents/Unreal Projects/ai-project/Content/ExternalAssets/FBX_format_food/skewer_meat_2.uasset" 3147
"C:/Users/Admin/Documents/Unreal Projects/ai-project/Content/ExternalAssets/FBX_format_food/skewer_meat_2.uexp" 3148
"C:/Users/Admin/Documents/Unreal Projects/ai-project/Content/ExternalAssets/FBX_format_food/skewer_meat_1.ubulk" 3149
"C:/Users/Admin/Documents/Unreal Projects/ai-project/Content/ExternalAssets/FBX_format_food/skewer_meat_1.uasset" 3150
"C:/Users/Admin/Documents/Unreal Projects/ai-project/Content/ExternalAssets/FBX_format_food/skewer_meat_1.uexp" 3151
"C:/Users/Admin/Documents/Unreal Projects/ai-project/Content/ExternalAssets/FBX_format_food/skewer_meat.ubulk" 3152
"C:/Users/Admin/Documents/Unreal Projects/ai-project/Content/ExternalAssets/FBX_format_food/skewer_meat.uasset" 3153
"C:/Users/Admin/Documents/Unreal Projects/ai-project/Content/ExternalAssets/FBX_format_food/skewer_meat.uexp" 3154
"C:/Users/Admin/Documents/Unreal Projects/ai-project/Content/ExternalAssets/FBX_format_food/skewer-vegetables_vegetables_1.ubulk" 3155
"C:/Users/Admin/Documents/Unreal Projects/ai-project/Content/ExternalAssets/FBX_format_food/skewer-vegetables_vegetables_1.uasset" 3156
"C:/Users/Admin/Documents/Unreal Projects/ai-project/Content/ExternalAssets/FBX_format_food/skewer-vegetables_vegetables_1.uexp" 3157
"C:/Users/Admin/Documents/Unreal Projects/ai-project/Content/ExternalAssets/FBX_format_food/skewer-vegetables_vegetables.ubulk" 3158
"C:/Users/Admin/Documents/Unreal Projects/ai-project/Content/ExternalAssets/FBX_format_food/skewer-vegetables_vegetables.uasset" 3159
"C:/Users/Admin/Documents/Unreal Projects/ai-project/Content/ExternalAssets/FBX_format_food/skewer-vegetables_vegetables.uexp" 3160
"C:/Users/Admin/Documents/Unreal Projects/ai-project/Content/ExternalAssets/FBX_format_food/skewer-vegetables_skewer-vegetables.ubulk" 3161
"C:/Users/Admin/Documents/Unreal Projects/ai-project/Content/ExternalAssets/FBX_format_food/skewer-vegetables_skewer-vegetables.uasset" 3162
"C:/Users/Admin/Documents/Unreal Projects/ai-project/Content/ExternalAssets/FBX_format_food/skewer-vegetables_skewer-vegetables.uexp" 3163
"C:/Users/Admin/Documents/Unreal Projects/ai-project/Content/ExternalAssets/FBX_format_food/skewer-vegetables_meat_2.ubulk" 3164
"C:/Users/Admin/Documents/Unreal Projects/ai-project/Content/ExternalAssets/FBX_format_food/skewer-vegetables_meat_2.uasset" 3165
"C:/Users/Admin/Documents/Unreal Projects/ai-project/Content/ExternalAssets/FBX_format_food/skewer-vegetables_meat_2.uexp" 3166
"C:/Users/Admin/Documents/Unreal Projects/ai-project/Content/ExternalAssets/FBX_format_food/skewer-vegetables_meat_1.ubulk" 3167
"C:/Users/Admin/Documents/Unreal Projects/ai-project/Content/ExternalAssets/FBX_format_food/skewer-vegetables_meat_1.uasset" 3168
"C:/Users/Admin/Documents/Unreal Projects/ai-project/Content/ExternalAssets/FBX_format_food/skewer-vegetables_meat_1.uexp" 3169
"C:/Users/Admin/Documents/Unreal Projects/ai-project/Content/ExternalAssets/FBX_format_food/skewer-vegetables_meat.ubulk" 3170
"C:/Users/Admin/Documents/Unreal Projects/ai-project/Content/ExternalAssets/FBX_format_food/skewer-vegetables_meat.uasset" 3171
"C:/Users/Admin/Documents/Unreal Projects/ai-project/Content/ExternalAssets/FBX_format_food/skewer-vegetables_meat.uexp" 3172
"C:/Users/Admin/Documents/Unreal Projects/ai-project/Content/ExternalAssets/FBX_format_food/shaker-salt_shaker-salt.ubulk" 3173
"C:/Users/Admin/Documents/Unreal Projects/ai-project/Content/ExternalAssets/FBX_format_food/shaker-salt_shaker-salt.uasset" 3174
"C:/Users/Admin/Documents/Unreal Projects/ai-project/Content/ExternalAssets/FBX_format_food/shaker-salt_shaker-salt.uexp" 3175
"C:/Users/Admin/Documents/Unreal Projects/ai-project/Content/ExternalAssets/FBX_format_food/shaker-pepper_shaker-pepper.ubulk" 3176
"C:/Users/Admin/Documents/Unreal Projects/ai-project/Content/ExternalAssets/FBX_format_food/shaker-pepper_shaker-pepper.uasset" 3177
"C:/Users/Admin/Documents/Unreal Projects/ai-project/Content/ExternalAssets/FBX_format_food/shaker-pepper_shaker-pepper.uexp" 3178
"C:/Users/Admin/Documents/Unreal Projects/ai-project/Content/ExternalAssets/FBX_format_food/sausage_sausage.ubulk" 3179
"C:/Users/Admin/Documents/Unreal Projects/ai-project/Content/ExternalAssets/FBX_format_food/sausage_sausage.uasset" 3180
"C:/Users/Admin/Documents/Unreal Projects/ai-project/Content/ExternalAssets/FBX_format_food/sausage_sausage.uexp" 3181
"C:/Users/Admin/Documents/Unreal Projects/ai-project/Content/ExternalAssets/FBX_format_food/sausage-half_sausage-half.ubulk" 3182
"C:/Users/Admin/Documents/Unreal Projects/ai-project/Content/ExternalAssets/FBX_format_food/sausage-half_sausage-half.uasset" 3183
"C:/Users/Admin/Documents/Unreal Projects/ai-project/Content/ExternalAssets/FBX_format_food/sausage-half_sausage-half.uexp" 3184
"C:/Users/Admin/Documents/Unreal Projects/ai-project/Content/ExternalAssets/FBX_format_food/sandwich_meat.ubulk" 3185
"C:/Users/Admin/Documents/Unreal Projects/ai-project/Content/ExternalAssets/FBX_format_food/sandwich_meat.uasset" 3186
"C:/Users/Admin/Documents/Unreal Projects/ai-project/Content/ExternalAssets/FBX_format_food/sandwich_meat.uexp" 3187
"C:/Users/Admin/Documents/Unreal Projects/ai-project/Content/ExternalAssets/FBX_format_food/sandwich_lettuce.ubulk" 3188
"C:/Users/Admin/Documents/Unreal Projects/ai-project/Content/ExternalAssets/FBX_format_food/sandwich_lettuce.uasset" 3189
"C:/Users/Admin/Documents/Unreal Projects/ai-project/Content/ExternalAssets/FBX_format_food/sandwich_lettuce.uexp" 3190
"C:/Users/Admin/Documents/Unreal Projects/ai-project/Content/ExternalAssets/FBX_format_food/sandwich_bun_1.ubulk" 3191
"C:/Users/Admin/Documents/Unreal Projects/ai-project/Content/ExternalAssets/FBX_format_food/sandwich_bun_1.uasset" 3192
"C:/Users/Admin/Documents/Unreal Projects/ai-project/Content/ExternalAssets/FBX_format_food/sandwich_bun_1.uexp" 3193
"C:/Users/Admin/Documents/Unreal Projects/ai-project/Content/ExternalAssets/FBX_format_food/sandwich_bun.ubulk" 3194
"C:/Users/Admin/Documents/Unreal Projects/ai-project/Content/ExternalAssets/FBX_format_food/sandwich_bun.uasset" 3195
"C:/Users/Admin/Documents/Unreal Projects/ai-project/Content/ExternalAssets/FBX_format_food/sandwich_bun.uexp" 3196
"C:/Users/Admin/Documents/Unreal Projects/ai-project/Content/ExternalAssets/FBX_format_food/salad_salad.ubulk" 3197
"C:/Users/Admin/Documents/Unreal Projects/ai-project/Content/ExternalAssets/FBX_format_food/salad_salad.uasset" 3198
"C:/Users/Admin/Documents/Unreal Projects/ai-project/Content/ExternalAssets/FBX_format_food/salad_salad.uexp" 3199
"C:/Users/Admin/Documents/Unreal Projects/ai-project/Content/ExternalAssets/FBX_format_food/rollingPin_rollingPin.ubulk" 3200
"C:/Users/Admin/Documents/Unreal Projects/ai-project/Content/ExternalAssets/FBX_format_food/rollingPin_rollingPin.uasset" 3201
"C:/Users/Admin/Documents/Unreal Projects/ai-project/Content/ExternalAssets/FBX_format_food/rollingPin_rollingPin.uexp" 3202
"C:/Users/Admin/Documents/Unreal Projects/ai-project/Content/ExternalAssets/FBX_format_food/rice-ball_rice-ball.ubulk" 3203
"C:/Users/Admin/Documents/Unreal Projects/ai-project/Content/ExternalAssets/FBX_format_food/rice-ball_rice-ball.uasset" 3204
"C:/Users/Admin/Documents/Unreal Projects/ai-project/Content/ExternalAssets/FBX_format_food/rice-ball_rice-ball.uexp" 3205
"C:/Users/Admin/Documents/Unreal Projects/ai-project/Content/ExternalAssets/FBX_format_food/radish_radish.ubulk" 3206
"C:/Users/Admin/Documents/Unreal Projects/ai-project/Content/ExternalAssets/FBX_format_food/radish_radish.uasset" 3207
"C:/Users/Admin/Documents/Unreal Projects/ai-project/Content/ExternalAssets/FBX_format_food/radish_radish.uexp" 3208
"C:/Users/Admin/Documents/Unreal Projects/ai-project/Content/ExternalAssets/FBX_format_food/pumpkin_pumpkin.ubulk" 3209
"C:/Users/Admin/Documents/Unreal Projects/ai-project/Content/ExternalAssets/FBX_format_food/pumpkin_pumpkin.uasset" 3210
"C:/Users/Admin/Documents/Unreal Projects/ai-project/Content/ExternalAssets/FBX_format_food/pumpkin_pumpkin.uexp" 3211
"C:/Users/Admin/Documents/Unreal Projects/ai-project/Content/ExternalAssets/FBX_format_food/pumpkin-basic_pumpkin-basic.ubulk" 3212
"C:/Users/Admin/Documents/Unreal Projects/ai-project/Content/ExternalAssets/FBX_format_food/pumpkin-basic_pumpkin-basic.uasset" 3213
"C:/Users/Admin/Documents/Unreal Projects/ai-project/Content/ExternalAssets/FBX_format_food/pumpkin-basic_pumpkin-basic.uexp" 3214
"C:/Users/Admin/Documents/Unreal Projects/ai-project/Content/ExternalAssets/FBX_format_food/pudding_pudding.ubulk" 3215
"C:/Users/Admin/Documents/Unreal Projects/ai-project/Content/ExternalAssets/FBX_format_food/pudding_pudding.uasset" 3216
"C:/Users/Admin/Documents/Unreal Projects/ai-project/Content/ExternalAssets/FBX_format_food/pudding_pudding.uexp" 3217
"C:/Users/Admin/Documents/Unreal Projects/ai-project/Content/ExternalAssets/FBX_format_food/pot_pot.ubulk" 3218
"C:/Users/Admin/Documents/Unreal Projects/ai-project/Content/ExternalAssets/FBX_format_food/pot_pot.uasset" 3219
"C:/Users/Admin/Documents/Unreal Projects/ai-project/Content/ExternalAssets/FBX_format_food/pot_pot.uexp" 3220
"C:/Users/Admin/Documents/Unreal Projects/ai-project/Content/ExternalAssets/FBX_format_food/pot-stew_pot-stew.ubulk" 3221
"C:/Users/Admin/Documents/Unreal Projects/ai-project/Content/ExternalAssets/FBX_format_food/pot-stew_pot-stew.uasset" 3222
"C:/Users/Admin/Documents/Unreal Projects/ai-project/Content/ExternalAssets/FBX_format_food/pot-stew_pot-stew.uexp" 3223
"C:/Users/Admin/Documents/Unreal Projects/ai-project/Content/ExternalAssets/FBX_format_food/glass.uasset" 3224
"C:/Users/Admin/Documents/Unreal Projects/ai-project/Content/ExternalAssets/FBX_format_food/glass.uexp" 3225
"C:/Users/Admin/Documents/Unreal Projects/ai-project/Content/ExternalAssets/FBX_format_food/pot-stew-lid___ignore_.ubulk" 3226
"C:/Users/Admin/Documents/Unreal Projects/ai-project/Content/ExternalAssets/FBX_format_food/pot-stew-lid___ignore_.uasset" 3227
"C:/Users/Admin/Documents/Unreal Projects/ai-project/Content/ExternalAssets/FBX_format_food/pot-stew-lid___ignore_.uexp" 3228
"C:/Users/Admin/Documents/Unreal Projects/ai-project/Content/ExternalAssets/FBX_format_food/pot-stew-lid_pot-stew-lid.ubulk" 3229
"C:/Users/Admin/Documents/Unreal Projects/ai-project/Content/ExternalAssets/FBX_format_food/pot-stew-lid_pot-stew-lid.uasset" 3230
"C:/Users/Admin/Documents/Unreal Projects/ai-project/Content/ExternalAssets/FBX_format_food/pot-stew-lid_pot-stew-lid.uexp" 3231
"C:/Users/Admin/Documents/Unreal Projects/ai-project/Content/ExternalAssets/FBX_format_food/pot-lid_pot-lid.ubulk" 3232
"C:/Users/Admin/Documents/Unreal Projects/ai-project/Content/ExternalAssets/FBX_format_food/pot-lid_pot-lid.uasset" 3233
"C:/Users/Admin/Documents/Unreal Projects/ai-project/Content/ExternalAssets/FBX_format_food/pot-lid_pot-lid.uexp" 3234
"C:/Users/Admin/Documents/Unreal Projects/ai-project/Content/ExternalAssets/FBX_format_food/popsicle_popsicle.ubulk" 3235
"C:/Users/Admin/Documents/Unreal Projects/ai-project/Content/ExternalAssets/FBX_format_food/popsicle_popsicle.uasset" 3236
"C:/Users/Admin/Documents/Unreal Projects/ai-project/Content/ExternalAssets/FBX_format_food/popsicle_popsicle.uexp" 3237
"C:/Users/Admin/Documents/Unreal Projects/ai-project/Content/ExternalAssets/FBX_format_food/popsicle-stick_popsicle-stick.ubulk" 3238
"C:/Users/Admin/Documents/Unreal Projects/ai-project/Content/ExternalAssets/FBX_format_food/popsicle-stick_popsicle-stick.uasset" 3239
"C:/Users/Admin/Documents/Unreal Projects/ai-project/Content/ExternalAssets/FBX_format_food/popsicle-stick_popsicle-stick.uexp" 3240
"C:/Users/Admin/Documents/Unreal Projects/ai-project/Content/ExternalAssets/FBX_format_food/popsicle-chocolate_popsicle-chocolate.ubulk" 3241
"C:/Users/Admin/Documents/Unreal Projects/ai-project/Content/ExternalAssets/FBX_format_food/popsicle-chocolate_popsicle-chocolate.uasset" 3242
"C:/Users/Admin/Documents/Unreal Projects/ai-project/Content/ExternalAssets/FBX_format_food/popsicle-chocolate_popsicle-chocolate.uexp" 3243
"C:/Users/Admin/Documents/Unreal Projects/ai-project/Content/ExternalAssets/FBX_format_food/plate_plate.ubulk" 3244
"C:/Users/Admin/Documents/Unreal Projects/ai-project/Content/ExternalAssets/FBX_format_food/plate_plate.uasset" 3245
"C:/Users/Admin/Documents/Unreal Projects/ai-project/Content/ExternalAssets/FBX_format_food/plate_plate.uexp" 3246
"C:/Users/Admin/Documents/Unreal Projects/ai-project/Content/ExternalAssets/FBX_format_food/plate-sauerkraut_plate-sauerkraut.ubulk" 3247
"C:/Users/Admin/Documents/Unreal Projects/ai-project/Content/ExternalAssets/FBX_format_food/plate-sauerkraut_plate-sauerkraut.uasset" 3248
"C:/Users/Admin/Documents/Unreal Projects/ai-project/Content/ExternalAssets/FBX_format_food/plate-sauerkraut_plate-sauerkraut.uexp" 3249
"C:/Users/Admin/Documents/Unreal Projects/ai-project/Content/ExternalAssets/FBX_format_food/plate-rectangle_plate-rectangle.ubulk" 3250
"C:/Users/Admin/Documents/Unreal Projects/ai-project/Content/ExternalAssets/FBX_format_food/plate-rectangle_plate-rectangle.uasset" 3251
"C:/Users/Admin/Documents/Unreal Projects/ai-project/Content/ExternalAssets/FBX_format_food/plate-rectangle_plate-rectangle.uexp" 3252
"C:/Users/Admin/Documents/Unreal Projects/ai-project/Content/ExternalAssets/FBX_format_food/plate-dinner_plate-dinner.ubulk" 3253
"C:/Users/Admin/Documents/Unreal Projects/ai-project/Content/ExternalAssets/FBX_format_food/plate-dinner_plate-dinner.uasset" 3254
"C:/Users/Admin/Documents/Unreal Projects/ai-project/Content/ExternalAssets/FBX_format_food/plate-dinner_plate-dinner.uexp" 3255
"C:/Users/Admin/Documents/Unreal Projects/ai-project/Content/ExternalAssets/FBX_format_food/plate-deep_plate-deep.ubulk" 3256
"C:/Users/Admin/Documents/Unreal Projects/ai-project/Content/ExternalAssets/FBX_format_food/plate-deep_plate-deep.uasset" 3257
"C:/Users/Admin/Documents/Unreal Projects/ai-project/Content/ExternalAssets/FBX_format_food/plate-deep_plate-deep.uexp" 3258
"C:/Users/Admin/Documents/Unreal Projects/ai-project/Content/ExternalAssets/FBX_format_food/plate-broken_piece_7.ubulk" 3259
"C:/Users/Admin/Documents/Unreal Projects/ai-project/Content/ExternalAssets/FBX_format_food/plate-broken_piece_7.uasset" 3260
"C:/Users/Admin/Documents/Unreal Projects/ai-project/Content/ExternalAssets/FBX_format_food/plate-broken_piece_7.uexp" 3261
"C:/Users/Admin/Documents/Unreal Projects/ai-project/Content/ExternalAssets/FBX_format_food/plate-broken_piece_6.ubulk" 3262
"C:/Users/Admin/Documents/Unreal Projects/ai-project/Content/ExternalAssets/FBX_format_food/plate-broken_piece_6.uasset" 3263
"C:/Users/Admin/Documents/Unreal Projects/ai-project/Content/ExternalAssets/FBX_format_food/plate-broken_piece_6.uexp" 3264
"C:/Users/Admin/Documents/Unreal Projects/ai-project/Content/ExternalAssets/FBX_format_food/plate-broken_piece_5.ubulk" 3265
"C:/Users/Admin/Documents/Unreal Projects/ai-project/Content/ExternalAssets/FBX_format_food/plate-broken_piece_5.uasset" 3266
"C:/Users/Admin/Documents/Unreal Projects/ai-project/Content/ExternalAssets/FBX_format_food/plate-broken_piece_5.uexp" 3267
"C:/Users/Admin/Documents/Unreal Projects/ai-project/Content/ExternalAssets/FBX_format_food/plate-broken_piece_4.ubulk" 3268
"C:/Users/Admin/Documents/Unreal Projects/ai-project/Content/ExternalAssets/FBX_format_food/plate-broken_piece_4.uasset" 3269
"C:/Users/Admin/Documents/Unreal Projects/ai-project/Content/ExternalAssets/FBX_format_food/plate-broken_piece_4.uexp" 3270
"C:/Users/Admin/Documents/Unreal Projects/ai-project/Content/ExternalAssets/FBX_format_food/plate-broken_piece_3.ubulk" 3271
"C:/Users/Admin/Documents/Unreal Projects/ai-project/Content/ExternalAssets/FBX_format_food/plate-broken_piece_3.uasset" 3272
"C:/Users/Admin/Documents/Unreal Projects/ai-project/Content/ExternalAssets/FBX_format_food/plate-broken_piece_3.uexp" 3273
"C:/Users/Admin/Documents/Unreal Projects/ai-project/Content/ExternalAssets/FBX_format_food/plate-broken_piece_2.ubulk" 3274
"C:/Users/Admin/Documents/Unreal Projects/ai-project/Content/ExternalAssets/FBX_format_food/plate-broken_piece_2.uasset" 3275
"C:/Users/Admin/Documents/Unreal Projects/ai-project/Content/ExternalAssets/FBX_format_food/plate-broken_piece_2.uexp" 3276
"C:/Users/Admin/Documents/Unreal Projects/ai-project/Content/ExternalAssets/FBX_format_food/plate-broken_piece_1.ubulk" 3277
"C:/Users/Admin/Documents/Unreal Projects/ai-project/Content/ExternalAssets/FBX_format_food/plate-broken_piece_1.uasset" 3278
"C:/Users/Admin/Documents/Unreal Projects/ai-project/Content/ExternalAssets/FBX_format_food/plate-broken_piece_1.uexp" 3279
"C:/Users/Admin/Documents/Unreal Projects/ai-project/Content/ExternalAssets/FBX_format_food/plate-broken_piece.ubulk" 3280
"C:/Users/Admin/Documents/Unreal Projects/ai-project/Content/ExternalAssets/FBX_format_food/plate-broken_piece.uasset" 3281
"C:/Users/Admin/Documents/Unreal Projects/ai-project/Content/ExternalAssets/FBX_format_food/plate-broken_piece.uexp" 3282
"C:/Users/Admin/Documents/Unreal Projects/ai-project/Content/ExternalAssets/FBX_format_food/pizza_slice8.ubulk" 3283
"C:/Users/Admin/Documents/Unreal Projects/ai-project/Content/ExternalAssets/FBX_format_food/pizza_slice8.uasset" 3284
"C:/Users/Admin/Documents/Unreal Projects/ai-project/Content/ExternalAssets/FBX_format_food/pizza_slice8.uexp" 3285
"C:/Users/Admin/Documents/Unreal Projects/ai-project/Content/ExternalAssets/FBX_format_food/pizza_slice7.ubulk" 3286
"C:/Users/Admin/Documents/Unreal Projects/ai-project/Content/ExternalAssets/FBX_format_food/pizza_slice7.uasset" 3287
"C:/Users/Admin/Documents/Unreal Projects/ai-project/Content/ExternalAssets/FBX_format_food/pizza_slice7.uexp" 3288
"C:/Users/Admin/Documents/Unreal Projects/ai-project/Content/ExternalAssets/FBX_format_food/pizza_slice6.ubulk" 3289
"C:/Users/Admin/Documents/Unreal Projects/ai-project/Content/ExternalAssets/FBX_format_food/pizza_slice6.uasset" 3290
"C:/Users/Admin/Documents/Unreal Projects/ai-project/Content/ExternalAssets/FBX_format_food/pizza_slice6.uexp" 3291
"C:/Users/Admin/Documents/Unreal Projects/ai-project/Content/ExternalAssets/FBX_format_food/pizza_slice5.ubulk" 3292
"C:/Users/Admin/Documents/Unreal Projects/ai-project/Content/ExternalAssets/FBX_format_food/pizza_slice5.uasset" 3293
"C:/Users/Admin/Documents/Unreal Projects/ai-project/Content/ExternalAssets/FBX_format_food/pizza_slice5.uexp" 3294
"C:/Users/Admin/Documents/Unreal Projects/ai-project/Content/ExternalAssets/FBX_format_food/pizza_slice4.ubulk" 3295
"C:/Users/Admin/Documents/Unreal Projects/ai-project/Content/ExternalAssets/FBX_format_food/pizza_slice4.uasset" 3296
"C:/Users/Admin/Documents/Unreal Projects/ai-project/Content/ExternalAssets/FBX_format_food/pizza_slice4.uexp" 3297
"C:/Users/Admin/Documents/Unreal Projects/ai-project/Content/ExternalAssets/FBX_format_food/pizza_slice3.ubulk" 3298
"C:/Users/Admin/Documents/Unreal Projects/ai-project/Content/ExternalAssets/FBX_format_food/pizza_slice3.uasset" 3299
"C:/Users/Admin/Documents/Unreal Projects/ai-project/Content/ExternalAssets/FBX_format_food/pizza_slice3.uexp" 3300
"C:/Users/Admin/Documents/Unreal Projects/ai-project/Content/ExternalAssets/FBX_format_food/pizza_slice2.ubulk" 3301
"C:/Users/Admin/Documents/Unreal Projects/ai-project/Content/ExternalAssets/FBX_format_food/pizza_slice2.uasset" 3302
"C:/Users/Admin/Documents/Unreal Projects/ai-project/Content/ExternalAssets/FBX_format_food/pizza_slice2.uexp" 3303
"C:/Users/Admin/Documents/Unreal Projects/ai-project/Content/ExternalAssets/FBX_format_food/pizza_slice1.ubulk" 3304
"C:/Users/Admin/Documents/Unreal Projects/ai-project/Content/ExternalAssets/FBX_format_food/pizza_slice1.uasset" 3305
"C:/Users/Admin/Documents/Unreal Projects/ai-project/Content/ExternalAssets/FBX_format_food/pizza_slice1.uexp" 3306
"C:/Users/Admin/Documents/Unreal Projects/ai-project/Content/ExternalAssets/FBX_format_food/pizza-cutter_pizza-cutter.ubulk" 3307
"C:/Users/Admin/Documents/Unreal Projects/ai-project/Content/ExternalAssets/FBX_format_food/pizza-cutter_pizza-cutter.uasset" 3308
"C:/Users/Admin/Documents/Unreal Projects/ai-project/Content/ExternalAssets/FBX_format_food/pizza-cutter_pizza-cutter.uexp" 3309
"C:/Users/Admin/Documents/Unreal Projects/ai-project/Content/ExternalAssets/FBX_format_food/pizza-box_pizza-box.ubulk" 3310
"C:/Users/Admin/Documents/Unreal Projects/ai-project/Content/ExternalAssets/FBX_format_food/pizza-box_pizza-box.uasset" 3311
"C:/Users/Admin/Documents/Unreal Projects/ai-project/Content/ExternalAssets/FBX_format_food/pizza-box_pizza-box.uexp" 3312
"C:/Users/Admin/Documents/Unreal Projects/ai-project/Content/ExternalAssets/FBX_format_food/pizza-box_lid.ubulk" 3313
"C:/Users/Admin/Documents/Unreal Projects/ai-project/Content/ExternalAssets/FBX_format_food/pizza-box_lid.uasset" 3314
"C:/Users/Admin/Documents/Unreal Projects/ai-project/Content/ExternalAssets/FBX_format_food/pizza-box_lid.uexp" 3315
"C:/Users/Admin/Documents/Unreal Projects/ai-project/Content/ExternalAssets/FBX_format_food/pineapple_pineapple.ubulk" 3316
"C:/Users/Admin/Documents/Unreal Projects/ai-project/Content/ExternalAssets/FBX_format_food/pineapple_pineapple.uasset" 3317
"C:/Users/Admin/Documents/Unreal Projects/ai-project/Content/ExternalAssets/FBX_format_food/pineapple_pineapple.uexp" 3318
"C:/Users/Admin/Documents/Unreal Projects/ai-project/Content/ExternalAssets/FBX_format_food/pie_pie.ubulk" 3319
"C:/Users/Admin/Documents/Unreal Projects/ai-project/Content/ExternalAssets/FBX_format_food/pie_pie.uasset" 3320
"C:/Users/Admin/Documents/Unreal Projects/ai-project/Content/ExternalAssets/FBX_format_food/pie_pie.uexp" 3321
"C:/Users/Admin/Documents/Unreal Projects/ai-project/Content/ExternalAssets/FBX_format_food/pepper_pepper.ubulk" 3322
"C:/Users/Admin/Documents/Unreal Projects/ai-project/Content/ExternalAssets/FBX_format_food/pepper_pepper.uasset" 3323
"C:/Users/Admin/Documents/Unreal Projects/ai-project/Content/ExternalAssets/FBX_format_food/pepper_pepper.uexp" 3324
"C:/Users/Admin/Documents/Unreal Projects/ai-project/Content/ExternalAssets/FBX_format_food/pepper-mill_pepper-mill.ubulk" 3325
"C:/Users/Admin/Documents/Unreal Projects/ai-project/Content/ExternalAssets/FBX_format_food/pepper-mill_pepper-mill.uasset" 3326
"C:/Users/Admin/Documents/Unreal Projects/ai-project/Content/ExternalAssets/FBX_format_food/pepper-mill_pepper-mill.uexp" 3327
"C:/Users/Admin/Documents/Unreal Projects/ai-project/Content/ExternalAssets/FBX_format_food/pear_pear.ubulk" 3328
"C:/Users/Admin/Documents/Unreal Projects/ai-project/Content/ExternalAssets/FBX_format_food/pear_pear.uasset" 3329
"C:/Users/Admin/Documents/Unreal Projects/ai-project/Content/ExternalAssets/FBX_format_food/pear_pear.uexp" 3330
"C:/Users/Admin/Documents/Unreal Projects/ai-project/Content/ExternalAssets/FBX_format_food/pear-half_pear-half.ubulk" 3331
"C:/Users/Admin/Documents/Unreal Projects/ai-project/Content/ExternalAssets/FBX_format_food/pear-half_pear-half.uasset" 3332
"C:/Users/Admin/Documents/Unreal Projects/ai-project/Content/ExternalAssets/FBX_format_food/pear-half_pear-half.uexp" 3333
"C:/Users/Admin/Documents/Unreal Projects/ai-project/Content/ExternalAssets/FBX_format_food/peanut-butter_peanut-butter.ubulk" 3334
"C:/Users/Admin/Documents/Unreal Projects/ai-project/Content/ExternalAssets/FBX_format_food/peanut-butter_peanut-butter.uasset" 3335
"C:/Users/Admin/Documents/Unreal Projects/ai-project/Content/ExternalAssets/FBX_format_food/peanut-butter_peanut-butter.uexp" 3336
"C:/Users/Admin/Documents/Unreal Projects/ai-project/Content/ExternalAssets/FBX_format_food/paprika_paprika.ubulk" 3337
"C:/Users/Admin/Documents/Unreal Projects/ai-project/Content/ExternalAssets/FBX_format_food/paprika_paprika.uasset" 3338
"C:/Users/Admin/Documents/Unreal Projects/ai-project/Content/ExternalAssets/FBX_format_food/paprika_paprika.uexp" 3339
"C:/Users/Admin/Documents/Unreal Projects/ai-project/Content/ExternalAssets/FBX_format_food/paprika-slice_paprika-slice.ubulk" 3340
"C:/Users/Admin/Documents/Unreal Projects/ai-project/Content/ExternalAssets/FBX_format_food/paprika-slice_paprika-slice.uasset" 3341
"C:/Users/Admin/Documents/Unreal Projects/ai-project/Content/ExternalAssets/FBX_format_food/paprika-slice_paprika-slice.uexp" 3342
"C:/Users/Admin/Documents/Unreal Projects/ai-project/Content/ExternalAssets/FBX_format_food/pan_pan.ubulk" 3343
"C:/Users/Admin/Documents/Unreal Projects/ai-project/Content/ExternalAssets/FBX_format_food/pan_pan.uasset" 3344
"C:/Users/Admin/Documents/Unreal Projects/ai-project/Content/ExternalAssets/FBX_format_food/pan_pan.uexp" 3345
"C:/Users/Admin/Documents/Unreal Projects/ai-project/Content/ExternalAssets/FBX_format_food/pancakes_pancake_2.ubulk" 3346
"C:/Users/Admin/Documents/Unreal Projects/ai-project/Content/ExternalAssets/FBX_format_food/pancakes_pancake_2.uasset" 3347
"C:/Users/Admin/Documents/Unreal Projects/ai-project/Content/ExternalAssets/FBX_format_food/pancakes_pancake_2.uexp" 3348
"C:/Users/Admin/Documents/Unreal Projects/ai-project/Content/ExternalAssets/FBX_format_food/pancakes_pancake_1.ubulk" 3349
"C:/Users/Admin/Documents/Unreal Projects/ai-project/Content/ExternalAssets/FBX_format_food/pancakes_pancake_1.uasset" 3350
"C:/Users/Admin/Documents/Unreal Projects/ai-project/Content/ExternalAssets/FBX_format_food/pancakes_pancake_1.uexp" 3351
"C:/Users/Admin/Documents/Unreal Projects/ai-project/Content/ExternalAssets/FBX_format_food/pancakes_pancakes.ubulk" 3352
"C:/Users/Admin/Documents/Unreal Projects/ai-project/Content/ExternalAssets/FBX_format_food/pancakes_pancakes.uasset" 3353
"C:/Users/Admin/Documents/Unreal Projects/ai-project/Content/ExternalAssets/FBX_format_food/pancakes_pancakes.uexp" 3354
"C:/Users/Admin/Documents/Unreal Projects/ai-project/Content/ExternalAssets/FBX_format_food/pancakes_pancake.ubulk" 3355
"C:/Users/Admin/Documents/Unreal Projects/ai-project/Content/ExternalAssets/FBX_format_food/pancakes_pancake.uasset" 3356
"C:/Users/Admin/Documents/Unreal Projects/ai-project/Content/ExternalAssets/FBX_format_food/pancakes_pancake.uexp" 3357
"C:/Users/Admin/Documents/Unreal Projects/ai-project/Content/ExternalAssets/FBX_format_food/pancakes_butter.ubulk" 3358
"C:/Users/Admin/Documents/Unreal Projects/ai-project/Content/ExternalAssets/FBX_format_food/pancakes_butter.uasset" 3359
"C:/Users/Admin/Documents/Unreal Projects/ai-project/Content/ExternalAssets/FBX_format_food/pancakes_butter.uexp" 3360
"C:/Users/Admin/Documents/Unreal Projects/ai-project/Content/ExternalAssets/FBX_format_food/pan-stew_pan-stew.ubulk" 3361
"C:/Users/Admin/Documents/Unreal Projects/ai-project/Content/ExternalAssets/FBX_format_food/pan-stew_pan-stew.uasset" 3362
"C:/Users/Admin/Documents/Unreal Projects/ai-project/Content/ExternalAssets/FBX_format_food/pan-stew_pan-stew.uexp" 3363
"C:/Users/Admin/Documents/Unreal Projects/ai-project/Content/ExternalAssets/FBX_format_food/orange_orange.ubulk" 3364
"C:/Users/Admin/Documents/Unreal Projects/ai-project/Content/ExternalAssets/FBX_format_food/orange_orange.uasset" 3365
"C:/Users/Admin/Documents/Unreal Projects/ai-project/Content/ExternalAssets/FBX_format_food/orange_orange.uexp" 3366
"C:/Users/Admin/Documents/Unreal Projects/ai-project/Content/ExternalAssets/FBX_format_food/onion_onion.ubulk" 3367
"C:/Users/Admin/Documents/Unreal Projects/ai-project/Content/ExternalAssets/FBX_format_food/onion_onion.uasset" 3368
"C:/Users/Admin/Documents/Unreal Projects/ai-project/Content/ExternalAssets/FBX_format_food/onion_onion.uexp" 3369
"C:/Users/Admin/Documents/Unreal Projects/ai-project/Content/ExternalAssets/FBX_format_food/onion-half_onion-half.ubulk" 3370
"C:/Users/Admin/Documents/Unreal Projects/ai-project/Content/ExternalAssets/FBX_format_food/onion-half_onion-half.uasset" 3371
"C:/Users/Admin/Documents/Unreal Projects/ai-project/Content/ExternalAssets/FBX_format_food/onion-half_onion-half.uexp" 3372
"C:/Users/Admin/Documents/Unreal Projects/ai-project/Content/ExternalAssets/FBX_format_food/mussel_mussel.ubulk" 3373
"C:/Users/Admin/Documents/Unreal Projects/ai-project/Content/ExternalAssets/FBX_format_food/mussel_mussel.uasset" 3374
"C:/Users/Admin/Documents/Unreal Projects/ai-project/Content/ExternalAssets/FBX_format_food/mussel_mussel.uexp" 3375
"C:/Users/Admin/Documents/Unreal Projects/ai-project/Content/ExternalAssets/FBX_format_food/mussel-open_mussel-open.ubulk" 3376
"C:/Users/Admin/Documents/Unreal Projects/ai-project/Content/ExternalAssets/FBX_format_food/mussel-open_mussel-open.uasset" 3377
"C:/Users/Admin/Documents/Unreal Projects/ai-project/Content/ExternalAssets/FBX_format_food/mussel-open_mussel-open.uexp" 3378
"C:/Users/Admin/Documents/Unreal Projects/ai-project/Content/ExternalAssets/FBX_format_food/mushroom_mushroom.ubulk" 3379
"C:/Users/Admin/Documents/Unreal Projects/ai-project/Content/ExternalAssets/FBX_format_food/mushroom_mushroom.uasset" 3380
"C:/Users/Admin/Documents/Unreal Projects/ai-project/Content/ExternalAssets/FBX_format_food/mushroom_mushroom.uexp" 3381
"C:/Users/Admin/Documents/Unreal Projects/ai-project/Content/ExternalAssets/FBX_format_food/mushroom-half_mushroom-half.ubulk" 3382
"C:/Users/Admin/Documents/Unreal Projects/ai-project/Content/ExternalAssets/FBX_format_food/mushroom-half_mushroom-half.uasset" 3383
"C:/Users/Admin/Documents/Unreal Projects/ai-project/Content/ExternalAssets/FBX_format_food/mushroom-half_mushroom-half.uexp" 3384
"C:/Users/Admin/Documents/Unreal Projects/ai-project/Content/ExternalAssets/FBX_format_food/mug_mug.ubulk" 3385
"C:/Users/Admin/Documents/Unreal Projects/ai-project/Content/ExternalAssets/FBX_format_food/mug_mug.uasset" 3386
"C:/Users/Admin/Documents/Unreal Projects/ai-project/Content/ExternalAssets/FBX_format_food/mug_mug.uexp" 3387
"C:/Users/Admin/Documents/Unreal Projects/ai-project/Content/ExternalAssets/FBX_format_food/muffin_muffin.ubulk" 3388
"C:/Users/Admin/Documents/Unreal Projects/ai-project/Content/ExternalAssets/FBX_format_food/muffin_muffin.uasset" 3389
"C:/Users/Admin/Documents/Unreal Projects/ai-project/Content/ExternalAssets/FBX_format_food/muffin_muffin.uexp" 3390
"C:/Users/Admin/Documents/Unreal Projects/ai-project/Content/ExternalAssets/FBX_format_food/mortar_mortar.ubulk" 3391
"C:/Users/Admin/Documents/Unreal Projects/ai-project/Content/ExternalAssets/FBX_format_food/mortar_mortar.uasset" 3392
"C:/Users/Admin/Documents/Unreal Projects/ai-project/Content/ExternalAssets/FBX_format_food/mortar_mortar.uexp" 3393
"C:/Users/Admin/Documents/Unreal Projects/ai-project/Content/ExternalAssets/FBX_format_food/mortar-pestle_mortar-pestle.ubulk" 3394
"C:/Users/Admin/Documents/Unreal Projects/ai-project/Content/ExternalAssets/FBX_format_food/mortar-pestle_mortar-pestle.uasset" 3395
"C:/Users/Admin/Documents/Unreal Projects/ai-project/Content/ExternalAssets/FBX_format_food/mortar-pestle_mortar-pestle.uexp" 3396
"C:/Users/Admin/Documents/Unreal Projects/ai-project/Content/ExternalAssets/FBX_format_food/mincemeat-pie_mincemeat-pie.ubulk" 3397
"C:/Users/Admin/Documents/Unreal Projects/ai-project/Content/ExternalAssets/FBX_format_food/mincemeat-pie_mincemeat-pie.uasset" 3398
"C:/Users/Admin/Documents/Unreal Projects/ai-project/Content/ExternalAssets/FBX_format_food/mincemeat-pie_mincemeat-pie.uexp" 3399
"C:/Users/Admin/Documents/Unreal Projects/ai-project/Content/ExternalAssets/FBX_format_food/meat-tenderizer_meat-tenderizer.ubulk" 3400
"C:/Users/Admin/Documents/Unreal Projects/ai-project/Content/ExternalAssets/FBX_format_food/meat-tenderizer_meat-tenderizer.uasset" 3401
"C:/Users/Admin/Documents/Unreal Projects/ai-project/Content/ExternalAssets/FBX_format_food/meat-tenderizer_meat-tenderizer.uexp" 3402
"C:/Users/Admin/Documents/Unreal Projects/ai-project/Content/ExternalAssets/FBX_format_food/meat-sausage_meat-sausage.ubulk" 3403
"C:/Users/Admin/Documents/Unreal Projects/ai-project/Content/ExternalAssets/FBX_format_food/meat-sausage_meat-sausage.uasset" 3404
"C:/Users/Admin/Documents/Unreal Projects/ai-project/Content/ExternalAssets/FBX_format_food/meat-sausage_meat-sausage.uexp" 3405
"C:/Users/Admin/Documents/Unreal Projects/ai-project/Content/ExternalAssets/FBX_format_food/meat-ribs_meat-ribs.ubulk" 3406
"C:/Users/Admin/Documents/Unreal Projects/ai-project/Content/ExternalAssets/FBX_format_food/meat-ribs_meat-ribs.uasset" 3407
"C:/Users/Admin/Documents/Unreal Projects/ai-project/Content/ExternalAssets/FBX_format_food/meat-ribs_meat-ribs.uexp" 3408
"C:/Users/Admin/Documents/Unreal Projects/ai-project/Content/ExternalAssets/FBX_format_food/meat-raw_meat-raw.ubulk" 3409
"C:/Users/Admin/Documents/Unreal Projects/ai-project/Content/ExternalAssets/FBX_format_food/meat-raw_meat-raw.uasset" 3410
"C:/Users/Admin/Documents/Unreal Projects/ai-project/Content/ExternalAssets/FBX_format_food/meat-raw_meat-raw.uexp" 3411
"C:/Users/Admin/Documents/Unreal Projects/ai-project/Content/ExternalAssets/FBX_format_food/meat-patty_meat-patty.ubulk" 3412
"C:/Users/Admin/Documents/Unreal Projects/ai-project/Content/ExternalAssets/FBX_format_food/meat-patty_meat-patty.uasset" 3413
"C:/Users/Admin/Documents/Unreal Projects/ai-project/Content/ExternalAssets/FBX_format_food/meat-patty_meat-patty.uexp" 3414
"C:/Users/Admin/Documents/Unreal Projects/ai-project/Content/ExternalAssets/FBX_format_food/meat-cooked_meat-cooked.ubulk" 3415
"C:/Users/Admin/Documents/Unreal Projects/ai-project/Content/ExternalAssets/FBX_format_food/meat-cooked_meat-cooked.uasset" 3416
"C:/Users/Admin/Documents/Unreal Projects/ai-project/Content/ExternalAssets/FBX_format_food/meat-cooked_meat-cooked.uexp" 3417
"C:/Users/Admin/Documents/Unreal Projects/ai-project/Content/ExternalAssets/FBX_format_food/maki-vegetable_maki-vegetable.ubulk" 3418
"C:/Users/Admin/Documents/Unreal Projects/ai-project/Content/ExternalAssets/FBX_format_food/maki-vegetable_maki-vegetable.uasset" 3419
"C:/Users/Admin/Documents/Unreal Projects/ai-project/Content/ExternalAssets/FBX_format_food/maki-vegetable_maki-vegetable.uexp" 3420
"C:/Users/Admin/Documents/Unreal Projects/ai-project/Content/ExternalAssets/FBX_format_food/maki-salmon_maki-salmon.ubulk" 3421
"C:/Users/Admin/Documents/Unreal Projects/ai-project/Content/ExternalAssets/FBX_format_food/maki-salmon_maki-salmon.uasset" 3422
"C:/Users/Admin/Documents/Unreal Projects/ai-project/Content/ExternalAssets/FBX_format_food/maki-salmon_maki-salmon.uexp" 3423
"C:/Users/Admin/Documents/Unreal Projects/ai-project/Content/ExternalAssets/FBX_format_food/maki-roe_maki-roe.ubulk" 3424
"C:/Users/Admin/Documents/Unreal Projects/ai-project/Content/ExternalAssets/FBX_format_food/maki-roe_maki-roe.uasset" 3425
"C:/Users/Admin/Documents/Unreal Projects/ai-project/Content/ExternalAssets/FBX_format_food/maki-roe_maki-roe.uexp" 3426
"C:/Users/Admin/Documents/Unreal Projects/ai-project/Content/ExternalAssets/FBX_format_food/lollypop_lollypop.ubulk" 3427
"C:/Users/Admin/Documents/Unreal Projects/ai-project/Content/ExternalAssets/FBX_format_food/lollypop_lollypop.uasset" 3428
"C:/Users/Admin/Documents/Unreal Projects/ai-project/Content/ExternalAssets/FBX_format_food/lollypop_lollypop.uexp" 3429
"C:/Users/Admin/Documents/Unreal Projects/ai-project/Content/ExternalAssets/FBX_format_food/loaf_loaf.ubulk" 3430
"C:/Users/Admin/Documents/Unreal Projects/ai-project/Content/ExternalAssets/FBX_format_food/loaf_loaf.uasset" 3431
"C:/Users/Admin/Documents/Unreal Projects/ai-project/Content/ExternalAssets/FBX_format_food/loaf_loaf.uexp" 3432
"C:/Users/Admin/Documents/Unreal Projects/ai-project/Content/ExternalAssets/FBX_format_food/loaf-round_loaf-round.ubulk" 3433
"C:/Users/Admin/Documents/Unreal Projects/ai-project/Content/ExternalAssets/FBX_format_food/loaf-round_loaf-round.uasset" 3434
"C:/Users/Admin/Documents/Unreal Projects/ai-project/Content/ExternalAssets/FBX_format_food/loaf-round_loaf-round.uexp" 3435
"C:/Users/Admin/Documents/Unreal Projects/ai-project/Content/ExternalAssets/FBX_format_food/loaf-baguette_loaf-baguette.ubulk" 3436
"C:/Users/Admin/Documents/Unreal Projects/ai-project/Content/ExternalAssets/FBX_format_food/loaf-baguette_loaf-baguette.uasset" 3437
"C:/Users/Admin/Documents/Unreal Projects/ai-project/Content/ExternalAssets/FBX_format_food/loaf-baguette_loaf-baguette.uexp" 3438
"C:/Users/Admin/Documents/Unreal Projects/ai-project/Content/ExternalAssets/FBX_format_food/lemon_lemon.ubulk" 3439
"C:/Users/Admin/Documents/Unreal Projects/ai-project/Content/ExternalAssets/FBX_format_food/lemon_lemon.uasset" 3440
"C:/Users/Admin/Documents/Unreal Projects/ai-project/Content/ExternalAssets/FBX_format_food/lemon_lemon.uexp" 3441
"C:/Users/Admin/Documents/Unreal Projects/ai-project/Content/ExternalAssets/FBX_format_food/lemon-half_lemon-half.ubulk" 3442
"C:/Users/Admin/Documents/Unreal Projects/ai-project/Content/ExternalAssets/FBX_format_food/lemon-half_lemon-half.uasset" 3443
"C:/Users/Admin/Documents/Unreal Projects/ai-project/Content/ExternalAssets/FBX_format_food/lemon-half_lemon-half.uexp" 3444
"C:/Users/Admin/Documents/Unreal Projects/ai-project/Content/ExternalAssets/FBX_format_food/leek_leek.ubulk" 3445
"C:/Users/Admin/Documents/Unreal Projects/ai-project/Content/ExternalAssets/FBX_format_food/leek_leek.uasset" 3446
"C:/Users/Admin/Documents/Unreal Projects/ai-project/Content/ExternalAssets/FBX_format_food/leek_leek.uexp" 3447
"C:/Users/Admin/Documents/Unreal Projects/ai-project/Content/ExternalAssets/FBX_format_food/knife-block_knife-block.ubulk" 3448
"C:/Users/Admin/Documents/Unreal Projects/ai-project/Content/ExternalAssets/FBX_format_food/knife-block_knife-block.uasset" 3449
"C:/Users/Admin/Documents/Unreal Projects/ai-project/Content/ExternalAssets/FBX_format_food/knife-block_knife-block.uexp" 3450
"C:/Users/Admin/Documents/Unreal Projects/ai-project/Content/ExternalAssets/FBX_format_food/knife-block_cooking-knife_2.ubulk" 3451
"C:/Users/Admin/Documents/Unreal Projects/ai-project/Content/ExternalAssets/FBX_format_food/knife-block_cooking-knife_2.uasset" 3452
"C:/Users/Admin/Documents/Unreal Projects/ai-project/Content/ExternalAssets/FBX_format_food/knife-block_cooking-knife_2.uexp" 3453
"C:/Users/Admin/Documents/Unreal Projects/ai-project/Content/ExternalAssets/FBX_format_food/knife-block_cooking-knife_1.ubulk" 3454
"C:/Users/Admin/Documents/Unreal Projects/ai-project/Content/ExternalAssets/FBX_format_food/knife-block_cooking-knife_1.uasset" 3455
"C:/Users/Admin/Documents/Unreal Projects/ai-project/Content/ExternalAssets/FBX_format_food/knife-block_cooking-knife_1.uexp" 3456
"C:/Users/Admin/Documents/Unreal Projects/ai-project/Content/ExternalAssets/FBX_format_food/knife-block_cooking-knife.ubulk" 3457
"C:/Users/Admin/Documents/Unreal Projects/ai-project/Content/ExternalAssets/FBX_format_food/knife-block_cooking-knife.uasset" 3458
"C:/Users/Admin/Documents/Unreal Projects/ai-project/Content/ExternalAssets/FBX_format_food/knife-block_cooking-knife.uexp" 3459
"C:/Users/Admin/Documents/Unreal Projects/ai-project/Content/ExternalAssets/FBX_format_food/ice-cream_ice-cream.ubulk" 3460
"C:/Users/Admin/Documents/Unreal Projects/ai-project/Content/ExternalAssets/FBX_format_food/ice-cream_ice-cream.uasset" 3461
"C:/Users/Admin/Documents/Unreal Projects/ai-project/Content/ExternalAssets/FBX_format_food/ice-cream_ice-cream.uexp" 3462
"C:/Users/Admin/Documents/Unreal Projects/ai-project/Content/ExternalAssets/FBX_format_food/ice-cream_Group.ubulk" 3463
"C:/Users/Admin/Documents/Unreal Projects/ai-project/Content/ExternalAssets/FBX_format_food/ice-cream_Group.uasset" 3464
"C:/Users/Admin/Documents/Unreal Projects/ai-project/Content/ExternalAssets/FBX_format_food/ice-cream_Group.uexp" 3465
"C:/Users/Admin/Documents/Unreal Projects/ai-project/Content/ExternalAssets/FBX_format_food/ice-cream-scoop-mint_ice-cream-scoop-mint.ubulk" 3466
"C:/Users/Admin/Documents/Unreal Projects/ai-project/Content/ExternalAssets/FBX_format_food/ice-cream-scoop-mint_ice-cream-scoop-mint.uasset" 3467
"C:/Users/Admin/Documents/Unreal Projects/ai-project/Content/ExternalAssets/FBX_format_food/ice-cream-scoop-mint_ice-cream-scoop-mint.uexp" 3468
"C:/Users/Admin/Documents/Unreal Projects/ai-project/Content/ExternalAssets/FBX_format_food/ice-cream-scoop-chocolate_ice-cream-scoop-chocolate.ubulk" 3469
"C:/Users/Admin/Documents/Unreal Projects/ai-project/Content/ExternalAssets/FBX_format_food/ice-cream-scoop-chocolate_ice-cream-scoop-chocolate.uasset" 3470
"C:/Users/Admin/Documents/Unreal Projects/ai-project/Content/ExternalAssets/FBX_format_food/ice-cream-scoop-chocolate_ice-cream-scoop-chocolate.uexp" 3471
"C:/Users/Admin/Documents/Unreal Projects/ai-project/Content/ExternalAssets/FBX_format_food/ice-cream-cup_ice-cream-cup.ubulk" 3472
"C:/Users/Admin/Documents/Unreal Projects/ai-project/Content/ExternalAssets/FBX_format_food/ice-cream-cup_ice-cream-cup.uasset" 3473
"C:/Users/Admin/Documents/Unreal Projects/ai-project/Content/ExternalAssets/FBX_format_food/ice-cream-cup_ice-cream-cup.uexp" 3474
"C:/Users/Admin/Documents/Unreal Projects/ai-project/Content/ExternalAssets/FBX_format_food/ice-cream-cne_ice-cream-cne.ubulk" 3475
"C:/Users/Admin/Documents/Unreal Projects/ai-project/Content/ExternalAssets/FBX_format_food/ice-cream-cne_ice-cream-cne.uasset" 3476
"C:/Users/Admin/Documents/Unreal Projects/ai-project/Content/ExternalAssets/FBX_format_food/ice-cream-cne_ice-cream-cne.uexp" 3477
"C:/Users/Admin/Documents/Unreal Projects/ai-project/Content/ExternalAssets/FBX_format_food/hot-dog_sausage.ubulk" 3478
"C:/Users/Admin/Documents/Unreal Projects/ai-project/Content/ExternalAssets/FBX_format_food/hot-dog_sausage.uasset" 3479
"C:/Users/Admin/Documents/Unreal Projects/ai-project/Content/ExternalAssets/FBX_format_food/hot-dog_sausage.uexp" 3480
"C:/Users/Admin/Documents/Unreal Projects/ai-project/Content/ExternalAssets/FBX_format_food/hot-dog_sauce.ubulk" 3481
"C:/Users/Admin/Documents/Unreal Projects/ai-project/Content/ExternalAssets/FBX_format_food/hot-dog_sauce.uasset" 3482
"C:/Users/Admin/Documents/Unreal Projects/ai-project/Content/ExternalAssets/FBX_format_food/hot-dog_sauce.uexp" 3483
"C:/Users/Admin/Documents/Unreal Projects/ai-project/Content/ExternalAssets/FBX_format_food/hot-dog_hot-dog.ubulk" 3484
"C:/Users/Admin/Documents/Unreal Projects/ai-project/Content/ExternalAssets/FBX_format_food/hot-dog_hot-dog.uasset" 3485
"C:/Users/Admin/Documents/Unreal Projects/ai-project/Content/ExternalAssets/FBX_format_food/hot-dog_hot-dog.uexp" 3486
"C:/Users/Admin/Documents/Unreal Projects/ai-project/Content/ExternalAssets/FBX_format_food/hot-dog-raw_hot-dog-raw.ubulk" 3487
"C:/Users/Admin/Documents/Unreal Projects/ai-project/Content/ExternalAssets/FBX_format_food/hot-dog-raw_hot-dog-raw.uasset" 3488
"C:/Users/Admin/Documents/Unreal Projects/ai-project/Content/ExternalAssets/FBX_format_food/hot-dog-raw_hot-dog-raw.uexp" 3489
"C:/Users/Admin/Documents/Unreal Projects/ai-project/Content/ExternalAssets/FBX_format_food/honey_honey.ubulk" 3490
"C:/Users/Admin/Documents/Unreal Projects/ai-project/Content/ExternalAssets/FBX_format_food/honey_honey.uasset" 3491
"C:/Users/Admin/Documents/Unreal Projects/ai-project/Content/ExternalAssets/FBX_format_food/honey_honey.uexp" 3492
"C:/Users/Admin/Documents/Unreal Projects/ai-project/Content/ExternalAssets/FBX_format_food/grapes_grapes.ubulk" 3493
"C:/Users/Admin/Documents/Unreal Projects/ai-project/Content/ExternalAssets/FBX_format_food/grapes_grapes.uasset" 3494
"C:/Users/Admin/Documents/Unreal Projects/ai-project/Content/ExternalAssets/FBX_format_food/grapes_grapes.uexp" 3495
"C:/Users/Admin/Documents/Unreal Projects/ai-project/Content/ExternalAssets/FBX_format_food/glass-wine_glass-wine.ubulk" 3496
"C:/Users/Admin/Documents/Unreal Projects/ai-project/Content/ExternalAssets/FBX_format_food/glass-wine_glass-wine.uasset" 3497
"C:/Users/Admin/Documents/Unreal Projects/ai-project/Content/ExternalAssets/FBX_format_food/glass-wine_glass-wine.uexp" 3498
"C:/Users/Admin/Documents/Unreal Projects/ai-project/Content/ExternalAssets/FBX_format_food/ginger-bread_ginger-bread.ubulk" 3499
"C:/Users/Admin/Documents/Unreal Projects/ai-project/Content/ExternalAssets/FBX_format_food/ginger-bread_ginger-bread.uasset" 3500
"C:/Users/Admin/Documents/Unreal Projects/ai-project/Content/ExternalAssets/FBX_format_food/ginger-bread_ginger-bread.uexp" 3501
"C:/Users/Admin/Documents/Unreal Projects/ai-project/Content/ExternalAssets/FBX_format_food/ginger-bread-cutter_ginger-bread-cutter.ubulk" 3502
"C:/Users/Admin/Documents/Unreal Projects/ai-project/Content/ExternalAssets/FBX_format_food/ginger-bread-cutter_ginger-bread-cutter.uasset" 3503
"C:/Users/Admin/Documents/Unreal Projects/ai-project/Content/ExternalAssets/FBX_format_food/ginger-bread-cutter_ginger-bread-cutter.uexp" 3504
"C:/Users/Admin/Documents/Unreal Projects/ai-project/Content/ExternalAssets/FBX_format_food/frying-pan_frying-pan.ubulk" 3505
"C:/Users/Admin/Documents/Unreal Projects/ai-project/Content/ExternalAssets/FBX_format_food/frying-pan_frying-pan.uasset" 3506
"C:/Users/Admin/Documents/Unreal Projects/ai-project/Content/ExternalAssets/FBX_format_food/frying-pan_frying-pan.uexp" 3507
"C:/Users/Admin/Documents/Unreal Projects/ai-project/Content/ExternalAssets/FBX_format_food/frying-pan-lid___ignore_.ubulk" 3508
"C:/Users/Admin/Documents/Unreal Projects/ai-project/Content/ExternalAssets/FBX_format_food/frying-pan-lid___ignore_.uasset" 3509
"C:/Users/Admin/Documents/Unreal Projects/ai-project/Content/ExternalAssets/FBX_format_food/frying-pan-lid___ignore_.uexp" 3510
"C:/Users/Admin/Documents/Unreal Projects/ai-project/Content/ExternalAssets/FBX_format_food/frying-pan-lid_frying-pan-lid.ubulk" 3511
"C:/Users/Admin/Documents/Unreal Projects/ai-project/Content/ExternalAssets/FBX_format_food/frying-pan-lid_frying-pan-lid.uasset" 3512
"C:/Users/Admin/Documents/Unreal Projects/ai-project/Content/ExternalAssets/FBX_format_food/frying-pan-lid_frying-pan-lid.uexp" 3513
"C:/Users/Admin/Documents/Unreal Projects/ai-project/Content/ExternalAssets/FBX_format_food/frikandel-speciaal_sauce-onions.ubulk" 3514
"C:/Users/Admin/Documents/Unreal Projects/ai-project/Content/ExternalAssets/FBX_format_food/frikandel-speciaal_sauce-onions.uasset" 3515
"C:/Users/Admin/Documents/Unreal Projects/ai-project/Content/ExternalAssets/FBX_format_food/frikandel-speciaal_sauce-onions.uexp" 3516
"C:/Users/Admin/Documents/Unreal Projects/ai-project/Content/ExternalAssets/FBX_format_food/frikandel-speciaal_frikandel.ubulk" 3517
"C:/Users/Admin/Documents/Unreal Projects/ai-project/Content/ExternalAssets/FBX_format_food/frikandel-speciaal_frikandel.uasset" 3518
"C:/Users/Admin/Documents/Unreal Projects/ai-project/Content/ExternalAssets/FBX_format_food/frikandel-speciaal_frikandel.uexp" 3519
"C:/Users/Admin/Documents/Unreal Projects/ai-project/Content/ExternalAssets/FBX_format_food/frikandel-speciaal_frikandel-speciaal.ubulk" 3520
"C:/Users/Admin/Documents/Unreal Projects/ai-project/Content/ExternalAssets/FBX_format_food/frikandel-speciaal_frikandel-speciaal.uasset" 3521
"C:/Users/Admin/Documents/Unreal Projects/ai-project/Content/ExternalAssets/FBX_format_food/frikandel-speciaal_frikandel-speciaal.uexp" 3522
"C:/Users/Admin/Documents/Unreal Projects/ai-project/Content/ExternalAssets/FBX_format_food/fries_fries_1.ubulk" 3523
"C:/Users/Admin/Documents/Unreal Projects/ai-project/Content/ExternalAssets/FBX_format_food/fries_fries_1.uasset" 3524
"C:/Users/Admin/Documents/Unreal Projects/ai-project/Content/ExternalAssets/FBX_format_food/fries_fries_1.uexp" 3525
"C:/Users/Admin/Documents/Unreal Projects/ai-project/Content/ExternalAssets/FBX_format_food/fries_fries.ubulk" 3526
"C:/Users/Admin/Documents/Unreal Projects/ai-project/Content/ExternalAssets/FBX_format_food/fries_fries.uasset" 3527
"C:/Users/Admin/Documents/Unreal Projects/ai-project/Content/ExternalAssets/FBX_format_food/fries_fries.uexp" 3528
"C:/Users/Admin/Documents/Unreal Projects/ai-project/Content/ExternalAssets/FBX_format_food/fries-empty_fries-empty.ubulk" 3529
"C:/Users/Admin/Documents/Unreal Projects/ai-project/Content/ExternalAssets/FBX_format_food/fries-empty_fries-empty.uasset" 3530
"C:/Users/Admin/Documents/Unreal Projects/ai-project/Content/ExternalAssets/FBX_format_food/fries-empty_fries-empty.uexp" 3531
"C:/Users/Admin/Documents/Unreal Projects/ai-project/Content/ExternalAssets/FBX_format_food/frappe_frappe.ubulk" 3532
"C:/Users/Admin/Documents/Unreal Projects/ai-project/Content/ExternalAssets/FBX_format_food/frappe_frappe.uasset" 3533
"C:/Users/Admin/Documents/Unreal Projects/ai-project/Content/ExternalAssets/FBX_format_food/frappe_frappe.uexp" 3534
"C:/Users/Admin/Documents/Unreal Projects/ai-project/Content/ExternalAssets/FBX_format_food/fish_fish.ubulk" 3535
"C:/Users/Admin/Documents/Unreal Projects/ai-project/Content/ExternalAssets/FBX_format_food/fish_fish.uasset" 3536
"C:/Users/Admin/Documents/Unreal Projects/ai-project/Content/ExternalAssets/FBX_format_food/fish_fish.uexp" 3537
"C:/Users/Admin/Documents/Unreal Projects/ai-project/Content/ExternalAssets/FBX_format_food/fish-bones_fish-bones.ubulk" 3538
"C:/Users/Admin/Documents/Unreal Projects/ai-project/Content/ExternalAssets/FBX_format_food/fish-bones_fish-bones.uasset" 3539
"C:/Users/Admin/Documents/Unreal Projects/ai-project/Content/ExternalAssets/FBX_format_food/fish-bones_fish-bones.uexp" 3540
"C:/Users/Admin/Documents/Unreal Projects/ai-project/Content/ExternalAssets/FBX_format_food/egg_egg.ubulk" 3541
"C:/Users/Admin/Documents/Unreal Projects/ai-project/Content/ExternalAssets/FBX_format_food/egg_egg.uasset" 3542
"C:/Users/Admin/Documents/Unreal Projects/ai-project/Content/ExternalAssets/FBX_format_food/egg_egg.uexp" 3543
"C:/Users/Admin/Documents/Unreal Projects/ai-project/Content/ExternalAssets/FBX_format_food/eggplant_eggplant.ubulk" 3544
"C:/Users/Admin/Documents/Unreal Projects/ai-project/Content/ExternalAssets/FBX_format_food/eggplant_eggplant.uasset" 3545
"C:/Users/Admin/Documents/Unreal Projects/ai-project/Content/ExternalAssets/FBX_format_food/eggplant_eggplant.uexp" 3546
"C:/Users/Admin/Documents/Unreal Projects/ai-project/Content/ExternalAssets/FBX_format_food/egg-half_egg-half.ubulk" 3547
"C:/Users/Admin/Documents/Unreal Projects/ai-project/Content/ExternalAssets/FBX_format_food/egg-half_egg-half.uasset" 3548
"C:/Users/Admin/Documents/Unreal Projects/ai-project/Content/ExternalAssets/FBX_format_food/egg-half_egg-half.uexp" 3549
"C:/Users/Admin/Documents/Unreal Projects/ai-project/Content/ExternalAssets/FBX_format_food/egg-cup_egg-cup.ubulk" 3550
"C:/Users/Admin/Documents/Unreal Projects/ai-project/Content/ExternalAssets/FBX_format_food/egg-cup_egg-cup.uasset" 3551
"C:/Users/Admin/Documents/Unreal Projects/ai-project/Content/ExternalAssets/FBX_format_food/egg-cup_egg-cup.uexp" 3552
"C:/Users/Admin/Documents/Unreal Projects/ai-project/Content/ExternalAssets/FBX_format_food/egg-cooked_egg-cooked.ubulk" 3553
"C:/Users/Admin/Documents/Unreal Projects/ai-project/Content/ExternalAssets/FBX_format_food/egg-cooked_egg-cooked.uasset" 3554
"C:/Users/Admin/Documents/Unreal Projects/ai-project/Content/ExternalAssets/FBX_format_food/egg-cooked_egg-cooked.uexp" 3555
"C:/Users/Admin/Documents/Unreal Projects/ai-project/Content/ExternalAssets/FBX_format_food/donut_donut.ubulk" 3556
"C:/Users/Admin/Documents/Unreal Projects/ai-project/Content/ExternalAssets/FBX_format_food/donut_donut.uasset" 3557
"C:/Users/Admin/Documents/Unreal Projects/ai-project/Content/ExternalAssets/FBX_format_food/donut_donut.uexp" 3558
"C:/Users/Admin/Documents/Unreal Projects/ai-project/Content/ExternalAssets/FBX_format_food/donut-sprinkles_donut-sprinkles.ubulk" 3559
"C:/Users/Admin/Documents/Unreal Projects/ai-project/Content/ExternalAssets/FBX_format_food/donut-sprinkles_donut-sprinkles.uasset" 3560
"C:/Users/Admin/Documents/Unreal Projects/ai-project/Content/ExternalAssets/FBX_format_food/donut-sprinkles_donut-sprinkles.uexp" 3561
"C:/Users/Admin/Documents/Unreal Projects/ai-project/Content/ExternalAssets/FBX_format_food/donut-chocolate_donut-chocolate.ubulk" 3562
"C:/Users/Admin/Documents/Unreal Projects/ai-project/Content/ExternalAssets/FBX_format_food/donut-chocolate_donut-chocolate.uasset" 3563
"C:/Users/Admin/Documents/Unreal Projects/ai-project/Content/ExternalAssets/FBX_format_food/donut-chocolate_donut-chocolate.uexp" 3564
"C:/Users/Admin/Documents/Unreal Projects/ai-project/Content/ExternalAssets/FBX_format_food/dim-sum_dim-sum.ubulk" 3565
"C:/Users/Admin/Documents/Unreal Projects/ai-project/Content/ExternalAssets/FBX_format_food/dim-sum_dim-sum.uasset" 3566
"C:/Users/Admin/Documents/Unreal Projects/ai-project/Content/ExternalAssets/FBX_format_food/dim-sum_dim-sum.uexp" 3567
"C:/Users/Admin/Documents/Unreal Projects/ai-project/Content/ExternalAssets/FBX_format_food/cutting-board_cutting-board.ubulk" 3568
"C:/Users/Admin/Documents/Unreal Projects/ai-project/Content/ExternalAssets/FBX_format_food/cutting-board_cutting-board.uasset" 3569
"C:/Users/Admin/Documents/Unreal Projects/ai-project/Content/ExternalAssets/FBX_format_food/cutting-board_cutting-board.uexp" 3570
"C:/Users/Admin/Documents/Unreal Projects/ai-project/Content/ExternalAssets/FBX_format_food/cutting-board-round_cutting-board-round.ubulk" 3571
"C:/Users/Admin/Documents/Unreal Projects/ai-project/Content/ExternalAssets/FBX_format_food/cutting-board-round_cutting-board-round.uasset" 3572
"C:/Users/Admin/Documents/Unreal Projects/ai-project/Content/ExternalAssets/FBX_format_food/cutting-board-round_cutting-board-round.uexp" 3573
"C:/Users/Admin/Documents/Unreal Projects/ai-project/Content/ExternalAssets/FBX_format_food/cutting-board-japanese_cutting-board-japanese.ubulk" 3574
"C:/Users/Admin/Documents/Unreal Projects/ai-project/Content/ExternalAssets/FBX_format_food/cutting-board-japanese_cutting-board-japanese.uasset" 3575
"C:/Users/Admin/Documents/Unreal Projects/ai-project/Content/ExternalAssets/FBX_format_food/cutting-board-japanese_cutting-board-japanese.uexp" 3576
"C:/Users/Admin/Documents/Unreal Projects/ai-project/Content/ExternalAssets/FBX_format_food/cup_cup.ubulk" 3577
"C:/Users/Admin/Documents/Unreal Projects/ai-project/Content/ExternalAssets/FBX_format_food/cup_cup.uasset" 3578
"C:/Users/Admin/Documents/Unreal Projects/ai-project/Content/ExternalAssets/FBX_format_food/cup_cup.uexp" 3579
"C:/Users/Admin/Documents/Unreal Projects/ai-project/Content/ExternalAssets/FBX_format_food/cupcake_cupcake.ubulk" 3580
"C:/Users/Admin/Documents/Unreal Projects/ai-project/Content/ExternalAssets/FBX_format_food/cupcake_cupcake.uasset" 3581
"C:/Users/Admin/Documents/Unreal Projects/ai-project/Content/ExternalAssets/FBX_format_food/cupcake_cupcake.uexp" 3582
"C:/Users/Admin/Documents/Unreal Projects/ai-project/Content/ExternalAssets/FBX_format_food/cupcake_cherry.ubulk" 3583
"C:/Users/Admin/Documents/Unreal Projects/ai-project/Content/ExternalAssets/FBX_format_food/cupcake_cherry.uasset" 3584
"C:/Users/Admin/Documents/Unreal Projects/ai-project/Content/ExternalAssets/FBX_format_food/cupcake_cherry.uexp" 3585
"C:/Users/Admin/Documents/Unreal Projects/ai-project/Content/ExternalAssets/FBX_format_food/cupcake_cake.ubulk" 3586
"C:/Users/Admin/Documents/Unreal Projects/ai-project/Content/ExternalAssets/FBX_format_food/cupcake_cake.uasset" 3587
"C:/Users/Admin/Documents/Unreal Projects/ai-project/Content/ExternalAssets/FBX_format_food/cupcake_cake.uexp" 3588
"C:/Users/Admin/Documents/Unreal Projects/ai-project/Content/ExternalAssets/FBX_format_food/cup-tea_cup-tea.ubulk" 3589
"C:/Users/Admin/Documents/Unreal Projects/ai-project/Content/ExternalAssets/FBX_format_food/cup-tea_cup-tea.uasset" 3590
"C:/Users/Admin/Documents/Unreal Projects/ai-project/Content/ExternalAssets/FBX_format_food/cup-tea_cup-tea.uexp" 3591
"C:/Users/Admin/Documents/Unreal Projects/ai-project/Content/ExternalAssets/FBX_format_food/cup-saucer_cup-saucer.ubulk" 3592
"C:/Users/Admin/Documents/Unreal Projects/ai-project/Content/ExternalAssets/FBX_format_food/cup-saucer_cup-saucer.uasset" 3593
"C:/Users/Admin/Documents/Unreal Projects/ai-project/Content/ExternalAssets/FBX_format_food/cup-saucer_cup-saucer.uexp" 3594
"C:/Users/Admin/Documents/Unreal Projects/ai-project/Content/ExternalAssets/FBX_format_food/cup-coffee_cup-coffee.ubulk" 3595
"C:/Users/Admin/Documents/Unreal Projects/ai-project/Content/ExternalAssets/FBX_format_food/cup-coffee_cup-coffee.uasset" 3596
"C:/Users/Admin/Documents/Unreal Projects/ai-project/Content/ExternalAssets/FBX_format_food/cup-coffee_cup-coffee.uexp" 3597
"C:/Users/Admin/Documents/Unreal Projects/ai-project/Content/ExternalAssets/FBX_format_food/croissant_croissant.ubulk" 3598
"C:/Users/Admin/Documents/Unreal Projects/ai-project/Content/ExternalAssets/FBX_format_food/croissant_croissant.uasset" 3599
"C:/Users/Admin/Documents/Unreal Projects/ai-project/Content/ExternalAssets/FBX_format_food/croissant_croissant.uexp" 3600
"C:/Users/Admin/Documents/Unreal Projects/ai-project/Content/ExternalAssets/FBX_format_food/corn_corn.ubulk" 3601
"C:/Users/Admin/Documents/Unreal Projects/ai-project/Content/ExternalAssets/FBX_format_food/corn_corn.uasset" 3602
"C:/Users/Admin/Documents/Unreal Projects/ai-project/Content/ExternalAssets/FBX_format_food/corn_corn.uexp" 3603
"C:/Users/Admin/Documents/Unreal Projects/ai-project/Content/ExternalAssets/FBX_format_food/corn-dog_dog.ubulk" 3604
"C:/Users/Admin/Documents/Unreal Projects/ai-project/Content/ExternalAssets/FBX_format_food/corn-dog_dog.uasset" 3605
"C:/Users/Admin/Documents/Unreal Projects/ai-project/Content/ExternalAssets/FBX_format_food/corn-dog_dog.uexp" 3606
"C:/Users/Admin/Documents/Unreal Projects/ai-project/Content/ExternalAssets/FBX_format_food/corn-dog_corn-dog.ubulk" 3607
"C:/Users/Admin/Documents/Unreal Projects/ai-project/Content/ExternalAssets/FBX_format_food/corn-dog_corn-dog.uasset" 3608
"C:/Users/Admin/Documents/Unreal Projects/ai-project/Content/ExternalAssets/FBX_format_food/corn-dog_corn-dog.uexp" 3609
"C:/Users/Admin/Documents/Unreal Projects/ai-project/Content/ExternalAssets/FBX_format_food/cooking-spoon_cooking-spoon.ubulk" 3610
"C:/Users/Admin/Documents/Unreal Projects/ai-project/Content/ExternalAssets/FBX_format_food/cooking-spoon_cooking-spoon.uasset" 3611
"C:/Users/Admin/Documents/Unreal Projects/ai-project/Content/ExternalAssets/FBX_format_food/cooking-spoon_cooking-spoon.uexp" 3612
"C:/Users/Admin/Documents/Unreal Projects/ai-project/Content/ExternalAssets/FBX_format_food/cooking-spatula_cooking-spatula.ubulk" 3613
"C:/Users/Admin/Documents/Unreal Projects/ai-project/Content/ExternalAssets/FBX_format_food/cooking-spatula_cooking-spatula.uasset" 3614
"C:/Users/Admin/Documents/Unreal Projects/ai-project/Content/ExternalAssets/FBX_format_food/cooking-spatula_cooking-spatula.uexp" 3615
"C:/Users/Admin/Documents/Unreal Projects/ai-project/Content/ExternalAssets/FBX_format_food/cooking-knife_cooking-knife.ubulk" 3616
"C:/Users/Admin/Documents/Unreal Projects/ai-project/Content/ExternalAssets/FBX_format_food/cooking-knife_cooking-knife.uasset" 3617
"C:/Users/Admin/Documents/Unreal Projects/ai-project/Content/ExternalAssets/FBX_format_food/cooking-knife_cooking-knife.uexp" 3618
"C:/Users/Admin/Documents/Unreal Projects/ai-project/Content/ExternalAssets/FBX_format_food/cooking-knife-chopping_cooking-knife-chopping.ubulk" 3619
"C:/Users/Admin/Documents/Unreal Projects/ai-project/Content/ExternalAssets/FBX_format_food/cooking-knife-chopping_cooking-knife-chopping.uasset" 3620
"C:/Users/Admin/Documents/Unreal Projects/ai-project/Content/ExternalAssets/FBX_format_food/cooking-knife-chopping_cooking-knife-chopping.uexp" 3621
"C:/Users/Admin/Documents/Unreal Projects/ai-project/Content/ExternalAssets/FBX_format_food/cooking-fork_cooking-fork.ubulk" 3622
"C:/Users/Admin/Documents/Unreal Projects/ai-project/Content/ExternalAssets/FBX_format_food/cooking-fork_cooking-fork.uasset" 3623
"C:/Users/Admin/Documents/Unreal Projects/ai-project/Content/ExternalAssets/FBX_format_food/cooking-fork_cooking-fork.uexp" 3624
"C:/Users/Admin/Documents/Unreal Projects/ai-project/Content/ExternalAssets/FBX_format_food/cookie_cookie.ubulk" 3625
"C:/Users/Admin/Documents/Unreal Projects/ai-project/Content/ExternalAssets/FBX_format_food/cookie_cookie.uasset" 3626
"C:/Users/Admin/Documents/Unreal Projects/ai-project/Content/ExternalAssets/FBX_format_food/cookie_cookie.uexp" 3627
"C:/Users/Admin/Documents/Unreal Projects/ai-project/Content/ExternalAssets/FBX_format_food/cookie-chocolate_cookie-chocolate.ubulk" 3628
"C:/Users/Admin/Documents/Unreal Projects/ai-project/Content/ExternalAssets/FBX_format_food/cookie-chocolate_cookie-chocolate.uasset" 3629
"C:/Users/Admin/Documents/Unreal Projects/ai-project/Content/ExternalAssets/FBX_format_food/cookie-chocolate_cookie-chocolate.uexp" 3630
"C:/Users/Admin/Documents/Unreal Projects/ai-project/Content/ExternalAssets/FBX_format_food/coconut_coconut.ubulk" 3631
"C:/Users/Admin/Documents/Unreal Projects/ai-project/Content/ExternalAssets/FBX_format_food/coconut_coconut.uasset" 3632
"C:/Users/Admin/Documents/Unreal Projects/ai-project/Content/ExternalAssets/FBX_format_food/coconut_coconut.uexp" 3633
"C:/Users/Admin/Documents/Unreal Projects/ai-project/Content/ExternalAssets/FBX_format_food/coconut-half_coconut-half.ubulk" 3634
"C:/Users/Admin/Documents/Unreal Projects/ai-project/Content/ExternalAssets/FBX_format_food/coconut-half_coconut-half.uasset" 3635
"C:/Users/Admin/Documents/Unreal Projects/ai-project/Content/ExternalAssets/FBX_format_food/coconut-half_coconut-half.uexp" 3636
"C:/Users/Admin/Documents/Unreal Projects/ai-project/Content/ExternalAssets/FBX_format_food/cocktail_straw.ubulk" 3637
"C:/Users/Admin/Documents/Unreal Projects/ai-project/Content/ExternalAssets/FBX_format_food/cocktail_straw.uasset" 3638
"C:/Users/Admin/Documents/Unreal Projects/ai-project/Content/ExternalAssets/FBX_format_food/cocktail_straw.uexp" 3639
"C:/Users/Admin/Documents/Unreal Projects/ai-project/Content/ExternalAssets/FBX_format_food/cocktail_lemon.ubulk" 3640
"C:/Users/Admin/Documents/Unreal Projects/ai-project/Content/ExternalAssets/FBX_format_food/cocktail_lemon.uasset" 3641
"C:/Users/Admin/Documents/Unreal Projects/ai-project/Content/ExternalAssets/FBX_format_food/cocktail_lemon.uexp" 3642
"C:/Users/Admin/Documents/Unreal Projects/ai-project/Content/ExternalAssets/FBX_format_food/cocktail_cocktail.ubulk" 3643
"C:/Users/Admin/Documents/Unreal Projects/ai-project/Content/ExternalAssets/FBX_format_food/cocktail_cocktail.uasset" 3644
"C:/Users/Admin/Documents/Unreal Projects/ai-project/Content/ExternalAssets/FBX_format_food/cocktail_cocktail.uexp" 3645
"C:/Users/Admin/Documents/Unreal Projects/ai-project/Content/ExternalAssets/FBX_format_food/chopstick_chopstick.ubulk" 3646
"C:/Users/Admin/Documents/Unreal Projects/ai-project/Content/ExternalAssets/FBX_format_food/chopstick_chopstick.uasset" 3647
"C:/Users/Admin/Documents/Unreal Projects/ai-project/Content/ExternalAssets/FBX_format_food/chopstick_chopstick.uexp" 3648
"C:/Users/Admin/Documents/Unreal Projects/ai-project/Content/ExternalAssets/FBX_format_food/chopstic-decorative_chopstic-decorative.ubulk" 3649
"C:/Users/Admin/Documents/Unreal Projects/ai-project/Content/ExternalAssets/FBX_format_food/chopstic-decorative_chopstic-decorative.uasset" 3650
"C:/Users/Admin/Documents/Unreal Projects/ai-project/Content/ExternalAssets/FBX_format_food/chopstic-decorative_chopstic-decorative.uexp" 3651
"C:/Users/Admin/Documents/Unreal Projects/ai-project/Content/ExternalAssets/FBX_format_food/chocolate_chocolate.ubulk" 3652
"C:/Users/Admin/Documents/Unreal Projects/ai-project/Content/ExternalAssets/FBX_format_food/chocolate_chocolate.uasset" 3653
"C:/Users/Admin/Documents/Unreal Projects/ai-project/Content/ExternalAssets/FBX_format_food/chocolate_chocolate.uexp" 3654
"C:/Users/Admin/Documents/Unreal Projects/ai-project/Content/ExternalAssets/FBX_format_food/chocolate-wrapper_chocolate-wrapper.ubulk" 3655
"C:/Users/Admin/Documents/Unreal Projects/ai-project/Content/ExternalAssets/FBX_format_food/chocolate-wrapper_chocolate-wrapper.uasset" 3656
"C:/Users/Admin/Documents/Unreal Projects/ai-project/Content/ExternalAssets/FBX_format_food/chocolate-wrapper_chocolate-wrapper.uexp" 3657
"C:/Users/Admin/Documents/Unreal Projects/ai-project/Content/ExternalAssets/FBX_format_food/chinese_chopstick_1.ubulk" 3658
"C:/Users/Admin/Documents/Unreal Projects/ai-project/Content/ExternalAssets/FBX_format_food/chinese_chopstick_1.uasset" 3659
"C:/Users/Admin/Documents/Unreal Projects/ai-project/Content/ExternalAssets/FBX_format_food/chinese_chopstick_1.uexp" 3660
"C:/Users/Admin/Documents/Unreal Projects/ai-project/Content/ExternalAssets/FBX_format_food/chinese_chopstick.ubulk" 3661
"C:/Users/Admin/Documents/Unreal Projects/ai-project/Content/ExternalAssets/FBX_format_food/chinese_chopstick.uasset" 3662
"C:/Users/Admin/Documents/Unreal Projects/ai-project/Content/ExternalAssets/FBX_format_food/chinese_chopstick.uexp" 3663
"C:/Users/Admin/Documents/Unreal Projects/ai-project/Content/ExternalAssets/FBX_format_food/chinese_chinese.ubulk" 3664
"C:/Users/Admin/Documents/Unreal Projects/ai-project/Content/ExternalAssets/FBX_format_food/chinese_chinese.uasset" 3665
"C:/Users/Admin/Documents/Unreal Projects/ai-project/Content/ExternalAssets/FBX_format_food/chinese_chinese.uexp" 3666
"C:/Users/Admin/Documents/Unreal Projects/ai-project/Content/ExternalAssets/FBX_format_food/cherries_cherries.ubulk" 3667
"C:/Users/Admin/Documents/Unreal Projects/ai-project/Content/ExternalAssets/FBX_format_food/cherries_cherries.uasset" 3668
"C:/Users/Admin/Documents/Unreal Projects/ai-project/Content/ExternalAssets/FBX_format_food/cherries_cherries.uexp" 3669
"C:/Users/Admin/Documents/Unreal Projects/ai-project/Content/ExternalAssets/FBX_format_food/cheese_wedge_9.ubulk" 3670
"C:/Users/Admin/Documents/Unreal Projects/ai-project/Content/ExternalAssets/FBX_format_food/cheese_wedge_9.uasset" 3671
"C:/Users/Admin/Documents/Unreal Projects/ai-project/Content/ExternalAssets/FBX_format_food/cheese_wedge_9.uexp" 3672
"C:/Users/Admin/Documents/Unreal Projects/ai-project/Content/ExternalAssets/FBX_format_food/cheese_wedge_8.ubulk" 3673
"C:/Users/Admin/Documents/Unreal Projects/ai-project/Content/ExternalAssets/FBX_format_food/cheese_wedge_8.uasset" 3674
"C:/Users/Admin/Documents/Unreal Projects/ai-project/Content/ExternalAssets/FBX_format_food/cheese_wedge_8.uexp" 3675
"C:/Users/Admin/Documents/Unreal Projects/ai-project/Content/ExternalAssets/FBX_format_food/cheese_wedge_7.ubulk" 3676
"C:/Users/Admin/Documents/Unreal Projects/ai-project/Content/ExternalAssets/FBX_format_food/cheese_wedge_7.uasset" 3677
"C:/Users/Admin/Documents/Unreal Projects/ai-project/Content/ExternalAssets/FBX_format_food/cheese_wedge_7.uexp" 3678
"C:/Users/Admin/Documents/Unreal Projects/ai-project/Content/ExternalAssets/FBX_format_food/cheese_wedge_6.ubulk" 3679
"C:/Users/Admin/Documents/Unreal Projects/ai-project/Content/ExternalAssets/FBX_format_food/cheese_wedge_6.uasset" 3680
"C:/Users/Admin/Documents/Unreal Projects/ai-project/Content/ExternalAssets/FBX_format_food/cheese_wedge_6.uexp" 3681
"C:/Users/Admin/Documents/Unreal Projects/ai-project/Content/ExternalAssets/FBX_format_food/cheese_wedge_5.ubulk" 3682
"C:/Users/Admin/Documents/Unreal Projects/ai-project/Content/ExternalAssets/FBX_format_food/cheese_wedge_5.uasset" 3683
"C:/Users/Admin/Documents/Unreal Projects/ai-project/Content/ExternalAssets/FBX_format_food/cheese_wedge_5.uexp" 3684
"C:/Users/Admin/Documents/Unreal Projects/ai-project/Content/ExternalAssets/FBX_format_food/cheese_wedge_4.ubulk" 3685
"C:/Users/Admin/Documents/Unreal Projects/ai-project/Content/ExternalAssets/FBX_format_food/cheese_wedge_4.uasset" 3686
"C:/Users/Admin/Documents/Unreal Projects/ai-project/Content/ExternalAssets/FBX_format_food/cheese_wedge_4.uexp" 3687
"C:/Users/Admin/Documents/Unreal Projects/ai-project/Content/ExternalAssets/FBX_format_food/cheese_wedge_3.ubulk" 3688
"C:/Users/Admin/Documents/Unreal Projects/ai-project/Content/ExternalAssets/FBX_format_food/cheese_wedge_3.uasset" 3689
"C:/Users/Admin/Documents/Unreal Projects/ai-project/Content/ExternalAssets/FBX_format_food/cheese_wedge_3.uexp" 3690
"C:/Users/Admin/Documents/Unreal Projects/ai-project/Content/ExternalAssets/FBX_format_food/cheese_wedge_2.ubulk" 3691
"C:/Users/Admin/Documents/Unreal Projects/ai-project/Content/ExternalAssets/FBX_format_food/cheese_wedge_2.uasset" 3692
"C:/Users/Admin/Documents/Unreal Projects/ai-project/Content/ExternalAssets/FBX_format_food/cheese_wedge_2.uexp" 3693
"C:/Users/Admin/Documents/Unreal Projects/ai-project/Content/ExternalAssets/FBX_format_food/cheese_wedge_11.ubulk" 3694
"C:/Users/Admin/Documents/Unreal Projects/ai-project/Content/ExternalAssets/FBX_format_food/cheese_wedge_11.uasset" 3695
"C:/Users/Admin/Documents/Unreal Projects/ai-project/Content/ExternalAssets/FBX_format_food/cheese_wedge_11.uexp" 3696
"C:/Users/Admin/Documents/Unreal Projects/ai-project/Content/ExternalAssets/FBX_format_food/cheese_wedge_10.ubulk" 3697
"C:/Users/Admin/Documents/Unreal Projects/ai-project/Content/ExternalAssets/FBX_format_food/cheese_wedge_10.uasset" 3698
"C:/Users/Admin/Documents/Unreal Projects/ai-project/Content/ExternalAssets/FBX_format_food/cheese_wedge_10.uexp" 3699
"C:/Users/Admin/Documents/Unreal Projects/ai-project/Content/ExternalAssets/FBX_format_food/cheese_wedge_1.ubulk" 3700
"C:/Users/Admin/Documents/Unreal Projects/ai-project/Content/ExternalAssets/FBX_format_food/cheese_wedge_1.uasset" 3701
"C:/Users/Admin/Documents/Unreal Projects/ai-project/Content/ExternalAssets/FBX_format_food/cheese_wedge_1.uexp" 3702
"C:/Users/Admin/Documents/Unreal Projects/ai-project/Content/ExternalAssets/FBX_format_food/cheese_wedge.ubulk" 3703
"C:/Users/Admin/Documents/Unreal Projects/ai-project/Content/ExternalAssets/FBX_format_food/cheese_wedge.uasset" 3704
"C:/Users/Admin/Documents/Unreal Projects/ai-project/Content/ExternalAssets/FBX_format_food/cheese_wedge.uexp" 3705
"C:/Users/Admin/Documents/Unreal Projects/ai-project/Content/ExternalAssets/FBX_format_food/cheese-slicer_cheese-slicer.ubulk" 3706
"C:/Users/Admin/Documents/Unreal Projects/ai-project/Content/ExternalAssets/FBX_format_food/cheese-slicer_cheese-slicer.uasset" 3707
"C:/Users/Admin/Documents/Unreal Projects/ai-project/Content/ExternalAssets/FBX_format_food/cheese-slicer_cheese-slicer.uexp" 3708
"C:/Users/Admin/Documents/Unreal Projects/ai-project/Content/ExternalAssets/FBX_format_food/cheese-cut_cheese-cut.ubulk" 3709
"C:/Users/Admin/Documents/Unreal Projects/ai-project/Content/ExternalAssets/FBX_format_food/cheese-cut_cheese-cut.uasset" 3710
"C:/Users/Admin/Documents/Unreal Projects/ai-project/Content/ExternalAssets/FBX_format_food/cheese-cut_cheese-cut.uexp" 3711
"C:/Users/Admin/Documents/Unreal Projects/ai-project/Content/ExternalAssets/FBX_format_food/celery-stick_celery-stick.ubulk" 3712
"C:/Users/Admin/Documents/Unreal Projects/ai-project/Content/ExternalAssets/FBX_format_food/celery-stick_celery-stick.uasset" 3713
"C:/Users/Admin/Documents/Unreal Projects/ai-project/Content/ExternalAssets/FBX_format_food/celery-stick_celery-stick.uexp" 3714
"C:/Users/Admin/Documents/Unreal Projects/ai-project/Content/ExternalAssets/FBX_format_food/carton_carton.ubulk" 3715
"C:/Users/Admin/Documents/Unreal Projects/ai-project/Content/ExternalAssets/FBX_format_food/carton_carton.uasset" 3716
"C:/Users/Admin/Documents/Unreal Projects/ai-project/Content/ExternalAssets/FBX_format_food/carton_carton.uexp" 3717
"C:/Users/Admin/Documents/Unreal Projects/ai-project/Content/ExternalAssets/FBX_format_food/carton-small_carton-small.ubulk" 3718
"C:/Users/Admin/Documents/Unreal Projects/ai-project/Content/ExternalAssets/FBX_format_food/carton-small_carton-small.uasset" 3719
"C:/Users/Admin/Documents/Unreal Projects/ai-project/Content/ExternalAssets/FBX_format_food/carton-small_carton-small.uexp" 3720
"C:/Users/Admin/Documents/Unreal Projects/ai-project/Content/ExternalAssets/FBX_format_food/carrot_carrot.ubulk" 3721
"C:/Users/Admin/Documents/Unreal Projects/ai-project/Content/ExternalAssets/FBX_format_food/carrot_carrot.uasset" 3722
"C:/Users/Admin/Documents/Unreal Projects/ai-project/Content/ExternalAssets/FBX_format_food/carrot_carrot.uexp" 3723
"C:/Users/Admin/Documents/Unreal Projects/ai-project/Content/ExternalAssets/FBX_format_food/can_can.ubulk" 3724
"C:/Users/Admin/Documents/Unreal Projects/ai-project/Content/ExternalAssets/FBX_format_food/can_can.uasset" 3725
"C:/Users/Admin/Documents/Unreal Projects/ai-project/Content/ExternalAssets/FBX_format_food/can_can.uexp" 3726
"C:/Users/Admin/Documents/Unreal Projects/ai-project/Content/ExternalAssets/FBX_format_food/candy-bar_candy-bar.ubulk" 3727
"C:/Users/Admin/Documents/Unreal Projects/ai-project/Content/ExternalAssets/FBX_format_food/candy-bar_candy-bar.uasset" 3728
"C:/Users/Admin/Documents/Unreal Projects/ai-project/Content/ExternalAssets/FBX_format_food/candy-bar_candy-bar.uexp" 3729
"C:/Users/Admin/Documents/Unreal Projects/ai-project/Content/ExternalAssets/FBX_format_food/candy-bar-wrapper_candy-bar-wrapper.ubulk" 3730
"C:/Users/Admin/Documents/Unreal Projects/ai-project/Content/ExternalAssets/FBX_format_food/candy-bar-wrapper_candy-bar-wrapper.uasset" 3731
"C:/Users/Admin/Documents/Unreal Projects/ai-project/Content/ExternalAssets/FBX_format_food/candy-bar-wrapper_candy-bar-wrapper.uexp" 3732
"C:/Users/Admin/Documents/Unreal Projects/ai-project/Content/ExternalAssets/FBX_format_food/can-small_Group.ubulk" 3733
"C:/Users/Admin/Documents/Unreal Projects/ai-project/Content/ExternalAssets/FBX_format_food/can-small_Group.uasset" 3734
"C:/Users/Admin/Documents/Unreal Projects/ai-project/Content/ExternalAssets/FBX_format_food/can-small_Group.uexp" 3735
"C:/Users/Admin/Documents/Unreal Projects/ai-project/Content/ExternalAssets/FBX_format_food/can-small_can-small.ubulk" 3736
"C:/Users/Admin/Documents/Unreal Projects/ai-project/Content/ExternalAssets/FBX_format_food/can-small_can-small.uasset" 3737
"C:/Users/Admin/Documents/Unreal Projects/ai-project/Content/ExternalAssets/FBX_format_food/can-small_can-small.uexp" 3738
"C:/Users/Admin/Documents/Unreal Projects/ai-project/Content/ExternalAssets/FBX_format_food/can-open_can-open.ubulk" 3739
"C:/Users/Admin/Documents/Unreal Projects/ai-project/Content/ExternalAssets/FBX_format_food/can-open_can-open.uasset" 3740
"C:/Users/Admin/Documents/Unreal Projects/ai-project/Content/ExternalAssets/FBX_format_food/can-open_can-open.uexp" 3741
"C:/Users/Admin/Documents/Unreal Projects/ai-project/Content/ExternalAssets/FBX_format_food/cake_slice_5.ubulk" 3742
"C:/Users/Admin/Documents/Unreal Projects/ai-project/Content/ExternalAssets/FBX_format_food/cake_slice_5.uasset" 3743
"C:/Users/Admin/Documents/Unreal Projects/ai-project/Content/ExternalAssets/FBX_format_food/cake_slice_5.uexp" 3744
"C:/Users/Admin/Documents/Unreal Projects/ai-project/Content/ExternalAssets/FBX_format_food/cake_slice_4.ubulk" 3745
"C:/Users/Admin/Documents/Unreal Projects/ai-project/Content/ExternalAssets/FBX_format_food/cake_slice_4.uasset" 3746
"C:/Users/Admin/Documents/Unreal Projects/ai-project/Content/ExternalAssets/FBX_format_food/cake_slice_4.uexp" 3747
"C:/Users/Admin/Documents/Unreal Projects/ai-project/Content/ExternalAssets/FBX_format_food/cake_slice_3.ubulk" 3748
"C:/Users/Admin/Documents/Unreal Projects/ai-project/Content/ExternalAssets/FBX_format_food/cake_slice_3.uasset" 3749
"C:/Users/Admin/Documents/Unreal Projects/ai-project/Content/ExternalAssets/FBX_format_food/cake_slice_3.uexp" 3750
"C:/Users/Admin/Documents/Unreal Projects/ai-project/Content/ExternalAssets/FBX_format_food/cake_slice_2.ubulk" 3751
"C:/Users/Admin/Documents/Unreal Projects/ai-project/Content/ExternalAssets/FBX_format_food/cake_slice_2.uasset" 3752
"C:/Users/Admin/Documents/Unreal Projects/ai-project/Content/ExternalAssets/FBX_format_food/cake_slice_2.uexp" 3753
"C:/Users/Admin/Documents/Unreal Projects/ai-project/Content/ExternalAssets/FBX_format_food/cake_slice_1.ubulk" 3754
"C:/Users/Admin/Documents/Unreal Projects/ai-project/Content/ExternalAssets/FBX_format_food/cake_slice_1.uasset" 3755
"C:/Users/Admin/Documents/Unreal Projects/ai-project/Content/ExternalAssets/FBX_format_food/cake_slice_1.uexp" 3756
"C:/Users/Admin/Documents/Unreal Projects/ai-project/Content/ExternalAssets/FBX_format_food/cake_slice.ubulk" 3757
"C:/Users/Admin/Documents/Unreal Projects/ai-project/Content/ExternalAssets/FBX_format_food/cake_slice.uasset" 3758
"C:/Users/Admin/Documents/Unreal Projects/ai-project/Content/ExternalAssets/FBX_format_food/cake_slice.uexp" 3759
"C:/Users/Admin/Documents/Unreal Projects/ai-project/Content/ExternalAssets/FBX_format_food/cake-slicer_cake-slicer.ubulk" 3760
"C:/Users/Admin/Documents/Unreal Projects/ai-project/Content/ExternalAssets/FBX_format_food/cake-slicer_cake-slicer.uasset" 3761
"C:/Users/Admin/Documents/Unreal Projects/ai-project/Content/ExternalAssets/FBX_format_food/cake-slicer_cake-slicer.uexp" 3762
"C:/Users/Admin/Documents/Unreal Projects/ai-project/Content/ExternalAssets/FBX_format_food/cake-birthday_slice_5.ubulk" 3763
"C:/Users/Admin/Documents/Unreal Projects/ai-project/Content/ExternalAssets/FBX_format_food/cake-birthday_slice_5.uasset" 3764
"C:/Users/Admin/Documents/Unreal Projects/ai-project/Content/ExternalAssets/FBX_format_food/cake-birthday_slice_5.uexp" 3765
"C:/Users/Admin/Documents/Unreal Projects/ai-project/Content/ExternalAssets/FBX_format_food/cake-birthday_slice_4.ubulk" 3766
"C:/Users/Admin/Documents/Unreal Projects/ai-project/Content/ExternalAssets/FBX_format_food/cake-birthday_slice_4.uasset" 3767
"C:/Users/Admin/Documents/Unreal Projects/ai-project/Content/ExternalAssets/FBX_format_food/cake-birthday_slice_4.uexp" 3768
"C:/Users/Admin/Documents/Unreal Projects/ai-project/Content/ExternalAssets/FBX_format_food/cake-birthday_slice_3.ubulk" 3769
"C:/Users/Admin/Documents/Unreal Projects/ai-project/Content/ExternalAssets/FBX_format_food/cake-birthday_slice_3.uasset" 3770
"C:/Users/Admin/Documents/Unreal Projects/ai-project/Content/ExternalAssets/FBX_format_food/cake-birthday_slice_3.uexp" 3771
"C:/Users/Admin/Documents/Unreal Projects/ai-project/Content/ExternalAssets/FBX_format_food/cake-birthday_slice_2.ubulk" 3772
"C:/Users/Admin/Documents/Unreal Projects/ai-project/Content/ExternalAssets/FBX_format_food/cake-birthday_slice_2.uasset" 3773
"C:/Users/Admin/Documents/Unreal Projects/ai-project/Content/ExternalAssets/FBX_format_food/cake-birthday_slice_2.uexp" 3774
"C:/Users/Admin/Documents/Unreal Projects/ai-project/Content/ExternalAssets/FBX_format_food/cake-birthday_slice_1.ubulk" 3775
"C:/Users/Admin/Documents/Unreal Projects/ai-project/Content/ExternalAssets/FBX_format_food/cake-birthday_slice_1.uasset" 3776
"C:/Users/Admin/Documents/Unreal Projects/ai-project/Content/ExternalAssets/FBX_format_food/cake-birthday_slice_1.uexp" 3777
"C:/Users/Admin/Documents/Unreal Projects/ai-project/Content/ExternalAssets/FBX_format_food/cake-birthday_slice.ubulk" 3778
"C:/Users/Admin/Documents/Unreal Projects/ai-project/Content/ExternalAssets/FBX_format_food/cake-birthday_slice.uasset" 3779
"C:/Users/Admin/Documents/Unreal Projects/ai-project/Content/ExternalAssets/FBX_format_food/cake-birthday_slice.uexp" 3780
"C:/Users/Admin/Documents/Unreal Projects/ai-project/Content/ExternalAssets/FBX_format_food/cabbage_cabbage.ubulk" 3781
"C:/Users/Admin/Documents/Unreal Projects/ai-project/Content/ExternalAssets/FBX_format_food/cabbage_cabbage.uasset" 3782
"C:/Users/Admin/Documents/Unreal Projects/ai-project/Content/ExternalAssets/FBX_format_food/cabbage_cabbage.uexp" 3783
"C:/Users/Admin/Documents/Unreal Projects/ai-project/Content/ExternalAssets/FBX_format_food/burger_tomato.ubulk" 3784
"C:/Users/Admin/Documents/Unreal Projects/ai-project/Content/ExternalAssets/FBX_format_food/burger_tomato.uasset" 3785
"C:/Users/Admin/Documents/Unreal Projects/ai-project/Content/ExternalAssets/FBX_format_food/burger_tomato.uexp" 3786
"C:/Users/Admin/Documents/Unreal Projects/ai-project/Content/ExternalAssets/FBX_format_food/burger_salad.ubulk" 3787
"C:/Users/Admin/Documents/Unreal Projects/ai-project/Content/ExternalAssets/FBX_format_food/burger_salad.uasset" 3788
"C:/Users/Admin/Documents/Unreal Projects/ai-project/Content/ExternalAssets/FBX_format_food/burger_salad.uexp" 3789
"C:/Users/Admin/Documents/Unreal Projects/ai-project/Content/ExternalAssets/FBX_format_food/burger_patty.ubulk" 3790
"C:/Users/Admin/Documents/Unreal Projects/ai-project/Content/ExternalAssets/FBX_format_food/burger_patty.uasset" 3791
"C:/Users/Admin/Documents/Unreal Projects/ai-project/Content/ExternalAssets/FBX_format_food/burger_patty.uexp" 3792
"C:/Users/Admin/Documents/Unreal Projects/ai-project/Content/ExternalAssets/FBX_format_food/burger_cheese.ubulk" 3793
"C:/Users/Admin/Documents/Unreal Projects/ai-project/Content/ExternalAssets/FBX_format_food/burger_cheese.uasset" 3794
"C:/Users/Admin/Documents/Unreal Projects/ai-project/Content/ExternalAssets/FBX_format_food/burger_cheese.uexp" 3795
"C:/Users/Admin/Documents/Unreal Projects/ai-project/Content/ExternalAssets/FBX_format_food/burger_bun-top.ubulk" 3796
"C:/Users/Admin/Documents/Unreal Projects/ai-project/Content/ExternalAssets/FBX_format_food/burger_bun-top.uasset" 3797
"C:/Users/Admin/Documents/Unreal Projects/ai-project/Content/ExternalAssets/FBX_format_food/burger_bun-top.uexp" 3798
"C:/Users/Admin/Documents/Unreal Projects/ai-project/Content/ExternalAssets/FBX_format_food/burger_bun-bottom.ubulk" 3799
"C:/Users/Admin/Documents/Unreal Projects/ai-project/Content/ExternalAssets/FBX_format_food/burger_bun-bottom.uasset" 3800
"C:/Users/Admin/Documents/Unreal Projects/ai-project/Content/ExternalAssets/FBX_format_food/burger_bun-bottom.uexp" 3801
"C:/Users/Admin/Documents/Unreal Projects/ai-project/Content/ExternalAssets/FBX_format_food/burger-double_tomato.ubulk" 3802
"C:/Users/Admin/Documents/Unreal Projects/ai-project/Content/ExternalAssets/FBX_format_food/burger-double_tomato.uasset" 3803
"C:/Users/Admin/Documents/Unreal Projects/ai-project/Content/ExternalAssets/FBX_format_food/burger-double_tomato.uexp" 3804
"C:/Users/Admin/Documents/Unreal Projects/ai-project/Content/ExternalAssets/FBX_format_food/burger-double_salad_1.ubulk" 3805
"C:/Users/Admin/Documents/Unreal Projects/ai-project/Content/ExternalAssets/FBX_format_food/burger-double_salad_1.uasset" 3806
"C:/Users/Admin/Documents/Unreal Projects/ai-project/Content/ExternalAssets/FBX_format_food/burger-double_salad_1.uexp" 3807
"C:/Users/Admin/Documents/Unreal Projects/ai-project/Content/ExternalAssets/FBX_format_food/burger-double_salad.ubulk" 3808
"C:/Users/Admin/Documents/Unreal Projects/ai-project/Content/ExternalAssets/FBX_format_food/burger-double_salad.uasset" 3809
"C:/Users/Admin/Documents/Unreal Projects/ai-project/Content/ExternalAssets/FBX_format_food/burger-double_salad.uexp" 3810
"C:/Users/Admin/Documents/Unreal Projects/ai-project/Content/ExternalAssets/FBX_format_food/burger-double_patty_1.ubulk" 3811
"C:/Users/Admin/Documents/Unreal Projects/ai-project/Content/ExternalAssets/FBX_format_food/burger-double_patty_1.uasset" 3812
"C:/Users/Admin/Documents/Unreal Projects/ai-project/Content/ExternalAssets/FBX_format_food/burger-double_patty_1.uexp" 3813
"C:/Users/Admin/Documents/Unreal Projects/ai-project/Content/ExternalAssets/FBX_format_food/burger-double_patty.ubulk" 3814
"C:/Users/Admin/Documents/Unreal Projects/ai-project/Content/ExternalAssets/FBX_format_food/burger-double_patty.uasset" 3815
"C:/Users/Admin/Documents/Unreal Projects/ai-project/Content/ExternalAssets/FBX_format_food/burger-double_patty.uexp" 3816
"C:/Users/Admin/Documents/Unreal Projects/ai-project/Content/ExternalAssets/FBX_format_food/burger-double_cheese_1.ubulk" 3817
"C:/Users/Admin/Documents/Unreal Projects/ai-project/Content/ExternalAssets/FBX_format_food/burger-double_cheese_1.uasset" 3818
"C:/Users/Admin/Documents/Unreal Projects/ai-project/Content/ExternalAssets/FBX_format_food/burger-double_cheese_1.uexp" 3819
"C:/Users/Admin/Documents/Unreal Projects/ai-project/Content/ExternalAssets/FBX_format_food/burger-double_cheese.ubulk" 3820
"C:/Users/Admin/Documents/Unreal Projects/ai-project/Content/ExternalAssets/FBX_format_food/burger-double_cheese.uasset" 3821
"C:/Users/Admin/Documents/Unreal Projects/ai-project/Content/ExternalAssets/FBX_format_food/burger-double_cheese.uexp" 3822
"C:/Users/Admin/Documents/Unreal Projects/ai-project/Content/ExternalAssets/FBX_format_food/burger-double_bun-top.ubulk" 3823
"C:/Users/Admin/Documents/Unreal Projects/ai-project/Content/ExternalAssets/FBX_format_food/burger-double_bun-top.uasset" 3824
"C:/Users/Admin/Documents/Unreal Projects/ai-project/Content/ExternalAssets/FBX_format_food/burger-double_bun-top.uexp" 3825
"C:/Users/Admin/Documents/Unreal Projects/ai-project/Content/ExternalAssets/FBX_format_food/burger-double_bun-middle.ubulk" 3826
"C:/Users/Admin/Documents/Unreal Projects/ai-project/Content/ExternalAssets/FBX_format_food/burger-double_bun-middle.uasset" 3827
"C:/Users/Admin/Documents/Unreal Projects/ai-project/Content/ExternalAssets/FBX_format_food/burger-double_bun-middle.uexp" 3828
"C:/Users/Admin/Documents/Unreal Projects/ai-project/Content/ExternalAssets/FBX_format_food/burger-double_bun-bottom.ubulk" 3829
"C:/Users/Admin/Documents/Unreal Projects/ai-project/Content/ExternalAssets/FBX_format_food/burger-double_bun-bottom.uasset" 3830
"C:/Users/Admin/Documents/Unreal Projects/ai-project/Content/ExternalAssets/FBX_format_food/burger-double_bun-bottom.uexp" 3831
"C:/Users/Admin/Documents/Unreal Projects/ai-project/Content/ExternalAssets/FBX_format_food/burger-cheese_patty.ubulk" 3832
"C:/Users/Admin/Documents/Unreal Projects/ai-project/Content/ExternalAssets/FBX_format_food/burger-cheese_patty.uasset" 3833
"C:/Users/Admin/Documents/Unreal Projects/ai-project/Content/ExternalAssets/FBX_format_food/burger-cheese_patty.uexp" 3834
"C:/Users/Admin/Documents/Unreal Projects/ai-project/Content/ExternalAssets/FBX_format_food/burger-cheese_cheese.ubulk" 3835
"C:/Users/Admin/Documents/Unreal Projects/ai-project/Content/ExternalAssets/FBX_format_food/burger-cheese_cheese.uasset" 3836
"C:/Users/Admin/Documents/Unreal Projects/ai-project/Content/ExternalAssets/FBX_format_food/burger-cheese_cheese.uexp" 3837
"C:/Users/Admin/Documents/Unreal Projects/ai-project/Content/ExternalAssets/FBX_format_food/burger-cheese_bun-top.ubulk" 3838
"C:/Users/Admin/Documents/Unreal Projects/ai-project/Content/ExternalAssets/FBX_format_food/burger-cheese_bun-top.uasset" 3839
"C:/Users/Admin/Documents/Unreal Projects/ai-project/Content/ExternalAssets/FBX_format_food/burger-cheese_bun-top.uexp" 3840
"C:/Users/Admin/Documents/Unreal Projects/ai-project/Content/ExternalAssets/FBX_format_food/burger-cheese_bun-bottom.ubulk" 3841
"C:/Users/Admin/Documents/Unreal Projects/ai-project/Content/ExternalAssets/FBX_format_food/burger-cheese_bun-bottom.uasset" 3842
"C:/Users/Admin/Documents/Unreal Projects/ai-project/Content/ExternalAssets/FBX_format_food/burger-cheese_bun-bottom.uexp" 3843
"C:/Users/Admin/Documents/Unreal Projects/ai-project/Content/ExternalAssets/FBX_format_food/burger-cheese-double_patty_1.ubulk" 3844
"C:/Users/Admin/Documents/Unreal Projects/ai-project/Content/ExternalAssets/FBX_format_food/burger-cheese-double_patty_1.uasset" 3845
"C:/Users/Admin/Documents/Unreal Projects/ai-project/Content/ExternalAssets/FBX_format_food/burger-cheese-double_patty_1.uexp" 3846
"C:/Users/Admin/Documents/Unreal Projects/ai-project/Content/ExternalAssets/FBX_format_food/burger-cheese-double_patty.ubulk" 3847
"C:/Users/Admin/Documents/Unreal Projects/ai-project/Content/ExternalAssets/FBX_format_food/burger-cheese-double_patty.uasset" 3848
"C:/Users/Admin/Documents/Unreal Projects/ai-project/Content/ExternalAssets/FBX_format_food/burger-cheese-double_patty.uexp" 3849
"C:/Users/Admin/Documents/Unreal Projects/ai-project/Content/ExternalAssets/FBX_format_food/burger-cheese-double_cheese_1.ubulk" 3850
"C:/Users/Admin/Documents/Unreal Projects/ai-project/Content/ExternalAssets/FBX_format_food/burger-cheese-double_cheese_1.uasset" 3851
"C:/Users/Admin/Documents/Unreal Projects/ai-project/Content/ExternalAssets/FBX_format_food/burger-cheese-double_cheese_1.uexp" 3852
"C:/Users/Admin/Documents/Unreal Projects/ai-project/Content/ExternalAssets/FBX_format_food/burger-cheese-double_cheese.ubulk" 3853
"C:/Users/Admin/Documents/Unreal Projects/ai-project/Content/ExternalAssets/FBX_format_food/burger-cheese-double_cheese.uasset" 3854
"C:/Users/Admin/Documents/Unreal Projects/ai-project/Content/ExternalAssets/FBX_format_food/burger-cheese-double_cheese.uexp" 3855
"C:/Users/Admin/Documents/Unreal Projects/ai-project/Content/ExternalAssets/FBX_format_food/burger-cheese-double_bun-top.ubulk" 3856
"C:/Users/Admin/Documents/Unreal Projects/ai-project/Content/ExternalAssets/FBX_format_food/burger-cheese-double_bun-top.uasset" 3857
"C:/Users/Admin/Documents/Unreal Projects/ai-project/Content/ExternalAssets/FBX_format_food/burger-cheese-double_bun-top.uexp" 3858
"C:/Users/Admin/Documents/Unreal Projects/ai-project/Content/ExternalAssets/FBX_format_food/burger-cheese-double_bun-middle.ubulk" 3859
"C:/Users/Admin/Documents/Unreal Projects/ai-project/Content/ExternalAssets/FBX_format_food/burger-cheese-double_bun-middle.uasset" 3860
"C:/Users/Admin/Documents/Unreal Projects/ai-project/Content/ExternalAssets/FBX_format_food/burger-cheese-double_bun-middle.uexp" 3861
"C:/Users/Admin/Documents/Unreal Projects/ai-project/Content/ExternalAssets/FBX_format_food/burger-cheese-double_bun-bottom.ubulk" 3862
"C:/Users/Admin/Documents/Unreal Projects/ai-project/Content/ExternalAssets/FBX_format_food/burger-cheese-double_bun-bottom.uasset" 3863
"C:/Users/Admin/Documents/Unreal Projects/ai-project/Content/ExternalAssets/FBX_format_food/burger-cheese-double_bun-bottom.uexp" 3864
"C:/Users/Admin/Documents/Unreal Projects/ai-project/Content/ExternalAssets/FBX_format_food/broccoli_broccoli.ubulk" 3865
"C:/Users/Admin/Documents/Unreal Projects/ai-project/Content/ExternalAssets/FBX_format_food/broccoli_broccoli.uasset" 3866
"C:/Users/Admin/Documents/Unreal Projects/ai-project/Content/ExternalAssets/FBX_format_food/broccoli_broccoli.uexp" 3867
"C:/Users/Admin/Documents/Unreal Projects/ai-project/Content/ExternalAssets/FBX_format_food/bread_bread.ubulk" 3868
"C:/Users/Admin/Documents/Unreal Projects/ai-project/Content/ExternalAssets/FBX_format_food/bread_bread.uasset" 3869
"C:/Users/Admin/Documents/Unreal Projects/ai-project/Content/ExternalAssets/FBX_format_food/bread_bread.uexp" 3870
"C:/Users/Admin/Documents/Unreal Projects/ai-project/Content/ExternalAssets/FBX_format_food/bowl_bowl.ubulk" 3871
"C:/Users/Admin/Documents/Unreal Projects/ai-project/Content/ExternalAssets/FBX_format_food/bowl_bowl.uasset" 3872
"C:/Users/Admin/Documents/Unreal Projects/ai-project/Content/ExternalAssets/FBX_format_food/bowl_bowl.uexp" 3873
"C:/Users/Admin/Documents/Unreal Projects/ai-project/Content/ExternalAssets/FBX_format_food/bowl-soup_bowl-soup.ubulk" 3874
"C:/Users/Admin/Documents/Unreal Projects/ai-project/Content/ExternalAssets/FBX_format_food/bowl-soup_bowl-soup.uasset" 3875
"C:/Users/Admin/Documents/Unreal Projects/ai-project/Content/ExternalAssets/FBX_format_food/bowl-soup_bowl-soup.uexp" 3876
"C:/Users/Admin/Documents/Unreal Projects/ai-project/Content/ExternalAssets/FBX_format_food/bowl-cereal_bowl-cereal.ubulk" 3877
"C:/Users/Admin/Documents/Unreal Projects/ai-project/Content/ExternalAssets/FBX_format_food/bowl-cereal_bowl-cereal.uasset" 3878
"C:/Users/Admin/Documents/Unreal Projects/ai-project/Content/ExternalAssets/FBX_format_food/bowl-cereal_bowl-cereal.uexp" 3879
"C:/Users/Admin/Documents/Unreal Projects/ai-project/Content/ExternalAssets/FBX_format_food/bowl-broth_Group.ubulk" 3880
"C:/Users/Admin/Documents/Unreal Projects/ai-project/Content/ExternalAssets/FBX_format_food/bowl-broth_Group.uasset" 3881
"C:/Users/Admin/Documents/Unreal Projects/ai-project/Content/ExternalAssets/FBX_format_food/bowl-broth_Group.uexp" 3882
"C:/Users/Admin/Documents/Unreal Projects/ai-project/Content/ExternalAssets/FBX_format_food/bowl-broth_bowl-broth.ubulk" 3883
"C:/Users/Admin/Documents/Unreal Projects/ai-project/Content/ExternalAssets/FBX_format_food/bowl-broth_bowl-broth.uasset" 3884
"C:/Users/Admin/Documents/Unreal Projects/ai-project/Content/ExternalAssets/FBX_format_food/bowl-broth_bowl-broth.uexp" 3885
"C:/Users/Admin/Documents/Unreal Projects/ai-project/Content/ExternalAssets/FBX_format_food/bottle-oil_bottle-oil.ubulk" 3886
"C:/Users/Admin/Documents/Unreal Projects/ai-project/Content/ExternalAssets/FBX_format_food/bottle-oil_bottle-oil.uasset" 3887
"C:/Users/Admin/Documents/Unreal Projects/ai-project/Content/ExternalAssets/FBX_format_food/bottle-oil_bottle-oil.uexp" 3888
"C:/Users/Admin/Documents/Unreal Projects/ai-project/Content/ExternalAssets/FBX_format_food/bottle-musterd_bottle-musterd.ubulk" 3889
"C:/Users/Admin/Documents/Unreal Projects/ai-project/Content/ExternalAssets/FBX_format_food/bottle-musterd_bottle-musterd.uasset" 3890
"C:/Users/Admin/Documents/Unreal Projects/ai-project/Content/ExternalAssets/FBX_format_food/bottle-musterd_bottle-musterd.uexp" 3891
"C:/Users/Admin/Documents/Unreal Projects/ai-project/Content/ExternalAssets/FBX_format_food/bottle-ketchup_bottle-ketchup.ubulk" 3892
"C:/Users/Admin/Documents/Unreal Projects/ai-project/Content/ExternalAssets/FBX_format_food/bottle-ketchup_bottle-ketchup.uasset" 3893
"C:/Users/Admin/Documents/Unreal Projects/ai-project/Content/ExternalAssets/FBX_format_food/bottle-ketchup_bottle-ketchup.uexp" 3894
"C:/Users/Admin/Documents/Unreal Projects/ai-project/Content/ExternalAssets/FBX_format_food/beet_beet.ubulk" 3895
"C:/Users/Admin/Documents/Unreal Projects/ai-project/Content/ExternalAssets/FBX_format_food/beet_beet.uasset" 3896
"C:/Users/Admin/Documents/Unreal Projects/ai-project/Content/ExternalAssets/FBX_format_food/beet_beet.uexp" 3897
"C:/Users/Admin/Documents/Unreal Projects/ai-project/Content/ExternalAssets/FBX_format_food/barrel_barrel.ubulk" 3898
"C:/Users/Admin/Documents/Unreal Projects/ai-project/Content/ExternalAssets/FBX_format_food/barrel_barrel.uasset" 3899
"C:/Users/Admin/Documents/Unreal Projects/ai-project/Content/ExternalAssets/FBX_format_food/barrel_barrel.uexp" 3900
"C:/Users/Admin/Documents/Unreal Projects/ai-project/Content/ExternalAssets/FBX_format_food/banana_banana.ubulk" 3901
"C:/Users/Admin/Documents/Unreal Projects/ai-project/Content/ExternalAssets/FBX_format_food/banana_banana.uasset" 3902
"C:/Users/Admin/Documents/Unreal Projects/ai-project/Content/ExternalAssets/FBX_format_food/banana_banana.uexp" 3903
"C:/Users/Admin/Documents/Unreal Projects/ai-project/Content/ExternalAssets/FBX_format_food/bag_bag.ubulk" 3904
"C:/Users/Admin/Documents/Unreal Projects/ai-project/Content/ExternalAssets/FBX_format_food/bag_bag.uasset" 3905
"C:/Users/Admin/Documents/Unreal Projects/ai-project/Content/ExternalAssets/FBX_format_food/bag_bag.uexp" 3906
"C:/Users/Admin/Documents/Unreal Projects/ai-project/Content/ExternalAssets/FBX_format_food/bag-flat_bag-flat.ubulk" 3907
"C:/Users/Admin/Documents/Unreal Projects/ai-project/Content/ExternalAssets/FBX_format_food/bag-flat_bag-flat.uasset" 3908
"C:/Users/Admin/Documents/Unreal Projects/ai-project/Content/ExternalAssets/FBX_format_food/bag-flat_bag-flat.uexp" 3909
"C:/Users/Admin/Documents/Unreal Projects/ai-project/Content/ExternalAssets/FBX_format_food/bacon_bacon.ubulk" 3910
"C:/Users/Admin/Documents/Unreal Projects/ai-project/Content/ExternalAssets/FBX_format_food/bacon_bacon.uasset" 3911
"C:/Users/Admin/Documents/Unreal Projects/ai-project/Content/ExternalAssets/FBX_format_food/bacon_bacon.uexp" 3912
"C:/Users/Admin/Documents/Unreal Projects/ai-project/Content/ExternalAssets/FBX_format_food/bacon-raw_bacon-raw.ubulk" 3913
"C:/Users/Admin/Documents/Unreal Projects/ai-project/Content/ExternalAssets/FBX_format_food/bacon-raw_bacon-raw.uasset" 3914
"C:/Users/Admin/Documents/Unreal Projects/ai-project/Content/ExternalAssets/FBX_format_food/bacon-raw_bacon-raw.uexp" 3915
"C:/Users/Admin/Documents/Unreal Projects/ai-project/Content/ExternalAssets/FBX_format_food/avocado_avocado.ubulk" 3916
"C:/Users/Admin/Documents/Unreal Projects/ai-project/Content/ExternalAssets/FBX_format_food/avocado_avocado.uasset" 3917
"C:/Users/Admin/Documents/Unreal Projects/ai-project/Content/ExternalAssets/FBX_format_food/avocado_avocado.uexp" 3918
"C:/Users/Admin/Documents/Unreal Projects/ai-project/Content/ExternalAssets/FBX_format_food/apple_apple.ubulk" 3919
"C:/Users/Admin/Documents/Unreal Projects/ai-project/Content/ExternalAssets/FBX_format_food/apple_apple.uasset" 3920
"C:/Users/Admin/Documents/Unreal Projects/ai-project/Content/ExternalAssets/FBX_format_food/apple_apple.uexp" 3921
"C:/Users/Admin/Documents/Unreal Projects/ai-project/Content/ExternalAssets/FBX_format_food/apple-half_apple-half.ubulk" 3922
"C:/Users/Admin/Documents/Unreal Projects/ai-project/Content/ExternalAssets/FBX_format_food/apple-half_apple-half.uasset" 3923
"C:/Users/Admin/Documents/Unreal Projects/ai-project/Content/ExternalAssets/FBX_format_food/apple-half_apple-half.uexp" 3924
"C:/Users/Admin/Documents/Unreal Projects/ai-project/Content/ExternalAssets/FBX_format_food/Textures/colormap.ubulk" 3925
"C:/Users/Admin/Documents/Unreal Projects/ai-project/Content/ExternalAssets/FBX_format_food/Textures/colormap.uasset" 3926
"C:/Users/Admin/Documents/Unreal Projects/ai-project/Content/ExternalAssets/FBX_format_food/Textures/colormap.uexp" 3927
"C:/Users/Admin/Documents/Unreal Projects/ai-project/Content/ExternalAssets/Characters/TEX_texture-j.ubulk" 3928
"C:/Users/Admin/Documents/Unreal Projects/ai-project/Content/ExternalAssets/Characters/TEX_texture-j.uasset" 3929
"C:/Users/Admin/Documents/Unreal Projects/ai-project/Content/ExternalAssets/Characters/TEX_texture-j.uexp" 3930
"C:/Users/Admin/Documents/Unreal Projects/ai-project/Content/ExternalAssets/Characters/texture-j.uasset" 3931
"C:/Users/Admin/Documents/Unreal Projects/ai-project/Content/ExternalAssets/Characters/texture-j.uexp" 3932
"C:/Users/Admin/Documents/Unreal Projects/ai-project/Content/ExternalAssets/Characters/TEX_texture-f.ubulk" 3933
"C:/Users/Admin/Documents/Unreal Projects/ai-project/Content/ExternalAssets/Characters/TEX_texture-f.uasset" 3934
"C:/Users/Admin/Documents/Unreal Projects/ai-project/Content/ExternalAssets/Characters/TEX_texture-f.uexp" 3935
"C:/Users/Admin/Documents/Unreal Projects/ai-project/Content/ExternalAssets/Characters/texture-f.uasset" 3936
"C:/Users/Admin/Documents/Unreal Projects/ai-project/Content/ExternalAssets/Characters/texture-f.uexp" 3937
"C:/Users/Admin/Documents/Unreal Projects/ai-project/Content/ExternalAssets/Characters/TEX_texture-r.ubulk" 3938
"C:/Users/Admin/Documents/Unreal Projects/ai-project/Content/ExternalAssets/Characters/TEX_texture-r.uasset" 3939
"C:/Users/Admin/Documents/Unreal Projects/ai-project/Content/ExternalAssets/Characters/TEX_texture-r.uexp" 3940
"C:/Users/Admin/Documents/Unreal Projects/ai-project/Content/ExternalAssets/Characters/texture-r.uasset" 3941
"C:/Users/Admin/Documents/Unreal Projects/ai-project/Content/ExternalAssets/Characters/texture-r.uexp" 3942
"C:/Users/Admin/Documents/Unreal Projects/ai-project/Content/ExternalAssets/Characters/torso.ubulk" 3943
"C:/Users/Admin/Documents/Unreal Projects/ai-project/Content/ExternalAssets/Characters/torso.uasset" 3944
"C:/Users/Admin/Documents/Unreal Projects/ai-project/Content/ExternalAssets/Characters/torso.uexp" 3945
"C:/Users/Admin/Documents/Unreal Projects/ai-project/Content/ExternalAssets/Characters/TEX_texture-q.ubulk" 3946
"C:/Users/Admin/Documents/Unreal Projects/ai-project/Content/ExternalAssets/Characters/TEX_texture-q.uasset" 3947
"C:/Users/Admin/Documents/Unreal Projects/ai-project/Content/ExternalAssets/Characters/TEX_texture-q.uexp" 3948
"C:/Users/Admin/Documents/Unreal Projects/ai-project/Content/ExternalAssets/Characters/texture-q.uasset" 3949
"C:/Users/Admin/Documents/Unreal Projects/ai-project/Content/ExternalAssets/Characters/texture-q.uexp" 3950
"C:/Users/Admin/Documents/Unreal Projects/ai-project/Content/ExternalAssets/Characters/TEX_texture-p.ubulk" 3951
"C:/Users/Admin/Documents/Unreal Projects/ai-project/Content/ExternalAssets/Characters/TEX_texture-p.uasset" 3952
"C:/Users/Admin/Documents/Unreal Projects/ai-project/Content/ExternalAssets/Characters/TEX_texture-p.uexp" 3953
"C:/Users/Admin/Documents/Unreal Projects/ai-project/Content/ExternalAssets/Characters/texture-p.uasset" 3954
"C:/Users/Admin/Documents/Unreal Projects/ai-project/Content/ExternalAssets/Characters/texture-p.uexp" 3955
"C:/Users/Admin/Documents/Unreal Projects/ai-project/Content/ExternalAssets/Characters/TEX_texture-o.ubulk" 3956
"C:/Users/Admin/Documents/Unreal Projects/ai-project/Content/ExternalAssets/Characters/TEX_texture-o.uasset" 3957
"C:/Users/Admin/Documents/Unreal Projects/ai-project/Content/ExternalAssets/Characters/TEX_texture-o.uexp" 3958
"C:/Users/Admin/Documents/Unreal Projects/ai-project/Content/ExternalAssets/Characters/texture-o.uasset" 3959
"C:/Users/Admin/Documents/Unreal Projects/ai-project/Content/ExternalAssets/Characters/texture-o.uexp" 3960
"C:/Users/Admin/Documents/Unreal Projects/ai-project/Content/ExternalAssets/Characters/TEX_texture-n.ubulk" 3961
"C:/Users/Admin/Documents/Unreal Projects/ai-project/Content/ExternalAssets/Characters/TEX_texture-n.uasset" 3962
"C:/Users/Admin/Documents/Unreal Projects/ai-project/Content/ExternalAssets/Characters/TEX_texture-n.uexp" 3963
"C:/Users/Admin/Documents/Unreal Projects/ai-project/Content/ExternalAssets/Characters/texture-n.uasset" 3964
"C:/Users/Admin/Documents/Unreal Projects/ai-project/Content/ExternalAssets/Characters/texture-n.uexp" 3965
"C:/Users/Admin/Documents/Unreal Projects/ai-project/Content/ExternalAssets/Characters/TEX_texture-m.ubulk" 3966
"C:/Users/Admin/Documents/Unreal Projects/ai-project/Content/ExternalAssets/Characters/TEX_texture-m.uasset" 3967
"C:/Users/Admin/Documents/Unreal Projects/ai-project/Content/ExternalAssets/Characters/TEX_texture-m.uexp" 3968
"C:/Users/Admin/Documents/Unreal Projects/ai-project/Content/ExternalAssets/Characters/texture-m.uasset" 3969
"C:/Users/Admin/Documents/Unreal Projects/ai-project/Content/ExternalAssets/Characters/texture-m.uexp" 3970
"C:/Users/Admin/Documents/Unreal Projects/ai-project/Content/ExternalAssets/Characters/TEX_texture-l.ubulk" 3971
"C:/Users/Admin/Documents/Unreal Projects/ai-project/Content/ExternalAssets/Characters/TEX_texture-l.uasset" 3972
"C:/Users/Admin/Documents/Unreal Projects/ai-project/Content/ExternalAssets/Characters/TEX_texture-l.uexp" 3973
"C:/Users/Admin/Documents/Unreal Projects/ai-project/Content/ExternalAssets/Characters/texture-l.uasset" 3974
"C:/Users/Admin/Documents/Unreal Projects/ai-project/Content/ExternalAssets/Characters/texture-l.uexp" 3975
"C:/Users/Admin/Documents/Unreal Projects/ai-project/Content/ExternalAssets/Characters/TEX_texture-k.ubulk" 3976
"C:/Users/Admin/Documents/Unreal Projects/ai-project/Content/ExternalAssets/Characters/TEX_texture-k.uasset" 3977
"C:/Users/Admin/Documents/Unreal Projects/ai-project/Content/ExternalAssets/Characters/TEX_texture-k.uexp" 3978
"C:/Users/Admin/Documents/Unreal Projects/ai-project/Content/ExternalAssets/Characters/texture-k.uasset" 3979
"C:/Users/Admin/Documents/Unreal Projects/ai-project/Content/ExternalAssets/Characters/texture-k.uexp" 3980
"C:/Users/Admin/Documents/Unreal Projects/ai-project/Content/ExternalAssets/Characters/TEX_texture-i.ubulk" 3981
"C:/Users/Admin/Documents/Unreal Projects/ai-project/Content/ExternalAssets/Characters/TEX_texture-i.uasset" 3982
"C:/Users/Admin/Documents/Unreal Projects/ai-project/Content/ExternalAssets/Characters/TEX_texture-i.uexp" 3983
"C:/Users/Admin/Documents/Unreal Projects/ai-project/Content/ExternalAssets/Characters/texture-i.uasset" 3984
"C:/Users/Admin/Documents/Unreal Projects/ai-project/Content/ExternalAssets/Characters/texture-i.uexp" 3985
"C:/Users/Admin/Documents/Unreal Projects/ai-project/Content/ExternalAssets/Characters/TEX_texture-h.ubulk" 3986
"C:/Users/Admin/Documents/Unreal Projects/ai-project/Content/ExternalAssets/Characters/TEX_texture-h.uasset" 3987
"C:/Users/Admin/Documents/Unreal Projects/ai-project/Content/ExternalAssets/Characters/TEX_texture-h.uexp" 3988
"C:/Users/Admin/Documents/Unreal Projects/ai-project/Content/ExternalAssets/Characters/texture-h.uasset" 3989
"C:/Users/Admin/Documents/Unreal Projects/ai-project/Content/ExternalAssets/Characters/texture-h.uexp" 3990
"C:/Users/Admin/Documents/Unreal Projects/ai-project/Content/ExternalAssets/Characters/TEX_texture-g.ubulk" 3991
"C:/Users/Admin/Documents/Unreal Projects/ai-project/Content/ExternalAssets/Characters/TEX_texture-g.uasset" 3992
"C:/Users/Admin/Documents/Unreal Projects/ai-project/Content/ExternalAssets/Characters/TEX_texture-g.uexp" 3993
"C:/Users/Admin/Documents/Unreal Projects/ai-project/Content/ExternalAssets/Characters/texture-g.uasset" 3994
"C:/Users/Admin/Documents/Unreal Projects/ai-project/Content/ExternalAssets/Characters/texture-g.uexp" 3995
"C:/Users/Admin/Documents/Unreal Projects/ai-project/Content/ExternalAssets/Characters/TEX_texture-e.ubulk" 3996
"C:/Users/Admin/Documents/Unreal Projects/ai-project/Content/ExternalAssets/Characters/TEX_texture-e.uasset" 3997
"C:/Users/Admin/Documents/Unreal Projects/ai-project/Content/ExternalAssets/Characters/TEX_texture-e.uexp" 3998
"C:/Users/Admin/Documents/Unreal Projects/ai-project/Content/ExternalAssets/Characters/texture-e.uasset" 3999
"C:/Users/Admin/Documents/Unreal Projects/ai-project/Content/ExternalAssets/Characters/texture-e.uexp" 4000
"C:/Users/Admin/Documents/Unreal Projects/ai-project/Content/ExternalAssets/Characters/TEX_texture-d.ubulk" 4001
"C:/Users/Admin/Documents/Unreal Projects/ai-project/Content/ExternalAssets/Characters/TEX_texture-d.uasset" 4002
"C:/Users/Admin/Documents/Unreal Projects/ai-project/Content/ExternalAssets/Characters/TEX_texture-d.uexp" 4003
"C:/Users/Admin/Documents/Unreal Projects/ai-project/Content/ExternalAssets/Characters/texture-d.uasset" 4004
"C:/Users/Admin/Documents/Unreal Projects/ai-project/Content/ExternalAssets/Characters/texture-d.uexp" 4005
"C:/Users/Admin/Documents/Unreal Projects/ai-project/Content/ExternalAssets/Characters/TEX_texture-c.ubulk" 4006
"C:/Users/Admin/Documents/Unreal Projects/ai-project/Content/ExternalAssets/Characters/TEX_texture-c.uasset" 4007
"C:/Users/Admin/Documents/Unreal Projects/ai-project/Content/ExternalAssets/Characters/TEX_texture-c.uexp" 4008
"C:/Users/Admin/Documents/Unreal Projects/ai-project/Content/ExternalAssets/Characters/texture-c.uasset" 4009
"C:/Users/Admin/Documents/Unreal Projects/ai-project/Content/ExternalAssets/Characters/texture-c.uexp" 4010
"C:/Users/Admin/Documents/Unreal Projects/ai-project/Content/ExternalAssets/Characters/TEX_texture-b.ubulk" 4011
"C:/Users/Admin/Documents/Unreal Projects/ai-project/Content/ExternalAssets/Characters/TEX_texture-b.uasset" 4012
"C:/Users/Admin/Documents/Unreal Projects/ai-project/Content/ExternalAssets/Characters/TEX_texture-b.uexp" 4013
"C:/Users/Admin/Documents/Unreal Projects/ai-project/Content/ExternalAssets/Characters/texture-b.uasset" 4014
"C:/Users/Admin/Documents/Unreal Projects/ai-project/Content/ExternalAssets/Characters/texture-b.uexp" 4015
"C:/Users/Admin/Documents/Unreal Projects/ai-project/Content/ExternalAssets/Characters/leg-right.ubulk" 4016
"C:/Users/Admin/Documents/Unreal Projects/ai-project/Content/ExternalAssets/Characters/leg-right.uasset" 4017
"C:/Users/Admin/Documents/Unreal Projects/ai-project/Content/ExternalAssets/Characters/leg-right.uexp" 4018
"C:/Users/Admin/Documents/Unreal Projects/ai-project/Content/ExternalAssets/Characters/leg-left.ubulk" 4019
"C:/Users/Admin/Documents/Unreal Projects/ai-project/Content/ExternalAssets/Characters/leg-left.uasset" 4020
"C:/Users/Admin/Documents/Unreal Projects/ai-project/Content/ExternalAssets/Characters/leg-left.uexp" 4021
"C:/Users/Admin/Documents/Unreal Projects/ai-project/Content/ExternalAssets/Characters/head.ubulk" 4022
"C:/Users/Admin/Documents/Unreal Projects/ai-project/Content/ExternalAssets/Characters/head.uasset" 4023
"C:/Users/Admin/Documents/Unreal Projects/ai-project/Content/ExternalAssets/Characters/head.uexp" 4024
"C:/Users/Admin/Documents/Unreal Projects/ai-project/Content/ExternalAssets/Characters/arm-right.ubulk" 4025
"C:/Users/Admin/Documents/Unreal Projects/ai-project/Content/ExternalAssets/Characters/arm-right.uasset" 4026
"C:/Users/Admin/Documents/Unreal Projects/ai-project/Content/ExternalAssets/Characters/arm-right.uexp" 4027
"C:/Users/Admin/Documents/Unreal Projects/ai-project/Content/ExternalAssets/Characters/arm-left.ubulk" 4028
"C:/Users/Admin/Documents/Unreal Projects/ai-project/Content/ExternalAssets/Characters/arm-left.uasset" 4029
"C:/Users/Admin/Documents/Unreal Projects/ai-project/Content/ExternalAssets/Characters/arm-left.uexp" 4030
"C:/Users/Admin/Documents/Unreal Projects/ai-project/Content/ExternalAssets/Characters/FBX_format/torso_Skeleton.uasset" 4031
"C:/Users/Admin/Documents/Unreal Projects/ai-project/Content/ExternalAssets/Characters/FBX_format/torso_Skeleton.uexp" 4032
"C:/Users/Admin/Documents/Unreal Projects/ai-project/Content/ExternalAssets/Characters/FBX_format/texture-h_ncl1_1.ubulk" 4033
"C:/Users/Admin/Documents/Unreal Projects/ai-project/Content/ExternalAssets/Characters/FBX_format/texture-h_ncl1_1.uasset" 4034
"C:/Users/Admin/Documents/Unreal Projects/ai-project/Content/ExternalAssets/Characters/FBX_format/texture-h_ncl1_1.uexp" 4035
"C:/Users/Admin/Documents/Unreal Projects/ai-project/Content/ExternalAssets/Characters/FBX_format/texture-h.uasset" 4036
"C:/Users/Admin/Documents/Unreal Projects/ai-project/Content/ExternalAssets/Characters/FBX_format/texture-h.uexp" 4037
"C:/Users/Admin/Documents/Unreal Projects/ai-project/Content/ExternalAssets/Characters/FBX_format/torso_PhysicsAsset.uasset" 4038
"C:/Users/Admin/Documents/Unreal Projects/ai-project/Content/ExternalAssets/Characters/FBX_format/torso_PhysicsAsset.uexp" 4039
"C:/Users/Admin/Documents/Unreal Projects/ai-project/Content/ExternalAssets/Characters/FBX_format/leg-left_Skeleton.uasset" 4040
"C:/Users/Admin/Documents/Unreal Projects/ai-project/Content/ExternalAssets/Characters/FBX_format/leg-left_Skeleton.uexp" 4041
"C:/Users/Admin/Documents/Unreal Projects/ai-project/Content/ExternalAssets/Characters/FBX_format/torso.uasset" 4042
"C:/Users/Admin/Documents/Unreal Projects/ai-project/Content/ExternalAssets/Characters/FBX_format/torso.uexp" 4043
"C:/Users/Admin/Documents/Unreal Projects/ai-project/Content/ExternalAssets/Characters/FBX_format/texture-g_ncl1_1.ubulk" 4044
"C:/Users/Admin/Documents/Unreal Projects/ai-project/Content/ExternalAssets/Characters/FBX_format/texture-g_ncl1_1.uasset" 4045
"C:/Users/Admin/Documents/Unreal Projects/ai-project/Content/ExternalAssets/Characters/FBX_format/texture-g_ncl1_1.uexp" 4046
"C:/Users/Admin/Documents/Unreal Projects/ai-project/Content/ExternalAssets/Characters/FBX_format/texture-g.uasset" 4047
"C:/Users/Admin/Documents/Unreal Projects/ai-project/Content/ExternalAssets/Characters/FBX_format/texture-g.uexp" 4048
"C:/Users/Admin/Documents/Unreal Projects/ai-project/Content/ExternalAssets/Characters/FBX_format/texture-f_ncl1_1.ubulk" 4049
"C:/Users/Admin/Documents/Unreal Projects/ai-project/Content/ExternalAssets/Characters/FBX_format/texture-f_ncl1_1.uasset" 4050
"C:/Users/Admin/Documents/Unreal Projects/ai-project/Content/ExternalAssets/Characters/FBX_format/texture-f_ncl1_1.uexp" 4051
"C:/Users/Admin/Documents/Unreal Projects/ai-project/Content/ExternalAssets/Characters/FBX_format/texture-f.uasset" 4052
"C:/Users/Admin/Documents/Unreal Projects/ai-project/Content/ExternalAssets/Characters/FBX_format/texture-f.uexp" 4053
"C:/Users/Admin/Documents/Unreal Projects/ai-project/Content/ExternalAssets/Characters/FBX_format/texture-e_ncl1_1.ubulk" 4054
"C:/Users/Admin/Documents/Unreal Projects/ai-project/Content/ExternalAssets/Characters/FBX_format/texture-e_ncl1_1.uasset" 4055
"C:/Users/Admin/Documents/Unreal Projects/ai-project/Content/ExternalAssets/Characters/FBX_format/texture-e_ncl1_1.uexp" 4056
"C:/Users/Admin/Documents/Unreal Projects/ai-project/Content/ExternalAssets/Characters/FBX_format/texture-e.uasset" 4057
"C:/Users/Admin/Documents/Unreal Projects/ai-project/Content/ExternalAssets/Characters/FBX_format/texture-e.uexp" 4058
"C:/Users/Admin/Documents/Unreal Projects/ai-project/Content/ExternalAssets/Characters/FBX_format/texture-d_ncl1_1.ubulk" 4059
"C:/Users/Admin/Documents/Unreal Projects/ai-project/Content/ExternalAssets/Characters/FBX_format/texture-d_ncl1_1.uasset" 4060
"C:/Users/Admin/Documents/Unreal Projects/ai-project/Content/ExternalAssets/Characters/FBX_format/texture-d_ncl1_1.uexp" 4061
"C:/Users/Admin/Documents/Unreal Projects/ai-project/Content/ExternalAssets/Characters/FBX_format/texture-d.uasset" 4062
"C:/Users/Admin/Documents/Unreal Projects/ai-project/Content/ExternalAssets/Characters/FBX_format/texture-d.uexp" 4063
"C:/Users/Admin/Documents/Unreal Projects/ai-project/Content/ExternalAssets/Characters/FBX_format/texture-c_ncl1_1.ubulk" 4064
"C:/Users/Admin/Documents/Unreal Projects/ai-project/Content/ExternalAssets/Characters/FBX_format/texture-c_ncl1_1.uasset" 4065
"C:/Users/Admin/Documents/Unreal Projects/ai-project/Content/ExternalAssets/Characters/FBX_format/texture-c_ncl1_1.uexp" 4066
"C:/Users/Admin/Documents/Unreal Projects/ai-project/Content/ExternalAssets/Characters/FBX_format/texture-c.uasset" 4067
"C:/Users/Admin/Documents/Unreal Projects/ai-project/Content/ExternalAssets/Characters/FBX_format/texture-c.uexp" 4068
"C:/Users/Admin/Documents/Unreal Projects/ai-project/Content/ExternalAssets/Characters/FBX_format/texture-b_ncl1_1.ubulk" 4069
"C:/Users/Admin/Documents/Unreal Projects/ai-project/Content/ExternalAssets/Characters/FBX_format/texture-b_ncl1_1.uasset" 4070
"C:/Users/Admin/Documents/Unreal Projects/ai-project/Content/ExternalAssets/Characters/FBX_format/texture-b_ncl1_1.uexp" 4071
"C:/Users/Admin/Documents/Unreal Projects/ai-project/Content/ExternalAssets/Characters/FBX_format/texture-b.uasset" 4072
"C:/Users/Admin/Documents/Unreal Projects/ai-project/Content/ExternalAssets/Characters/FBX_format/texture-b.uexp" 4073
"C:/Users/Admin/Documents/Unreal Projects/ai-project/Content/ExternalAssets/Characters/FBX_format/leg-right_Skeleton.uasset" 4074
"C:/Users/Admin/Documents/Unreal Projects/ai-project/Content/ExternalAssets/Characters/FBX_format/leg-right_Skeleton.uexp" 4075
"C:/Users/Admin/Documents/Unreal Projects/ai-project/Content/ExternalAssets/Characters/FBX_format/leg-right_PhysicsAsset.uasset" 4076
"C:/Users/Admin/Documents/Unreal Projects/ai-project/Content/ExternalAssets/Characters/FBX_format/leg-right_PhysicsAsset.uexp" 4077
"C:/Users/Admin/Documents/Unreal Projects/ai-project/Content/ExternalAssets/Characters/FBX_format/leg-right.uasset" 4078
"C:/Users/Admin/Documents/Unreal Projects/ai-project/Content/ExternalAssets/Characters/FBX_format/leg-right.uexp" 4079
"C:/Users/Admin/Documents/Unreal Projects/ai-project/Content/ExternalAssets/Characters/FBX_format/texture-i_ncl1_1.ubulk" 4080
"C:/Users/Admin/Documents/Unreal Projects/ai-project/Content/ExternalAssets/Characters/FBX_format/texture-i_ncl1_1.uasset" 4081
"C:/Users/Admin/Documents/Unreal Projects/ai-project/Content/ExternalAssets/Characters/FBX_format/texture-i_ncl1_1.uexp" 4082
"C:/Users/Admin/Documents/Unreal Projects/ai-project/Content/ExternalAssets/Characters/FBX_format/texture-i.uasset" 4083
"C:/Users/Admin/Documents/Unreal Projects/ai-project/Content/ExternalAssets/Characters/FBX_format/texture-i.uexp" 4084
"C:/Users/Admin/Documents/Unreal Projects/ai-project/Content/ExternalAssets/Characters/FBX_format/leg-left_PhysicsAsset.uasset" 4085
"C:/Users/Admin/Documents/Unreal Projects/ai-project/Content/ExternalAssets/Characters/FBX_format/leg-left_PhysicsAsset.uexp" 4086
"C:/Users/Admin/Documents/Unreal Projects/ai-project/Content/ExternalAssets/Characters/FBX_format/leg-left.uasset" 4087
"C:/Users/Admin/Documents/Unreal Projects/ai-project/Content/ExternalAssets/Characters/FBX_format/leg-left.uexp" 4088
"C:/Users/Admin/Documents/Unreal Projects/ai-project/Content/DataTables/DT_New.uasset" 4089
"C:/Users/Admin/Documents/Unreal Projects/ai-project/Content/DataTables/DT_New.uexp" 4090
"C:/Users/Admin/Documents/Unreal Projects/ai-project/Content/DataTables/S_test.uasset" 4091
"C:/Users/Admin/Documents/Unreal Projects/ai-project/Content/DataTables/S_test.uexp" 4092
"C:/Users/Admin/Documents/Unreal Projects/ai-project/Content/DataTables/ca.uasset" 4093
"C:/Users/Admin/Documents/Unreal Projects/ai-project/Content/DataTables/ca.uexp" 4094
"C:/Users/Admin/Documents/Unreal Projects/ai-project/Content/Characters/AIC_Test.uasset" 4095
"C:/Users/Admin/Documents/Unreal Projects/ai-project/Content/Characters/AIC_Test.uexp" 4096
"C:/Users/Admin/Documents/Unreal Projects/ai-project/Content/Characters/BP_BaseAI.uasset" 4097
"C:/Users/Admin/Documents/Unreal Projects/ai-project/Content/Characters/BP_BaseAI.uexp" 4098
"C:/Users/Admin/Documents/Unreal Projects/ai-project/Content/Characters/Prisoner/KeyAction.uasset" 4099
"C:/Users/Admin/Documents/Unreal Projects/ai-project/Content/Characters/Prisoner/KeyAction.uexp" 4100
"C:/Users/Admin/Documents/Unreal Projects/ai-project/Content/Characters/Mannequin_UE4/Rigs/RTG_UE5Manny_UE4Manny.uasset" 4101
"C:/Users/Admin/Documents/Unreal Projects/ai-project/Content/Characters/Mannequin_UE4/Rigs/RTG_UE5Manny_UE4Manny.uexp" 4102
"C:/Users/Admin/Documents/Unreal Projects/ai-project/Content/Characters/Mannequin_UE4/Rigs/RTG_UE4Manny_UE5Manny.uasset" 4103
"C:/Users/Admin/Documents/Unreal Projects/ai-project/Content/Characters/Mannequin_UE4/Rigs/RTG_UE4Manny_UE5Manny.uexp" 4104
"C:/Users/Admin/Documents/Unreal Projects/ai-project/Content/Characters/Mannequin_UE4/Rigs/IK_UE4_Mannequin.uasset" 4105
"C:/Users/Admin/Documents/Unreal Projects/ai-project/Content/Characters/Mannequin_UE4/Rigs/IK_UE4_Mannequin.uexp" 4106
"C:/Users/Admin/Documents/Unreal Projects/ai-project/Content/Characters/Mannequin_UE4/Textures/T_UELogo_N_TGA.ubulk" 4107
"C:/Users/Admin/Documents/Unreal Projects/ai-project/Content/Characters/Mannequin_UE4/Textures/T_UELogo_N_TGA.uasset" 4108
"C:/Users/Admin/Documents/Unreal Projects/ai-project/Content/Characters/Mannequin_UE4/Textures/T_UELogo_N_TGA.uexp" 4109
"C:/Users/Admin/Documents/Unreal Projects/ai-project/Content/Characters/Mannequin_UE4/Textures/T_UE4_Mannequin__normals.ubulk" 4110
"C:/Users/Admin/Documents/Unreal Projects/ai-project/Content/Characters/Mannequin_UE4/Textures/T_UE4_Mannequin__normals.uasset" 4111
"C:/Users/Admin/Documents/Unreal Projects/ai-project/Content/Characters/Mannequin_UE4/Textures/T_UE4_Mannequin__normals.uexp" 4112
"C:/Users/Admin/Documents/Unreal Projects/ai-project/Content/Characters/Mannequin_UE4/Materials/Layers/ML_ShinyPlastic_Beige.uasset" 4113
"C:/Users/Admin/Documents/Unreal Projects/ai-project/Content/Characters/Mannequin_UE4/Materials/Layers/ML_ShinyPlastic_Beige.uexp" 4114
"../../../Engine/Content/Functions/MaterialLayerFunctions/MatLayerBlend_NormalBlend.uasset" 4115
"../../../Engine/Content/Functions/MaterialLayerFunctions/MatLayerBlend_NormalBlend.uexp" 4116
"C:/Users/Admin/Documents/Unreal Projects/ai-project/Content/Characters/Mannequin_UE4/Textures/T_UELogo_Mask.ubulk" 4117
"C:/Users/Admin/Documents/Unreal Projects/ai-project/Content/Characters/Mannequin_UE4/Textures/T_UELogo_Mask.uasset" 4118
"C:/Users/Admin/Documents/Unreal Projects/ai-project/Content/Characters/Mannequin_UE4/Textures/T_UELogo_Mask.uexp" 4119
"C:/Users/Admin/Documents/Unreal Projects/ai-project/Content/Characters/Mannequin_UE4/Materials/Layers/ML_ShinyPlastic_Beige_Logo.uasset" 4120
"C:/Users/Admin/Documents/Unreal Projects/ai-project/Content/Characters/Mannequin_UE4/Materials/Layers/ML_ShinyPlastic_Beige_Logo.uexp" 4121
"C:/Users/Admin/Documents/Unreal Projects/ai-project/Content/Characters/Mannequin_UE4/Textures/T_UE4_Mannequin_MAT_MASKA.ubulk" 4122
"C:/Users/Admin/Documents/Unreal Projects/ai-project/Content/Characters/Mannequin_UE4/Textures/T_UE4_Mannequin_MAT_MASKA.uasset" 4123
"C:/Users/Admin/Documents/Unreal Projects/ai-project/Content/Characters/Mannequin_UE4/Textures/T_UE4_Mannequin_MAT_MASKA.uexp" 4124
"C:/Users/Admin/Documents/Unreal Projects/ai-project/Content/Characters/Mannequin_UE4/Textures/T_ML_Aluminum01_N.ubulk" 4125
"C:/Users/Admin/Documents/Unreal Projects/ai-project/Content/Characters/Mannequin_UE4/Textures/T_ML_Aluminum01_N.uasset" 4126
"C:/Users/Admin/Documents/Unreal Projects/ai-project/Content/Characters/Mannequin_UE4/Textures/T_ML_Aluminum01_N.uexp" 4127
"C:/Users/Admin/Documents/Unreal Projects/ai-project/Content/Characters/Mannequin_UE4/Textures/T_ML_Aluminum01.ubulk" 4128
"C:/Users/Admin/Documents/Unreal Projects/ai-project/Content/Characters/Mannequin_UE4/Textures/T_ML_Aluminum01.uasset" 4129
"C:/Users/Admin/Documents/Unreal Projects/ai-project/Content/Characters/Mannequin_UE4/Textures/T_ML_Aluminum01.uexp" 4130
"C:/Users/Admin/Documents/Unreal Projects/ai-project/Content/Characters/Mannequin_UE4/Materials/Layers/ML_SoftMetal.uasset" 4131
"C:/Users/Admin/Documents/Unreal Projects/ai-project/Content/Characters/Mannequin_UE4/Materials/Layers/ML_SoftMetal.uexp" 4132
"../../../Engine/Content/Functions/MaterialLayerFunctions/MatLayerBlend_Simple.uasset" 4133
"../../../Engine/Content/Functions/MaterialLayerFunctions/MatLayerBlend_Simple.uexp" 4134
"C:/Users/Admin/Documents/Unreal Projects/ai-project/Content/Characters/Mannequin_UE4/Textures/T_ML_Rubber_Blue_01_N.ubulk" 4135
"C:/Users/Admin/Documents/Unreal Projects/ai-project/Content/Characters/Mannequin_UE4/Textures/T_ML_Rubber_Blue_01_N.uasset" 4136
"C:/Users/Admin/Documents/Unreal Projects/ai-project/Content/Characters/Mannequin_UE4/Textures/T_ML_Rubber_Blue_01_N.uexp" 4137
"C:/Users/Admin/Documents/Unreal Projects/ai-project/Content/Characters/Mannequin_UE4/Textures/T_ML_Rubber_Blue_01_D.ubulk" 4138
"C:/Users/Admin/Documents/Unreal Projects/ai-project/Content/Characters/Mannequin_UE4/Textures/T_ML_Rubber_Blue_01_D.uasset" 4139
"C:/Users/Admin/Documents/Unreal Projects/ai-project/Content/Characters/Mannequin_UE4/Textures/T_ML_Rubber_Blue_01_D.uexp" 4140
"C:/Users/Admin/Documents/Unreal Projects/ai-project/Content/Characters/Mannequin_UE4/Materials/Layers/ML_Latex_Black.uasset" 4141
"C:/Users/Admin/Documents/Unreal Projects/ai-project/Content/Characters/Mannequin_UE4/Materials/Layers/ML_Latex_Black.uexp" 4142
"C:/Users/Admin/Documents/Unreal Projects/ai-project/Content/Characters/Mannequin_UE4/Materials/M_MannequinUE4_Body.uasset" 4143
"C:/Users/Admin/Documents/Unreal Projects/ai-project/Content/Characters/Mannequin_UE4/Materials/M_MannequinUE4_Body.uexp" 4144
"C:/Users/Admin/Documents/Unreal Projects/ai-project/Content/Characters/Mannequin_UE4/Materials/M_MannequinUE4_ChestLogo.uasset" 4145
"C:/Users/Admin/Documents/Unreal Projects/ai-project/Content/Characters/Mannequin_UE4/Materials/M_MannequinUE4_ChestLogo.uexp" 4146
"C:/Users/Admin/Documents/Unreal Projects/ai-project/Content/Characters/Mannequin_UE4/Meshes/SK_Mannequin_PhysicsAsset.uasset" 4147
"C:/Users/Admin/Documents/Unreal Projects/ai-project/Content/Characters/Mannequin_UE4/Meshes/SK_Mannequin_PhysicsAsset.uexp" 4148
"C:/Users/Admin/Documents/Unreal Projects/ai-project/Content/Characters/Mannequin_UE4/Meshes/SK_Mannequin_Skeleton.uasset" 4149
"C:/Users/Admin/Documents/Unreal Projects/ai-project/Content/Characters/Mannequin_UE4/Meshes/SK_Mannequin_Skeleton.uexp" 4150
"C:/Users/Admin/Documents/Unreal Projects/ai-project/Content/Characters/Mannequin_UE4/Meshes/SK_Mannequin.uasset" 4151
"C:/Users/Admin/Documents/Unreal Projects/ai-project/Content/Characters/Mannequin_UE4/Meshes/SK_Mannequin.uexp" 4152
"C:/Users/Admin/Documents/Unreal Projects/ai-project/Content/Characters/Mannequin_UE4/Animations/Jog_Fwd.uasset" 4153
"C:/Users/Admin/Documents/Unreal Projects/ai-project/Content/Characters/Mannequin_UE4/Animations/Jog_Fwd.uexp" 4154
"C:/Users/Admin/Documents/Unreal Projects/ai-project/Content/Characters/Mannequins/Rigs/RTG_Mannequin.uasset" 4155
"C:/Users/Admin/Documents/Unreal Projects/ai-project/Content/Characters/Mannequins/Rigs/RTG_Mannequin.uexp" 4156
"C:/Users/Admin/Documents/Unreal Projects/ai-project/Content/Characters/Mannequins/Rigs/IK_Mannequin.uasset" 4157
"C:/Users/Admin/Documents/Unreal Projects/ai-project/Content/Characters/Mannequins/Rigs/IK_Mannequin.uexp" 4158
"../../../Engine/Plugins/Animation/ControlRig/Content/Controls/DefaultGizmoLibraryNormalized.uasset" 4159
"../../../Engine/Plugins/Animation/ControlRig/Content/Controls/DefaultGizmoLibraryNormalized.uexp" 4160
"C:/Users/Admin/Documents/Unreal Projects/ai-project/Content/Characters/Mannequins/Rigs/CR_Mannequin_Body.uasset" 4161
"C:/Users/Admin/Documents/Unreal Projects/ai-project/Content/Characters/Mannequins/Rigs/CR_Mannequin_Body.uexp" 4162
"C:/Users/Admin/Documents/Unreal Projects/ai-project/Content/Characters/Mannequins/Rigs/Poses/Quinn/Quinn_foot_l_anim.uasset" 4163
"C:/Users/Admin/Documents/Unreal Projects/ai-project/Content/Characters/Mannequins/Rigs/Poses/Quinn/Quinn_foot_l_anim.uexp" 4164
"C:/Users/Admin/Documents/Unreal Projects/ai-project/Content/Characters/Mannequins/Rigs/Poses/Quinn/Quinn_foot_l_pose.uasset" 4165
"C:/Users/Admin/Documents/Unreal Projects/ai-project/Content/Characters/Mannequins/Rigs/Poses/Quinn/Quinn_foot_l_pose.uexp" 4166
"C:/Users/Admin/Documents/Unreal Projects/ai-project/Content/Characters/Mannequins/Rigs/Poses/Quinn/Quinn_clavicle_l_anim.uasset" 4167
"C:/Users/Admin/Documents/Unreal Projects/ai-project/Content/Characters/Mannequins/Rigs/Poses/Quinn/Quinn_clavicle_l_anim.uexp" 4168
"C:/Users/Admin/Documents/Unreal Projects/ai-project/Content/Characters/Mannequins/Rigs/Poses/Quinn/Quinn_clavicle_l_pose.uasset" 4169
"C:/Users/Admin/Documents/Unreal Projects/ai-project/Content/Characters/Mannequins/Rigs/Poses/Quinn/Quinn_clavicle_l_pose.uexp" 4170
"C:/Users/Admin/Documents/Unreal Projects/ai-project/Content/Characters/Mannequins/Rigs/Poses/Quinn/Quinn_clavicle_r_anim.uasset" 4171
"C:/Users/Admin/Documents/Unreal Projects/ai-project/Content/Characters/Mannequins/Rigs/Poses/Quinn/Quinn_clavicle_r_anim.uexp" 4172
"C:/Users/Admin/Documents/Unreal Projects/ai-project/Content/Characters/Mannequins/Rigs/Poses/Quinn/Quinn_clavicle_r_pose.uasset" 4173
"C:/Users/Admin/Documents/Unreal Projects/ai-project/Content/Characters/Mannequins/Rigs/Poses/Quinn/Quinn_clavicle_r_pose.uexp" 4174
"C:/Users/Admin/Documents/Unreal Projects/ai-project/Content/Characters/Mannequins/Rigs/Poses/Quinn/Quinn_upperarm_l_anim.uasset" 4175
"C:/Users/Admin/Documents/Unreal Projects/ai-project/Content/Characters/Mannequins/Rigs/Poses/Quinn/Quinn_upperarm_l_anim.uexp" 4176
"C:/Users/Admin/Documents/Unreal Projects/ai-project/Content/Characters/Mannequins/Rigs/Poses/Quinn/Quinn_upperarm_l_pose.uasset" 4177
"C:/Users/Admin/Documents/Unreal Projects/ai-project/Content/Characters/Mannequins/Rigs/Poses/Quinn/Quinn_upperarm_l_pose.uexp" 4178
"C:/Users/Admin/Documents/Unreal Projects/ai-project/Content/Characters/Mannequins/Rigs/Poses/Quinn/Quinn_lowerarm_l_anim.uasset" 4179
"C:/Users/Admin/Documents/Unreal Projects/ai-project/Content/Characters/Mannequins/Rigs/Poses/Quinn/Quinn_lowerarm_l_anim.uexp" 4180
"C:/Users/Admin/Documents/Unreal Projects/ai-project/Content/Characters/Mannequins/Rigs/Poses/Quinn/Quinn_lowerarm_l_pose.uasset" 4181
"C:/Users/Admin/Documents/Unreal Projects/ai-project/Content/Characters/Mannequins/Rigs/Poses/Quinn/Quinn_lowerarm_l_pose.uexp" 4182
"C:/Users/Admin/Documents/Unreal Projects/ai-project/Content/Characters/Mannequins/Rigs/Poses/Quinn/Quinn_calf_l_anim.uasset" 4183
"C:/Users/Admin/Documents/Unreal Projects/ai-project/Content/Characters/Mannequins/Rigs/Poses/Quinn/Quinn_calf_l_anim.uexp" 4184
"C:/Users/Admin/Documents/Unreal Projects/ai-project/Content/Characters/Mannequins/Rigs/Poses/Quinn/Quinn_calf_l_pose.uasset" 4185
"C:/Users/Admin/Documents/Unreal Projects/ai-project/Content/Characters/Mannequins/Rigs/Poses/Quinn/Quinn_calf_l_pose.uexp" 4186
"C:/Users/Admin/Documents/Unreal Projects/ai-project/Content/Characters/Mannequins/Rigs/Poses/Quinn/Quinn_upperarm_r_anim.uasset" 4187
"C:/Users/Admin/Documents/Unreal Projects/ai-project/Content/Characters/Mannequins/Rigs/Poses/Quinn/Quinn_upperarm_r_anim.uexp" 4188
"C:/Users/Admin/Documents/Unreal Projects/ai-project/Content/Characters/Mannequins/Rigs/Poses/Quinn/Quinn_upperarm_r_pose.uasset" 4189
"C:/Users/Admin/Documents/Unreal Projects/ai-project/Content/Characters/Mannequins/Rigs/Poses/Quinn/Quinn_upperarm_r_pose.uexp" 4190
"C:/Users/Admin/Documents/Unreal Projects/ai-project/Content/Characters/Mannequins/Rigs/Poses/Quinn/Quinn_calf_r_anim.uasset" 4191
"C:/Users/Admin/Documents/Unreal Projects/ai-project/Content/Characters/Mannequins/Rigs/Poses/Quinn/Quinn_calf_r_anim.uexp" 4192
"C:/Users/Admin/Documents/Unreal Projects/ai-project/Content/Characters/Mannequins/Rigs/Poses/Quinn/Quinn_calf_r_pose.uasset" 4193
"C:/Users/Admin/Documents/Unreal Projects/ai-project/Content/Characters/Mannequins/Rigs/Poses/Quinn/Quinn_calf_r_pose.uexp" 4194
"C:/Users/Admin/Documents/Unreal Projects/ai-project/Content/Characters/Mannequins/Rigs/Poses/Quinn/Quinn_foot_r_anim.uasset" 4195
"C:/Users/Admin/Documents/Unreal Projects/ai-project/Content/Characters/Mannequins/Rigs/Poses/Quinn/Quinn_foot_r_anim.uexp" 4196
"C:/Users/Admin/Documents/Unreal Projects/ai-project/Content/Characters/Mannequins/Rigs/Poses/Quinn/Quinn_foot_r_pose.uasset" 4197
"C:/Users/Admin/Documents/Unreal Projects/ai-project/Content/Characters/Mannequins/Rigs/Poses/Quinn/Quinn_foot_r_pose.uexp" 4198
"C:/Users/Admin/Documents/Unreal Projects/ai-project/Content/Characters/Mannequins/Rigs/Poses/Quinn/Quinn_lowerarm_r_anim.uasset" 4199
"C:/Users/Admin/Documents/Unreal Projects/ai-project/Content/Characters/Mannequins/Rigs/Poses/Quinn/Quinn_lowerarm_r_anim.uexp" 4200
"C:/Users/Admin/Documents/Unreal Projects/ai-project/Content/Characters/Mannequins/Rigs/Poses/Quinn/Quinn_lowerarm_r_pose.uasset" 4201
"C:/Users/Admin/Documents/Unreal Projects/ai-project/Content/Characters/Mannequins/Rigs/Poses/Quinn/Quinn_lowerarm_r_pose.uexp" 4202
"C:/Users/Admin/Documents/Unreal Projects/ai-project/Content/Characters/Mannequins/Rigs/Poses/Quinn/Quinn_thigh_l_anim.uasset" 4203
"C:/Users/Admin/Documents/Unreal Projects/ai-project/Content/Characters/Mannequins/Rigs/Poses/Quinn/Quinn_thigh_l_anim.uexp" 4204
"C:/Users/Admin/Documents/Unreal Projects/ai-project/Content/Characters/Mannequins/Rigs/Poses/Quinn/Quinn_thigh_l_pose.uasset" 4205
"C:/Users/Admin/Documents/Unreal Projects/ai-project/Content/Characters/Mannequins/Rigs/Poses/Quinn/Quinn_thigh_l_pose.uexp" 4206
"C:/Users/Admin/Documents/Unreal Projects/ai-project/Content/Characters/Mannequins/Rigs/Poses/Quinn/Quinn_thigh_r_anim.uasset" 4207
"C:/Users/Admin/Documents/Unreal Projects/ai-project/Content/Characters/Mannequins/Rigs/Poses/Quinn/Quinn_thigh_r_anim.uexp" 4208
"C:/Users/Admin/Documents/Unreal Projects/ai-project/Content/Characters/Mannequins/Rigs/Poses/Quinn/Quinn_thigh_r_pose.uasset" 4209
"C:/Users/Admin/Documents/Unreal Projects/ai-project/Content/Characters/Mannequins/Rigs/Poses/Quinn/Quinn_thigh_r_pose.uexp" 4210
"C:/Users/Admin/Documents/Unreal Projects/ai-project/Content/Characters/Mannequins/Rigs/Poses/Quinn/Quinn_hand_l_anim.uasset" 4211
"C:/Users/Admin/Documents/Unreal Projects/ai-project/Content/Characters/Mannequins/Rigs/Poses/Quinn/Quinn_hand_l_anim.uexp" 4212
"C:/Users/Admin/Documents/Unreal Projects/ai-project/Content/Characters/Mannequins/Rigs/Poses/Quinn/Quinn_hand_l_pose.uasset" 4213
"C:/Users/Admin/Documents/Unreal Projects/ai-project/Content/Characters/Mannequins/Rigs/Poses/Quinn/Quinn_hand_l_pose.uexp" 4214
"C:/Users/Admin/Documents/Unreal Projects/ai-project/Content/Characters/Mannequins/Rigs/Poses/Quinn/Quinn_hand_r_anim.uasset" 4215
"C:/Users/Admin/Documents/Unreal Projects/ai-project/Content/Characters/Mannequins/Rigs/Poses/Quinn/Quinn_hand_r_anim.uexp" 4216
"C:/Users/Admin/Documents/Unreal Projects/ai-project/Content/Characters/Mannequins/Rigs/Poses/Quinn/Quinn_hand_r_pose.uasset" 4217
"C:/Users/Admin/Documents/Unreal Projects/ai-project/Content/Characters/Mannequins/Rigs/Poses/Quinn/Quinn_hand_r_pose.uexp" 4218
"C:/Users/Admin/Documents/Unreal Projects/ai-project/Content/Characters/Mannequins/Rigs/ABP_Quinn_PostProcess.uasset" 4219
"C:/Users/Admin/Documents/Unreal Projects/ai-project/Content/Characters/Mannequins/Rigs/ABP_Quinn_PostProcess.uexp" 4220
"C:/Users/Admin/Documents/Unreal Projects/ai-project/Content/Characters/Mannequins/Meshes/SKM_Quinn.uasset" 4221
"C:/Users/Admin/Documents/Unreal Projects/ai-project/Content/Characters/Mannequins/Meshes/SKM_Quinn.uexp" 4222
"C:/Users/Admin/Documents/Unreal Projects/ai-project/Content/Characters/Mannequins/Meshes/SKM_Manny_Simple.uasset" 4223
"C:/Users/Admin/Documents/Unreal Projects/ai-project/Content/Characters/Mannequins/Meshes/SKM_Manny_Simple.uexp" 4224
"C:/Users/Admin/Documents/Unreal Projects/ai-project/Content/Characters/Mannequins/Meshes/Mannequin_LODSettings.uasset" 4225
"C:/Users/Admin/Documents/Unreal Projects/ai-project/Content/Characters/Mannequins/Meshes/Mannequin_LODSettings.uexp" 4226
"C:/Users/Admin/Documents/Unreal Projects/ai-project/Content/Characters/Mannequins/Animations/Quinn/MF_Run_Fwd.uasset" 4227
"C:/Users/Admin/Documents/Unreal Projects/ai-project/Content/Characters/Mannequins/Animations/Quinn/MF_Run_Fwd.uexp" 4228
"C:/Users/Admin/Documents/Unreal Projects/ai-project/Content/Characters/Mannequins/Animations/Quinn/MF_Walk_Fwd.uasset" 4229
"C:/Users/Admin/Documents/Unreal Projects/ai-project/Content/Characters/Mannequins/Animations/Quinn/MF_Walk_Fwd.uexp" 4230
"C:/Users/Admin/Documents/Unreal Projects/ai-project/Content/Characters/Mannequins/Animations/Quinn/BS_MF_Unarmed_WalkRun.uasset" 4231
"C:/Users/Admin/Documents/Unreal Projects/ai-project/Content/Characters/Mannequins/Animations/Quinn/BS_MF_Unarmed_WalkRun.uexp" 4232
"C:/Users/Admin/Documents/Unreal Projects/ai-project/Content/Characters/Mannequins/Animations/Quinn/MF_Idle.uasset" 4233
"C:/Users/Admin/Documents/Unreal Projects/ai-project/Content/Characters/Mannequins/Animations/Quinn/MF_Idle.uexp" 4234
"C:/Users/Admin/Documents/Unreal Projects/ai-project/Content/Characters/Mannequins/Animations/ABP_Quinn.uasset" 4235
"C:/Users/Admin/Documents/Unreal Projects/ai-project/Content/Characters/Mannequins/Animations/ABP_Quinn.uexp" 4236
"C:/Users/Admin/Documents/Unreal Projects/ai-project/Content/Blueprints/NewGameMode.uasset" 4237
"C:/Users/Admin/Documents/Unreal Projects/ai-project/Content/Blueprints/NewGameMode.uexp" 4238
"C:/Users/Admin/Documents/Unreal Projects/ai-project/Content/BehaviourTree/u.uasset" 4239
"C:/Users/Admin/Documents/Unreal Projects/ai-project/Content/BehaviourTree/u.uexp" 4240
"C:/Users/Admin/Documents/Unreal Projects/ai-project/Content/BehaviourTree/ExampleRoot.uasset" 4241
"C:/Users/Admin/Documents/Unreal Projects/ai-project/Content/BehaviourTree/ExampleRoot.uexp" 4242
"C:/Users/Admin/Documents/Unreal Projects/ai-project/Content/BehaviourTree/BehaviourTreeControlelr.uasset" 4243
"C:/Users/Admin/Documents/Unreal Projects/ai-project/Content/BehaviourTree/BehaviourTreeControlelr.uexp" 4244
"C:/Users/Admin/Documents/Unreal Projects/ai-project/Content/Anim/M_Main.uasset" 4245
"C:/Users/Admin/Documents/Unreal Projects/ai-project/Content/Anim/M_Main.uexp" 4246
"C:/Users/Admin/Documents/Unreal Projects/ai-project/Content/Anim/UAL1_Standard_Skeleton.uasset" 4247
"C:/Users/Admin/Documents/Unreal Projects/ai-project/Content/Anim/UAL1_Standard_Skeleton.uexp" 4248
"C:/Users/Admin/Documents/Unreal Projects/ai-project/Content/Anim/M_Joints.uasset" 4249
"C:/Users/Admin/Documents/Unreal Projects/ai-project/Content/Anim/M_Joints.uexp" 4250
"C:/Users/Admin/Documents/Unreal Projects/ai-project/Content/Anim/UAL1_Standard_PhysicsAsset.uasset" 4251
"C:/Users/Admin/Documents/Unreal Projects/ai-project/Content/Anim/UAL1_Standard_PhysicsAsset.uexp" 4252
"C:/Users/Admin/Documents/Unreal Projects/ai-project/Content/Anim/UAL1_Standard.uasset" 4253
"C:/Users/Admin/Documents/Unreal Projects/ai-project/Content/Anim/UAL1_Standard.uexp" 4254
"C:/Users/Admin/Documents/Unreal Projects/ai-project/Content/Anim/RTG_AutoGenerated.uasset" 4255
"C:/Users/Admin/Documents/Unreal Projects/ai-project/Content/Anim/RTG_AutoGenerated.uexp" 4256
"C:/Users/Admin/Documents/Unreal Projects/ai-project/Content/Anim/Push_Loop.uasset" 4257
"C:/Users/Admin/Documents/Unreal Projects/ai-project/Content/Anim/Push_Loop.uexp" 4258
"C:/Users/Admin/Documents/Unreal Projects/ai-project/Content/Anim/Punch_Jab.uasset" 4259
"C:/Users/Admin/Documents/Unreal Projects/ai-project/Content/Anim/Punch_Jab.uexp" 4260
"C:/Users/Admin/Documents/Unreal Projects/ai-project/Content/Anim/Punch_Cross.uasset" 4261
"C:/Users/Admin/Documents/Unreal Projects/ai-project/Content/Anim/Punch_Cross.uexp" 4262
"C:/Users/Admin/Documents/Unreal Projects/ai-project/Content/Anim/Pistol_Shoot.uasset" 4263
"C:/Users/Admin/Documents/Unreal Projects/ai-project/Content/Anim/Pistol_Shoot.uexp" 4264
"C:/Users/Admin/Documents/Unreal Projects/ai-project/Content/Anim/Pistol_Reload.uasset" 4265
"C:/Users/Admin/Documents/Unreal Projects/ai-project/Content/Anim/Pistol_Reload.uexp" 4266
"C:/Users/Admin/Documents/Unreal Projects/ai-project/Content/Anim/Pistol_Idle_Loop.uasset" 4267
"C:/Users/Admin/Documents/Unreal Projects/ai-project/Content/Anim/Pistol_Idle_Loop.uexp" 4268
"C:/Users/Admin/Documents/Unreal Projects/ai-project/Content/Anim/Pistol_Aim_Neutral.uasset" 4269
"C:/Users/Admin/Documents/Unreal Projects/ai-project/Content/Anim/Pistol_Aim_Neutral.uexp" 4270
"C:/Users/Admin/Documents/Unreal Projects/ai-project/Content/Anim/PickUp_Table.uasset" 4271
"C:/Users/Admin/Documents/Unreal Projects/ai-project/Content/Anim/PickUp_Table.uexp" 4272
"C:/Users/Admin/Documents/Unreal Projects/ai-project/Content/Anim/Picking_Up_Light_Skeleton.uasset" 4273
"C:/Users/Admin/Documents/Unreal Projects/ai-project/Content/Anim/Picking_Up_Light_Skeleton.uexp" 4274
"C:/Users/Admin/Documents/Unreal Projects/ai-project/Content/Anim/Picking_Up_L.uasset" 4275
"C:/Users/Admin/Documents/Unreal Projects/ai-project/Content/Anim/Picking_Up_L.uexp" 4276
"C:/Users/Admin/Documents/Unreal Projects/ai-project/Content/Anim/MN_SiimpleDamage.uasset" 4277
"C:/Users/Admin/Documents/Unreal Projects/ai-project/Content/Anim/MN_SiimpleDamage.uexp" 4278
"C:/Users/Admin/Documents/Unreal Projects/ai-project/Content/Anim/Interact.uasset" 4279
"C:/Users/Admin/Documents/Unreal Projects/ai-project/Content/Anim/Interact.uexp" 4280
"C:/Users/Admin/Documents/Unreal Projects/ai-project/Content/Anim/IK_AutoGeneratedTarget.uasset" 4281
"C:/Users/Admin/Documents/Unreal Projects/ai-project/Content/Anim/IK_AutoGeneratedTarget.uexp" 4282
"C:/Users/Admin/Documents/Unreal Projects/ai-project/Content/Anim/IK_AutoGeneratedSource.uasset" 4283
"C:/Users/Admin/Documents/Unreal Projects/ai-project/Content/Anim/IK_AutoGeneratedSource.uexp" 4284
"C:/Users/Admin/Documents/Unreal Projects/ai-project/Content/Anim/Idle_Torch_Loop.uasset" 4285
"C:/Users/Admin/Documents/Unreal Projects/ai-project/Content/Anim/Idle_Torch_Loop.uexp" 4286
"C:/Users/Admin/Documents/Unreal Projects/ai-project/Content/Anim/Fixing_Kneeling.uasset" 4287
"C:/Users/Admin/Documents/Unreal Projects/ai-project/Content/Anim/Fixing_Kneeling.uexp" 4288
"C:/Users/Admin/Documents/Unreal Projects/ai-project/Content/Anim/Death01.uasset" 4289
"C:/Users/Admin/Documents/Unreal Projects/ai-project/Content/Anim/Death01.uexp" 4290
"C:/Users/Admin/Documents/Unreal Projects/ai-project/Content/Anim/Dance_Loop.uasset" 4291
"C:/Users/Admin/Documents/Unreal Projects/ai-project/Content/Anim/Dance_Loop.uexp" 4292
"C:/Users/Admin/Documents/Unreal Projects/ai-project/Content/Anim/Prisoner/RTG_AutoGenerated.uasset" 4293
"C:/Users/Admin/Documents/Unreal Projects/ai-project/Content/Anim/Prisoner/RTG_AutoGenerated.uexp" 4294
"C:/Users/Admin/Documents/Unreal Projects/ai-project/Content/Characters/Prisoner/character_Skeleton.uasset" 4295
"C:/Users/Admin/Documents/Unreal Projects/ai-project/Content/Characters/Prisoner/character_Skeleton.uexp" 4296
"C:/Users/Admin/Documents/Unreal Projects/ai-project/Content/Anim/Prisoner/InmateQuinnnZombie_Attack.uasset" 4297
"C:/Users/Admin/Documents/Unreal Projects/ai-project/Content/Anim/Prisoner/InmateQuinnnZombie_Attack.uexp" 4298
"C:/Users/Admin/Documents/Unreal Projects/ai-project/Content/Anim/Prisoner/IK_AutoGeneratedTarget.uasset" 4299
"C:/Users/Admin/Documents/Unreal Projects/ai-project/Content/Anim/Prisoner/IK_AutoGeneratedTarget.uexp" 4300
"C:/Users/Admin/Documents/Unreal Projects/ai-project/Content/Anim/Prisoner/IK_AutoGeneratedSource.uasset" 4301
"C:/Users/Admin/Documents/Unreal Projects/ai-project/Content/Anim/Prisoner/IK_AutoGeneratedSource.uexp" 4302
"C:/Users/Admin/Documents/Unreal Projects/ai-project/Content/Anim/Guard/UnusedGuardElectric.uasset" 4303
"C:/Users/Admin/Documents/Unreal Projects/ai-project/Content/Anim/Guard/UnusedGuardElectric.uexp" 4304
"C:/Users/Admin/Documents/Unreal Projects/ai-project/Content/Anim/Guard/NS_GuardAttack.uasset" 4305
"C:/Users/Admin/Documents/Unreal Projects/ai-project/Content/Anim/Guard/NS_GuardAttack.uexp" 4306
"C:/Users/Admin/Documents/Unreal Projects/ai-project/Content/Anim/Guard/Guard_HitReact_Right.uasset" 4307
"C:/Users/Admin/Documents/Unreal Projects/ai-project/Content/Anim/Guard/Guard_HitReact_Right.uexp" 4308
"C:/Users/Admin/Documents/Unreal Projects/ai-project/Content/Anim/Guard/Guard_HitReact_Front.uasset" 4309
"C:/Users/Admin/Documents/Unreal Projects/ai-project/Content/Anim/Guard/Guard_HitReact_Front.uexp" 4310
"C:/Users/Admin/Documents/Unreal Projects/ai-project/Content/Anim/Guard/GuardAS_Victim2.uasset" 4311
"C:/Users/Admin/Documents/Unreal Projects/ai-project/Content/Anim/Guard/GuardAS_Victim2.uexp" 4312
"C:/Users/Admin/Documents/Unreal Projects/ai-project/Content/Anim/Guard/NS_StopInvestigating.uasset" 4313
"C:/Users/Admin/Documents/Unreal Projects/ai-project/Content/Anim/Guard/NS_StopInvestigating.uexp" 4314
"C:/Users/Admin/Documents/Unreal Projects/ai-project/Content/Anim/Guard/GuardAS_Inspects.uasset" 4315
"C:/Users/Admin/Documents/Unreal Projects/ai-project/Content/Anim/Guard/GuardAS_Inspects.uexp" 4316
"C:/Users/Admin/Documents/Unreal Projects/ai-project/Content/Anim/Guard/GuardAS_Inspects_Montage.uasset" 4317
"C:/Users/Admin/Documents/Unreal Projects/ai-project/Content/Anim/Guard/GuardAS_Inspects_Montage.uexp" 4318
"C:/Users/Admin/Documents/Unreal Projects/ai-project/Content/Anim/Assets/Steel_Death_B.uasset" 4319
"C:/Users/Admin/Documents/Unreal Projects/ai-project/Content/Anim/Assets/Steel_Death_B.uexp" 4320
"C:/Users/Admin/Documents/Unreal Projects/ai-project/Content/Anim/Assets/Pistol_Idle__1_.uasset" 4321
"C:/Users/Admin/Documents/Unreal Projects/ai-project/Content/Anim/Assets/Pistol_Idle__1_.uexp" 4322
"C:/Users/Admin/Documents/Unreal Projects/ai-project/Content/Anim/Assets/HitReact_Right.uasset" 4323
"C:/Users/Admin/Documents/Unreal Projects/ai-project/Content/Anim/Assets/HitReact_Right.uexp" 4324
"C:/Users/Admin/Documents/Unreal Projects/ai-project/Content/Anim/Assets/HitReact_Left.uasset" 4325
"C:/Users/Admin/Documents/Unreal Projects/ai-project/Content/Anim/Assets/HitReact_Left.uexp" 4326
"C:/Users/Admin/Documents/Unreal Projects/ai-project/Content/Anim/Assets/HitReact_Front.uasset" 4327
"C:/Users/Admin/Documents/Unreal Projects/ai-project/Content/Anim/Assets/HitReact_Front.uexp" 4328
"C:/Users/Admin/Documents/Unreal Projects/ai-project/Content/Anim/Assets/HitReact_Back.uasset" 4329
"C:/Users/Admin/Documents/Unreal Projects/ai-project/Content/Anim/Assets/HitReact_Back.uexp" 4330
"C:/Users/Admin/Documents/Unreal Projects/ai-project/Content/Anim/Assets/Emote_HooRah.uasset" 4331
"C:/Users/Admin/Documents/Unreal Projects/ai-project/Content/Anim/Assets/Emote_HooRah.uexp" 4332
"C:/Users/Admin/Documents/Unreal Projects/ai-project/Content/Anim/Assets/Emote_Greeting.uasset" 4333
"C:/Users/Admin/Documents/Unreal Projects/ai-project/Content/Anim/Assets/Emote_Greeting.uexp" 4334
"C:/Users/Admin/Documents/Unreal Projects/ai-project/Content/Anim/Assets/Death.uasset" 4335
"C:/Users/Admin/Documents/Unreal Projects/ai-project/Content/Anim/Assets/Death.uexp" 4336
"C:/Users/Admin/Documents/Unreal Projects/ai-project/Content/Anim/Zombie_Attack.uasset" 4337
"C:/Users/Admin/Documents/Unreal Projects/ai-project/Content/Anim/Zombie_Attack.uexp" 4338
"C:/Users/Admin/Documents/Unreal Projects/ai-project/Content/Anim/Beta_Joints_MAT1.uasset" 4339
"C:/Users/Admin/Documents/Unreal Projects/ai-project/Content/Anim/Beta_Joints_MAT1.uexp" 4340
"C:/Users/Admin/Documents/Unreal Projects/ai-project/Content/Anim/Beta_HighLimbsGeoSG3.uasset" 4341
"C:/Users/Admin/Documents/Unreal Projects/ai-project/Content/Anim/Beta_HighLimbsGeoSG3.uexp" 4342
"C:/Users/Admin/Documents/Unreal Projects/ai-project/Content/Anim/Picking_Up_Light_PhysicsAsset.uasset" 4343
"C:/Users/Admin/Documents/Unreal Projects/ai-project/Content/Anim/Picking_Up_Light_PhysicsAsset.uexp" 4344
"C:/Users/Admin/Documents/Unreal Projects/ai-project/Content/Anim/Picking_Up_Light.uasset" 4345
"C:/Users/Admin/Documents/Unreal Projects/ai-project/Content/Anim/Picking_Up_Light.uexp" 4346
"C:/Users/Admin/Documents/Unreal Projects/ai-project/Content/AI/MyFSM_AICharacter.uasset" 4347
"C:/Users/Admin/Documents/Unreal Projects/ai-project/Content/AI/MyFSM_AICharacter.uexp" 4348
"C:/Users/Admin/Documents/Unreal Projects/ai-project/Content/AI/MyFMController.uasset" 4349
"C:/Users/Admin/Documents/Unreal Projects/ai-project/Content/AI/MyFMController.uexp" 4350
"C:/Users/Admin/Documents/Unreal Projects/ai-project/Content/AI/Guard/BP_Guard.uasset" 4351
"C:/Users/Admin/Documents/Unreal Projects/ai-project/Content/AI/Guard/BP_Guard.uexp" 4352
"C:/Users/Admin/Documents/Unreal Projects/ai-project/Content/Anim/ManyPicking_Up_L.uasset" 4353
"C:/Users/Admin/Documents/Unreal Projects/ai-project/Content/Anim/ManyPicking_Up_L.uexp" 4354
"C:/Users/Admin/Documents/Unreal Projects/ai-project/Content/Actions/A_PickupKey.uasset" 4355
"C:/Users/Admin/Documents/Unreal Projects/ai-project/Content/Actions/A_PickupKey.uexp" 4356
"C:/Users/Admin/Documents/Unreal Projects/ai-project/Content/Actions/A_AttackPlayer.uasset" 4357
"C:/Users/Admin/Documents/Unreal Projects/ai-project/Content/Actions/A_AttackPlayer.uexp" 4358
"../../../Engine/Plugins/Runtime/MeshModelingToolset/Content/Materials/M_DynamicMeshComponentVtxColor.uasset" 4359
"../../../Engine/Plugins/Runtime/MeshModelingToolset/Content/Materials/M_DynamicMeshComponentVtxColor.uexp" 4360
"../../../Engine/Plugins/Interchange/Runtime/Content/Pipelines/DefaultTexturePipeline.uasset" 4361
"../../../Engine/Plugins/Interchange/Runtime/Content/Pipelines/DefaultTexturePipeline.uexp" 4362
"../../../Engine/Plugins/Interchange/Runtime/Content/Pipelines/DefaultSceneLevelPipeline.uasset" 4363
"../../../Engine/Plugins/Interchange/Runtime/Content/Pipelines/DefaultSceneLevelPipeline.uexp" 4364
"../../../Engine/Plugins/Interchange/Runtime/Content/Pipelines/DefaultSceneAssetsPipeline.uasset" 4365
"../../../Engine/Plugins/Interchange/Runtime/Content/Pipelines/DefaultSceneAssetsPipeline.uexp" 4366
"../../../Engine/Plugins/Interchange/Runtime/Content/Pipelines/DefaultMaterialXPipeline.uasset" 4367
"../../../Engine/Plugins/Interchange/Runtime/Content/Pipelines/DefaultMaterialXPipeline.uexp" 4368
"../../../Engine/Plugins/Interchange/Runtime/Content/Pipelines/DefaultMaterialPipeline.uasset" 4369
"../../../Engine/Plugins/Interchange/Runtime/Content/Pipelines/DefaultMaterialPipeline.uexp" 4370
"../../../Engine/Plugins/Interchange/Runtime/Content/Pipelines/DefaultGLTFSceneAssetsPipeline.uasset" 4371
"../../../Engine/Plugins/Interchange/Runtime/Content/Pipelines/DefaultGLTFSceneAssetsPipeline.uexp" 4372
"../../../Engine/Plugins/Interchange/Runtime/Content/Pipelines/DefaultGLTFPipeline.uasset" 4373
"../../../Engine/Plugins/Interchange/Runtime/Content/Pipelines/DefaultGLTFPipeline.uexp" 4374
"../../../Engine/Plugins/Interchange/Runtime/Content/Pipelines/DefaultGLTFAssetsPipeline.uasset" 4375
"../../../Engine/Plugins/Interchange/Runtime/Content/Pipelines/DefaultGLTFAssetsPipeline.uexp" 4376
"../../../Engine/Plugins/Interchange/Runtime/Content/Pipelines/DefaultAssetsPipeline.uasset" 4377
"../../../Engine/Plugins/Interchange/Runtime/Content/Pipelines/DefaultAssetsPipeline.uexp" 4378
"../../../Engine/Plugins/Interchange/Runtime/Content/gltf/MaterialBodies/MF_Unlit_Body.uasset" 4379
"../../../Engine/Plugins/Interchange/Runtime/Content/gltf/MaterialBodies/MF_Unlit_Body.uexp" 4380
"../../../Engine/Plugins/Interchange/Runtime/Content/gltf/M_Unlit.uasset" 4381
"../../../Engine/Plugins/Interchange/Runtime/Content/gltf/M_Unlit.uexp" 4382
"../../../Engine/Plugins/Interchange/Runtime/Content/gltf/MaterialInstances/MI_Unlit_Opaque_DS.uasset" 4383
"../../../Engine/Plugins/Interchange/Runtime/Content/gltf/MaterialInstances/MI_Unlit_Opaque_DS.uexp" 4384
"../../../Engine/Plugins/Interchange/Runtime/Content/gltf/MaterialInstances/MI_Unlit_Opaque.uasset" 4385
"../../../Engine/Plugins/Interchange/Runtime/Content/gltf/MaterialInstances/MI_Unlit_Opaque.uexp" 4386
"../../../Engine/Plugins/Interchange/Runtime/Content/gltf/MaterialInstances/MI_Unlit_Mask_DS.uasset" 4387
"../../../Engine/Plugins/Interchange/Runtime/Content/gltf/MaterialInstances/MI_Unlit_Mask_DS.uexp" 4388
"../../../Engine/Plugins/Interchange/Runtime/Content/gltf/MaterialInstances/MI_Unlit_Mask.uasset" 4389
"../../../Engine/Plugins/Interchange/Runtime/Content/gltf/MaterialInstances/MI_Unlit_Mask.uexp" 4390
"../../../Engine/Plugins/Interchange/Runtime/Content/gltf/MaterialInstances/MI_Unlit_Blend_DS.uasset" 4391
"../../../Engine/Plugins/Interchange/Runtime/Content/gltf/MaterialInstances/MI_Unlit_Blend_DS.uexp" 4392
"../../../Engine/Plugins/Interchange/Runtime/Content/gltf/MaterialInstances/MI_Unlit_Blend.uasset" 4393
"../../../Engine/Plugins/Interchange/Runtime/Content/gltf/MaterialInstances/MI_Unlit_Blend.uexp" 4394
"../../../Engine/Content/Functions/Engine_MaterialFunctions02/Utility/CameraDirectionVector.uasset" 4395
"../../../Engine/Content/Functions/Engine_MaterialFunctions02/Utility/CameraDirectionVector.uexp" 4396
"../../../Engine/Plugins/Interchange/Runtime/Content/gltf/MaterialFunctions/MF_Transmission.uasset" 4397
"../../../Engine/Plugins/Interchange/Runtime/Content/gltf/MaterialFunctions/MF_Transmission.uexp" 4398
"../../../Engine/Content/EngineMaterials/Good64x64TilingNoiseHighFreq.uasset" 4399
"../../../Engine/Content/EngineMaterials/Good64x64TilingNoiseHighFreq.uexp" 4400
"../../../Engine/Content/Functions/Engine_MaterialFunctions02/Texturing/ScreenAlignedPixelToPixelUVs.uasset" 4401
"../../../Engine/Content/Functions/Engine_MaterialFunctions02/Texturing/ScreenAlignedPixelToPixelUVs.uexp" 4402
"../../../Engine/Plugins/Interchange/Runtime/Content/gltf/MaterialFunctions/MF_Temporal_Blur.uasset" 4403
"../../../Engine/Plugins/Interchange/Runtime/Content/gltf/MaterialFunctions/MF_Temporal_Blur.uexp" 4404
"../../../Engine/Plugins/Interchange/Runtime/Content/gltf/MaterialFunctions/MF_Fresnel_DS.uasset" 4405
"../../../Engine/Plugins/Interchange/Runtime/Content/gltf/MaterialFunctions/MF_Fresnel_DS.uexp" 4406
"../../../Engine/Plugins/Interchange/Runtime/Content/gltf/MaterialBodies/MF_Transmission_Body.uasset" 4407
"../../../Engine/Plugins/Interchange/Runtime/Content/gltf/MaterialBodies/MF_Transmission_Body.uexp" 4408
"../../../Engine/Plugins/Interchange/Runtime/Content/gltf/M_Transmission.uasset" 4409
"../../../Engine/Plugins/Interchange/Runtime/Content/gltf/M_Transmission.uexp" 4410
"../../../Engine/Plugins/Interchange/Runtime/Content/gltf/MaterialInstances/MI_Transmission_DS.uasset" 4411
"../../../Engine/Plugins/Interchange/Runtime/Content/gltf/MaterialInstances/MI_Transmission_DS.uexp" 4412
"../../../Engine/Plugins/Interchange/Runtime/Content/gltf/MaterialInstances/MI_Transmission.uasset" 4413
"../../../Engine/Plugins/Interchange/Runtime/Content/gltf/MaterialInstances/MI_Transmission.uexp" 4414
"../../../Engine/Plugins/Interchange/Runtime/Content/gltf/MaterialFunctions/MF_DiffuseSpecGloss.uasset" 4415
"../../../Engine/Plugins/Interchange/Runtime/Content/gltf/MaterialFunctions/MF_DiffuseSpecGloss.uexp" 4416
"../../../Engine/Content/Functions/Engine_MaterialFunctions02/Math/AddComponents.uasset" 4417
"../../../Engine/Content/Functions/Engine_MaterialFunctions02/Math/AddComponents.uexp" 4418
"../../../Engine/Plugins/Interchange/Runtime/Content/gltf/MaterialFunctions/MF_PerceivedBrightness.uasset" 4419
"../../../Engine/Plugins/Interchange/Runtime/Content/gltf/MaterialFunctions/MF_PerceivedBrightness.uexp" 4420
"../../../Engine/Plugins/Interchange/Runtime/Content/gltf/MaterialFunctions/MF_SpecGlossToMetalRoughness.uasset" 4421
"../../../Engine/Plugins/Interchange/Runtime/Content/gltf/MaterialFunctions/MF_SpecGlossToMetalRoughness.uexp" 4422
"../../../Engine/Plugins/Interchange/Runtime/Content/gltf/MaterialBodies/MF_SpecularGlossiness_Body.uasset" 4423
"../../../Engine/Plugins/Interchange/Runtime/Content/gltf/MaterialBodies/MF_SpecularGlossiness_Body.uexp" 4424
"../../../Engine/Plugins/Interchange/Runtime/Content/gltf/M_SpecularGlossiness.uasset" 4425
"../../../Engine/Plugins/Interchange/Runtime/Content/gltf/M_SpecularGlossiness.uexp" 4426
"../../../Engine/Plugins/Interchange/Runtime/Content/gltf/MaterialInstances/MI_SpecularGlossiness_Opaque_DS.uasset" 4427
"../../../Engine/Plugins/Interchange/Runtime/Content/gltf/MaterialInstances/MI_SpecularGlossiness_Opaque_DS.uexp" 4428
"../../../Engine/Plugins/Interchange/Runtime/Content/gltf/MaterialInstances/MI_SpecularGlossiness_Opaque.uasset" 4429
"../../../Engine/Plugins/Interchange/Runtime/Content/gltf/MaterialInstances/MI_SpecularGlossiness_Opaque.uexp" 4430
"../../../Engine/Plugins/Interchange/Runtime/Content/gltf/MaterialInstances/MI_SpecularGlossiness_Mask_DS.uasset" 4431
"../../../Engine/Plugins/Interchange/Runtime/Content/gltf/MaterialInstances/MI_SpecularGlossiness_Mask_DS.uexp" 4432
"../../../Engine/Plugins/Interchange/Runtime/Content/gltf/MaterialInstances/MI_SpecularGlossiness_Mask.uasset" 4433
"../../../Engine/Plugins/Interchange/Runtime/Content/gltf/MaterialInstances/MI_SpecularGlossiness_Mask.uexp" 4434
"../../../Engine/Plugins/Interchange/Runtime/Content/gltf/MaterialInstances/MI_SpecularGlossiness_Blend_DS.uasset" 4435
"../../../Engine/Plugins/Interchange/Runtime/Content/gltf/MaterialInstances/MI_SpecularGlossiness_Blend_DS.uexp" 4436
"../../../Engine/Plugins/Interchange/Runtime/Content/gltf/MaterialInstances/MI_SpecularGlossiness_Blend.uasset" 4437
"../../../Engine/Plugins/Interchange/Runtime/Content/gltf/MaterialInstances/MI_SpecularGlossiness_Blend.uexp" 4438
"../../../Engine/Plugins/Interchange/Runtime/Content/gltf/MaterialFunctions/MF_Sheen.uasset" 4439
"../../../Engine/Plugins/Interchange/Runtime/Content/gltf/MaterialFunctions/MF_Sheen.uexp" 4440
"../../../Engine/Plugins/Interchange/Runtime/Content/gltf/MaterialBodies/MF_Sheen_Body.uasset" 4441
"../../../Engine/Plugins/Interchange/Runtime/Content/gltf/MaterialBodies/MF_Sheen_Body.uexp" 4442
"../../../Engine/Plugins/Interchange/Runtime/Content/gltf/M_Sheen.uasset" 4443
"../../../Engine/Plugins/Interchange/Runtime/Content/gltf/M_Sheen.uexp" 4444
"../../../Engine/Plugins/Interchange/Runtime/Content/gltf/MaterialInstances/MI_Sheen_Opaque_DS.uasset" 4445
"../../../Engine/Plugins/Interchange/Runtime/Content/gltf/MaterialInstances/MI_Sheen_Opaque_DS.uexp" 4446
"../../../Engine/Plugins/Interchange/Runtime/Content/gltf/MaterialInstances/MI_Sheen_Opaque.uasset" 4447
"../../../Engine/Plugins/Interchange/Runtime/Content/gltf/MaterialInstances/MI_Sheen_Opaque.uexp" 4448
"../../../Engine/Plugins/Interchange/Runtime/Content/gltf/MaterialInstances/MI_Sheen_Mask_DS.uasset" 4449
"../../../Engine/Plugins/Interchange/Runtime/Content/gltf/MaterialInstances/MI_Sheen_Mask_DS.uexp" 4450
"../../../Engine/Plugins/Interchange/Runtime/Content/gltf/MaterialInstances/MI_Sheen_Mask.uasset" 4451
"../../../Engine/Plugins/Interchange/Runtime/Content/gltf/MaterialInstances/MI_Sheen_Mask.uexp" 4452
"../../../Engine/Plugins/Interchange/Runtime/Content/gltf/MaterialInstances/MI_Sheen_Blend_DS.uasset" 4453
"../../../Engine/Plugins/Interchange/Runtime/Content/gltf/MaterialInstances/MI_Sheen_Blend_DS.uexp" 4454
"../../../Engine/Plugins/Interchange/Runtime/Content/gltf/MaterialInstances/MI_Sheen_Blend.uasset" 4455
"../../../Engine/Plugins/Interchange/Runtime/Content/gltf/MaterialInstances/MI_Sheen_Blend.uexp" 4456
"../../../Engine/Plugins/Interchange/Runtime/Content/gltf/MaterialInstances/MI_Default_Opaque.uasset" 4457
"../../../Engine/Plugins/Interchange/Runtime/Content/gltf/MaterialInstances/MI_Default_Opaque.uexp" 4458
"../../../Engine/Plugins/Interchange/Runtime/Content/gltf/MaterialInstances/MI_Default_Mask_DS.uasset" 4459
"../../../Engine/Plugins/Interchange/Runtime/Content/gltf/MaterialInstances/MI_Default_Mask_DS.uexp" 4460
"../../../Engine/Plugins/Interchange/Runtime/Content/gltf/MaterialInstances/MI_Default_Blend_DS.uasset" 4461
"../../../Engine/Plugins/Interchange/Runtime/Content/gltf/MaterialInstances/MI_Default_Blend_DS.uexp" 4462
"../../../Engine/Plugins/Interchange/Runtime/Content/gltf/MaterialInstances/MI_Default_Blend.uasset" 4463
"../../../Engine/Plugins/Interchange/Runtime/Content/gltf/MaterialInstances/MI_Default_Blend.uexp" 4464
"../../../Engine/Content/Functions/Engine_MaterialFunctions01/Texturing/FlattenNormal.uasset" 4465
"../../../Engine/Content/Functions/Engine_MaterialFunctions01/Texturing/FlattenNormal.uexp" 4466
"../../../Engine/Plugins/Interchange/Runtime/Content/gltf/MaterialFunctions/MF_Clearcoat.uasset" 4467
"../../../Engine/Plugins/Interchange/Runtime/Content/gltf/MaterialFunctions/MF_Clearcoat.uexp" 4468
"../../../Engine/Plugins/Interchange/Runtime/Content/gltf/MaterialBodies/MF_ClearCoat_Body.uasset" 4469
"../../../Engine/Plugins/Interchange/Runtime/Content/gltf/MaterialBodies/MF_ClearCoat_Body.uexp" 4470
"../../../Engine/Plugins/Interchange/Runtime/Content/gltf/M_ClearCoat.uasset" 4471
"../../../Engine/Plugins/Interchange/Runtime/Content/gltf/M_ClearCoat.uexp" 4472
"../../../Engine/Plugins/Interchange/Runtime/Content/gltf/MaterialInstances/MI_ClearCoat_Opaque_DS.uasset" 4473
"../../../Engine/Plugins/Interchange/Runtime/Content/gltf/MaterialInstances/MI_ClearCoat_Opaque_DS.uexp" 4474
"../../../Engine/Plugins/Interchange/Runtime/Content/gltf/MaterialInstances/MI_ClearCoat_Opaque.uasset" 4475
"../../../Engine/Plugins/Interchange/Runtime/Content/gltf/MaterialInstances/MI_ClearCoat_Opaque.uexp" 4476
"../../../Engine/Plugins/Interchange/Runtime/Content/gltf/MaterialInstances/MI_ClearCoat_Mask_DS.uasset" 4477
"../../../Engine/Plugins/Interchange/Runtime/Content/gltf/MaterialInstances/MI_ClearCoat_Mask_DS.uexp" 4478
"../../../Engine/Plugins/Interchange/Runtime/Content/gltf/MaterialInstances/MI_ClearCoat_Mask.uasset" 4479
"../../../Engine/Plugins/Interchange/Runtime/Content/gltf/MaterialInstances/MI_ClearCoat_Mask.uexp" 4480
"../../../Engine/Plugins/Interchange/Runtime/Content/gltf/MaterialInstances/MI_ClearCoat_Blend_DS.uasset" 4481
"../../../Engine/Plugins/Interchange/Runtime/Content/gltf/MaterialInstances/MI_ClearCoat_Blend_DS.uexp" 4482
"../../../Engine/Plugins/Interchange/Runtime/Content/gltf/MaterialInstances/MI_ClearCoat_Blend.uasset" 4483
"../../../Engine/Plugins/Interchange/Runtime/Content/gltf/MaterialInstances/MI_ClearCoat_Blend.uexp" 4484
"../../../Engine/Plugins/Interchange/Runtime/Content/Functions/MX_UsdPreviewSurface.uasset" 4485
"../../../Engine/Plugins/Interchange/Runtime/Content/Functions/MX_UsdPreviewSurface.uexp" 4486
"../../../Engine/Plugins/Interchange/Runtime/Content/Functions/MX_UniformEDF.uasset" 4487
"../../../Engine/Plugins/Interchange/Runtime/Content/Functions/MX_UniformEDF.uexp" 4488
"../../../Engine/Plugins/Interchange/Runtime/Content/Functions/MX_TranslucentBSDF.uasset" 4489
"../../../Engine/Plugins/Interchange/Runtime/Content/Functions/MX_TranslucentBSDF.uexp" 4490
"../../../Engine/Plugins/Interchange/Runtime/Content/Functions/MX_ThinFilmBSDF.uasset" 4491
"../../../Engine/Plugins/Interchange/Runtime/Content/Functions/MX_ThinFilmBSDF.uexp" 4492
"../../../Engine/Plugins/Interchange/Runtime/Content/Functions/MX_SurfaceUnlit.uasset" 4493
"../../../Engine/Plugins/Interchange/Runtime/Content/Functions/MX_SurfaceUnlit.uexp" 4494
"../../../Engine/Plugins/Interchange/Runtime/Content/Functions/MX_Surface.uasset" 4495
"../../../Engine/Plugins/Interchange/Runtime/Content/Functions/MX_Surface.uexp" 4496
"../../../Engine/Plugins/Interchange/Runtime/Content/Functions/MX_SubsurfaceBSDF.uasset" 4497
"../../../Engine/Plugins/Interchange/Runtime/Content/Functions/MX_SubsurfaceBSDF.uexp" 4498
"../../../Engine/Plugins/Interchange/Runtime/Content/Functions/MX_SheenBSDF.uasset" 4499
"../../../Engine/Plugins/Interchange/Runtime/Content/Functions/MX_SheenBSDF.uexp" 4500
"../../../Engine/Plugins/Interchange/Runtime/Content/Functions/MX_OrenNayarBSDF.uasset" 4501
"../../../Engine/Plugins/Interchange/Runtime/Content/Functions/MX_OrenNayarBSDF.uexp" 4502
"../../../Engine/Content/Functions/Engine_MaterialFunctions01/Volumetrics/BeersLaw.uasset" 4503
"../../../Engine/Content/Functions/Engine_MaterialFunctions01/Volumetrics/BeersLaw.uexp" 4504
"../../../Engine/Plugins/Interchange/Runtime/Content/Functions/MX_Transmission.uasset" 4505
"../../../Engine/Plugins/Interchange/Runtime/Content/Functions/MX_Transmission.uexp" 4506
"../../../Engine/Plugins/Interchange/Runtime/Content/Functions/MF_OrenNayerView.uasset" 4507
"../../../Engine/Plugins/Interchange/Runtime/Content/Functions/MF_OrenNayerView.uexp" 4508
"../../../Engine/Plugins/Interchange/Runtime/Content/Functions/MF_SchlickApprox.uasset" 4509
"../../../Engine/Plugins/Interchange/Runtime/Content/Functions/MF_SchlickApprox.uexp" 4510
"../../../Engine/Plugins/Interchange/Runtime/Content/Functions/MX_StandardSurface.uasset" 4511
"../../../Engine/Plugins/Interchange/Runtime/Content/Functions/MX_StandardSurface.uexp" 4512
"../../../Engine/Plugins/Interchange/Runtime/Content/Functions/MX_TransmissionSurface.uasset" 4513
"../../../Engine/Plugins/Interchange/Runtime/Content/Functions/MX_TransmissionSurface.uexp" 4514
"../../../Engine/Plugins/Interchange/Runtime/Content/Functions/MX_OpenPBR_Translucent.uasset" 4515
"../../../Engine/Plugins/Interchange/Runtime/Content/Functions/MX_OpenPBR_Translucent.uexp" 4516
"../../../Engine/Plugins/Interchange/Runtime/Content/Functions/MX_OpenPBR_Opaque.uasset" 4517
"../../../Engine/Plugins/Interchange/Runtime/Content/Functions/MX_OpenPBR_Opaque.uexp" 4518
"../../../Engine/Plugins/Interchange/Runtime/Content/Functions/MX_MeasuredEDF.uasset" 4519
"../../../Engine/Plugins/Interchange/Runtime/Content/Functions/MX_MeasuredEDF.uexp" 4520
"../../../Engine/Plugins/Interchange/Runtime/Content/Functions/MX_GeneralizedSchlickBSDF.uasset" 4521
"../../../Engine/Plugins/Interchange/Runtime/Content/Functions/MX_GeneralizedSchlickBSDF.uexp" 4522
"../../../Engine/Plugins/Interchange/Runtime/Content/Functions/MX_DielectricBSDF.uasset" 4523
"../../../Engine/Plugins/Interchange/Runtime/Content/Functions/MX_DielectricBSDF.uexp" 4524
"../../../Engine/Plugins/Interchange/Runtime/Content/Functions/MX_ConicalEDF.uasset" 4525
"../../../Engine/Plugins/Interchange/Runtime/Content/Functions/MX_ConicalEDF.uexp" 4526
"../../../Engine/Plugins/Interchange/Runtime/Content/Functions/MX_ConductorBSDF.uasset" 4527
"../../../Engine/Plugins/Interchange/Runtime/Content/Functions/MX_ConductorBSDF.uexp" 4528
"../../../Engine/Plugins/Interchange/Runtime/Content/Functions/MX_BurleyDiffuseBSDF.uasset" 4529
"../../../Engine/Plugins/Interchange/Runtime/Content/Functions/MX_BurleyDiffuseBSDF.uexp" 4530
"../../../Engine/Plugins/Interchange/Runtime/Content/Functions/MX_AnisotropicVDF.uasset" 4531
"../../../Engine/Plugins/Interchange/Runtime/Content/Functions/MX_AnisotropicVDF.uexp" 4532
"../../../Engine/Plugins/Interchange/Runtime/Content/Functions/MX_AbsorptionVDF.uasset" 4533
"../../../Engine/Plugins/Interchange/Runtime/Content/Functions/MX_AbsorptionVDF.uexp" 4534
"../../../Engine/Plugins/Editor/SpeedTreeImporter/Content/SpeedTree9/game_wind_noise.ubulk" 4535
"../../../Engine/Plugins/Editor/SpeedTreeImporter/Content/SpeedTree9/game_wind_noise.uasset" 4536
"../../../Engine/Plugins/Editor/SpeedTreeImporter/Content/SpeedTree9/game_wind_noise.uexp" 4537
"../../../Engine/Plugins/Editor/SpeedTreeImporter/Content/SpeedTree9/UnpackDirection.uasset" 4538
"../../../Engine/Plugins/Editor/SpeedTreeImporter/Content/SpeedTree9/UnpackDirection.uexp" 4539
"../../../Engine/Content/Functions/Engine_MaterialFunctions02/ObjectLocalBounds.uasset" 4540
"../../../Engine/Content/Functions/Engine_MaterialFunctions02/ObjectLocalBounds.uexp" 4541
"../../../Engine/Content/Functions/Engine_MaterialFunctions02/UVs/BoundingBoxBased_0-1_UVW.uasset" 4542
"../../../Engine/Content/Functions/Engine_MaterialFunctions02/UVs/BoundingBoxBased_0-1_UVW.uexp" 4543
"../../../Engine/Content/Functions/Engine_MaterialFunctions02/Utility/VectorLength.uasset" 4544
"../../../Engine/Content/Functions/Engine_MaterialFunctions02/Utility/VectorLength.uexp" 4545
"../../../Engine/Plugins/Editor/SpeedTreeImporter/Content/SpeedTree9/UnpackInteger3.uasset" 4546
"../../../Engine/Plugins/Editor/SpeedTreeImporter/Content/SpeedTree9/UnpackInteger3.uexp" 4547
"../../../Engine/Plugins/Editor/SpeedTreeImporter/Content/SpeedTree9/SpeedTreeCameraFacing.uasset" 4548
"../../../Engine/Plugins/Editor/SpeedTreeImporter/Content/SpeedTree9/SpeedTreeCameraFacing.uexp" 4549
"../../../Engine/Content/Functions/Engine_MaterialFunctions02/WorldPositionOffset/ObjectScale.uasset" 4550
"../../../Engine/Content/Functions/Engine_MaterialFunctions02/WorldPositionOffset/ObjectScale.uexp" 4551
"../../../Engine/Content/Functions/Engine_MaterialFunctions02/SafeNormalize.uasset" 4552
"../../../Engine/Content/Functions/Engine_MaterialFunctions02/SafeNormalize.uexp" 4553
"../../../Engine/Plugins/Editor/SpeedTreeImporter/Content/SpeedTree9/SpeedTreeWindMotion.uasset" 4554
"../../../Engine/Plugins/Editor/SpeedTreeImporter/Content/SpeedTree9/SpeedTreeWindMotion.uexp" 4555
"../../../Engine/Plugins/Editor/SpeedTreeImporter/Content/SpeedTree9/SpeedTreeBranchMotion.uasset" 4556
"../../../Engine/Plugins/Editor/SpeedTreeImporter/Content/SpeedTree9/SpeedTreeBranchMotion.uexp" 4557
"../../../Engine/Plugins/Editor/SpeedTreeImporter/Content/SpeedTree9/SpeedTreeWind.uasset" 4558
"../../../Engine/Plugins/Editor/SpeedTreeImporter/Content/SpeedTree9/SpeedTreeWind.uexp" 4559
"../../../Engine/Plugins/Editor/SpeedTreeImporter/Content/SpeedTree9/EmptyNormal.uasset" 4560
"../../../Engine/Plugins/Editor/SpeedTreeImporter/Content/SpeedTree9/EmptyNormal.uexp" 4561
"../../../Engine/Plugins/Editor/SpeedTreeImporter/Content/SpeedTree9/Empty.uasset" 4562
"../../../Engine/Plugins/Editor/SpeedTreeImporter/Content/SpeedTree9/Empty.uexp" 4563
"../../../Engine/Plugins/Editor/SpeedTreeImporter/Content/SpeedTree9/SpeedTreeMaster.uasset" 4564
"../../../Engine/Plugins/Editor/SpeedTreeImporter/Content/SpeedTree9/SpeedTreeMaster.uexp" 4565
"../../../Engine/Plugins/Editor/SpeedTreeImporter/Content/SpeedTree9/SpeedTreeBillboard.uasset" 4566
"../../../Engine/Plugins/Editor/SpeedTreeImporter/Content/SpeedTree9/SpeedTreeBillboard.uexp" 4567
"../../../Engine/Plugins/Editor/SpeedTreeImporter/Content/SpeedTree9/SpeedTreeBillboardMaster.uasset" 4568
"../../../Engine/Plugins/Editor/SpeedTreeImporter/Content/SpeedTree9/SpeedTreeBillboardMaster.uexp" 4569
"../../../Engine/Content/Functions/Engine_MaterialFunctions02/WorldPositionOffset/CameraOffset.uasset" 4570
"../../../Engine/Content/Functions/Engine_MaterialFunctions02/WorldPositionOffset/CameraOffset.uexp" 4571
"../../../Engine/Plugins/Animation/ControlRig/Content/M_Manip.uasset" 4572
"../../../Engine/Plugins/Animation/ControlRig/Content/M_Manip.uexp" 4573
"../../../Engine/Plugins/Animation/ControlRig/Content/Controls/ControlRig_Wedge_solid.ubulk" 4574
"../../../Engine/Plugins/Animation/ControlRig/Content/Controls/ControlRig_Wedge_solid.uasset" 4575
"../../../Engine/Plugins/Animation/ControlRig/Content/Controls/ControlRig_Wedge_solid.uexp" 4576
"../../../Engine/Plugins/Animation/ControlRig/Content/Controls/ControlRig_Wedge_3mm.ubulk" 4577
"../../../Engine/Plugins/Animation/ControlRig/Content/Controls/ControlRig_Wedge_3mm.uasset" 4578
"../../../Engine/Plugins/Animation/ControlRig/Content/Controls/ControlRig_Wedge_3mm.uexp" 4579
"../../../Engine/Plugins/Animation/ControlRig/Content/Controls/ControlRig_Wedge_1mm.ubulk" 4580
"../../../Engine/Plugins/Animation/ControlRig/Content/Controls/ControlRig_Wedge_1mm.uasset" 4581
"../../../Engine/Plugins/Animation/ControlRig/Content/Controls/ControlRig_Wedge_1mm.uexp" 4582
"../../../Engine/Plugins/Animation/ControlRig/Content/Controls/ControlRig_Triangle_solid.ubulk" 4583
"../../../Engine/Plugins/Animation/ControlRig/Content/Controls/ControlRig_Triangle_solid.uasset" 4584
"../../../Engine/Plugins/Animation/ControlRig/Content/Controls/ControlRig_Triangle_solid.uexp" 4585
"../../../Engine/Plugins/Animation/ControlRig/Content/Controls/ControlRig_Triangle_3mm.ubulk" 4586
"../../../Engine/Plugins/Animation/ControlRig/Content/Controls/ControlRig_Triangle_3mm.uasset" 4587
"../../../Engine/Plugins/Animation/ControlRig/Content/Controls/ControlRig_Triangle_3mm.uexp" 4588
"../../../Engine/Plugins/Animation/ControlRig/Content/Controls/ControlRig_Triangle_1mm.ubulk" 4589
"../../../Engine/Plugins/Animation/ControlRig/Content/Controls/ControlRig_Triangle_1mm.uasset" 4590
"../../../Engine/Plugins/Animation/ControlRig/Content/Controls/ControlRig_Triangle_1mm.uexp" 4591
"../../../Engine/Plugins/Animation/ControlRig/Content/Controls/ControlRig_Star4_solid.ubulk" 4592
"../../../Engine/Plugins/Animation/ControlRig/Content/Controls/ControlRig_Star4_solid.uasset" 4593
"../../../Engine/Plugins/Animation/ControlRig/Content/Controls/ControlRig_Star4_solid.uexp" 4594
"../../../Engine/Plugins/Animation/ControlRig/Content/Controls/ControlRig_Star4_3mm.ubulk" 4595
"../../../Engine/Plugins/Animation/ControlRig/Content/Controls/ControlRig_Star4_3mm.uasset" 4596
"../../../Engine/Plugins/Animation/ControlRig/Content/Controls/ControlRig_Star4_3mm.uexp" 4597
"../../../Engine/Plugins/Animation/ControlRig/Content/Controls/ControlRig_Star4_1mm.ubulk" 4598
"../../../Engine/Plugins/Animation/ControlRig/Content/Controls/ControlRig_Star4_1mm.uasset" 4599
"../../../Engine/Plugins/Animation/ControlRig/Content/Controls/ControlRig_Star4_1mm.uexp" 4600
"../../../Engine/Plugins/Animation/ControlRig/Content/Controls/ControlRig_Square_solid.ubulk" 4601
"../../../Engine/Plugins/Animation/ControlRig/Content/Controls/ControlRig_Square_solid.uasset" 4602
"../../../Engine/Plugins/Animation/ControlRig/Content/Controls/ControlRig_Square_solid.uexp" 4603
"../../../Engine/Plugins/Animation/ControlRig/Content/Controls/ControlRig_Square_3mm.ubulk" 4604
"../../../Engine/Plugins/Animation/ControlRig/Content/Controls/ControlRig_Square_3mm.uasset" 4605
"../../../Engine/Plugins/Animation/ControlRig/Content/Controls/ControlRig_Square_3mm.uexp" 4606
"../../../Engine/Plugins/Animation/ControlRig/Content/Controls/ControlRig_Square_1mm.ubulk" 4607
"../../../Engine/Plugins/Animation/ControlRig/Content/Controls/ControlRig_Square_1mm.uasset" 4608
"../../../Engine/Plugins/Animation/ControlRig/Content/Controls/ControlRig_Square_1mm.uexp" 4609
"../../../Engine/Plugins/Animation/ControlRig/Content/Controls/ControlRig_Sphere_solid.ubulk" 4610
"../../../Engine/Plugins/Animation/ControlRig/Content/Controls/ControlRig_Sphere_solid.uasset" 4611
"../../../Engine/Plugins/Animation/ControlRig/Content/Controls/ControlRig_Sphere_solid.uexp" 4612
"../../../Engine/Plugins/Animation/ControlRig/Content/Controls/ControlRig_Sphere_3mm.ubulk" 4613
"../../../Engine/Plugins/Animation/ControlRig/Content/Controls/ControlRig_Sphere_3mm.uasset" 4614
"../../../Engine/Plugins/Animation/ControlRig/Content/Controls/ControlRig_Sphere_3mm.uexp" 4615
"../../../Engine/Plugins/Animation/ControlRig/Content/Controls/ControlRig_Sphere_1mm.ubulk" 4616
"../../../Engine/Plugins/Animation/ControlRig/Content/Controls/ControlRig_Sphere_1mm.uasset" 4617
"../../../Engine/Plugins/Animation/ControlRig/Content/Controls/ControlRig_Sphere_1mm.uexp" 4618
"../../../Engine/Plugins/Animation/ControlRig/Content/Controls/ControlRig_RoundedTriangle_solid.ubulk" 4619
"../../../Engine/Plugins/Animation/ControlRig/Content/Controls/ControlRig_RoundedTriangle_solid.uasset" 4620
"../../../Engine/Plugins/Animation/ControlRig/Content/Controls/ControlRig_RoundedTriangle_solid.uexp" 4621
"../../../Engine/Plugins/Animation/ControlRig/Content/Controls/ControlRig_RoundedTriangle_3mm.ubulk" 4622
"../../../Engine/Plugins/Animation/ControlRig/Content/Controls/ControlRig_RoundedTriangle_3mm.uasset" 4623
"../../../Engine/Plugins/Animation/ControlRig/Content/Controls/ControlRig_RoundedTriangle_3mm.uexp" 4624
"../../../Engine/Plugins/Animation/ControlRig/Content/Controls/ControlRig_RoundedTriangle_1mm.ubulk" 4625
"../../../Engine/Plugins/Animation/ControlRig/Content/Controls/ControlRig_RoundedTriangle_1mm.uasset" 4626
"../../../Engine/Plugins/Animation/ControlRig/Content/Controls/ControlRig_RoundedTriangle_1mm.uexp" 4627
"../../../Engine/Plugins/Animation/ControlRig/Content/Controls/ControlRig_RoundedSquare_solid.ubulk" 4628
"../../../Engine/Plugins/Animation/ControlRig/Content/Controls/ControlRig_RoundedSquare_solid.uasset" 4629
"../../../Engine/Plugins/Animation/ControlRig/Content/Controls/ControlRig_RoundedSquare_solid.uexp" 4630
"../../../Engine/Plugins/Animation/ControlRig/Content/Controls/ControlRig_RoundedSquare_3mm.ubulk" 4631
"../../../Engine/Plugins/Animation/ControlRig/Content/Controls/ControlRig_RoundedSquare_3mm.uasset" 4632
"../../../Engine/Plugins/Animation/ControlRig/Content/Controls/ControlRig_RoundedSquare_3mm.uexp" 4633
"../../../Engine/Plugins/Animation/ControlRig/Content/Controls/ControlRig_RoundedSquare_1mm.ubulk" 4634
"../../../Engine/Plugins/Animation/ControlRig/Content/Controls/ControlRig_RoundedSquare_1mm.uasset" 4635
"../../../Engine/Plugins/Animation/ControlRig/Content/Controls/ControlRig_RoundedSquare_1mm.uexp" 4636
"../../../Engine/Plugins/Animation/ControlRig/Content/Controls/ControlRig_QuarterCircle_solid.ubulk" 4637
"../../../Engine/Plugins/Animation/ControlRig/Content/Controls/ControlRig_QuarterCircle_solid.uasset" 4638
"../../../Engine/Plugins/Animation/ControlRig/Content/Controls/ControlRig_QuarterCircle_solid.uexp" 4639
"../../../Engine/Plugins/Animation/ControlRig/Content/Controls/ControlRig_QuarterCircle_3mm.ubulk" 4640
"../../../Engine/Plugins/Animation/ControlRig/Content/Controls/ControlRig_QuarterCircle_3mm.uasset" 4641
"../../../Engine/Plugins/Animation/ControlRig/Content/Controls/ControlRig_QuarterCircle_3mm.uexp" 4642
"../../../Engine/Plugins/Animation/ControlRig/Content/Controls/ControlRig_QuarterCircle_1mm.ubulk" 4643
"../../../Engine/Plugins/Animation/ControlRig/Content/Controls/ControlRig_QuarterCircle_1mm.uasset" 4644
"../../../Engine/Plugins/Animation/ControlRig/Content/Controls/ControlRig_QuarterCircle_1mm.uexp" 4645
"../../../Engine/Plugins/Animation/ControlRig/Content/Controls/ControlRig_Pyramid_solid.ubulk" 4646
"../../../Engine/Plugins/Animation/ControlRig/Content/Controls/ControlRig_Pyramid_solid.uasset" 4647
"../../../Engine/Plugins/Animation/ControlRig/Content/Controls/ControlRig_Pyramid_solid.uexp" 4648
"../../../Engine/Plugins/Animation/ControlRig/Content/Controls/ControlRig_Pyramid_3mm.ubulk" 4649
"../../../Engine/Plugins/Animation/ControlRig/Content/Controls/ControlRig_Pyramid_3mm.uasset" 4650
"../../../Engine/Plugins/Animation/ControlRig/Content/Controls/ControlRig_Pyramid_3mm.uexp" 4651
"../../../Engine/Plugins/Animation/ControlRig/Content/Controls/ControlRig_Pyramid_1mm.ubulk" 4652
"../../../Engine/Plugins/Animation/ControlRig/Content/Controls/ControlRig_Pyramid_1mm.uasset" 4653
"../../../Engine/Plugins/Animation/ControlRig/Content/Controls/ControlRig_Pyramid_1mm.uexp" 4654
"../../../Engine/Plugins/Animation/ControlRig/Content/Controls/ControlRig_Octagon_solid.ubulk" 4655
"../../../Engine/Plugins/Animation/ControlRig/Content/Controls/ControlRig_Octagon_solid.uasset" 4656
"../../../Engine/Plugins/Animation/ControlRig/Content/Controls/ControlRig_Octagon_solid.uexp" 4657
"../../../Engine/Plugins/Animation/ControlRig/Content/Controls/ControlRig_Octagon_3mm.ubulk" 4658
"../../../Engine/Plugins/Animation/ControlRig/Content/Controls/ControlRig_Octagon_3mm.uasset" 4659
"../../../Engine/Plugins/Animation/ControlRig/Content/Controls/ControlRig_Octagon_3mm.uexp" 4660
"../../../Engine/Plugins/Animation/ControlRig/Content/Controls/ControlRig_Octagon_1mm.ubulk" 4661
"../../../Engine/Plugins/Animation/ControlRig/Content/Controls/ControlRig_Octagon_1mm.uasset" 4662
"../../../Engine/Plugins/Animation/ControlRig/Content/Controls/ControlRig_Octagon_1mm.uexp" 4663
"../../../Engine/Plugins/Animation/ControlRig/Content/Controls/ControlRig_Hexagon_solid.ubulk" 4664
"../../../Engine/Plugins/Animation/ControlRig/Content/Controls/ControlRig_Hexagon_solid.uasset" 4665
"../../../Engine/Plugins/Animation/ControlRig/Content/Controls/ControlRig_Hexagon_solid.uexp" 4666
"../../../Engine/Plugins/Animation/ControlRig/Content/Controls/ControlRig_Hexagon_3mm.ubulk" 4667
"../../../Engine/Plugins/Animation/ControlRig/Content/Controls/ControlRig_Hexagon_3mm.uasset" 4668
"../../../Engine/Plugins/Animation/ControlRig/Content/Controls/ControlRig_Hexagon_3mm.uexp" 4669
"../../../Engine/Plugins/Animation/ControlRig/Content/Controls/ControlRig_Hexagon_1mm.ubulk" 4670
"../../../Engine/Plugins/Animation/ControlRig/Content/Controls/ControlRig_Hexagon_1mm.uasset" 4671
"../../../Engine/Plugins/Animation/ControlRig/Content/Controls/ControlRig_Hexagon_1mm.uexp" 4672
"../../../Engine/Plugins/Animation/ControlRig/Content/Controls/ControlRig_HalfCircle_solid.ubulk" 4673
"../../../Engine/Plugins/Animation/ControlRig/Content/Controls/ControlRig_HalfCircle_solid.uasset" 4674
"../../../Engine/Plugins/Animation/ControlRig/Content/Controls/ControlRig_HalfCircle_solid.uexp" 4675
"../../../Engine/Plugins/Animation/ControlRig/Content/Controls/ControlRig_HalfCircle_3mm.ubulk" 4676
"../../../Engine/Plugins/Animation/ControlRig/Content/Controls/ControlRig_HalfCircle_3mm.uasset" 4677
"../../../Engine/Plugins/Animation/ControlRig/Content/Controls/ControlRig_HalfCircle_3mm.uexp" 4678
"../../../Engine/Plugins/Animation/ControlRig/Content/Controls/ControlRig_HalfCircle_1mm.ubulk" 4679
"../../../Engine/Plugins/Animation/ControlRig/Content/Controls/ControlRig_HalfCircle_1mm.uasset" 4680
"../../../Engine/Plugins/Animation/ControlRig/Content/Controls/ControlRig_HalfCircle_1mm.uexp" 4681
"../../../Engine/Plugins/Animation/ControlRig/Content/Controls/ControlRig_Diamond_solid.ubulk" 4682
"../../../Engine/Plugins/Animation/ControlRig/Content/Controls/ControlRig_Diamond_solid.uasset" 4683
"../../../Engine/Plugins/Animation/ControlRig/Content/Controls/ControlRig_Diamond_solid.uexp" 4684
"../../../Engine/Plugins/Animation/ControlRig/Content/Controls/ControlRig_Diamond_3mm.ubulk" 4685
"../../../Engine/Plugins/Animation/ControlRig/Content/Controls/ControlRig_Diamond_3mm.uasset" 4686
"../../../Engine/Plugins/Animation/ControlRig/Content/Controls/ControlRig_Diamond_3mm.uexp" 4687
"../../../Engine/Plugins/Animation/ControlRig/Content/Controls/ControlRig_Diamond_1mm.ubulk" 4688
"../../../Engine/Plugins/Animation/ControlRig/Content/Controls/ControlRig_Diamond_1mm.uasset" 4689
"../../../Engine/Plugins/Animation/ControlRig/Content/Controls/ControlRig_Diamond_1mm.uexp" 4690
"../../../Engine/Plugins/Animation/ControlRig/Content/Controls/ControlRig_Circle_solid.ubulk" 4691
"../../../Engine/Plugins/Animation/ControlRig/Content/Controls/ControlRig_Circle_solid.uasset" 4692
"../../../Engine/Plugins/Animation/ControlRig/Content/Controls/ControlRig_Circle_solid.uexp" 4693
"../../../Engine/Plugins/Animation/ControlRig/Content/Controls/ControlRig_Circle_3mm.ubulk" 4694
"../../../Engine/Plugins/Animation/ControlRig/Content/Controls/ControlRig_Circle_3mm.uasset" 4695
"../../../Engine/Plugins/Animation/ControlRig/Content/Controls/ControlRig_Circle_3mm.uexp" 4696
"../../../Engine/Plugins/Animation/ControlRig/Content/Controls/ControlRig_Circle_1mm.ubulk" 4697
"../../../Engine/Plugins/Animation/ControlRig/Content/Controls/ControlRig_Circle_1mm.uasset" 4698
"../../../Engine/Plugins/Animation/ControlRig/Content/Controls/ControlRig_Circle_1mm.uexp" 4699
"../../../Engine/Plugins/Animation/ControlRig/Content/Controls/ControlRig_Box_solid.ubulk" 4700
"../../../Engine/Plugins/Animation/ControlRig/Content/Controls/ControlRig_Box_solid.uasset" 4701
"../../../Engine/Plugins/Animation/ControlRig/Content/Controls/ControlRig_Box_solid.uexp" 4702
"../../../Engine/Plugins/Animation/ControlRig/Content/Controls/ControlRig_Box_3mm.ubulk" 4703
"../../../Engine/Plugins/Animation/ControlRig/Content/Controls/ControlRig_Box_3mm.uasset" 4704
"../../../Engine/Plugins/Animation/ControlRig/Content/Controls/ControlRig_Box_3mm.uexp" 4705
"../../../Engine/Plugins/Animation/ControlRig/Content/Controls/ControlRig_Box_1mm.ubulk" 4706
"../../../Engine/Plugins/Animation/ControlRig/Content/Controls/ControlRig_Box_1mm.uasset" 4707
"../../../Engine/Plugins/Animation/ControlRig/Content/Controls/ControlRig_Box_1mm.uexp" 4708
"../../../Engine/Plugins/Animation/ControlRig/Content/Controls/ControlRig_Arrow_solid.ubulk" 4709
"../../../Engine/Plugins/Animation/ControlRig/Content/Controls/ControlRig_Arrow_solid.uasset" 4710
"../../../Engine/Plugins/Animation/ControlRig/Content/Controls/ControlRig_Arrow_solid.uexp" 4711
"../../../Engine/Plugins/Animation/ControlRig/Content/Controls/ControlRig_Arrow_3mm.ubulk" 4712
"../../../Engine/Plugins/Animation/ControlRig/Content/Controls/ControlRig_Arrow_3mm.uasset" 4713
"../../../Engine/Plugins/Animation/ControlRig/Content/Controls/ControlRig_Arrow_3mm.uexp" 4714
"../../../Engine/Plugins/Animation/ControlRig/Content/Controls/ControlRig_Arrow_1mm.ubulk" 4715
"../../../Engine/Plugins/Animation/ControlRig/Content/Controls/ControlRig_Arrow_1mm.uasset" 4716
"../../../Engine/Plugins/Animation/ControlRig/Content/Controls/ControlRig_Arrow_1mm.uexp" 4717
"../../../Engine/Plugins/Animation/ControlRig/Content/Controls/ControlRig_Arrow4_solid.ubulk" 4718
"../../../Engine/Plugins/Animation/ControlRig/Content/Controls/ControlRig_Arrow4_solid.uasset" 4719
"../../../Engine/Plugins/Animation/ControlRig/Content/Controls/ControlRig_Arrow4_solid.uexp" 4720
"../../../Engine/Plugins/Animation/ControlRig/Content/Controls/ControlRig_Arrow4_3mm.ubulk" 4721
"../../../Engine/Plugins/Animation/ControlRig/Content/Controls/ControlRig_Arrow4_3mm.uasset" 4722
"../../../Engine/Plugins/Animation/ControlRig/Content/Controls/ControlRig_Arrow4_3mm.uexp" 4723
"../../../Engine/Plugins/Animation/ControlRig/Content/Controls/ControlRig_Arrow4_1mm.ubulk" 4724
"../../../Engine/Plugins/Animation/ControlRig/Content/Controls/ControlRig_Arrow4_1mm.uasset" 4725
"../../../Engine/Plugins/Animation/ControlRig/Content/Controls/ControlRig_Arrow4_1mm.uexp" 4726
"../../../Engine/Plugins/Animation/ControlRig/Content/Controls/ControlRig_Arrow2_solid.ubulk" 4727
"../../../Engine/Plugins/Animation/ControlRig/Content/Controls/ControlRig_Arrow2_solid.uasset" 4728
"../../../Engine/Plugins/Animation/ControlRig/Content/Controls/ControlRig_Arrow2_solid.uexp" 4729
"../../../Engine/Plugins/Animation/ControlRig/Content/Controls/ControlRig_Arrow2_3mm.ubulk" 4730
"../../../Engine/Plugins/Animation/ControlRig/Content/Controls/ControlRig_Arrow2_3mm.uasset" 4731
"../../../Engine/Plugins/Animation/ControlRig/Content/Controls/ControlRig_Arrow2_3mm.uexp" 4732
"../../../Engine/Plugins/Animation/ControlRig/Content/Controls/ControlRig_Arrow2_1mm.ubulk" 4733
"../../../Engine/Plugins/Animation/ControlRig/Content/Controls/ControlRig_Arrow2_1mm.uasset" 4734
"../../../Engine/Plugins/Animation/ControlRig/Content/Controls/ControlRig_Arrow2_1mm.uexp" 4735
"../../../Engine/Plugins/Animation/ControlRig/Content/Controls/ControlRigXRayMaterial.uasset" 4736
"../../../Engine/Plugins/Animation/ControlRig/Content/Controls/ControlRigXRayMaterial.uexp" 4737
"../../../Engine/Plugins/Animation/ControlRig/Content/Controls/ControlRigGizmoMaterial.uasset" 4738
"../../../Engine/Plugins/Animation/ControlRig/Content/Controls/ControlRigGizmoMaterial.uexp" 4739
"../../../Engine/Plugins/2D/Paper2D/Content/PlaceholderTextures/DummySpriteTexture.ubulk" 4740
"../../../Engine/Plugins/2D/Paper2D/Content/PlaceholderTextures/DummySpriteTexture.uasset" 4741
"../../../Engine/Plugins/2D/Paper2D/Content/PlaceholderTextures/DummySpriteTexture.uexp" 4742
"../../../Engine/Plugins/2D/Paper2D/Content/DefaultSpriteMaterial.uasset" 4743
"../../../Engine/Plugins/2D/Paper2D/Content/DefaultSpriteMaterial.uexp" 4744
"../../../Engine/Plugins/2D/Paper2D/Content/OpaqueUnlitSpriteMaterial.uasset" 4745
"../../../Engine/Plugins/2D/Paper2D/Content/OpaqueUnlitSpriteMaterial.uexp" 4746
"../../../Engine/Plugins/2D/Paper2D/Content/MaskedUnlitSpriteMaterial.uasset" 4747
"../../../Engine/Plugins/2D/Paper2D/Content/MaskedUnlitSpriteMaterial.uexp" 4748
"../../../Engine/Plugins/2D/Paper2D/Content/DummySprite.uasset" 4749
"../../../Engine/Plugins/2D/Paper2D/Content/DummySprite.uexp" 4750
"../../../Engine/Plugins/2D/Paper2D/Content/DefaultPaperTerrainMaterial.uasset" 4751
"../../../Engine/Plugins/2D/Paper2D/Content/DefaultPaperTerrainMaterial.uexp" 4752
"../../../Engine/Content/VREditor/TransformGizmo/StartRotationHandleIndicator.ubulk" 4753
"../../../Engine/Content/VREditor/TransformGizmo/StartRotationHandleIndicator.uasset" 4754
"../../../Engine/Content/VREditor/TransformGizmo/StartRotationHandleIndicator.uexp" 4755
"../../../Engine/Content/VREditor/Sounds/UI/Drop_Item_From_ContentBrowser.ubulk" 4756
"../../../Engine/Content/VREditor/Sounds/UI/Drop_Item_From_ContentBrowser.uasset" 4757
"../../../Engine/Content/VREditor/Sounds/UI/Drop_Item_From_ContentBrowser.uexp" 4758
"../../../Engine/Content/VREditor/TransformGizmo/PlaneTranslationHandle.ubulk" 4759
"../../../Engine/Content/VREditor/TransformGizmo/PlaneTranslationHandle.uasset" 4760
"../../../Engine/Content/VREditor/TransformGizmo/PlaneTranslationHandle.uexp" 4761
"../../../Engine/Content/VREditor/Sounds/UI/Object_Snaps_To_Grid.ubulk" 4762
"../../../Engine/Content/VREditor/Sounds/UI/Object_Snaps_To_Grid.uasset" 4763
"../../../Engine/Content/VREditor/Sounds/UI/Object_Snaps_To_Grid.uexp" 4764
"../../../Engine/Content/VREditor/Sounds/UI/Selection_Changes.ubulk" 4765
"../../../Engine/Content/VREditor/Sounds/UI/Selection_Changes.uasset" 4766
"../../../Engine/Content/VREditor/Sounds/UI/Selection_Changes.uexp" 4767
"../../../Engine/Content/VREditor/Sounds/UI/Object_Snaps_To_Another_Actor.ubulk" 4768
"../../../Engine/Content/VREditor/Sounds/UI/Object_Snaps_To_Another_Actor.uasset" 4769
"../../../Engine/Content/VREditor/Sounds/UI/Object_Snaps_To_Another_Actor.uexp" 4770
"../../../Engine/Content/VREditor/TransformGizmo/TranslucentTransformGizmoMaterial_Inst.uasset" 4771
"../../../Engine/Content/VREditor/TransformGizmo/TranslucentTransformGizmoMaterial_Inst.uexp" 4772
"../../../Engine/Content/VREditor/TransformGizmo/TransformGizmoFreeRotation.ubulk" 4773
"../../../Engine/Content/VREditor/TransformGizmo/TransformGizmoFreeRotation.uasset" 4774
"../../../Engine/Content/VREditor/TransformGizmo/TransformGizmoFreeRotation.uexp" 4775
"../../../Engine/Content/VREditor/Sounds/UI/Scaling_Down.ubulk" 4776
"../../../Engine/Content/VREditor/Sounds/UI/Scaling_Down.uasset" 4777
"../../../Engine/Content/VREditor/Sounds/UI/Scaling_Down.uexp" 4778
"../../../Engine/Content/Functions/Engine_MaterialFunctions02/SplitComponents.uasset" 4779
"../../../Engine/Content/Functions/Engine_MaterialFunctions02/SplitComponents.uexp" 4780
"../../../Engine/Content/VREditor/SnapGrid/SnapGridMaterial.uasset" 4781
"../../../Engine/Content/VREditor/SnapGrid/SnapGridMaterial.uexp" 4782
"../../../Engine/Content/VREditor/SnapGrid/SnapGridPlaneMesh.ubulk" 4783
"../../../Engine/Content/VREditor/SnapGrid/SnapGridPlaneMesh.uasset" 4784
"../../../Engine/Content/VREditor/SnapGrid/SnapGridPlaneMesh.uexp" 4785
"../../../Engine/Content/VREditor/Sounds/UI/Scaling_Up.ubulk" 4786
"../../../Engine/Content/VREditor/Sounds/UI/Scaling_Up.uasset" 4787
"../../../Engine/Content/VREditor/Sounds/UI/Scaling_Up.uexp" 4788
"../../../Engine/Content/VREditor/TransformGizmo/TransformGizmoMaterial_Inst.uasset" 4789
"../../../Engine/Content/VREditor/TransformGizmo/TransformGizmoMaterial_Inst.uexp" 4790
"../../../Engine/Content/VREditor/Sounds/UI/Gizmo_Handle_Clicked.ubulk" 4791
"../../../Engine/Content/VREditor/Sounds/UI/Gizmo_Handle_Clicked.uasset" 4792
"../../../Engine/Content/VREditor/Sounds/UI/Gizmo_Handle_Clicked.uexp" 4793
"../../../Engine/Content/VREditor/TransformGizmo/RotationHandleQuarter.ubulk" 4794
"../../../Engine/Content/VREditor/TransformGizmo/RotationHandleQuarter.uasset" 4795
"../../../Engine/Content/VREditor/TransformGizmo/RotationHandleQuarter.uexp" 4796
"../../../Engine/Content/VREditor/TransformGizmo/TranslateArrowHandle.ubulk" 4797
"../../../Engine/Content/VREditor/TransformGizmo/TranslateArrowHandle.uasset" 4798
"../../../Engine/Content/VREditor/TransformGizmo/TranslateArrowHandle.uexp" 4799
"../../../Engine/Content/VREditor/TransformGizmo/RotationHandleIndicator.ubulk" 4800
"../../../Engine/Content/VREditor/TransformGizmo/RotationHandleIndicator.uasset" 4801
"../../../Engine/Content/VREditor/TransformGizmo/RotationHandleIndicator.uexp" 4802
"../../../Engine/Content/VREditor/TransformGizmo/UniformScaleHandle.ubulk" 4803
"../../../Engine/Content/VREditor/TransformGizmo/UniformScaleHandle.uasset" 4804
"../../../Engine/Content/VREditor/TransformGizmo/UniformScaleHandle.uexp" 4805
"../../../Engine/Content/VREditor/TransformGizmo/RotationHandleFull.ubulk" 4806
"../../../Engine/Content/VREditor/TransformGizmo/RotationHandleFull.uasset" 4807
"../../../Engine/Content/VREditor/TransformGizmo/RotationHandleFull.uexp" 4808
"../../../Engine/Content/VREditor/Sounds/UI/Object_PickUp.ubulk" 4809
"../../../Engine/Content/VREditor/Sounds/UI/Object_PickUp.uasset" 4810
"../../../Engine/Content/VREditor/Sounds/UI/Object_PickUp.uexp" 4811
"../../../Engine/Content/MobileResources/HUD/VirtualJoystick_Background.uasset" 4812
"../../../Engine/Content/MobileResources/HUD/VirtualJoystick_Background.uexp" 4813
"../../../Engine/Content/MobileResources/HUD/VirtualJoystick_Thumb.uasset" 4814
"../../../Engine/Content/MobileResources/HUD/VirtualJoystick_Thumb.uexp" 4815
"../../../Engine/Content/MobileResources/HUD/DefaultVirtualJoysticks.uasset" 4816
"../../../Engine/Content/MobileResources/HUD/DefaultVirtualJoysticks.uexp" 4817
"../../../Engine/Content/Functions/Engine_MaterialFunctions01/Shading/PowerToRoughness.uasset" 4818
"../../../Engine/Content/Functions/Engine_MaterialFunctions01/Shading/PowerToRoughness.uexp" 4819
"../../../Engine/Content/Functions/Engine_MaterialFunctions01/Shading/ConvertFromDiffSpec.uasset" 4820
"../../../Engine/Content/Functions/Engine_MaterialFunctions01/Shading/ConvertFromDiffSpec.uexp" 4821
"../../../Engine/Content/EngineSounds/Master.uasset" 4822
"../../../Engine/Content/EngineSounds/Master.uexp" 4823
"../../../Engine/Content/EngineSky/VolumetricClouds/CloudWeatherTexture.uasset" 4824
"../../../Engine/Content/EngineSky/VolumetricClouds/CloudWeatherTexture.uexp" 4825
"../../../Engine/Content/Functions/Engine_MaterialFunctions02/Utility/MakeFloat2.uasset" 4826
"../../../Engine/Content/Functions/Engine_MaterialFunctions02/Utility/MakeFloat2.uexp" 4827
"../../../Engine/Content/EngineSky/VolumetricClouds/CloudGradientTexture.uasset" 4828
"../../../Engine/Content/EngineSky/VolumetricClouds/CloudGradientTexture.uexp" 4829
"../../../Engine/Content/EngineSky/VolumetricClouds/T_NoiseShape64.ubulk" 4830
"../../../Engine/Content/EngineSky/VolumetricClouds/T_NoiseShape64.uasset" 4831
"../../../Engine/Content/EngineSky/VolumetricClouds/T_NoiseShape64.uexp" 4832
"../../../Engine/Content/EngineSky/VolumetricClouds/T_VolumeNoiseShape64.uasset" 4833
"../../../Engine/Content/EngineSky/VolumetricClouds/T_VolumeNoiseShape64.uexp" 4834
"../../../Engine/Content/EngineSky/VolumetricClouds/T_NoiseErosion.ubulk" 4835
"../../../Engine/Content/EngineSky/VolumetricClouds/T_NoiseErosion.uasset" 4836
"../../../Engine/Content/EngineSky/VolumetricClouds/T_NoiseErosion.uexp" 4837
"../../../Engine/Content/EngineSky/VolumetricClouds/T_VolumeNoiseErosion32.uasset" 4838
"../../../Engine/Content/EngineSky/VolumetricClouds/T_VolumeNoiseErosion32.uexp" 4839
"../../../Engine/Content/EngineSky/VolumetricClouds/m_SimpleVolumetricCloud.uasset" 4840
"../../../Engine/Content/EngineSky/VolumetricClouds/m_SimpleVolumetricCloud.uexp" 4841
"../../../Engine/Content/EngineSky/VolumetricClouds/m_SimpleVolumetricCloud_Inst.uasset" 4842
"../../../Engine/Content/EngineSky/VolumetricClouds/m_SimpleVolumetricCloud_Inst.uexp" 4843
"../../../Engine/Content/EngineResources/FilmGrains/Marcie_Grain_v3_128_M2_000.uasset" 4844
"../../../Engine/Content/EngineResources/FilmGrains/Marcie_Grain_v3_128_M2_000.uexp" 4845
"../../../Engine/Content/EngineResources/WhiteSquareTexture.uasset" 4846
"../../../Engine/Content/EngineResources/WhiteSquareTexture.uexp" 4847
"../../../Engine/Content/EngineMaterials/Widget3DPassThrough.uasset" 4848
"../../../Engine/Content/EngineMaterials/Widget3DPassThrough.uexp" 4849
"../../../Engine/Content/EngineMaterials/Widget3DPassThrough_Translucent.uasset" 4850
"../../../Engine/Content/EngineMaterials/Widget3DPassThrough_Translucent.uexp" 4851
"../../../Engine/Content/EngineMaterials/Widget3DPassThrough_Translucent_OneSided.uasset" 4852
"../../../Engine/Content/EngineMaterials/Widget3DPassThrough_Translucent_OneSided.uexp" 4853
"../../../Engine/Content/EngineMaterials/Widget3DPassThrough_Opaque.uasset" 4854
"../../../Engine/Content/EngineMaterials/Widget3DPassThrough_Opaque.uexp" 4855
"../../../Engine/Content/EngineMaterials/Widget3DPassThrough_Opaque_OneSided.uasset" 4856
"../../../Engine/Content/EngineMaterials/Widget3DPassThrough_Opaque_OneSided.uexp" 4857
"../../../Engine/Content/EngineMaterials/Widget3DPassThrough_Masked_OneSided.uasset" 4858
"../../../Engine/Content/EngineMaterials/Widget3DPassThrough_Masked_OneSided.uexp" 4859
"../../../Engine/Content/EngineMaterials/Widget3DPassThrough_Masked.uasset" 4860
"../../../Engine/Content/EngineMaterials/Widget3DPassThrough_Masked.uexp" 4861
"../../../Engine/Content/EngineMaterials/STBlueNoise_vec2_128x128x64.uasset" 4862
"../../../Engine/Content/EngineMaterials/STBlueNoise_vec2_128x128x64.uexp" 4863
"../../../Engine/Content/EngineMaterials/STBlueNoise_scalar_128x128x64.uasset" 4864
"../../../Engine/Content/EngineMaterials/STBlueNoise_scalar_128x128x64.uexp" 4865
"../../../Engine/Content/EngineMaterials/RemoveSurfaceMaterial.uasset" 4866
"../../../Engine/Content/EngineMaterials/RemoveSurfaceMaterial.uexp" 4867
"../../../Engine/Content/EngineMaterials/DefaultCalibrationGrayscale.uasset" 4868
"../../../Engine/Content/EngineMaterials/DefaultCalibrationGrayscale.uexp" 4869
"../../../Engine/Content/EngineMaterials/PPM_DefaultCalibrationGrayscale.uasset" 4870
"../../../Engine/Content/EngineMaterials/PPM_DefaultCalibrationGrayscale.uexp" 4871
"../../../Engine/Content/EngineMaterials/DefaultCalibrationColor.uasset" 4872
"../../../Engine/Content/EngineMaterials/DefaultCalibrationColor.uexp" 4873
"../../../Engine/Content/EngineMaterials/PPM_DefaultCalibrationColor.uasset" 4874
"../../../Engine/Content/EngineMaterials/PPM_DefaultCalibrationColor.uexp" 4875
"../../../Engine/Content/EngineMaterials/PhAT_JointLimitMaterial.uasset" 4876
"../../../Engine/Content/EngineMaterials/PhAT_JointLimitMaterial.uexp" 4877
"../../../Engine/Content/EngineMaterials/NaniteHiddenSectionMaterial.uasset" 4878
"../../../Engine/Content/EngineMaterials/NaniteHiddenSectionMaterial.uexp" 4879
"../../../Engine/Content/EngineMaterials/InvalidLightmapSettings.ubulk" 4880
"../../../Engine/Content/EngineMaterials/InvalidLightmapSettings.uasset" 4881
"../../../Engine/Content/EngineMaterials/InvalidLightmapSettings.uexp" 4882
"../../../Engine/Content/EngineMaterials/M_InvalidLightmapSettings.uasset" 4883
"../../../Engine/Content/EngineMaterials/M_InvalidLightmapSettings.uexp" 4884
"../../../Engine/Content/EngineMaterials/GizmoMaterial.uasset" 4885
"../../../Engine/Content/EngineMaterials/GizmoMaterial.uexp" 4886
"../../../Engine/Content/EngineMaterials/BaseFlattenEmissiveMap_VT.uasset" 4887
"../../../Engine/Content/EngineMaterials/BaseFlattenEmissiveMap_VT.uexp" 4888
"../../../Engine/Content/EngineMaterials/BaseFlattenGrayscaleMap_VT.uasset" 4889
"../../../Engine/Content/EngineMaterials/BaseFlattenGrayscaleMap_VT.uexp" 4890
"../../../Engine/Content/EngineMaterials/BaseFlattenLinearColor_VT.uasset" 4891
"../../../Engine/Content/EngineMaterials/BaseFlattenLinearColor_VT.uexp" 4892
"../../../Engine/Content/EngineMaterials/Black_1x1_EXR_Texture_VT.uasset" 4893
"../../../Engine/Content/EngineMaterials/Black_1x1_EXR_Texture_VT.uexp" 4894
"../../../Engine/Content/EngineMaterials/BaseFlattenDiffuseMap_VT.uasset" 4895
"../../../Engine/Content/EngineMaterials/BaseFlattenDiffuseMap_VT.uexp" 4896
"../../../Engine/Content/EngineMaterials/BaseFlattenNormalMap_VT.uasset" 4897
"../../../Engine/Content/EngineMaterials/BaseFlattenNormalMap_VT.uexp" 4898
"../../../Engine/Content/EngineMaterials/FlattenMaterial_WS_Normal_VT.uasset" 4899
"../../../Engine/Content/EngineMaterials/FlattenMaterial_WS_Normal_VT.uexp" 4900
"../../../Engine/Content/EngineMaterials/FlattenMaterial_VT.uasset" 4901
"../../../Engine/Content/EngineMaterials/FlattenMaterial_VT.uexp" 4902
"../../../Engine/Content/EngineMaterials/BaseFlattenNormalMap.uasset" 4903
"../../../Engine/Content/EngineMaterials/BaseFlattenNormalMap.uexp" 4904
"../../../Engine/Content/EngineMaterials/BaseFlattenGrayscaleMap.uasset" 4905
"../../../Engine/Content/EngineMaterials/BaseFlattenGrayscaleMap.uexp" 4906
"../../../Engine/Content/EngineMaterials/BaseFlattenDiffuseMap.uasset" 4907
"../../../Engine/Content/EngineMaterials/BaseFlattenDiffuseMap.uexp" 4908
"../../../Engine/Content/Functions/Engine_MaterialFunctions02/PivotPainter2/Black_1x1_EXR_Texture.uasset" 4909
"../../../Engine/Content/Functions/Engine_MaterialFunctions02/PivotPainter2/Black_1x1_EXR_Texture.uexp" 4910
"../../../Engine/Content/EngineMaterials/BaseFlattenEmissiveMap.uasset" 4911
"../../../Engine/Content/EngineMaterials/BaseFlattenEmissiveMap.uexp" 4912
"../../../Engine/Content/EngineMaterials/BaseFlattenLinearColor.uasset" 4913
"../../../Engine/Content/EngineMaterials/BaseFlattenLinearColor.uexp" 4914
"../../../Engine/Content/EngineMaterials/FlattenMaterial.uasset" 4915
"../../../Engine/Content/EngineMaterials/FlattenMaterial.uexp" 4916
"../../../Engine/Content/EngineMaterials/DefaultWhiteGrid_Low.uasset" 4917
"../../../Engine/Content/EngineMaterials/DefaultWhiteGrid_Low.uexp" 4918
"../../../Engine/Content/EngineMaterials/EmissiveMeshMaterial.uasset" 4919
"../../../Engine/Content/EngineMaterials/EmissiveMeshMaterial.uexp" 4920
"../../../Engine/Content/EngineFonts/RobotoDistanceField.uasset" 4921
"../../../Engine/Content/EngineFonts/RobotoDistanceField.uexp" 4922
"../../../Engine/Content/EngineMaterials/DefaultTextMaterialOpaque.uasset" 4923
"../../../Engine/Content/EngineMaterials/DefaultTextMaterialOpaque.uexp" 4924
"../../../Engine/Content/EngineMaterials/DefaultDiffuse.ubulk" 4925
"../../../Engine/Content/EngineMaterials/DefaultDiffuse.uasset" 4926
"../../../Engine/Content/EngineMaterials/DefaultDiffuse.uexp" 4927
"../../../Engine/Content/EngineMaterials/DefaultPostProcessMaterial.uasset" 4928
"../../../Engine/Content/EngineMaterials/DefaultPostProcessMaterial.uexp" 4929
"../../../Engine/Content/EngineMaterials/DefaultLightFunctionMaterial.uasset" 4930
"../../../Engine/Content/EngineMaterials/DefaultLightFunctionMaterial.uexp" 4931
"../../../Engine/Content/EngineMaterials/DefaultDestructiblePhysicalMaterial.uasset" 4932
"../../../Engine/Content/EngineMaterials/DefaultDestructiblePhysicalMaterial.uexp" 4933
"../../../Engine/Content/EngineMaterials/DefaultDeferredDecalMaterial.uasset" 4934
"../../../Engine/Content/EngineMaterials/DefaultDeferredDecalMaterial.uexp" 4935
"../../../Engine/Content/EngineMaterials/DefaultBloomKernel.uasset" 4936
"../../../Engine/Content/EngineMaterials/DefaultBloomKernel.uexp" 4937
"../../../Engine/Content/EngineMaterials/Substrate/Volume/SubstrateSimpleVolumeLUT3D.uasset" 4938
"../../../Engine/Content/EngineMaterials/Substrate/Volume/SubstrateSimpleVolumeLUT3D.uexp" 4939
"../../../Engine/Content/EngineMaterials/Substrate/Volume/SubstrateSimpleVolumeEnvLUT3D.uasset" 4940
"../../../Engine/Content/EngineMaterials/Substrate/Volume/SubstrateSimpleVolumeEnvLUT3D.uexp" 4941
"C:/Users/Admin/Documents/Unreal Projects/ai-project/Content/ExternalAssets/Characters/FBX_format/texture-a_ncl1_1.ubulk" 4942
"C:/Users/Admin/Documents/Unreal Projects/ai-project/Content/ExternalAssets/Characters/FBX_format/texture-a_ncl1_1.uasset" 4943
"C:/Users/Admin/Documents/Unreal Projects/ai-project/Content/ExternalAssets/Characters/FBX_format/texture-a_ncl1_1.uexp" 4944
"C:/Users/Admin/Documents/Unreal Projects/ai-project/Content/ExternalAssets/Characters/FBX_format/texture-a.uasset" 4945
"C:/Users/Admin/Documents/Unreal Projects/ai-project/Content/ExternalAssets/Characters/FBX_format/texture-a.uexp" 4946
"C:/Users/Admin/Documents/Unreal Projects/ai-project/Content/ThirdPerson/Maps/_GENERATED/Josephine/PrisonerMesh.ubulk" 4947
"C:/Users/Admin/Documents/Unreal Projects/ai-project/Content/ThirdPerson/Maps/_GENERATED/Josephine/PrisonerMesh.uasset" 4948
"C:/Users/Admin/Documents/Unreal Projects/ai-project/Content/ThirdPerson/Maps/_GENERATED/Josephine/PrisonerMesh.uexp" 4949
"C:/Users/Admin/Documents/Unreal Projects/ai-project/Content/ExternalAssets/Characters/TEX_texture-a.ubulk" 4950
"C:/Users/Admin/Documents/Unreal Projects/ai-project/Content/ExternalAssets/Characters/TEX_texture-a.uasset" 4951
"C:/Users/Admin/Documents/Unreal Projects/ai-project/Content/ExternalAssets/Characters/TEX_texture-a.uexp" 4952
"C:/Users/Admin/Documents/Unreal Projects/ai-project/Content/ExternalAssets/Characters/texture-a.uasset" 4953
"C:/Users/Admin/Documents/Unreal Projects/ai-project/Content/ExternalAssets/Characters/texture-a.uexp" 4954
"C:/Users/Admin/Documents/Unreal Projects/ai-project/Content/ThirdPerson/Maps/_GENERATED/Josephine/GuardMesh.ubulk" 4955
"C:/Users/Admin/Documents/Unreal Projects/ai-project/Content/ThirdPerson/Maps/_GENERATED/Josephine/GuardMesh.uasset" 4956
"C:/Users/Admin/Documents/Unreal Projects/ai-project/Content/ThirdPerson/Maps/_GENERATED/Josephine/GuardMesh.uexp" 4957
"C:/Users/Admin/Documents/Unreal Projects/ai-project/Content/ExternalAssets/sounds/PrisonSounds/hey/345431__artmasterrich__male_heyyy_01.ubulk" 4958
"C:/Users/Admin/Documents/Unreal Projects/ai-project/Content/ExternalAssets/sounds/PrisonSounds/hey/345431__artmasterrich__male_heyyy_01.uasset" 4959
"C:/Users/Admin/Documents/Unreal Projects/ai-project/Content/ExternalAssets/sounds/PrisonSounds/hey/345431__artmasterrich__male_heyyy_01.uexp" 4960
"C:/Users/Admin/Documents/Unreal Projects/ai-project/Content/ExternalAssets/sounds/PrisonSounds/hey/545949__waveletaudio__game-character-hey-loud.ubulk" 4961
"C:/Users/Admin/Documents/Unreal Projects/ai-project/Content/ExternalAssets/sounds/PrisonSounds/hey/545949__waveletaudio__game-character-hey-loud.uasset" 4962
"C:/Users/Admin/Documents/Unreal Projects/ai-project/Content/ExternalAssets/sounds/PrisonSounds/hey/545949__waveletaudio__game-character-hey-loud.uexp" 4963
"C:/Users/Admin/Documents/Unreal Projects/ai-project/Content/ExternalAssets/sounds/PrisonSounds/hey/345083__metrostock99__hey-very-low-4.ubulk" 4964
"C:/Users/Admin/Documents/Unreal Projects/ai-project/Content/ExternalAssets/sounds/PrisonSounds/hey/345083__metrostock99__hey-very-low-4.uasset" 4965
"C:/Users/Admin/Documents/Unreal Projects/ai-project/Content/ExternalAssets/sounds/PrisonSounds/hey/345083__metrostock99__hey-very-low-4.uexp" 4966
"C:/Users/Admin/Documents/Unreal Projects/ai-project/Content/ExternalAssets/sounds/PrisonSounds/hey/RBS_Heys.uasset" 4967
"C:/Users/Admin/Documents/Unreal Projects/ai-project/Content/ExternalAssets/sounds/PrisonSounds/hey/RBS_Heys.uexp" 4968
"C:/Users/Admin/Documents/Unreal Projects/ai-project/Content/ExternalAssets/sounds/PrisonSounds/hey/RBS_A.uasset" 4969
"C:/Users/Admin/Documents/Unreal Projects/ai-project/Content/ExternalAssets/sounds/PrisonSounds/hey/RBS_A.uexp" 4970
"C:/Users/Admin/Documents/Unreal Projects/ai-project/Content/DetectiveAnimations/Demo/Mannequins/Textures/Manny/T_Manny_01_Tan.ubulk" 4971
"C:/Users/Admin/Documents/Unreal Projects/ai-project/Content/DetectiveAnimations/Demo/Mannequins/Textures/Manny/T_Manny_01_Tan.uasset" 4972
"C:/Users/Admin/Documents/Unreal Projects/ai-project/Content/DetectiveAnimations/Demo/Mannequins/Textures/Manny/T_Manny_01_Tan.uexp" 4973
"C:/Users/Admin/Documents/Unreal Projects/ai-project/Content/DetectiveAnimations/Demo/Mannequins/Textures/Manny/T_Manny_01_BN.ubulk" 4974
"C:/Users/Admin/Documents/Unreal Projects/ai-project/Content/DetectiveAnimations/Demo/Mannequins/Textures/Manny/T_Manny_01_BN.uasset" 4975
"C:/Users/Admin/Documents/Unreal Projects/ai-project/Content/DetectiveAnimations/Demo/Mannequins/Textures/Manny/T_Manny_01_BN.uexp" 4976
"C:/Users/Admin/Documents/Unreal Projects/ai-project/Content/DetectiveAnimations/Demo/Mannequins/Materials/Functions/ChromaticCurve.uasset" 4977
"C:/Users/Admin/Documents/Unreal Projects/ai-project/Content/DetectiveAnimations/Demo/Mannequins/Materials/Functions/ChromaticCurve.uexp" 4978
"C:/Users/Admin/Documents/Unreal Projects/ai-project/Content/DetectiveAnimations/Demo/Mannequins/Materials/Functions/CA_Mannequin.uasset" 4979
"C:/Users/Admin/Documents/Unreal Projects/ai-project/Content/DetectiveAnimations/Demo/Mannequins/Materials/Functions/CA_Mannequin.uexp" 4980
"C:/Users/Admin/Documents/Unreal Projects/ai-project/Content/DetectiveAnimations/Demo/Mannequins/Materials/Functions/MF_Diffraction.uasset" 4981
"C:/Users/Admin/Documents/Unreal Projects/ai-project/Content/DetectiveAnimations/Demo/Mannequins/Materials/Functions/MF_Diffraction.uexp" 4982
"C:/Users/Admin/Documents/Unreal Projects/ai-project/Content/DetectiveAnimations/Demo/Mannequins/Textures/Manny/T_Manny_01_N.ubulk" 4983
"C:/Users/Admin/Documents/Unreal Projects/ai-project/Content/DetectiveAnimations/Demo/Mannequins/Textures/Manny/T_Manny_01_N.uasset" 4984
"C:/Users/Admin/Documents/Unreal Projects/ai-project/Content/DetectiveAnimations/Demo/Mannequins/Textures/Manny/T_Manny_01_N.uexp" 4985
"C:/Users/Admin/Documents/Unreal Projects/ai-project/Content/DetectiveAnimations/Demo/Mannequins/Textures/Shared/T_UE_Logo_M.uasset" 4986
"C:/Users/Admin/Documents/Unreal Projects/ai-project/Content/DetectiveAnimations/Demo/Mannequins/Textures/Shared/T_UE_Logo_M.uexp" 4987
"C:/Users/Admin/Documents/Unreal Projects/ai-project/Content/DetectiveAnimations/Demo/Mannequins/Materials/Functions/MF_logo3layers.uasset" 4988
"C:/Users/Admin/Documents/Unreal Projects/ai-project/Content/DetectiveAnimations/Demo/Mannequins/Materials/Functions/MF_logo3layers.uexp" 4989
"C:/Users/Admin/Documents/Unreal Projects/ai-project/Content/DetectiveAnimations/Demo/Mannequins/Textures/Manny/T_Manny_01_CCRCCPlastic_MSK.ubulk" 4990
"C:/Users/Admin/Documents/Unreal Projects/ai-project/Content/DetectiveAnimations/Demo/Mannequins/Textures/Manny/T_Manny_01_CCRCCPlastic_MSK.uasset" 4991
"C:/Users/Admin/Documents/Unreal Projects/ai-project/Content/DetectiveAnimations/Demo/Mannequins/Textures/Manny/T_Manny_01_CCRCCPlastic_MSK.uexp" 4992
"C:/Users/Admin/Documents/Unreal Projects/ai-project/Content/DetectiveAnimations/Demo/Mannequins/Textures/Manny/T_Manny_01_D.ubulk" 4993
"C:/Users/Admin/Documents/Unreal Projects/ai-project/Content/DetectiveAnimations/Demo/Mannequins/Textures/Manny/T_Manny_01_D.uasset" 4994
"C:/Users/Admin/Documents/Unreal Projects/ai-project/Content/DetectiveAnimations/Demo/Mannequins/Textures/Manny/T_Manny_01_D.uexp" 4995
"C:/Users/Admin/Documents/Unreal Projects/ai-project/Content/DetectiveAnimations/Demo/Mannequins/Materials/Functions/ML_BaseColorFallOff.uasset" 4996
"C:/Users/Admin/Documents/Unreal Projects/ai-project/Content/DetectiveAnimations/Demo/Mannequins/Materials/Functions/ML_BaseColorFallOff.uexp" 4997
"C:/Users/Admin/Documents/Unreal Projects/ai-project/Content/DetectiveAnimations/Demo/Mannequins/Textures/Manny/T_Manny_01_MSR_MSK.ubulk" 4998
"C:/Users/Admin/Documents/Unreal Projects/ai-project/Content/DetectiveAnimations/Demo/Mannequins/Textures/Manny/T_Manny_01_MSR_MSK.uasset" 4999
"C:/Users/Admin/Documents/Unreal Projects/ai-project/Content/DetectiveAnimations/Demo/Mannequins/Textures/Manny/T_Manny_01_MSR_MSK.uexp" 5000
"C:/Users/Admin/Documents/Unreal Projects/ai-project/Content/DetectiveAnimations/Demo/Mannequins/Textures/Manny/T_Manny_01_ASAOPMASK_MSK.ubulk" 5001
"C:/Users/Admin/Documents/Unreal Projects/ai-project/Content/DetectiveAnimations/Demo/Mannequins/Textures/Manny/T_Manny_01_ASAOPMASK_MSK.uasset" 5002
"C:/Users/Admin/Documents/Unreal Projects/ai-project/Content/DetectiveAnimations/Demo/Mannequins/Textures/Manny/T_Manny_01_ASAOPMASK_MSK.uexp" 5003
"C:/Users/Admin/Documents/Unreal Projects/ai-project/Content/DetectiveAnimations/Demo/Mannequins/Materials/M_Mannequin.uasset" 5004
"C:/Users/Admin/Documents/Unreal Projects/ai-project/Content/DetectiveAnimations/Demo/Mannequins/Materials/M_Mannequin.uexp" 5005
"C:/Users/Admin/Documents/Unreal Projects/ai-project/Content/DetectiveAnimations/Demo/Mannequins/Materials/Instances/Manny/MI_Manny_01.uasset" 5006
"C:/Users/Admin/Documents/Unreal Projects/ai-project/Content/DetectiveAnimations/Demo/Mannequins/Materials/Instances/Manny/MI_Manny_01.uexp" 5007
"C:/Users/Admin/Documents/Unreal Projects/ai-project/Content/DetectiveAnimations/Demo/Mannequins/Textures/Manny/T_Manny_02_MSR_MSK.ubulk" 5008
"C:/Users/Admin/Documents/Unreal Projects/ai-project/Content/DetectiveAnimations/Demo/Mannequins/Textures/Manny/T_Manny_02_MSR_MSK.uasset" 5009
"C:/Users/Admin/Documents/Unreal Projects/ai-project/Content/DetectiveAnimations/Demo/Mannequins/Textures/Manny/T_Manny_02_MSR_MSK.uexp" 5010
"C:/Users/Admin/Documents/Unreal Projects/ai-project/Content/DetectiveAnimations/Demo/Mannequins/Textures/Manny/T_Manny_02_N.ubulk" 5011
"C:/Users/Admin/Documents/Unreal Projects/ai-project/Content/DetectiveAnimations/Demo/Mannequins/Textures/Manny/T_Manny_02_N.uasset" 5012
"C:/Users/Admin/Documents/Unreal Projects/ai-project/Content/DetectiveAnimations/Demo/Mannequins/Textures/Manny/T_Manny_02_N.uexp" 5013
"C:/Users/Admin/Documents/Unreal Projects/ai-project/Content/DetectiveAnimations/Demo/Mannequins/Textures/Manny/T_Manny_02_D.ubulk" 5014
"C:/Users/Admin/Documents/Unreal Projects/ai-project/Content/DetectiveAnimations/Demo/Mannequins/Textures/Manny/T_Manny_02_D.uasset" 5015
"C:/Users/Admin/Documents/Unreal Projects/ai-project/Content/DetectiveAnimations/Demo/Mannequins/Textures/Manny/T_Manny_02_D.uexp" 5016
"C:/Users/Admin/Documents/Unreal Projects/ai-project/Content/DetectiveAnimations/Demo/Mannequins/Textures/Manny/T_Manny_02_Tan.ubulk" 5017
"C:/Users/Admin/Documents/Unreal Projects/ai-project/Content/DetectiveAnimations/Demo/Mannequins/Textures/Manny/T_Manny_02_Tan.uasset" 5018
"C:/Users/Admin/Documents/Unreal Projects/ai-project/Content/DetectiveAnimations/Demo/Mannequins/Textures/Manny/T_Manny_02_Tan.uexp" 5019
"C:/Users/Admin/Documents/Unreal Projects/ai-project/Content/DetectiveAnimations/Demo/Mannequins/Textures/Manny/T_Manny_02_CCRCCPlastic_MSK.ubulk" 5020
"C:/Users/Admin/Documents/Unreal Projects/ai-project/Content/DetectiveAnimations/Demo/Mannequins/Textures/Manny/T_Manny_02_CCRCCPlastic_MSK.uasset" 5021
"C:/Users/Admin/Documents/Unreal Projects/ai-project/Content/DetectiveAnimations/Demo/Mannequins/Textures/Manny/T_Manny_02_CCRCCPlastic_MSK.uexp" 5022
"C:/Users/Admin/Documents/Unreal Projects/ai-project/Content/DetectiveAnimations/Demo/Mannequins/Textures/Manny/T_Manny_02_ASAOPMASK_MSK.ubulk" 5023
"C:/Users/Admin/Documents/Unreal Projects/ai-project/Content/DetectiveAnimations/Demo/Mannequins/Textures/Manny/T_Manny_02_ASAOPMASK_MSK.uasset" 5024
"C:/Users/Admin/Documents/Unreal Projects/ai-project/Content/DetectiveAnimations/Demo/Mannequins/Textures/Manny/T_Manny_02_ASAOPMASK_MSK.uexp" 5025
"C:/Users/Admin/Documents/Unreal Projects/ai-project/Content/DetectiveAnimations/Demo/Mannequins/Textures/Manny/T_Manny_02_BN.ubulk" 5026
"C:/Users/Admin/Documents/Unreal Projects/ai-project/Content/DetectiveAnimations/Demo/Mannequins/Textures/Manny/T_Manny_02_BN.uasset" 5027
"C:/Users/Admin/Documents/Unreal Projects/ai-project/Content/DetectiveAnimations/Demo/Mannequins/Textures/Manny/T_Manny_02_BN.uexp" 5028
"C:/Users/Admin/Documents/Unreal Projects/ai-project/Content/DetectiveAnimations/Demo/Mannequins/Materials/Instances/Manny/MI_Manny_02.uasset" 5029
"C:/Users/Admin/Documents/Unreal Projects/ai-project/Content/DetectiveAnimations/Demo/Mannequins/Materials/Instances/Manny/MI_Manny_02.uexp" 5030
"C:/Users/Admin/Documents/Unreal Projects/ai-project/Content/DetectiveAnimations/Demo/Mannequins/Meshes/SK_Mannequin.uasset" 5031
"C:/Users/Admin/Documents/Unreal Projects/ai-project/Content/DetectiveAnimations/Demo/Mannequins/Meshes/SK_Mannequin.uexp" 5032
"C:/Users/Admin/Documents/Unreal Projects/ai-project/Content/DetectiveAnimations/Demo/Mannequins/Rigs/PA_Mannequin.uasset" 5033
"C:/Users/Admin/Documents/Unreal Projects/ai-project/Content/DetectiveAnimations/Demo/Mannequins/Rigs/PA_Mannequin.uexp" 5034
"C:/Users/Admin/Documents/Unreal Projects/ai-project/Content/DetectiveAnimations/Demo/Mannequins/Rigs/Poses/Manny/Manny_hand_l_anim.uasset" 5035
"C:/Users/Admin/Documents/Unreal Projects/ai-project/Content/DetectiveAnimations/Demo/Mannequins/Rigs/Poses/Manny/Manny_hand_l_anim.uexp" 5036
"C:/Users/Admin/Documents/Unreal Projects/ai-project/Content/DetectiveAnimations/Demo/Mannequins/Rigs/Poses/Manny/Manny_hand_l_pose.uasset" 5037
"C:/Users/Admin/Documents/Unreal Projects/ai-project/Content/DetectiveAnimations/Demo/Mannequins/Rigs/Poses/Manny/Manny_hand_l_pose.uexp" 5038
"C:/Users/Admin/Documents/Unreal Projects/ai-project/Content/DetectiveAnimations/Demo/Mannequins/Rigs/Poses/Manny/Manny_foot_l_anim.uasset" 5039
"C:/Users/Admin/Documents/Unreal Projects/ai-project/Content/DetectiveAnimations/Demo/Mannequins/Rigs/Poses/Manny/Manny_foot_l_anim.uexp" 5040
"C:/Users/Admin/Documents/Unreal Projects/ai-project/Content/DetectiveAnimations/Demo/Mannequins/Rigs/Poses/Manny/Manny_foot_l_pose.uasset" 5041
"C:/Users/Admin/Documents/Unreal Projects/ai-project/Content/DetectiveAnimations/Demo/Mannequins/Rigs/Poses/Manny/Manny_foot_l_pose.uexp" 5042
"C:/Users/Admin/Documents/Unreal Projects/ai-project/Content/DetectiveAnimations/Demo/Mannequins/Rigs/Poses/Manny/Manny_lowerarm_l_anim.uasset" 5043
"C:/Users/Admin/Documents/Unreal Projects/ai-project/Content/DetectiveAnimations/Demo/Mannequins/Rigs/Poses/Manny/Manny_lowerarm_l_anim.uexp" 5044
"C:/Users/Admin/Documents/Unreal Projects/ai-project/Content/DetectiveAnimations/Demo/Mannequins/Rigs/Poses/Manny/Manny_lowerarm_l_pose.uasset" 5045
"C:/Users/Admin/Documents/Unreal Projects/ai-project/Content/DetectiveAnimations/Demo/Mannequins/Rigs/Poses/Manny/Manny_lowerarm_l_pose.uexp" 5046
"C:/Users/Admin/Documents/Unreal Projects/ai-project/Content/DetectiveAnimations/Demo/Mannequins/Rigs/Poses/Manny/Manny_upperarm_r_anim.uasset" 5047
"C:/Users/Admin/Documents/Unreal Projects/ai-project/Content/DetectiveAnimations/Demo/Mannequins/Rigs/Poses/Manny/Manny_upperarm_r_anim.uexp" 5048
"C:/Users/Admin/Documents/Unreal Projects/ai-project/Content/DetectiveAnimations/Demo/Mannequins/Rigs/Poses/Manny/Manny_upperarm_r_pose.uasset" 5049
"C:/Users/Admin/Documents/Unreal Projects/ai-project/Content/DetectiveAnimations/Demo/Mannequins/Rigs/Poses/Manny/Manny_upperarm_r_pose.uexp" 5050
"C:/Users/Admin/Documents/Unreal Projects/ai-project/Content/DetectiveAnimations/Demo/Mannequins/Rigs/Poses/Manny/Manny_clavicle_r_anim.uasset" 5051
"C:/Users/Admin/Documents/Unreal Projects/ai-project/Content/DetectiveAnimations/Demo/Mannequins/Rigs/Poses/Manny/Manny_clavicle_r_anim.uexp" 5052
"C:/Users/Admin/Documents/Unreal Projects/ai-project/Content/DetectiveAnimations/Demo/Mannequins/Rigs/Poses/Manny/Manny_clavicle_r_pose.uasset" 5053
"C:/Users/Admin/Documents/Unreal Projects/ai-project/Content/DetectiveAnimations/Demo/Mannequins/Rigs/Poses/Manny/Manny_clavicle_r_pose.uexp" 5054
"C:/Users/Admin/Documents/Unreal Projects/ai-project/Content/DetectiveAnimations/Demo/Mannequins/Rigs/Poses/Manny/Manny_clavicle_l_anim.uasset" 5055
"C:/Users/Admin/Documents/Unreal Projects/ai-project/Content/DetectiveAnimations/Demo/Mannequins/Rigs/Poses/Manny/Manny_clavicle_l_anim.uexp" 5056
"C:/Users/Admin/Documents/Unreal Projects/ai-project/Content/DetectiveAnimations/Demo/Mannequins/Rigs/Poses/Manny/Manny_clavicle_l_pose.uasset" 5057
"C:/Users/Admin/Documents/Unreal Projects/ai-project/Content/DetectiveAnimations/Demo/Mannequins/Rigs/Poses/Manny/Manny_clavicle_l_pose.uexp" 5058
"C:/Users/Admin/Documents/Unreal Projects/ai-project/Content/DetectiveAnimations/Demo/Mannequins/Rigs/Poses/Manny/Manny_lowerarm_r_anim.uasset" 5059
"C:/Users/Admin/Documents/Unreal Projects/ai-project/Content/DetectiveAnimations/Demo/Mannequins/Rigs/Poses/Manny/Manny_lowerarm_r_anim.uexp" 5060
"C:/Users/Admin/Documents/Unreal Projects/ai-project/Content/DetectiveAnimations/Demo/Mannequins/Rigs/Poses/Manny/Manny_lowerarm_r_pose.uasset" 5061
"C:/Users/Admin/Documents/Unreal Projects/ai-project/Content/DetectiveAnimations/Demo/Mannequins/Rigs/Poses/Manny/Manny_lowerarm_r_pose.uexp" 5062
"C:/Users/Admin/Documents/Unreal Projects/ai-project/Content/DetectiveAnimations/Demo/Mannequins/Rigs/Poses/Manny/Manny_upperarm_l_anim.uasset" 5063
"C:/Users/Admin/Documents/Unreal Projects/ai-project/Content/DetectiveAnimations/Demo/Mannequins/Rigs/Poses/Manny/Manny_upperarm_l_anim.uexp" 5064
"C:/Users/Admin/Documents/Unreal Projects/ai-project/Content/DetectiveAnimations/Demo/Mannequins/Rigs/Poses/Manny/Manny_upperarm_l_pose.uasset" 5065
"C:/Users/Admin/Documents/Unreal Projects/ai-project/Content/DetectiveAnimations/Demo/Mannequins/Rigs/Poses/Manny/Manny_upperarm_l_pose.uexp" 5066
"C:/Users/Admin/Documents/Unreal Projects/ai-project/Content/DetectiveAnimations/Demo/Mannequins/Rigs/Poses/Manny/Manny_thigh_l_anim.uasset" 5067
"C:/Users/Admin/Documents/Unreal Projects/ai-project/Content/DetectiveAnimations/Demo/Mannequins/Rigs/Poses/Manny/Manny_thigh_l_anim.uexp" 5068
"C:/Users/Admin/Documents/Unreal Projects/ai-project/Content/DetectiveAnimations/Demo/Mannequins/Rigs/Poses/Manny/Manny_thigh_l_pose.uasset" 5069
"C:/Users/Admin/Documents/Unreal Projects/ai-project/Content/DetectiveAnimations/Demo/Mannequins/Rigs/Poses/Manny/Manny_thigh_l_pose.uexp" 5070
"C:/Users/Admin/Documents/Unreal Projects/ai-project/Content/DetectiveAnimations/Demo/Mannequins/Rigs/Poses/Manny/Manny_calf_r_anim.uasset" 5071
"C:/Users/Admin/Documents/Unreal Projects/ai-project/Content/DetectiveAnimations/Demo/Mannequins/Rigs/Poses/Manny/Manny_calf_r_anim.uexp" 5072
"C:/Users/Admin/Documents/Unreal Projects/ai-project/Content/DetectiveAnimations/Demo/Mannequins/Rigs/Poses/Manny/Manny_calf_r_pose.uasset" 5073
"C:/Users/Admin/Documents/Unreal Projects/ai-project/Content/DetectiveAnimations/Demo/Mannequins/Rigs/Poses/Manny/Manny_calf_r_pose.uexp" 5074
"C:/Users/Admin/Documents/Unreal Projects/ai-project/Content/DetectiveAnimations/Demo/Mannequins/Rigs/Poses/Manny/Manny_thigh_r_anim.uasset" 5075
"C:/Users/Admin/Documents/Unreal Projects/ai-project/Content/DetectiveAnimations/Demo/Mannequins/Rigs/Poses/Manny/Manny_thigh_r_anim.uexp" 5076
"C:/Users/Admin/Documents/Unreal Projects/ai-project/Content/DetectiveAnimations/Demo/Mannequins/Rigs/Poses/Manny/Manny_thigh_r_pose.uasset" 5077
"C:/Users/Admin/Documents/Unreal Projects/ai-project/Content/DetectiveAnimations/Demo/Mannequins/Rigs/Poses/Manny/Manny_thigh_r_pose.uexp" 5078
"C:/Users/Admin/Documents/Unreal Projects/ai-project/Content/DetectiveAnimations/Demo/Mannequins/Rigs/Poses/Manny/Manny_foot_r_anim.uasset" 5079
"C:/Users/Admin/Documents/Unreal Projects/ai-project/Content/DetectiveAnimations/Demo/Mannequins/Rigs/Poses/Manny/Manny_foot_r_anim.uexp" 5080
"C:/Users/Admin/Documents/Unreal Projects/ai-project/Content/DetectiveAnimations/Demo/Mannequins/Rigs/Poses/Manny/Manny_foot_r_pose.uasset" 5081
"C:/Users/Admin/Documents/Unreal Projects/ai-project/Content/DetectiveAnimations/Demo/Mannequins/Rigs/Poses/Manny/Manny_foot_r_pose.uexp" 5082
"C:/Users/Admin/Documents/Unreal Projects/ai-project/Content/DetectiveAnimations/Demo/Mannequins/Rigs/Poses/Manny/Manny_calf_l_anim.uasset" 5083
"C:/Users/Admin/Documents/Unreal Projects/ai-project/Content/DetectiveAnimations/Demo/Mannequins/Rigs/Poses/Manny/Manny_calf_l_anim.uexp" 5084
"C:/Users/Admin/Documents/Unreal Projects/ai-project/Content/DetectiveAnimations/Demo/Mannequins/Rigs/Poses/Manny/Manny_calf_l_pose.uasset" 5085
"C:/Users/Admin/Documents/Unreal Projects/ai-project/Content/DetectiveAnimations/Demo/Mannequins/Rigs/Poses/Manny/Manny_calf_l_pose.uexp" 5086
"C:/Users/Admin/Documents/Unreal Projects/ai-project/Content/DetectiveAnimations/Demo/Mannequins/Rigs/Poses/Manny/Manny_hand_r_anim.uasset" 5087
"C:/Users/Admin/Documents/Unreal Projects/ai-project/Content/DetectiveAnimations/Demo/Mannequins/Rigs/Poses/Manny/Manny_hand_r_anim.uexp" 5088
"C:/Users/Admin/Documents/Unreal Projects/ai-project/Content/DetectiveAnimations/Demo/Mannequins/Rigs/Poses/Manny/Manny_hand_r_pose.uasset" 5089
"C:/Users/Admin/Documents/Unreal Projects/ai-project/Content/DetectiveAnimations/Demo/Mannequins/Rigs/Poses/Manny/Manny_hand_r_pose.uexp" 5090
"C:/Users/Admin/Documents/Unreal Projects/ai-project/Content/DetectiveAnimations/Demo/Mannequins/Rigs/CR_Mannequin_Procedural.uasset" 5091
"C:/Users/Admin/Documents/Unreal Projects/ai-project/Content/DetectiveAnimations/Demo/Mannequins/Rigs/CR_Mannequin_Procedural.uexp" 5092
"C:/Users/Admin/Documents/Unreal Projects/ai-project/Content/DetectiveAnimations/Demo/Mannequins/Rigs/ABP_Manny_PostProcess.uasset" 5093
"C:/Users/Admin/Documents/Unreal Projects/ai-project/Content/DetectiveAnimations/Demo/Mannequins/Rigs/ABP_Manny_PostProcess.uexp" 5094
"C:/Users/Admin/Documents/Unreal Projects/ai-project/Content/DetectiveAnimations/Demo/Mannequins/Meshes/SKM_Manny.uasset" 5095
"C:/Users/Admin/Documents/Unreal Projects/ai-project/Content/DetectiveAnimations/Demo/Mannequins/Meshes/SKM_Manny.uexp" 5096
"C:/Users/Admin/Documents/Unreal Projects/ai-project/Content/DetectiveAnimations/Demo/Mannequins/Meshes/SKM_Manny_Simple.uasset" 5097
"C:/Users/Admin/Documents/Unreal Projects/ai-project/Content/DetectiveAnimations/Demo/Mannequins/Meshes/SKM_Manny_Simple.uexp" 5098
"C:/Users/Admin/Documents/Unreal Projects/ai-project/Content/DetectiveAnimations/Demo/Mannequins/Rigs/RTG_Mannequin.uasset" 5099
"C:/Users/Admin/Documents/Unreal Projects/ai-project/Content/DetectiveAnimations/Demo/Mannequins/Rigs/RTG_Mannequin.uexp" 5100
"C:/Users/Admin/Documents/Unreal Projects/ai-project/Content/DetectiveAnimations/Demo/Mannequins/Rigs/IK_Mannequin.uasset" 5101
"C:/Users/Admin/Documents/Unreal Projects/ai-project/Content/DetectiveAnimations/Demo/Mannequins/Rigs/IK_Mannequin.uexp" 5102
"C:/Users/Admin/Documents/Unreal Projects/ai-project/Content/DetectiveAnimations/Demo/Mannequins/Rigs/CR_Mannequin_Body.uasset" 5103
"C:/Users/Admin/Documents/Unreal Projects/ai-project/Content/DetectiveAnimations/Demo/Mannequins/Rigs/CR_Mannequin_Body.uexp" 5104
"C:/Users/Admin/Documents/Unreal Projects/ai-project/Content/DetectiveAnimations/Demo/Mannequins/Rigs/Poses/Quinn/Quinn_lowerarm_r_anim.uasset" 5105
"C:/Users/Admin/Documents/Unreal Projects/ai-project/Content/DetectiveAnimations/Demo/Mannequins/Rigs/Poses/Quinn/Quinn_lowerarm_r_anim.uexp" 5106
"C:/Users/Admin/Documents/Unreal Projects/ai-project/Content/DetectiveAnimations/Demo/Mannequins/Rigs/Poses/Quinn/Quinn_lowerarm_r_pose.uasset" 5107
"C:/Users/Admin/Documents/Unreal Projects/ai-project/Content/DetectiveAnimations/Demo/Mannequins/Rigs/Poses/Quinn/Quinn_lowerarm_r_pose.uexp" 5108
"C:/Users/Admin/Documents/Unreal Projects/ai-project/Content/DetectiveAnimations/Demo/Mannequins/Rigs/Poses/Quinn/Quinn_clavicle_r_anim.uasset" 5109
"C:/Users/Admin/Documents/Unreal Projects/ai-project/Content/DetectiveAnimations/Demo/Mannequins/Rigs/Poses/Quinn/Quinn_clavicle_r_anim.uexp" 5110
"C:/Users/Admin/Documents/Unreal Projects/ai-project/Content/DetectiveAnimations/Demo/Mannequins/Rigs/Poses/Quinn/Quinn_clavicle_r_pose.uasset" 5111
"C:/Users/Admin/Documents/Unreal Projects/ai-project/Content/DetectiveAnimations/Demo/Mannequins/Rigs/Poses/Quinn/Quinn_clavicle_r_pose.uexp" 5112
"C:/Users/Admin/Documents/Unreal Projects/ai-project/Content/DetectiveAnimations/Demo/Mannequins/Rigs/Poses/Quinn/Quinn_hand_l_anim.uasset" 5113
"C:/Users/Admin/Documents/Unreal Projects/ai-project/Content/DetectiveAnimations/Demo/Mannequins/Rigs/Poses/Quinn/Quinn_hand_l_anim.uexp" 5114
"C:/Users/Admin/Documents/Unreal Projects/ai-project/Content/DetectiveAnimations/Demo/Mannequins/Rigs/Poses/Quinn/Quinn_hand_l_pose.uasset" 5115
"C:/Users/Admin/Documents/Unreal Projects/ai-project/Content/DetectiveAnimations/Demo/Mannequins/Rigs/Poses/Quinn/Quinn_hand_l_pose.uexp" 5116
"C:/Users/Admin/Documents/Unreal Projects/ai-project/Content/DetectiveAnimations/Demo/Mannequins/Rigs/Poses/Quinn/Quinn_lowerarm_l_anim.uasset" 5117
"C:/Users/Admin/Documents/Unreal Projects/ai-project/Content/DetectiveAnimations/Demo/Mannequins/Rigs/Poses/Quinn/Quinn_lowerarm_l_anim.uexp" 5118
"C:/Users/Admin/Documents/Unreal Projects/ai-project/Content/DetectiveAnimations/Demo/Mannequins/Rigs/Poses/Quinn/Quinn_lowerarm_l_pose.uasset" 5119
"C:/Users/Admin/Documents/Unreal Projects/ai-project/Content/DetectiveAnimations/Demo/Mannequins/Rigs/Poses/Quinn/Quinn_lowerarm_l_pose.uexp" 5120
"C:/Users/Admin/Documents/Unreal Projects/ai-project/Content/DetectiveAnimations/Demo/Mannequins/Rigs/Poses/Quinn/Quinn_upperarm_l_anim.uasset" 5121
"C:/Users/Admin/Documents/Unreal Projects/ai-project/Content/DetectiveAnimations/Demo/Mannequins/Rigs/Poses/Quinn/Quinn_upperarm_l_anim.uexp" 5122
"C:/Users/Admin/Documents/Unreal Projects/ai-project/Content/DetectiveAnimations/Demo/Mannequins/Rigs/Poses/Quinn/Quinn_upperarm_l_pose.uasset" 5123
"C:/Users/Admin/Documents/Unreal Projects/ai-project/Content/DetectiveAnimations/Demo/Mannequins/Rigs/Poses/Quinn/Quinn_upperarm_l_pose.uexp" 5124
"C:/Users/Admin/Documents/Unreal Projects/ai-project/Content/DetectiveAnimations/Demo/Mannequins/Rigs/Poses/Quinn/Quinn_calf_l_anim.uasset" 5125
"C:/Users/Admin/Documents/Unreal Projects/ai-project/Content/DetectiveAnimations/Demo/Mannequins/Rigs/Poses/Quinn/Quinn_calf_l_anim.uexp" 5126
"C:/Users/Admin/Documents/Unreal Projects/ai-project/Content/DetectiveAnimations/Demo/Mannequins/Rigs/Poses/Quinn/Quinn_calf_l_pose.uasset" 5127
"C:/Users/Admin/Documents/Unreal Projects/ai-project/Content/DetectiveAnimations/Demo/Mannequins/Rigs/Poses/Quinn/Quinn_calf_l_pose.uexp" 5128
"C:/Users/Admin/Documents/Unreal Projects/ai-project/Content/DetectiveAnimations/Demo/Mannequins/Rigs/Poses/Quinn/Quinn_thigh_l_anim.uasset" 5129
"C:/Users/Admin/Documents/Unreal Projects/ai-project/Content/DetectiveAnimations/Demo/Mannequins/Rigs/Poses/Quinn/Quinn_thigh_l_anim.uexp" 5130
"C:/Users/Admin/Documents/Unreal Projects/ai-project/Content/DetectiveAnimations/Demo/Mannequins/Rigs/Poses/Quinn/Quinn_thigh_l_pose.uasset" 5131
"C:/Users/Admin/Documents/Unreal Projects/ai-project/Content/DetectiveAnimations/Demo/Mannequins/Rigs/Poses/Quinn/Quinn_thigh_l_pose.uexp" 5132
"C:/Users/Admin/Documents/Unreal Projects/ai-project/Content/DetectiveAnimations/Demo/Mannequins/Rigs/Poses/Quinn/Quinn_foot_l_anim.uasset" 5133
"C:/Users/Admin/Documents/Unreal Projects/ai-project/Content/DetectiveAnimations/Demo/Mannequins/Rigs/Poses/Quinn/Quinn_foot_l_anim.uexp" 5134
"C:/Users/Admin/Documents/Unreal Projects/ai-project/Content/DetectiveAnimations/Demo/Mannequins/Rigs/Poses/Quinn/Quinn_foot_l_pose.uasset" 5135
"C:/Users/Admin/Documents/Unreal Projects/ai-project/Content/DetectiveAnimations/Demo/Mannequins/Rigs/Poses/Quinn/Quinn_foot_l_pose.uexp" 5136
"C:/Users/Admin/Documents/Unreal Projects/ai-project/Content/DetectiveAnimations/Demo/Mannequins/Rigs/Poses/Quinn/Quinn_calf_r_anim.uasset" 5137
"C:/Users/Admin/Documents/Unreal Projects/ai-project/Content/DetectiveAnimations/Demo/Mannequins/Rigs/Poses/Quinn/Quinn_calf_r_anim.uexp" 5138
"C:/Users/Admin/Documents/Unreal Projects/ai-project/Content/DetectiveAnimations/Demo/Mannequins/Rigs/Poses/Quinn/Quinn_calf_r_pose.uasset" 5139
"C:/Users/Admin/Documents/Unreal Projects/ai-project/Content/DetectiveAnimations/Demo/Mannequins/Rigs/Poses/Quinn/Quinn_calf_r_pose.uexp" 5140
"C:/Users/Admin/Documents/Unreal Projects/ai-project/Content/DetectiveAnimations/Demo/Mannequins/Rigs/Poses/Quinn/Quinn_hand_r_anim.uasset" 5141
"C:/Users/Admin/Documents/Unreal Projects/ai-project/Content/DetectiveAnimations/Demo/Mannequins/Rigs/Poses/Quinn/Quinn_hand_r_anim.uexp" 5142
"C:/Users/Admin/Documents/Unreal Projects/ai-project/Content/DetectiveAnimations/Demo/Mannequins/Rigs/Poses/Quinn/Quinn_hand_r_pose.uasset" 5143
"C:/Users/Admin/Documents/Unreal Projects/ai-project/Content/DetectiveAnimations/Demo/Mannequins/Rigs/Poses/Quinn/Quinn_hand_r_pose.uexp" 5144
"C:/Users/Admin/Documents/Unreal Projects/ai-project/Content/DetectiveAnimations/Demo/Mannequins/Rigs/Poses/Quinn/Quinn_thigh_r_anim.uasset" 5145
"C:/Users/Admin/Documents/Unreal Projects/ai-project/Content/DetectiveAnimations/Demo/Mannequins/Rigs/Poses/Quinn/Quinn_thigh_r_anim.uexp" 5146
"C:/Users/Admin/Documents/Unreal Projects/ai-project/Content/DetectiveAnimations/Demo/Mannequins/Rigs/Poses/Quinn/Quinn_thigh_r_pose.uasset" 5147
"C:/Users/Admin/Documents/Unreal Projects/ai-project/Content/DetectiveAnimations/Demo/Mannequins/Rigs/Poses/Quinn/Quinn_thigh_r_pose.uexp" 5148
"C:/Users/Admin/Documents/Unreal Projects/ai-project/Content/DetectiveAnimations/Demo/Mannequins/Rigs/Poses/Quinn/Quinn_upperarm_r_anim.uasset" 5149
"C:/Users/Admin/Documents/Unreal Projects/ai-project/Content/DetectiveAnimations/Demo/Mannequins/Rigs/Poses/Quinn/Quinn_upperarm_r_anim.uexp" 5150
"C:/Users/Admin/Documents/Unreal Projects/ai-project/Content/DetectiveAnimations/Demo/Mannequins/Rigs/Poses/Quinn/Quinn_upperarm_r_pose.uasset" 5151
"C:/Users/Admin/Documents/Unreal Projects/ai-project/Content/DetectiveAnimations/Demo/Mannequins/Rigs/Poses/Quinn/Quinn_upperarm_r_pose.uexp" 5152
"C:/Users/Admin/Documents/Unreal Projects/ai-project/Content/DetectiveAnimations/Demo/Mannequins/Rigs/Poses/Quinn/Quinn_clavicle_l_anim.uasset" 5153
"C:/Users/Admin/Documents/Unreal Projects/ai-project/Content/DetectiveAnimations/Demo/Mannequins/Rigs/Poses/Quinn/Quinn_clavicle_l_anim.uexp" 5154
"C:/Users/Admin/Documents/Unreal Projects/ai-project/Content/DetectiveAnimations/Demo/Mannequins/Rigs/Poses/Quinn/Quinn_clavicle_l_pose.uasset" 5155
"C:/Users/Admin/Documents/Unreal Projects/ai-project/Content/DetectiveAnimations/Demo/Mannequins/Rigs/Poses/Quinn/Quinn_clavicle_l_pose.uexp" 5156
"C:/Users/Admin/Documents/Unreal Projects/ai-project/Content/DetectiveAnimations/Demo/Mannequins/Rigs/Poses/Quinn/Quinn_foot_r_anim.uasset" 5157
"C:/Users/Admin/Documents/Unreal Projects/ai-project/Content/DetectiveAnimations/Demo/Mannequins/Rigs/Poses/Quinn/Quinn_foot_r_anim.uexp" 5158
"C:/Users/Admin/Documents/Unreal Projects/ai-project/Content/DetectiveAnimations/Demo/Mannequins/Rigs/Poses/Quinn/Quinn_foot_r_pose.uasset" 5159
"C:/Users/Admin/Documents/Unreal Projects/ai-project/Content/DetectiveAnimations/Demo/Mannequins/Rigs/Poses/Quinn/Quinn_foot_r_pose.uexp" 5160
"C:/Users/Admin/Documents/Unreal Projects/ai-project/Content/DetectiveAnimations/Demo/Mannequins/Rigs/ABP_Quinn_PostProcess.uasset" 5161
"C:/Users/Admin/Documents/Unreal Projects/ai-project/Content/DetectiveAnimations/Demo/Mannequins/Rigs/ABP_Quinn_PostProcess.uexp" 5162
"C:/Users/Admin/Documents/Unreal Projects/ai-project/Content/DetectiveAnimations/Demo/Mannequins/Textures/Quinn/T_Quinn_01ID_BN.ubulk" 5163
"C:/Users/Admin/Documents/Unreal Projects/ai-project/Content/DetectiveAnimations/Demo/Mannequins/Textures/Quinn/T_Quinn_01ID_BN.uasset" 5164
"C:/Users/Admin/Documents/Unreal Projects/ai-project/Content/DetectiveAnimations/Demo/Mannequins/Textures/Quinn/T_Quinn_01ID_BN.uexp" 5165
"C:/Users/Admin/Documents/Unreal Projects/ai-project/Content/DetectiveAnimations/Demo/Mannequins/Textures/Quinn/T_Quinn_01ID_N.ubulk" 5166
"C:/Users/Admin/Documents/Unreal Projects/ai-project/Content/DetectiveAnimations/Demo/Mannequins/Textures/Quinn/T_Quinn_01ID_N.uasset" 5167
"C:/Users/Admin/Documents/Unreal Projects/ai-project/Content/DetectiveAnimations/Demo/Mannequins/Textures/Quinn/T_Quinn_01ID_N.uexp" 5168
"C:/Users/Admin/Documents/Unreal Projects/ai-project/Content/DetectiveAnimations/Demo/Mannequins/Textures/Quinn/T_Quinn_01_CCRCCPlastic_MSK.ubulk" 5169
"C:/Users/Admin/Documents/Unreal Projects/ai-project/Content/DetectiveAnimations/Demo/Mannequins/Textures/Quinn/T_Quinn_01_CCRCCPlastic_MSK.uasset" 5170
"C:/Users/Admin/Documents/Unreal Projects/ai-project/Content/DetectiveAnimations/Demo/Mannequins/Textures/Quinn/T_Quinn_01_CCRCCPlastic_MSK.uexp" 5171
"C:/Users/Admin/Documents/Unreal Projects/ai-project/Content/DetectiveAnimations/Demo/Mannequins/Textures/Quinn/T_Quinn_01ID_Tan.ubulk" 5172
"C:/Users/Admin/Documents/Unreal Projects/ai-project/Content/DetectiveAnimations/Demo/Mannequins/Textures/Quinn/T_Quinn_01ID_Tan.uasset" 5173
"C:/Users/Admin/Documents/Unreal Projects/ai-project/Content/DetectiveAnimations/Demo/Mannequins/Textures/Quinn/T_Quinn_01ID_Tan.uexp" 5174
"C:/Users/Admin/Documents/Unreal Projects/ai-project/Content/DetectiveAnimations/Demo/Mannequins/Textures/Quinn/T_Quinn_01ID_MSR_MSK.ubulk" 5175
"C:/Users/Admin/Documents/Unreal Projects/ai-project/Content/DetectiveAnimations/Demo/Mannequins/Textures/Quinn/T_Quinn_01ID_MSR_MSK.uasset" 5176
"C:/Users/Admin/Documents/Unreal Projects/ai-project/Content/DetectiveAnimations/Demo/Mannequins/Textures/Quinn/T_Quinn_01ID_MSR_MSK.uexp" 5177
"C:/Users/Admin/Documents/Unreal Projects/ai-project/Content/DetectiveAnimations/Demo/Mannequins/Textures/Quinn/T_Quinn_01ID_D.ubulk" 5178
"C:/Users/Admin/Documents/Unreal Projects/ai-project/Content/DetectiveAnimations/Demo/Mannequins/Textures/Quinn/T_Quinn_01ID_D.uasset" 5179
"C:/Users/Admin/Documents/Unreal Projects/ai-project/Content/DetectiveAnimations/Demo/Mannequins/Textures/Quinn/T_Quinn_01ID_D.uexp" 5180
"C:/Users/Admin/Documents/Unreal Projects/ai-project/Content/DetectiveAnimations/Demo/Mannequins/Textures/Quinn/T_Quinn_01_ASAOMASK_MSK.ubulk" 5181
"C:/Users/Admin/Documents/Unreal Projects/ai-project/Content/DetectiveAnimations/Demo/Mannequins/Textures/Quinn/T_Quinn_01_ASAOMASK_MSK.uasset" 5182
"C:/Users/Admin/Documents/Unreal Projects/ai-project/Content/DetectiveAnimations/Demo/Mannequins/Textures/Quinn/T_Quinn_01_ASAOMASK_MSK.uexp" 5183
"C:/Users/Admin/Documents/Unreal Projects/ai-project/Content/DetectiveAnimations/Demo/Mannequins/Materials/Instances/Quinn/MI_Quinn_01.uasset" 5184
"C:/Users/Admin/Documents/Unreal Projects/ai-project/Content/DetectiveAnimations/Demo/Mannequins/Materials/Instances/Quinn/MI_Quinn_01.uexp" 5185
"C:/Users/Admin/Documents/Unreal Projects/ai-project/Content/DetectiveAnimations/Demo/Mannequins/Textures/Quinn/T_Quinn_02ID_N.ubulk" 5186
"C:/Users/Admin/Documents/Unreal Projects/ai-project/Content/DetectiveAnimations/Demo/Mannequins/Textures/Quinn/T_Quinn_02ID_N.uasset" 5187
"C:/Users/Admin/Documents/Unreal Projects/ai-project/Content/DetectiveAnimations/Demo/Mannequins/Textures/Quinn/T_Quinn_02ID_N.uexp" 5188
"C:/Users/Admin/Documents/Unreal Projects/ai-project/Content/DetectiveAnimations/Demo/Mannequins/Textures/Quinn/T_Quinn_02ID_D.ubulk" 5189
"C:/Users/Admin/Documents/Unreal Projects/ai-project/Content/DetectiveAnimations/Demo/Mannequins/Textures/Quinn/T_Quinn_02ID_D.uasset" 5190
"C:/Users/Admin/Documents/Unreal Projects/ai-project/Content/DetectiveAnimations/Demo/Mannequins/Textures/Quinn/T_Quinn_02ID_D.uexp" 5191
"C:/Users/Admin/Documents/Unreal Projects/ai-project/Content/DetectiveAnimations/Demo/Mannequins/Textures/Quinn/T_Quinn_02_ASAOMASK_MSK.ubulk" 5192
"C:/Users/Admin/Documents/Unreal Projects/ai-project/Content/DetectiveAnimations/Demo/Mannequins/Textures/Quinn/T_Quinn_02_ASAOMASK_MSK.uasset" 5193
"C:/Users/Admin/Documents/Unreal Projects/ai-project/Content/DetectiveAnimations/Demo/Mannequins/Textures/Quinn/T_Quinn_02_ASAOMASK_MSK.uexp" 5194
"C:/Users/Admin/Documents/Unreal Projects/ai-project/Content/DetectiveAnimations/Demo/Mannequins/Textures/Quinn/T_Quinn_02ID_BN.ubulk" 5195
"C:/Users/Admin/Documents/Unreal Projects/ai-project/Content/DetectiveAnimations/Demo/Mannequins/Textures/Quinn/T_Quinn_02ID_BN.uasset" 5196
"C:/Users/Admin/Documents/Unreal Projects/ai-project/Content/DetectiveAnimations/Demo/Mannequins/Textures/Quinn/T_Quinn_02ID_BN.uexp" 5197
"C:/Users/Admin/Documents/Unreal Projects/ai-project/Content/DetectiveAnimations/Demo/Mannequins/Textures/Quinn/T_Quinn_02_CCRCCPlastic_MSK.ubulk" 5198
"C:/Users/Admin/Documents/Unreal Projects/ai-project/Content/DetectiveAnimations/Demo/Mannequins/Textures/Quinn/T_Quinn_02_CCRCCPlastic_MSK.uasset" 5199
"C:/Users/Admin/Documents/Unreal Projects/ai-project/Content/DetectiveAnimations/Demo/Mannequins/Textures/Quinn/T_Quinn_02_CCRCCPlastic_MSK.uexp" 5200
"C:/Users/Admin/Documents/Unreal Projects/ai-project/Content/DetectiveAnimations/Demo/Mannequins/Textures/Quinn/T_Quinn_02ID_Tan.ubulk" 5201
"C:/Users/Admin/Documents/Unreal Projects/ai-project/Content/DetectiveAnimations/Demo/Mannequins/Textures/Quinn/T_Quinn_02ID_Tan.uasset" 5202
"C:/Users/Admin/Documents/Unreal Projects/ai-project/Content/DetectiveAnimations/Demo/Mannequins/Textures/Quinn/T_Quinn_02ID_Tan.uexp" 5203
"C:/Users/Admin/Documents/Unreal Projects/ai-project/Content/DetectiveAnimations/Demo/Mannequins/Textures/Quinn/T_Quinn_02ID_MSR_MSK.ubulk" 5204
"C:/Users/Admin/Documents/Unreal Projects/ai-project/Content/DetectiveAnimations/Demo/Mannequins/Textures/Quinn/T_Quinn_02ID_MSR_MSK.uasset" 5205
"C:/Users/Admin/Documents/Unreal Projects/ai-project/Content/DetectiveAnimations/Demo/Mannequins/Textures/Quinn/T_Quinn_02ID_MSR_MSK.uexp" 5206
"C:/Users/Admin/Documents/Unreal Projects/ai-project/Content/DetectiveAnimations/Demo/Mannequins/Materials/Instances/Quinn/MI_Quinn_02.uasset" 5207
"C:/Users/Admin/Documents/Unreal Projects/ai-project/Content/DetectiveAnimations/Demo/Mannequins/Materials/Instances/Quinn/MI_Quinn_02.uexp" 5208
"C:/Users/Admin/Documents/Unreal Projects/ai-project/Content/DetectiveAnimations/Demo/Mannequins/Meshes/SKM_Quinn.uasset" 5209
"C:/Users/Admin/Documents/Unreal Projects/ai-project/Content/DetectiveAnimations/Demo/Mannequins/Meshes/SKM_Quinn.uexp" 5210
"C:/Users/Admin/Documents/Unreal Projects/ai-project/Content/DetectiveAnimations/Demo/Mannequins/Meshes/Mannequin_LODSettings.uasset" 5211
"C:/Users/Admin/Documents/Unreal Projects/ai-project/Content/DetectiveAnimations/Demo/Mannequins/Meshes/Mannequin_LODSettings.uexp" 5212
"C:/Users/Admin/Documents/Unreal Projects/ai-project/Content/DetectiveAnimations/Demo/Mannequins/Animations/Quinn/MF_Idle.uasset" 5213
"C:/Users/Admin/Documents/Unreal Projects/ai-project/Content/DetectiveAnimations/Demo/Mannequins/Animations/Quinn/MF_Idle.uexp" 5214
"C:/Users/Admin/Documents/Unreal Projects/ai-project/Content/DetectiveAnimations/Demo/Mannequins/Animations/Manny/MM_Fall_Loop.uasset" 5215
"C:/Users/Admin/Documents/Unreal Projects/ai-project/Content/DetectiveAnimations/Demo/Mannequins/Animations/Manny/MM_Fall_Loop.uexp" 5216
"C:/Users/Admin/Documents/Unreal Projects/ai-project/Content/DetectiveAnimations/Demo/Mannequins/Animations/Manny/MM_Jump.uasset" 5217
"C:/Users/Admin/Documents/Unreal Projects/ai-project/Content/DetectiveAnimations/Demo/Mannequins/Animations/Manny/MM_Jump.uexp" 5218
"C:/Users/Admin/Documents/Unreal Projects/ai-project/Content/DetectiveAnimations/Demo/Mannequins/Animations/Manny/MM_Idle.uasset" 5219
"C:/Users/Admin/Documents/Unreal Projects/ai-project/Content/DetectiveAnimations/Demo/Mannequins/Animations/Manny/MM_Idle.uexp" 5220
"C:/Users/Admin/Documents/Unreal Projects/ai-project/Content/DetectiveAnimations/Demo/Mannequins/Animations/Manny/MM_Walk_InPlace.uasset" 5221
"C:/Users/Admin/Documents/Unreal Projects/ai-project/Content/DetectiveAnimations/Demo/Mannequins/Animations/Manny/MM_Walk_InPlace.uexp" 5222
"C:/Users/Admin/Documents/Unreal Projects/ai-project/Content/DetectiveAnimations/Demo/Mannequins/Animations/Manny/MM_Walk_Fwd.uasset" 5223
"C:/Users/Admin/Documents/Unreal Projects/ai-project/Content/DetectiveAnimations/Demo/Mannequins/Animations/Manny/MM_Walk_Fwd.uexp" 5224
"C:/Users/Admin/Documents/Unreal Projects/ai-project/Content/DetectiveAnimations/Demo/Mannequins/Animations/Manny/MM_Run_Fwd.uasset" 5225
"C:/Users/Admin/Documents/Unreal Projects/ai-project/Content/DetectiveAnimations/Demo/Mannequins/Animations/Manny/MM_Run_Fwd.uexp" 5226
"C:/Users/Admin/Documents/Unreal Projects/ai-project/Content/DetectiveAnimations/Demo/Mannequins/Animations/Manny/BS_MM_WalkRun.uasset" 5227
"C:/Users/Admin/Documents/Unreal Projects/ai-project/Content/DetectiveAnimations/Demo/Mannequins/Animations/Manny/BS_MM_WalkRun.uexp" 5228
"C:/Users/Admin/Documents/Unreal Projects/ai-project/Content/DetectiveAnimations/Demo/Mannequins/Animations/Manny/MM_Land.uasset" 5229
"C:/Users/Admin/Documents/Unreal Projects/ai-project/Content/DetectiveAnimations/Demo/Mannequins/Animations/Manny/MM_Land.uexp" 5230
"C:/Users/Admin/Documents/Unreal Projects/ai-project/Content/DetectiveAnimations/Demo/Mannequins/Rigs/CR_Mannequin_BasicFootIK.uasset" 5231
"C:/Users/Admin/Documents/Unreal Projects/ai-project/Content/DetectiveAnimations/Demo/Mannequins/Rigs/CR_Mannequin_BasicFootIK.uexp" 5232
"C:/Users/Admin/Documents/Unreal Projects/ai-project/Content/DetectiveAnimations/Demo/Mannequins/Animations/ABP_Manny.uasset" 5233
"C:/Users/Admin/Documents/Unreal Projects/ai-project/Content/DetectiveAnimations/Demo/Mannequins/Animations/ABP_Manny.uexp" 5234
"C:/Users/Admin/Documents/Unreal Projects/ai-project/Content/DetectiveAnimations/Demo/Mannequins/Animations/Quinn/MF_Walk_Fwd.uasset" 5235
"C:/Users/Admin/Documents/Unreal Projects/ai-project/Content/DetectiveAnimations/Demo/Mannequins/Animations/Quinn/MF_Walk_Fwd.uexp" 5236
"C:/Users/Admin/Documents/Unreal Projects/ai-project/Content/DetectiveAnimations/Demo/Mannequins/Animations/Quinn/MF_Run_Fwd.uasset" 5237
"C:/Users/Admin/Documents/Unreal Projects/ai-project/Content/DetectiveAnimations/Demo/Mannequins/Animations/Quinn/MF_Run_Fwd.uexp" 5238
"C:/Users/Admin/Documents/Unreal Projects/ai-project/Content/DetectiveAnimations/Demo/Mannequins/Animations/Quinn/BS_MF_Unarmed_WalkRun.uasset" 5239
"C:/Users/Admin/Documents/Unreal Projects/ai-project/Content/DetectiveAnimations/Demo/Mannequins/Animations/Quinn/BS_MF_Unarmed_WalkRun.uexp" 5240
"C:/Users/Admin/Documents/Unreal Projects/ai-project/Content/DetectiveAnimations/Demo/Mannequins/Animations/ABP_Quinn.uasset" 5241
"C:/Users/Admin/Documents/Unreal Projects/ai-project/Content/DetectiveAnimations/Demo/Mannequins/Animations/ABP_Quinn.uexp" 5242
"C:/Users/Admin/Documents/Unreal Projects/ai-project/Content/DetectiveAnimations/Demo/Mannequins/Animations/Manny/MM_T_Pose.uasset" 5243
"C:/Users/Admin/Documents/Unreal Projects/ai-project/Content/DetectiveAnimations/Demo/Mannequins/Animations/Manny/MM_T_Pose.uexp" 5244
"C:/Users/Admin/Documents/Unreal Projects/ai-project/Content/Characters/Mannequins/Animations/Manny/MM_T_Pose.uasset" 5245
"C:/Users/Admin/Documents/Unreal Projects/ai-project/Content/Characters/Mannequins/Animations/Manny/MM_T_Pose.uexp" 5246
"C:/Users/Admin/Documents/Unreal Projects/ai-project/Content/8BitRPGAdventureMusicPackI/wav/8-Bit_RPG_Adventure_Music_Pack_I/Extra_2_Tragic_Moment/Tragic_Moment__Loopable_w_end_.ubulk" 5247
"C:/Users/Admin/Documents/Unreal Projects/ai-project/Content/8BitRPGAdventureMusicPackI/wav/8-Bit_RPG_Adventure_Music_Pack_I/Extra_2_Tragic_Moment/Tragic_Moment__Loopable_w_end_.uasset" 5248
"C:/Users/Admin/Documents/Unreal Projects/ai-project/Content/8BitRPGAdventureMusicPackI/wav/8-Bit_RPG_Adventure_Music_Pack_I/Extra_2_Tragic_Moment/Tragic_Moment__Loopable_w_end_.uexp" 5249
"C:/Users/Admin/Documents/Unreal Projects/ai-project/Content/8BitRPGAdventureMusicPackI/cues/8-Bit_RPG_Adventure_Music_Pack_I/Extra_2_Tragic_Moment/Tragic_Moment__Loopable_w_end__Cue.uasset" 5250
"C:/Users/Admin/Documents/Unreal Projects/ai-project/Content/8BitRPGAdventureMusicPackI/cues/8-Bit_RPG_Adventure_Music_Pack_I/Extra_2_Tragic_Moment/Tragic_Moment__Loopable_w_end__Cue.uexp" 5251
"C:/Users/Admin/Documents/Unreal Projects/ai-project/Content/8BitRPGAdventureMusicPackI/wav/8-Bit_RPG_Adventure_Music_Pack_I/Extra_1_Bizzarre_Character/Bizzare_Character__w_end_.ubulk" 5252
"C:/Users/Admin/Documents/Unreal Projects/ai-project/Content/8BitRPGAdventureMusicPackI/wav/8-Bit_RPG_Adventure_Music_Pack_I/Extra_1_Bizzarre_Character/Bizzare_Character__w_end_.uasset" 5253
"C:/Users/Admin/Documents/Unreal Projects/ai-project/Content/8BitRPGAdventureMusicPackI/wav/8-Bit_RPG_Adventure_Music_Pack_I/Extra_1_Bizzarre_Character/Bizzare_Character__w_end_.uexp" 5254
"C:/Users/Admin/Documents/Unreal Projects/ai-project/Content/8BitRPGAdventureMusicPackI/cues/8-Bit_RPG_Adventure_Music_Pack_I/Extra_1_Bizzarre_Character/Bizzare_Character__w_end__Cue.uasset" 5255
"C:/Users/Admin/Documents/Unreal Projects/ai-project/Content/8BitRPGAdventureMusicPackI/cues/8-Bit_RPG_Adventure_Music_Pack_I/Extra_1_Bizzarre_Character/Bizzare_Character__w_end__Cue.uexp" 5256
"C:/Users/Admin/Documents/Unreal Projects/ai-project/Content/8BitRPGAdventureMusicPackI/wav/8-Bit_RPG_Adventure_Music_Pack_I/Extra_1_Bizzarre_Character/Bizzare_Character__Loopable_.ubulk" 5257
"C:/Users/Admin/Documents/Unreal Projects/ai-project/Content/8BitRPGAdventureMusicPackI/wav/8-Bit_RPG_Adventure_Music_Pack_I/Extra_1_Bizzarre_Character/Bizzare_Character__Loopable_.uasset" 5258
"C:/Users/Admin/Documents/Unreal Projects/ai-project/Content/8BitRPGAdventureMusicPackI/wav/8-Bit_RPG_Adventure_Music_Pack_I/Extra_1_Bizzarre_Character/Bizzare_Character__Loopable_.uexp" 5259
"C:/Users/Admin/Documents/Unreal Projects/ai-project/Content/8BitRPGAdventureMusicPackI/cues/8-Bit_RPG_Adventure_Music_Pack_I/Extra_1_Bizzarre_Character/Bizzare_Character__Loopable__Cue.uasset" 5260
"C:/Users/Admin/Documents/Unreal Projects/ai-project/Content/8BitRPGAdventureMusicPackI/cues/8-Bit_RPG_Adventure_Music_Pack_I/Extra_1_Bizzarre_Character/Bizzare_Character__Loopable__Cue.uexp" 5261
"C:/Users/Admin/Documents/Unreal Projects/ai-project/Content/8BitRPGAdventureMusicPackI/wav/8-Bit_RPG_Adventure_Music_Pack_I/8_Ending/Ending__Loopable_w_end_.ubulk" 5262
"C:/Users/Admin/Documents/Unreal Projects/ai-project/Content/8BitRPGAdventureMusicPackI/wav/8-Bit_RPG_Adventure_Music_Pack_I/8_Ending/Ending__Loopable_w_end_.uasset" 5263
"C:/Users/Admin/Documents/Unreal Projects/ai-project/Content/8BitRPGAdventureMusicPackI/wav/8-Bit_RPG_Adventure_Music_Pack_I/8_Ending/Ending__Loopable_w_end_.uexp" 5264
"C:/Users/Admin/Documents/Unreal Projects/ai-project/Content/8BitRPGAdventureMusicPackI/cues/8-Bit_RPG_Adventure_Music_Pack_I/8_Ending/Ending__Loopable_w_end__Cue.uasset" 5265
"C:/Users/Admin/Documents/Unreal Projects/ai-project/Content/8BitRPGAdventureMusicPackI/cues/8-Bit_RPG_Adventure_Music_Pack_I/8_Ending/Ending__Loopable_w_end__Cue.uexp" 5266
"C:/Users/Admin/Documents/Unreal Projects/ai-project/Content/8BitRPGAdventureMusicPackI/wav/8-Bit_RPG_Adventure_Music_Pack_I/7_Main_Title/Main_Title__w_end_.ubulk" 5267
"C:/Users/Admin/Documents/Unreal Projects/ai-project/Content/8BitRPGAdventureMusicPackI/wav/8-Bit_RPG_Adventure_Music_Pack_I/7_Main_Title/Main_Title__w_end_.uasset" 5268
"C:/Users/Admin/Documents/Unreal Projects/ai-project/Content/8BitRPGAdventureMusicPackI/wav/8-Bit_RPG_Adventure_Music_Pack_I/7_Main_Title/Main_Title__w_end_.uexp" 5269
"C:/Users/Admin/Documents/Unreal Projects/ai-project/Content/8BitRPGAdventureMusicPackI/cues/8-Bit_RPG_Adventure_Music_Pack_I/7_Main_Title/Main_Title__w_end__Cue.uasset" 5270
"C:/Users/Admin/Documents/Unreal Projects/ai-project/Content/8BitRPGAdventureMusicPackI/cues/8-Bit_RPG_Adventure_Music_Pack_I/7_Main_Title/Main_Title__w_end__Cue.uexp" 5271
"C:/Users/Admin/Documents/Unreal Projects/ai-project/Content/8BitRPGAdventureMusicPackI/wav/8-Bit_RPG_Adventure_Music_Pack_I/7_Main_Title/Main_Title__Loopable_.ubulk" 5272
"C:/Users/Admin/Documents/Unreal Projects/ai-project/Content/8BitRPGAdventureMusicPackI/wav/8-Bit_RPG_Adventure_Music_Pack_I/7_Main_Title/Main_Title__Loopable_.uasset" 5273
"C:/Users/Admin/Documents/Unreal Projects/ai-project/Content/8BitRPGAdventureMusicPackI/wav/8-Bit_RPG_Adventure_Music_Pack_I/7_Main_Title/Main_Title__Loopable_.uexp" 5274
"C:/Users/Admin/Documents/Unreal Projects/ai-project/Content/8BitRPGAdventureMusicPackI/cues/8-Bit_RPG_Adventure_Music_Pack_I/7_Main_Title/Main_Title__Loopable__Cue.uasset" 5275
"C:/Users/Admin/Documents/Unreal Projects/ai-project/Content/8BitRPGAdventureMusicPackI/cues/8-Bit_RPG_Adventure_Music_Pack_I/7_Main_Title/Main_Title__Loopable__Cue.uexp" 5276
"C:/Users/Admin/Documents/Unreal Projects/ai-project/Content/8BitRPGAdventureMusicPackI/wav/8-Bit_RPG_Adventure_Music_Pack_I/6_Snowy_Village/Snowy_Village__w_end_.ubulk" 5277
"C:/Users/Admin/Documents/Unreal Projects/ai-project/Content/8BitRPGAdventureMusicPackI/wav/8-Bit_RPG_Adventure_Music_Pack_I/6_Snowy_Village/Snowy_Village__w_end_.uasset" 5278
"C:/Users/Admin/Documents/Unreal Projects/ai-project/Content/8BitRPGAdventureMusicPackI/wav/8-Bit_RPG_Adventure_Music_Pack_I/6_Snowy_Village/Snowy_Village__w_end_.uexp" 5279
"C:/Users/Admin/Documents/Unreal Projects/ai-project/Content/8BitRPGAdventureMusicPackI/cues/8-Bit_RPG_Adventure_Music_Pack_I/6_Snowy_Village/Snowy_Village__w_end__Cue.uasset" 5280
"C:/Users/Admin/Documents/Unreal Projects/ai-project/Content/8BitRPGAdventureMusicPackI/cues/8-Bit_RPG_Adventure_Music_Pack_I/6_Snowy_Village/Snowy_Village__w_end__Cue.uexp" 5281
"C:/Users/Admin/Documents/Unreal Projects/ai-project/Content/8BitRPGAdventureMusicPackI/wav/8-Bit_RPG_Adventure_Music_Pack_I/5_Beach_Village/Beach_Village_w_end_.ubulk" 5282
"C:/Users/Admin/Documents/Unreal Projects/ai-project/Content/8BitRPGAdventureMusicPackI/wav/8-Bit_RPG_Adventure_Music_Pack_I/5_Beach_Village/Beach_Village_w_end_.uasset" 5283
"C:/Users/Admin/Documents/Unreal Projects/ai-project/Content/8BitRPGAdventureMusicPackI/wav/8-Bit_RPG_Adventure_Music_Pack_I/5_Beach_Village/Beach_Village_w_end_.uexp" 5284
"C:/Users/Admin/Documents/Unreal Projects/ai-project/Content/8BitRPGAdventureMusicPackI/cues/8-Bit_RPG_Adventure_Music_Pack_I/5_Beach_Village/Beach_Village_w_end__Cue.uasset" 5285
"C:/Users/Admin/Documents/Unreal Projects/ai-project/Content/8BitRPGAdventureMusicPackI/cues/8-Bit_RPG_Adventure_Music_Pack_I/5_Beach_Village/Beach_Village_w_end__Cue.uexp" 5286
"C:/Users/Admin/Documents/Unreal Projects/ai-project/Content/8BitRPGAdventureMusicPackI/wav/8-Bit_RPG_Adventure_Music_Pack_I/5_Beach_Village/Beach_Village_Loopable_.ubulk" 5287
"C:/Users/Admin/Documents/Unreal Projects/ai-project/Content/8BitRPGAdventureMusicPackI/wav/8-Bit_RPG_Adventure_Music_Pack_I/5_Beach_Village/Beach_Village_Loopable_.uasset" 5288
"C:/Users/Admin/Documents/Unreal Projects/ai-project/Content/8BitRPGAdventureMusicPackI/wav/8-Bit_RPG_Adventure_Music_Pack_I/5_Beach_Village/Beach_Village_Loopable_.uexp" 5289
"C:/Users/Admin/Documents/Unreal Projects/ai-project/Content/8BitRPGAdventureMusicPackI/cues/8-Bit_RPG_Adventure_Music_Pack_I/5_Beach_Village/Beach_Village_Loopable__Cue.uasset" 5290
"C:/Users/Admin/Documents/Unreal Projects/ai-project/Content/8BitRPGAdventureMusicPackI/cues/8-Bit_RPG_Adventure_Music_Pack_I/5_Beach_Village/Beach_Village_Loopable__Cue.uexp" 5291
"C:/Users/Admin/Documents/Unreal Projects/ai-project/Content/8BitRPGAdventureMusicPackI/wav/8-Bit_RPG_Adventure_Music_Pack_I/4_First_Boss/First_Boss__Loopable_w_end_.ubulk" 5292
"C:/Users/Admin/Documents/Unreal Projects/ai-project/Content/8BitRPGAdventureMusicPackI/wav/8-Bit_RPG_Adventure_Music_Pack_I/4_First_Boss/First_Boss__Loopable_w_end_.uasset" 5293
"C:/Users/Admin/Documents/Unreal Projects/ai-project/Content/8BitRPGAdventureMusicPackI/wav/8-Bit_RPG_Adventure_Music_Pack_I/4_First_Boss/First_Boss__Loopable_w_end_.uexp" 5294
"C:/Users/Admin/Documents/Unreal Projects/ai-project/Content/8BitRPGAdventureMusicPackI/cues/8-Bit_RPG_Adventure_Music_Pack_I/4_First_Boss/First_Boss__Loopable_w_end__Cue.uasset" 5295
"C:/Users/Admin/Documents/Unreal Projects/ai-project/Content/8BitRPGAdventureMusicPackI/cues/8-Bit_RPG_Adventure_Music_Pack_I/4_First_Boss/First_Boss__Loopable_w_end__Cue.uexp" 5296
"C:/Users/Admin/Documents/Unreal Projects/ai-project/Content/8BitRPGAdventureMusicPackI/wav/8-Bit_RPG_Adventure_Music_Pack_I/3_First_Dungeon/First_Dungeon__w_end_.ubulk" 5297
"C:/Users/Admin/Documents/Unreal Projects/ai-project/Content/8BitRPGAdventureMusicPackI/wav/8-Bit_RPG_Adventure_Music_Pack_I/3_First_Dungeon/First_Dungeon__w_end_.uasset" 5298
"C:/Users/Admin/Documents/Unreal Projects/ai-project/Content/8BitRPGAdventureMusicPackI/wav/8-Bit_RPG_Adventure_Music_Pack_I/3_First_Dungeon/First_Dungeon__w_end_.uexp" 5299
"C:/Users/Admin/Documents/Unreal Projects/ai-project/Content/8BitRPGAdventureMusicPackI/cues/8-Bit_RPG_Adventure_Music_Pack_I/3_First_Dungeon/First_Dungeon__w_end__Cue.uasset" 5300
"C:/Users/Admin/Documents/Unreal Projects/ai-project/Content/8BitRPGAdventureMusicPackI/cues/8-Bit_RPG_Adventure_Music_Pack_I/3_First_Dungeon/First_Dungeon__w_end__Cue.uexp" 5301
"C:/Users/Admin/Documents/Unreal Projects/ai-project/Content/8BitRPGAdventureMusicPackI/wav/8-Bit_RPG_Adventure_Music_Pack_I/3_First_Dungeon/First_Dungeon__Loopable_.ubulk" 5302
"C:/Users/Admin/Documents/Unreal Projects/ai-project/Content/8BitRPGAdventureMusicPackI/wav/8-Bit_RPG_Adventure_Music_Pack_I/3_First_Dungeon/First_Dungeon__Loopable_.uasset" 5303
"C:/Users/Admin/Documents/Unreal Projects/ai-project/Content/8BitRPGAdventureMusicPackI/wav/8-Bit_RPG_Adventure_Music_Pack_I/3_First_Dungeon/First_Dungeon__Loopable_.uexp" 5304
"C:/Users/Admin/Documents/Unreal Projects/ai-project/Content/8BitRPGAdventureMusicPackI/cues/8-Bit_RPG_Adventure_Music_Pack_I/3_First_Dungeon/First_Dungeon__Loopable__Cue.uasset" 5305
"C:/Users/Admin/Documents/Unreal Projects/ai-project/Content/8BitRPGAdventureMusicPackI/cues/8-Bit_RPG_Adventure_Music_Pack_I/3_First_Dungeon/First_Dungeon__Loopable__Cue.uexp" 5306
"C:/Users/Admin/Documents/Unreal Projects/ai-project/Content/8BitRPGAdventureMusicPackI/wav/8-Bit_RPG_Adventure_Music_Pack_I/2_Common_Enemy/Common_Enemy__w_end_.ubulk" 5307
"C:/Users/Admin/Documents/Unreal Projects/ai-project/Content/8BitRPGAdventureMusicPackI/wav/8-Bit_RPG_Adventure_Music_Pack_I/2_Common_Enemy/Common_Enemy__w_end_.uasset" 5308
"C:/Users/Admin/Documents/Unreal Projects/ai-project/Content/8BitRPGAdventureMusicPackI/wav/8-Bit_RPG_Adventure_Music_Pack_I/2_Common_Enemy/Common_Enemy__w_end_.uexp" 5309
"C:/Users/Admin/Documents/Unreal Projects/ai-project/Content/8BitRPGAdventureMusicPackI/cues/8-Bit_RPG_Adventure_Music_Pack_I/2_Common_Enemy/Common_Enemy__w_end__Cue.uasset" 5310
"C:/Users/Admin/Documents/Unreal Projects/ai-project/Content/8BitRPGAdventureMusicPackI/cues/8-Bit_RPG_Adventure_Music_Pack_I/2_Common_Enemy/Common_Enemy__w_end__Cue.uexp" 5311
"C:/Users/Admin/Documents/Unreal Projects/ai-project/Content/8BitRPGAdventureMusicPackI/wav/8-Bit_RPG_Adventure_Music_Pack_I/2_Common_Enemy/Common_Enemy__Loopable_.ubulk" 5312
"C:/Users/Admin/Documents/Unreal Projects/ai-project/Content/8BitRPGAdventureMusicPackI/wav/8-Bit_RPG_Adventure_Music_Pack_I/2_Common_Enemy/Common_Enemy__Loopable_.uasset" 5313
"C:/Users/Admin/Documents/Unreal Projects/ai-project/Content/8BitRPGAdventureMusicPackI/wav/8-Bit_RPG_Adventure_Music_Pack_I/2_Common_Enemy/Common_Enemy__Loopable_.uexp" 5314
"C:/Users/Admin/Documents/Unreal Projects/ai-project/Content/8BitRPGAdventureMusicPackI/cues/8-Bit_RPG_Adventure_Music_Pack_I/2_Common_Enemy/Common_Enemy__Loopable__Cue.uasset" 5315
"C:/Users/Admin/Documents/Unreal Projects/ai-project/Content/8BitRPGAdventureMusicPackI/cues/8-Bit_RPG_Adventure_Music_Pack_I/2_Common_Enemy/Common_Enemy__Loopable__Cue.uexp" 5316
"C:/Users/Admin/Documents/Unreal Projects/ai-project/Content/8BitRPGAdventureMusicPackI/wav/8-Bit_RPG_Adventure_Music_Pack_I/1_Adventure_Begins/Adventure_Begins__w_end_.ubulk" 5317
"C:/Users/Admin/Documents/Unreal Projects/ai-project/Content/8BitRPGAdventureMusicPackI/wav/8-Bit_RPG_Adventure_Music_Pack_I/1_Adventure_Begins/Adventure_Begins__w_end_.uasset" 5318
"C:/Users/Admin/Documents/Unreal Projects/ai-project/Content/8BitRPGAdventureMusicPackI/wav/8-Bit_RPG_Adventure_Music_Pack_I/1_Adventure_Begins/Adventure_Begins__w_end_.uexp" 5319
"C:/Users/Admin/Documents/Unreal Projects/ai-project/Content/8BitRPGAdventureMusicPackI/cues/8-Bit_RPG_Adventure_Music_Pack_I/1_Adventure_Begins/Adventure_Begins__w_end__Cue.uasset" 5320
"C:/Users/Admin/Documents/Unreal Projects/ai-project/Content/8BitRPGAdventureMusicPackI/cues/8-Bit_RPG_Adventure_Music_Pack_I/1_Adventure_Begins/Adventure_Begins__w_end__Cue.uexp" 5321
"C:/Users/Admin/Documents/Unreal Projects/ai-project/Content/8BitRPGAdventureMusicPackI/wav/8-Bit_RPG_Adventure_Music_Pack_I/1_Adventure_Begins/Adventure_Begins__Loopable_.ubulk" 5322
"C:/Users/Admin/Documents/Unreal Projects/ai-project/Content/8BitRPGAdventureMusicPackI/wav/8-Bit_RPG_Adventure_Music_Pack_I/1_Adventure_Begins/Adventure_Begins__Loopable_.uasset" 5323
"C:/Users/Admin/Documents/Unreal Projects/ai-project/Content/8BitRPGAdventureMusicPackI/wav/8-Bit_RPG_Adventure_Music_Pack_I/1_Adventure_Begins/Adventure_Begins__Loopable_.uexp" 5324
"C:/Users/Admin/Documents/Unreal Projects/ai-project/Content/8BitRPGAdventureMusicPackI/cues/8-Bit_RPG_Adventure_Music_Pack_I/1_Adventure_Begins/Adventure_Begins__Loopable__Cue.uasset" 5325
"C:/Users/Admin/Documents/Unreal Projects/ai-project/Content/8BitRPGAdventureMusicPackI/cues/8-Bit_RPG_Adventure_Music_Pack_I/1_Adventure_Begins/Adventure_Begins__Loopable__Cue.uexp" 5326
"../../../Engine/Content/EngineMaterials/Substrate/GLints2/AGlintTex2dArray2.uasset" 5327
"../../../Engine/Content/EngineMaterials/Substrate/GLints2/AGlintTex2dArray2.uexp" 5328
"../../../Engine/Content/EngineMaterials/Substrate/GLints/AGlintTex2dArray.uasset" 5329
"../../../Engine/Content/EngineMaterials/Substrate/GLints/AGlintTex2dArray.uexp" 5330
"../../../Engine/Content/EngineFonts/Faces/RobotoLight.uexp" 5331
"../../../Engine/Content/EngineFonts/Faces/RobotoLight.uasset" 5332
"../../../Engine/Content/EngineFonts/Faces/RobotoLight.ufont" 5333
"../../../Engine/Content/EngineFonts/Faces/RobotoBold.uexp" 5334
"../../../Engine/Content/EngineFonts/Faces/RobotoBold.uasset" 5335
"../../../Engine/Content/EngineFonts/Faces/RobotoBold.ufont" 5336
"../../../Engine/Content/EngineFonts/Faces/RobotoRegular.uexp" 5337
"../../../Engine/Content/EngineFonts/Faces/RobotoRegular.uasset" 5338
"../../../Engine/Content/EngineFonts/Faces/RobotoRegular.ufont" 5339
"../../../Engine/Content/EngineFonts/Faces/DroidSansFallback.uexp" 5340
"../../../Engine/Content/EngineFonts/Faces/DroidSansFallback.uasset" 5341
"../../../Engine/Content/EngineFonts/Faces/DroidSansFallback.ufont" 5342
"../../../Engine/Content/EngineFonts/Faces/RobotoItalic.uexp" 5343
"../../../Engine/Content/EngineFonts/Faces/RobotoItalic.uasset" 5344
"../../../Engine/Content/EngineFonts/Faces/RobotoItalic.ufont" 5345
"../../../Engine/Content/EngineFonts/Faces/RobotoBoldItalic.uexp" 5346
"../../../Engine/Content/EngineFonts/Faces/RobotoBoldItalic.uasset" 5347
"../../../Engine/Content/EngineFonts/Faces/RobotoBoldItalic.ufont" 5348
"../../../Engine/Content/EngineFonts/Roboto.uasset" 5349
"../../../Engine/Content/EngineFonts/Roboto.uexp" 5350
"../../../Engine/Content/EngineDebugMaterials/VolumeToRender.uasset" 5351
"../../../Engine/Content/EngineDebugMaterials/VolumeToRender.uexp" 5352
"../../../Engine/Content/EngineDebugMaterials/M_VolumeRenderSphereTracePP.uasset" 5353
"../../../Engine/Content/EngineDebugMaterials/M_VolumeRenderSphereTracePP.uexp" 5354
"../../../Engine/Content/EngineDebugMaterials/M_SimpleUnlitTranslucent.uasset" 5355
"../../../Engine/Content/EngineDebugMaterials/M_SimpleUnlitTranslucent.uexp" 5356
"../../../Engine/Content/EngineDebugMaterials/DebugMeshMaterial.uasset" 5357
"../../../Engine/Content/EngineDebugMaterials/DebugMeshMaterial.uexp" 5358
"../../../Engine/Content/EngineDebugMaterials/DebugEditorMaterial.uasset" 5359
"../../../Engine/Content/EngineDebugMaterials/DebugEditorMaterial.uexp" 5360
"../../../Engine/Content/EngineDamageTypes/DmgTypeBP_Environmental.uasset" 5361
"../../../Engine/Content/EngineDamageTypes/DmgTypeBP_Environmental.uexp" 5362
"../../../Engine/Content/EditorResources/S_Terrain.ubulk" 5363
"../../../Engine/Content/EditorResources/S_Terrain.uasset" 5364
"../../../Engine/Content/EditorResources/S_Terrain.uexp" 5365
"../../../Engine/Content/EditorResources/EmptyActor.uasset" 5366
"../../../Engine/Content/EditorResources/EmptyActor.uexp" 5367
"../../../Engine/Content/EditorResources/BSPVertex.uasset" 5368
"../../../Engine/Content/EditorResources/BSPVertex.uexp" 5369
"../../../Engine/Content/EditorResources/SequenceRecorder/RecordingIndicator.uasset" 5370
"../../../Engine/Content/EditorResources/SequenceRecorder/RecordingIndicator.uexp" 5371
"../../../Engine/Content/EditorResources/SequenceRecorder/Countdown.uasset" 5372
"../../../Engine/Content/EditorResources/SequenceRecorder/Countdown.uexp" 5373
"../../../Engine/Content/EditorMaterials/PreviewShadowIndicator.ubulk" 5374
"../../../Engine/Content/EditorMaterials/PreviewShadowIndicator.uasset" 5375
"../../../Engine/Content/EditorMaterials/PreviewShadowIndicator.uexp" 5376
"../../../Engine/Content/EditorMaterials/PreviewShadowIndicatorMaterial.uasset" 5377
"../../../Engine/Content/EditorMaterials/PreviewShadowIndicatorMaterial.uexp" 5378
"../../../Engine/Content/EditorMaterials/PhAT_UnselectedMaterial.uasset" 5379
"../../../Engine/Content/EditorMaterials/PhAT_UnselectedMaterial.uexp" 5380
"../../../Engine/Content/EditorMaterials/PhAT_NoCollisionMaterial.uasset" 5381
"../../../Engine/Content/EditorMaterials/PhAT_NoCollisionMaterial.uexp" 5382
"../../../Engine/Content/EditorMaterials/Dataflow/DataflowVertexMaterial.uasset" 5383
"../../../Engine/Content/EditorMaterials/Dataflow/DataflowVertexMaterial.uexp" 5384
"../../../Engine/Content/EditorLandscapeResources/DefaultAlphaTexture.uasset" 5385
"../../../Engine/Content/EditorLandscapeResources/DefaultAlphaTexture.uexp" 5386
"../../../Engine/Content/EditorLandscapeResources/DataLayer.uasset" 5387
"../../../Engine/Content/EditorLandscapeResources/DataLayer.uexp" 5388
"../../../Engine/Content/EngineMaterials/DefaultMaterial.uasset" 5389
"../../../Engine/Content/EngineMaterials/DefaultMaterial.uexp" 5390
"../../../Engine/Content/BasicShapes/Sphere.ubulk" 5391
"../../../Engine/Content/BasicShapes/Sphere.uasset" 5392
"../../../Engine/Content/BasicShapes/Sphere.uexp" 5393
"../../../Engine/Content/BasicShapes/Plane.ubulk" 5394
"../../../Engine/Content/BasicShapes/Plane.uasset" 5395
"../../../Engine/Content/BasicShapes/Plane.uexp" 5396
"../../../Engine/Content/BasicShapes/Cylinder.ubulk" 5397
"../../../Engine/Content/BasicShapes/Cylinder.uasset" 5398
"../../../Engine/Content/BasicShapes/Cylinder.uexp" 5399
"../../../Engine/Content/BasicShapes/Cone.ubulk" 5400
"../../../Engine/Content/BasicShapes/Cone.uasset" 5401
"../../../Engine/Content/BasicShapes/Cone.uexp" 5402
"C:/Users/Admin/Documents/Unreal Projects/ai-project/Content/LevelPrototyping/Materials/MI_PrototypeGrid_TopDark.uasset" 5403
"C:/Users/Admin/Documents/Unreal Projects/ai-project/Content/LevelPrototyping/Materials/MI_PrototypeGrid_TopDark.uexp" 5404
"C:/Users/Admin/Documents/Unreal Projects/ai-project/Content/LevelPrototyping/Meshes/SM_Ramp.ubulk" 5405
"C:/Users/Admin/Documents/Unreal Projects/ai-project/Content/LevelPrototyping/Meshes/SM_Ramp.uasset" 5406
"C:/Users/Admin/Documents/Unreal Projects/ai-project/Content/LevelPrototyping/Meshes/SM_Ramp.uexp" 5407
"C:/Users/Admin/Documents/Unreal Projects/ai-project/Content/LevelPrototyping/Meshes/SM_Cube.ubulk" 5408
"C:/Users/Admin/Documents/Unreal Projects/ai-project/Content/LevelPrototyping/Meshes/SM_Cube.uasset" 5409
"C:/Users/Admin/Documents/Unreal Projects/ai-project/Content/LevelPrototyping/Meshes/SM_Cube.uexp" 5410
"C:/Users/Admin/Documents/Unreal Projects/ai-project/Content/LevelPrototyping/Meshes/SM_QuarterCylinder.ubulk" 5411
"C:/Users/Admin/Documents/Unreal Projects/ai-project/Content/LevelPrototyping/Meshes/SM_QuarterCylinder.uasset" 5412
"C:/Users/Admin/Documents/Unreal Projects/ai-project/Content/LevelPrototyping/Meshes/SM_QuarterCylinder.uexp" 5413
"C:/Users/Admin/Documents/Unreal Projects/ai-project/Content/ExternalAssets/FBX_format_furni/tableCoffeeSquare_tableCoffeeSquare.ubulk" 5414
"C:/Users/Admin/Documents/Unreal Projects/ai-project/Content/ExternalAssets/FBX_format_furni/tableCoffeeSquare_tableCoffeeSquare.uasset" 5415
"C:/Users/Admin/Documents/Unreal Projects/ai-project/Content/ExternalAssets/FBX_format_furni/tableCoffeeSquare_tableCoffeeSquare.uexp" 5416
"C:/Users/Admin/Documents/Unreal Projects/ai-project/Content/ThirdPerson/TestDrawers.uasset" 5417
"C:/Users/Admin/Documents/Unreal Projects/ai-project/Content/ThirdPerson/TestDrawers.uexp" 5418
"C:/Users/Admin/Documents/Unreal Projects/ai-project/Content/Characters/Prisoner/SO_Key.uasset" 5419
"C:/Users/Admin/Documents/Unreal Projects/ai-project/Content/Characters/Prisoner/SO_Key.uexp" 5420
"C:/Users/Admin/Documents/Unreal Projects/ai-project/Content/MyKiey.uasset" 5421
"C:/Users/Admin/Documents/Unreal Projects/ai-project/Content/MyKiey.uexp" 5422
"C:/Users/Admin/Documents/Unreal Projects/ai-project/Content/ExternalAssets/sounds/Door/Unlock.ubulk" 5423
"C:/Users/Admin/Documents/Unreal Projects/ai-project/Content/ExternalAssets/sounds/Door/Unlock.uasset" 5424
"C:/Users/Admin/Documents/Unreal Projects/ai-project/Content/ExternalAssets/sounds/Door/Unlock.uexp" 5425
"C:/Users/Admin/Documents/Unreal Projects/ai-project/Content/ExternalAssets/FBX_format_graveyard/crypt-large-door_door.ubulk" 5426
"C:/Users/Admin/Documents/Unreal Projects/ai-project/Content/ExternalAssets/FBX_format_graveyard/crypt-large-door_door.uasset" 5427
"C:/Users/Admin/Documents/Unreal Projects/ai-project/Content/ExternalAssets/FBX_format_graveyard/crypt-large-door_door.uexp" 5428
"C:/Users/Admin/Documents/Unreal Projects/ai-project/Content/ExternalAssets/sounds/Door/Lock.ubulk" 5429
"C:/Users/Admin/Documents/Unreal Projects/ai-project/Content/ExternalAssets/sounds/Door/Lock.uasset" 5430
"C:/Users/Admin/Documents/Unreal Projects/ai-project/Content/ExternalAssets/sounds/Door/Lock.uexp" 5431
"C:/Users/Admin/Documents/Unreal Projects/ai-project/Content/BP_EntranceDoor.uasset" 5432
"C:/Users/Admin/Documents/Unreal Projects/ai-project/Content/BP_EntranceDoor.uexp" 5433
"C:/Users/Admin/Documents/Unreal Projects/ai-project/Content/Characters/Guard/Alpha_Body_MAT.uasset" 5434
"C:/Users/Admin/Documents/Unreal Projects/ai-project/Content/Characters/Guard/Alpha_Body_MAT.uexp" 5435
"C:/Users/Admin/Documents/Unreal Projects/ai-project/Content/Characters/Guard/Alpha_Joints_MAT.uasset" 5436
"C:/Users/Admin/Documents/Unreal Projects/ai-project/Content/Characters/Guard/Alpha_Joints_MAT.uexp" 5437
"C:/Users/Admin/Documents/Unreal Projects/ai-project/Content/Characters/Guard/character__1__PhysicsAsset.uasset" 5438
"C:/Users/Admin/Documents/Unreal Projects/ai-project/Content/Characters/Guard/character__1__PhysicsAsset.uexp" 5439
"C:/Users/Admin/Documents/Unreal Projects/ai-project/Content/Characters/Guard/SM_Guard.uasset" 5440
"C:/Users/Admin/Documents/Unreal Projects/ai-project/Content/Characters/Guard/SM_Guard.uexp" 5441
"C:/Users/Admin/Documents/Unreal Projects/ai-project/Content/Anim/Guard/GuardMM_Idle.uasset" 5442
"C:/Users/Admin/Documents/Unreal Projects/ai-project/Content/Anim/Guard/GuardMM_Idle.uexp" 5443
"C:/Users/Admin/Documents/Unreal Projects/ai-project/Content/Anim/ANS_StallMove.uasset" 5444
"C:/Users/Admin/Documents/Unreal Projects/ai-project/Content/Anim/ANS_StallMove.uexp" 5445
"C:/Users/Admin/Documents/Unreal Projects/ai-project/Content/Anim/Guard/GuardAS_Victim.uasset" 5446
"C:/Users/Admin/Documents/Unreal Projects/ai-project/Content/Anim/Guard/GuardAS_Victim.uexp" 5447
"C:/Users/Admin/Documents/Unreal Projects/ai-project/Content/Anim/Guard/GuardMM_Walk_Fwd.uasset" 5448
"C:/Users/Admin/Documents/Unreal Projects/ai-project/Content/Anim/Guard/GuardMM_Walk_Fwd.uexp" 5449
"C:/Users/Admin/Documents/Unreal Projects/ai-project/Content/Anim/Guard/GuardMM_Run_Fwd.uasset" 5450
"C:/Users/Admin/Documents/Unreal Projects/ai-project/Content/Anim/Guard/GuardMM_Run_Fwd.uexp" 5451
"C:/Users/Admin/Documents/Unreal Projects/ai-project/Content/Anim/Guard/GuardMM_Walk_InPlace.uasset" 5452
"C:/Users/Admin/Documents/Unreal Projects/ai-project/Content/Anim/Guard/GuardMM_Walk_InPlace.uexp" 5453
"C:/Users/Admin/Documents/Unreal Projects/ai-project/Content/Anim/Guard/GuardBS_MM_WalkRun.uasset" 5454
"C:/Users/Admin/Documents/Unreal Projects/ai-project/Content/Anim/Guard/GuardBS_MM_WalkRun.uexp" 5455
"C:/Users/Admin/Documents/Unreal Projects/ai-project/Content/Anim/Guard/ABP_Guard.uasset" 5456
"C:/Users/Admin/Documents/Unreal Projects/ai-project/Content/Anim/Guard/ABP_Guard.uexp" 5457
"C:/Users/Admin/Documents/Unreal Projects/ai-project/Content/UI/WBP_Health.uasset" 5458
"C:/Users/Admin/Documents/Unreal Projects/ai-project/Content/UI/WBP_Health.uexp" 5459
"C:/Users/Admin/Documents/Unreal Projects/ai-project/Content/Goals/Guard/Pawn/BP_Guard.uasset" 5460
"C:/Users/Admin/Documents/Unreal Projects/ai-project/Content/Goals/Guard/Pawn/BP_Guard.uexp" 5461
"../../../Engine/Content/EngineSky/T_Sky_Stars.ubulk" 5462
"../../../Engine/Content/EngineSky/T_Sky_Stars.uasset" 5463
"../../../Engine/Content/EngineSky/T_Sky_Stars.uexp" 5464
"../../../Engine/Content/EngineSky/T_Sky_Clouds_M.ubulk" 5465
"../../../Engine/Content/EngineSky/T_Sky_Clouds_M.uasset" 5466
"../../../Engine/Content/EngineSky/T_Sky_Clouds_M.uexp" 5467
"../../../Engine/Content/EngineSky/T_Sky_Blue.ubulk" 5468
"../../../Engine/Content/EngineSky/T_Sky_Blue.uasset" 5469
"../../../Engine/Content/EngineSky/T_Sky_Blue.uexp" 5470
"../../../Engine/Content/EngineSky/M_Sky_Panning_Clouds2.uasset" 5471
"../../../Engine/Content/EngineSky/M_Sky_Panning_Clouds2.uexp" 5472
"../../../Engine/Content/EngineSky/SM_SkySphere.ubulk" 5473
"../../../Engine/Content/EngineSky/SM_SkySphere.uasset" 5474
"../../../Engine/Content/EngineSky/SM_SkySphere.uexp" 5475
"../../../Engine/Content/EngineSky/M_SimpleSkyDome.uasset" 5476
"../../../Engine/Content/EngineSky/M_SimpleSkyDome.uexp" 5477
"C:/Users/Admin/Documents/Unreal Projects/ai-project/Content/LevelPrototyping/Materials/M_Solid.uasset" 5478
"C:/Users/Admin/Documents/Unreal Projects/ai-project/Content/LevelPrototyping/Materials/M_Solid.uexp" 5479
"C:/Users/Admin/Documents/Unreal Projects/ai-project/Content/LevelPrototyping/Materials/MI_Solid_Blue.uasset" 5480
"C:/Users/Admin/Documents/Unreal Projects/ai-project/Content/LevelPrototyping/Materials/MI_Solid_Blue.uexp" 5481
"C:/Users/Admin/Documents/Unreal Projects/ai-project/Content/LevelPrototyping/Meshes/SM_ChamferCube.ubulk" 5482
"C:/Users/Admin/Documents/Unreal Projects/ai-project/Content/LevelPrototyping/Meshes/SM_ChamferCube.uasset" 5483
"C:/Users/Admin/Documents/Unreal Projects/ai-project/Content/LevelPrototyping/Meshes/SM_ChamferCube.uexp" 5484
"C:/Users/Admin/Documents/Unreal Projects/ai-project/Content/UI/BP_MenuUI.uasset" 5485
"C:/Users/Admin/Documents/Unreal Projects/ai-project/Content/UI/BP_MenuUI.uexp" 5486
"C:/Users/Admin/Documents/Unreal Projects/ai-project/Content/UI/WBP_Visual.uasset" 5487
"C:/Users/Admin/Documents/Unreal Projects/ai-project/Content/UI/WBP_Visual.uexp" 5488
"C:/Users/Admin/Documents/Unreal Projects/ai-project/Content/UI/WBP_HBI.uasset" 5489
"C:/Users/Admin/Documents/Unreal Projects/ai-project/Content/UI/WBP_HBI.uexp" 5490
"C:/Users/Admin/Documents/Unreal Projects/ai-project/Content/UI/WBP_HB.uasset" 5491
"C:/Users/Admin/Documents/Unreal Projects/ai-project/Content/UI/WBP_HB.uexp" 5492
"C:/Users/Admin/Documents/Unreal Projects/ai-project/Content/ThirdPerson/Maps/ThirdPersonMap.uexp" 5493
"C:/Users/Admin/Documents/Unreal Projects/ai-project/Content/ThirdPerson/Maps/ThirdPersonMap.umap" 5494
"C:/Users/Admin/Documents/Unreal Projects/ai-project/Content/StarterContent/Textures/T_Frame_M.ubulk" 5495
"C:/Users/Admin/Documents/Unreal Projects/ai-project/Content/StarterContent/Textures/T_Frame_M.uasset" 5496
"C:/Users/Admin/Documents/Unreal Projects/ai-project/Content/StarterContent/Textures/T_Frame_M.uexp" 5497
"C:/Users/Admin/Documents/Unreal Projects/ai-project/Content/StarterContent/Textures/T_Frame_N.ubulk" 5498
"C:/Users/Admin/Documents/Unreal Projects/ai-project/Content/StarterContent/Textures/T_Frame_N.uasset" 5499
"C:/Users/Admin/Documents/Unreal Projects/ai-project/Content/StarterContent/Textures/T_Frame_N.uexp" 5500
"C:/Users/Admin/Documents/Unreal Projects/ai-project/Content/StarterContent/Props/Materials/M_Frame.uasset" 5501
"C:/Users/Admin/Documents/Unreal Projects/ai-project/Content/StarterContent/Props/Materials/M_Frame.uexp" 5502
"C:/Users/Admin/Documents/Unreal Projects/ai-project/Content/StarterContent/Props/SM_DoorFrame.ubulk" 5503
"C:/Users/Admin/Documents/Unreal Projects/ai-project/Content/StarterContent/Props/SM_DoorFrame.uasset" 5504
"C:/Users/Admin/Documents/Unreal Projects/ai-project/Content/StarterContent/Props/SM_DoorFrame.uexp" 5505
"C:/Users/Admin/Documents/Unreal Projects/ai-project/Content/StarterContent/Materials/M_Metal_Brushed_Nickel.uasset" 5506
"C:/Users/Admin/Documents/Unreal Projects/ai-project/Content/StarterContent/Materials/M_Metal_Brushed_Nickel.uexp" 5507
"C:/Users/Admin/Documents/Unreal Projects/ai-project/Content/StarterContent/Textures/T_Lamp_N.ubulk" 5508
"C:/Users/Admin/Documents/Unreal Projects/ai-project/Content/StarterContent/Textures/T_Lamp_N.uasset" 5509
"C:/Users/Admin/Documents/Unreal Projects/ai-project/Content/StarterContent/Textures/T_Lamp_N.uexp" 5510
"C:/Users/Admin/Documents/Unreal Projects/ai-project/Content/StarterContent/Textures/T_Lamp_M.ubulk" 5511
"C:/Users/Admin/Documents/Unreal Projects/ai-project/Content/StarterContent/Textures/T_Lamp_M.uasset" 5512
"C:/Users/Admin/Documents/Unreal Projects/ai-project/Content/StarterContent/Textures/T_Lamp_M.uexp" 5513
"C:/Users/Admin/Documents/Unreal Projects/ai-project/Content/StarterContent/Props/Materials/M_Lamp.uasset" 5514
"C:/Users/Admin/Documents/Unreal Projects/ai-project/Content/StarterContent/Props/Materials/M_Lamp.uexp" 5515
"C:/Users/Admin/Documents/Unreal Projects/ai-project/Content/StarterContent/Props/SM_Lamp_Ceiling.ubulk" 5516
"C:/Users/Admin/Documents/Unreal Projects/ai-project/Content/StarterContent/Props/SM_Lamp_Ceiling.uasset" 5517
"C:/Users/Admin/Documents/Unreal Projects/ai-project/Content/StarterContent/Props/SM_Lamp_Ceiling.uexp" 5518
"C:/Users/Admin/Documents/Unreal Projects/ai-project/Content/StarterContent/Blueprints/Blueprint_CeilingLight.uasset" 5519
"C:/Users/Admin/Documents/Unreal Projects/ai-project/Content/StarterContent/Blueprints/Blueprint_CeilingLight.uexp" 5520
"../../../Engine/Content/Functions/Engine_MaterialFunctions03/Procedurals/ComputeFilterWidth.uasset" 5521
"../../../Engine/Content/Functions/Engine_MaterialFunctions03/Procedurals/ComputeFilterWidth.uexp" 5522
"../../../Engine/Content/EngineMaterials/AntiAliasedTextMaterialTranslucent.uasset" 5523
"../../../Engine/Content/EngineMaterials/AntiAliasedTextMaterialTranslucent.uexp" 5524
"C:/Users/Admin/Documents/Unreal Projects/ai-project/Content/StarterContent/Architecture/Wall_Door_400x300.ubulk" 5525
"C:/Users/Admin/Documents/Unreal Projects/ai-project/Content/StarterContent/Architecture/Wall_Door_400x300.uasset" 5526
"C:/Users/Admin/Documents/Unreal Projects/ai-project/Content/StarterContent/Architecture/Wall_Door_400x300.uexp" 5527
"C:/Users/Admin/Documents/Unreal Projects/ai-project/Content/StarterContent/Textures/T_Wood_Pine_D.ubulk" 5528
"C:/Users/Admin/Documents/Unreal Projects/ai-project/Content/StarterContent/Textures/T_Wood_Pine_D.uasset" 5529
"C:/Users/Admin/Documents/Unreal Projects/ai-project/Content/StarterContent/Textures/T_Wood_Pine_D.uexp" 5530
"C:/Users/Admin/Documents/Unreal Projects/ai-project/Content/StarterContent/Textures/T_Wood_Pine_N.ubulk" 5531
"C:/Users/Admin/Documents/Unreal Projects/ai-project/Content/StarterContent/Textures/T_Wood_Pine_N.uasset" 5532
"C:/Users/Admin/Documents/Unreal Projects/ai-project/Content/StarterContent/Textures/T_Wood_Pine_N.uexp" 5533
"C:/Users/Admin/Documents/Unreal Projects/ai-project/Content/StarterContent/Textures/T_Perlin_Noise_M.ubulk" 5534
"C:/Users/Admin/Documents/Unreal Projects/ai-project/Content/StarterContent/Textures/T_Perlin_Noise_M.uasset" 5535
"C:/Users/Admin/Documents/Unreal Projects/ai-project/Content/StarterContent/Textures/T_Perlin_Noise_M.uexp" 5536
"C:/Users/Admin/Documents/Unreal Projects/ai-project/Content/StarterContent/Materials/M_Wood_Pine.uasset" 5537
"C:/Users/Admin/Documents/Unreal Projects/ai-project/Content/StarterContent/Materials/M_Wood_Pine.uexp" 5538
"C:/Users/Admin/Documents/Unreal Projects/ai-project/Content/StarterContent/Textures/T_Rock_Smooth_Granite_D.ubulk" 5539
"C:/Users/Admin/Documents/Unreal Projects/ai-project/Content/StarterContent/Textures/T_Rock_Smooth_Granite_D.uasset" 5540
"C:/Users/Admin/Documents/Unreal Projects/ai-project/Content/StarterContent/Textures/T_Rock_Smooth_Granite_D.uexp" 5541
"C:/Users/Admin/Documents/Unreal Projects/ai-project/Content/StarterContent/Textures/T_CobbleStone_Smooth_D.ubulk" 5542
"C:/Users/Admin/Documents/Unreal Projects/ai-project/Content/StarterContent/Textures/T_CobbleStone_Smooth_D.uasset" 5543
"C:/Users/Admin/Documents/Unreal Projects/ai-project/Content/StarterContent/Textures/T_CobbleStone_Smooth_D.uexp" 5544
"C:/Users/Admin/Documents/Unreal Projects/ai-project/Content/StarterContent/Textures/T_Gradinet_01.ubulk" 5545
"C:/Users/Admin/Documents/Unreal Projects/ai-project/Content/StarterContent/Textures/T_Gradinet_01.uasset" 5546
"C:/Users/Admin/Documents/Unreal Projects/ai-project/Content/StarterContent/Textures/T_Gradinet_01.uexp" 5547
"C:/Users/Admin/Documents/Unreal Projects/ai-project/Content/StarterContent/Textures/T_CobbleStone_Smooth_M.ubulk" 5548
"C:/Users/Admin/Documents/Unreal Projects/ai-project/Content/StarterContent/Textures/T_CobbleStone_Smooth_M.uasset" 5549
"C:/Users/Admin/Documents/Unreal Projects/ai-project/Content/StarterContent/Textures/T_CobbleStone_Smooth_M.uexp" 5550
"C:/Users/Admin/Documents/Unreal Projects/ai-project/Content/StarterContent/Textures/T_CobbleStone_Smooth_N.ubulk" 5551
"C:/Users/Admin/Documents/Unreal Projects/ai-project/Content/StarterContent/Textures/T_CobbleStone_Smooth_N.uasset" 5552
"C:/Users/Admin/Documents/Unreal Projects/ai-project/Content/StarterContent/Textures/T_CobbleStone_Smooth_N.uexp" 5553
"C:/Users/Admin/Documents/Unreal Projects/ai-project/Content/StarterContent/Materials/M_CobbleStone_Smooth.uasset" 5554
"C:/Users/Admin/Documents/Unreal Projects/ai-project/Content/StarterContent/Materials/M_CobbleStone_Smooth.uexp" 5555
"C:/Users/Admin/Documents/Unreal Projects/ai-project/Content/StarterContent/Textures/T_Rock_Basalt_N.ubulk" 5556
"C:/Users/Admin/Documents/Unreal Projects/ai-project/Content/StarterContent/Textures/T_Rock_Basalt_N.uasset" 5557
"C:/Users/Admin/Documents/Unreal Projects/ai-project/Content/StarterContent/Textures/T_Rock_Basalt_N.uexp" 5558
"C:/Users/Admin/Documents/Unreal Projects/ai-project/Content/StarterContent/Materials/M_Rock_Basalt.uasset" 5559
"C:/Users/Admin/Documents/Unreal Projects/ai-project/Content/StarterContent/Materials/M_Rock_Basalt.uexp" 5560
"C:/Users/Admin/Documents/Unreal Projects/ai-project/Content/StarterContent/Shapes/Shape_Cube.ubulk" 5561
"C:/Users/Admin/Documents/Unreal Projects/ai-project/Content/StarterContent/Shapes/Shape_Cube.uasset" 5562
"C:/Users/Admin/Documents/Unreal Projects/ai-project/Content/StarterContent/Shapes/Shape_Cube.uexp" 5563
"C:/Users/Admin/Documents/Unreal Projects/ai-project/Content/StarterContent/Textures/T_Concrete_Tiles_Variation_M.ubulk" 5564
"C:/Users/Admin/Documents/Unreal Projects/ai-project/Content/StarterContent/Textures/T_Concrete_Tiles_Variation_M.uasset" 5565
"C:/Users/Admin/Documents/Unreal Projects/ai-project/Content/StarterContent/Textures/T_Concrete_Tiles_Variation_M.uexp" 5566
"C:/Users/Admin/Documents/Unreal Projects/ai-project/Content/StarterContent/Textures/T_Concrete_Tiles_D.ubulk" 5567
"C:/Users/Admin/Documents/Unreal Projects/ai-project/Content/StarterContent/Textures/T_Concrete_Tiles_D.uasset" 5568
"C:/Users/Admin/Documents/Unreal Projects/ai-project/Content/StarterContent/Textures/T_Concrete_Tiles_D.uexp" 5569
"C:/Users/Admin/Documents/Unreal Projects/ai-project/Content/StarterContent/Textures/T_Concrete_Tiles_M.ubulk" 5570
"C:/Users/Admin/Documents/Unreal Projects/ai-project/Content/StarterContent/Textures/T_Concrete_Tiles_M.uasset" 5571
"C:/Users/Admin/Documents/Unreal Projects/ai-project/Content/StarterContent/Textures/T_Concrete_Tiles_M.uexp" 5572
"C:/Users/Admin/Documents/Unreal Projects/ai-project/Content/StarterContent/Textures/T_Concrete_Tiles_N.ubulk" 5573
"C:/Users/Admin/Documents/Unreal Projects/ai-project/Content/StarterContent/Textures/T_Concrete_Tiles_N.uasset" 5574
"C:/Users/Admin/Documents/Unreal Projects/ai-project/Content/StarterContent/Textures/T_Concrete_Tiles_N.uexp" 5575
"C:/Users/Admin/Documents/Unreal Projects/ai-project/Content/StarterContent/Materials/M_Concrete_Tiles.uasset" 5576
"C:/Users/Admin/Documents/Unreal Projects/ai-project/Content/StarterContent/Materials/M_Concrete_Tiles.uexp" 5577
"C:/Users/Admin/Documents/Unreal Projects/ai-project/Content/StarterContent/Textures/T_Metal_Rust_N.ubulk" 5578
"C:/Users/Admin/Documents/Unreal Projects/ai-project/Content/StarterContent/Textures/T_Metal_Rust_N.uasset" 5579
"C:/Users/Admin/Documents/Unreal Projects/ai-project/Content/StarterContent/Textures/T_Metal_Rust_N.uexp" 5580
"C:/Users/Admin/Documents/Unreal Projects/ai-project/Content/StarterContent/Textures/T_Metal_Rust_D.ubulk" 5581
"C:/Users/Admin/Documents/Unreal Projects/ai-project/Content/StarterContent/Textures/T_Metal_Rust_D.uasset" 5582
"C:/Users/Admin/Documents/Unreal Projects/ai-project/Content/StarterContent/Textures/T_Metal_Rust_D.uexp" 5583
"C:/Users/Admin/Documents/Unreal Projects/ai-project/Content/StarterContent/Materials/M_Metal_Rust.uasset" 5584
"C:/Users/Admin/Documents/Unreal Projects/ai-project/Content/StarterContent/Materials/M_Metal_Rust.uexp" 5585
"C:/Users/Admin/Documents/Unreal Projects/ai-project/Content/StarterContent/Textures/T_Rock_Slate_D.ubulk" 5586
"C:/Users/Admin/Documents/Unreal Projects/ai-project/Content/StarterContent/Textures/T_Rock_Slate_D.uasset" 5587
"C:/Users/Admin/Documents/Unreal Projects/ai-project/Content/StarterContent/Textures/T_Rock_Slate_D.uexp" 5588
"C:/Users/Admin/Documents/Unreal Projects/ai-project/Content/StarterContent/Textures/T_Rock_Slate_N.ubulk" 5589
"C:/Users/Admin/Documents/Unreal Projects/ai-project/Content/StarterContent/Textures/T_Rock_Slate_N.uasset" 5590
"C:/Users/Admin/Documents/Unreal Projects/ai-project/Content/StarterContent/Textures/T_Rock_Slate_N.uexp" 5591
"C:/Users/Admin/Documents/Unreal Projects/ai-project/Content/StarterContent/Materials/M_Rock_Slate.uasset" 5592
"C:/Users/Admin/Documents/Unreal Projects/ai-project/Content/StarterContent/Materials/M_Rock_Slate.uexp" 5593
"C:/Users/Admin/Documents/Unreal Projects/ai-project/Content/StarterContent/Textures/T_Concrete_Poured_D.ubulk" 5594
"C:/Users/Admin/Documents/Unreal Projects/ai-project/Content/StarterContent/Textures/T_Concrete_Poured_D.uasset" 5595
"C:/Users/Admin/Documents/Unreal Projects/ai-project/Content/StarterContent/Textures/T_Concrete_Poured_D.uexp" 5596
"C:/Users/Admin/Documents/Unreal Projects/ai-project/Content/StarterContent/Textures/T_Concrete_Poured_N.ubulk" 5597
"C:/Users/Admin/Documents/Unreal Projects/ai-project/Content/StarterContent/Textures/T_Concrete_Poured_N.uasset" 5598
"C:/Users/Admin/Documents/Unreal Projects/ai-project/Content/StarterContent/Textures/T_Concrete_Poured_N.uexp" 5599
"C:/Users/Admin/Documents/Unreal Projects/ai-project/Content/StarterContent/Materials/M_Concrete_Poured.uasset" 5600
"C:/Users/Admin/Documents/Unreal Projects/ai-project/Content/StarterContent/Materials/M_Concrete_Poured.uexp" 5601
"C:/Users/Admin/Documents/Unreal Projects/ai-project/Content/StarterContent/Textures/T_Brick_Clay_Beveled_M.ubulk" 5602
"C:/Users/Admin/Documents/Unreal Projects/ai-project/Content/StarterContent/Textures/T_Brick_Clay_Beveled_M.uasset" 5603
"C:/Users/Admin/Documents/Unreal Projects/ai-project/Content/StarterContent/Textures/T_Brick_Clay_Beveled_M.uexp" 5604
"C:/Users/Admin/Documents/Unreal Projects/ai-project/Content/StarterContent/Textures/T_Brick_Clay_Beveled_N.ubulk" 5605
"C:/Users/Admin/Documents/Unreal Projects/ai-project/Content/StarterContent/Textures/T_Brick_Clay_Beveled_N.uasset" 5606
"C:/Users/Admin/Documents/Unreal Projects/ai-project/Content/StarterContent/Textures/T_Brick_Clay_Beveled_N.uexp" 5607
"C:/Users/Admin/Documents/Unreal Projects/ai-project/Content/StarterContent/Textures/T_Brick_Clay_Beveled_D.ubulk" 5608
"C:/Users/Admin/Documents/Unreal Projects/ai-project/Content/StarterContent/Textures/T_Brick_Clay_Beveled_D.uasset" 5609
"C:/Users/Admin/Documents/Unreal Projects/ai-project/Content/StarterContent/Textures/T_Brick_Clay_Beveled_D.uexp" 5610
"C:/Users/Admin/Documents/Unreal Projects/ai-project/Content/StarterContent/Materials/M_Brick_Clay_Beveled.uasset" 5611
"C:/Users/Admin/Documents/Unreal Projects/ai-project/Content/StarterContent/Materials/M_Brick_Clay_Beveled.uexp" 5612
"C:/Users/Admin/Documents/Unreal Projects/ai-project/Content/StarterContent/Textures/T_Tech_Hex_Tile_M.ubulk" 5613
"C:/Users/Admin/Documents/Unreal Projects/ai-project/Content/StarterContent/Textures/T_Tech_Hex_Tile_M.uasset" 5614
"C:/Users/Admin/Documents/Unreal Projects/ai-project/Content/StarterContent/Textures/T_Tech_Hex_Tile_M.uexp" 5615
"C:/Users/Admin/Documents/Unreal Projects/ai-project/Content/StarterContent/Textures/T_Tech_Hex_Tile_N.ubulk" 5616
"C:/Users/Admin/Documents/Unreal Projects/ai-project/Content/StarterContent/Textures/T_Tech_Hex_Tile_N.uasset" 5617
"C:/Users/Admin/Documents/Unreal Projects/ai-project/Content/StarterContent/Textures/T_Tech_Hex_Tile_N.uexp" 5618
"C:/Users/Admin/Documents/Unreal Projects/ai-project/Content/StarterContent/Materials/M_Tech_Hex_Tile.uasset" 5619
"C:/Users/Admin/Documents/Unreal Projects/ai-project/Content/StarterContent/Materials/M_Tech_Hex_Tile.uexp" 5620
"../../../Engine/Content/Functions/Engine_MaterialFunctions01/Opacity/AlphaOffset.uasset" 5621
"../../../Engine/Content/Functions/Engine_MaterialFunctions01/Opacity/AlphaOffset.uexp" 5622
"C:/Users/Admin/Documents/Unreal Projects/ai-project/Content/StarterContent/Textures/T_Wood_Floor_Walnut_M.ubulk" 5623
"C:/Users/Admin/Documents/Unreal Projects/ai-project/Content/StarterContent/Textures/T_Wood_Floor_Walnut_M.uasset" 5624
"C:/Users/Admin/Documents/Unreal Projects/ai-project/Content/StarterContent/Textures/T_Wood_Floor_Walnut_M.uexp" 5625
"C:/Users/Admin/Documents/Unreal Projects/ai-project/Content/StarterContent/Textures/T_Wood_Floor_Walnut_D.ubulk" 5626
"C:/Users/Admin/Documents/Unreal Projects/ai-project/Content/StarterContent/Textures/T_Wood_Floor_Walnut_D.uasset" 5627
"C:/Users/Admin/Documents/Unreal Projects/ai-project/Content/StarterContent/Textures/T_Wood_Floor_Walnut_D.uexp" 5628
"C:/Users/Admin/Documents/Unreal Projects/ai-project/Content/StarterContent/Textures/T_Wood_Floor_Walnut_N.ubulk" 5629
"C:/Users/Admin/Documents/Unreal Projects/ai-project/Content/StarterContent/Textures/T_Wood_Floor_Walnut_N.uasset" 5630
"C:/Users/Admin/Documents/Unreal Projects/ai-project/Content/StarterContent/Textures/T_Wood_Floor_Walnut_N.uexp" 5631
"C:/Users/Admin/Documents/Unreal Projects/ai-project/Content/StarterContent/Materials/M_Wood_Floor_Walnut_Worn.uasset" 5632
"C:/Users/Admin/Documents/Unreal Projects/ai-project/Content/StarterContent/Materials/M_Wood_Floor_Walnut_Worn.uexp" 5633
"C:/Users/Admin/Documents/Unreal Projects/ai-project/Content/StarterContent/Textures/T_Ground_Gravel_N.ubulk" 5634
"C:/Users/Admin/Documents/Unreal Projects/ai-project/Content/StarterContent/Textures/T_Ground_Gravel_N.uasset" 5635
"C:/Users/Admin/Documents/Unreal Projects/ai-project/Content/StarterContent/Textures/T_Ground_Gravel_N.uexp" 5636
"C:/Users/Admin/Documents/Unreal Projects/ai-project/Content/StarterContent/Textures/T_Ground_Gravel_D.ubulk" 5637
"C:/Users/Admin/Documents/Unreal Projects/ai-project/Content/StarterContent/Textures/T_Ground_Gravel_D.uasset" 5638
"C:/Users/Admin/Documents/Unreal Projects/ai-project/Content/StarterContent/Textures/T_Ground_Gravel_D.uexp" 5639
"C:/Users/Admin/Documents/Unreal Projects/ai-project/Content/StarterContent/Materials/M_Ground_Gravel.uasset" 5640
"C:/Users/Admin/Documents/Unreal Projects/ai-project/Content/StarterContent/Materials/M_Ground_Gravel.uexp" 5641
"C:/Users/Admin/Documents/Unreal Projects/ai-project/Content/StarterContent/Audio/Steam01_Cue.uasset" 5642
"C:/Users/Admin/Documents/Unreal Projects/ai-project/Content/StarterContent/Audio/Steam01_Cue.uexp" 5643
"C:/Users/Admin/Documents/Unreal Projects/ai-project/Content/StarterContent/Particles/P_Steam_Lit.uasset" 5644
"C:/Users/Admin/Documents/Unreal Projects/ai-project/Content/StarterContent/Particles/P_Steam_Lit.uexp" 5645
"C:/Users/Admin/Documents/Unreal Projects/ai-project/Content/StarterContent/Blueprints/Blueprint_Effect_Steam.uasset" 5646
"C:/Users/Admin/Documents/Unreal Projects/ai-project/Content/StarterContent/Blueprints/Blueprint_Effect_Steam.uexp" 5647
"C:/Users/Admin/Documents/Unreal Projects/ai-project/Content/StarterContent/Audio/Fire_Sparks01_Cue.uasset" 5648
"C:/Users/Admin/Documents/Unreal Projects/ai-project/Content/StarterContent/Audio/Fire_Sparks01_Cue.uexp" 5649
"C:/Users/Admin/Documents/Unreal Projects/ai-project/Content/StarterContent/Textures/T_Spark_Core.ubulk" 5650
"C:/Users/Admin/Documents/Unreal Projects/ai-project/Content/StarterContent/Textures/T_Spark_Core.uasset" 5651
"C:/Users/Admin/Documents/Unreal Projects/ai-project/Content/StarterContent/Textures/T_Spark_Core.uexp" 5652
"C:/Users/Admin/Documents/Unreal Projects/ai-project/Content/StarterContent/Particles/Materials/M_Spark.uasset" 5653
"C:/Users/Admin/Documents/Unreal Projects/ai-project/Content/StarterContent/Particles/Materials/M_Spark.uexp" 5654
"C:/Users/Admin/Documents/Unreal Projects/ai-project/Content/StarterContent/Particles/Materials/M_Radial_Gradient.uasset" 5655
"C:/Users/Admin/Documents/Unreal Projects/ai-project/Content/StarterContent/Particles/Materials/M_Radial_Gradient.uexp" 5656
"C:/Users/Admin/Documents/Unreal Projects/ai-project/Content/StarterContent/Particles/P_Sparks.uasset" 5657
"C:/Users/Admin/Documents/Unreal Projects/ai-project/Content/StarterContent/Particles/P_Sparks.uexp" 5658
"C:/Users/Admin/Documents/Unreal Projects/ai-project/Content/StarterContent/Blueprints/Blueprint_Effect_Sparks.uasset" 5659
"C:/Users/Admin/Documents/Unreal Projects/ai-project/Content/StarterContent/Blueprints/Blueprint_Effect_Sparks.uexp" 5660
"C:/Users/Admin/Documents/Unreal Projects/ai-project/Content/StarterContent/Textures/T_Water_N.ubulk" 5661
"C:/Users/Admin/Documents/Unreal Projects/ai-project/Content/StarterContent/Textures/T_Water_N.uasset" 5662
"C:/Users/Admin/Documents/Unreal Projects/ai-project/Content/StarterContent/Textures/T_Water_N.uexp" 5663
"C:/Users/Admin/Documents/Unreal Projects/ai-project/Content/StarterContent/Materials/M_Water_Lake.uasset" 5664
"C:/Users/Admin/Documents/Unreal Projects/ai-project/Content/StarterContent/Materials/M_Water_Lake.uexp" 5665
"C:/Users/Admin/Documents/Unreal Projects/ai-project/Content/StarterContent/Architecture/Wall_400x200.ubulk" 5666
"C:/Users/Admin/Documents/Unreal Projects/ai-project/Content/StarterContent/Architecture/Wall_400x200.uasset" 5667
"C:/Users/Admin/Documents/Unreal Projects/ai-project/Content/StarterContent/Architecture/Wall_400x200.uexp" 5668
"C:/Users/Admin/Documents/Unreal Projects/ai-project/Content/StarterContent/Textures/T_Checker_Noise_M.ubulk" 5669
"C:/Users/Admin/Documents/Unreal Projects/ai-project/Content/StarterContent/Textures/T_Checker_Noise_M.uasset" 5670
"C:/Users/Admin/Documents/Unreal Projects/ai-project/Content/StarterContent/Textures/T_Checker_Noise_M.uexp" 5671
"C:/Users/Admin/Documents/Unreal Projects/ai-project/Content/StarterContent/Textures/T_Tech_Dot_M.ubulk" 5672
"C:/Users/Admin/Documents/Unreal Projects/ai-project/Content/StarterContent/Textures/T_Tech_Dot_M.uasset" 5673
"C:/Users/Admin/Documents/Unreal Projects/ai-project/Content/StarterContent/Textures/T_Tech_Dot_M.uexp" 5674
"C:/Users/Admin/Documents/Unreal Projects/ai-project/Content/StarterContent/Textures/T_Tech_Dot_N.ubulk" 5675
"C:/Users/Admin/Documents/Unreal Projects/ai-project/Content/StarterContent/Textures/T_Tech_Dot_N.uasset" 5676
"C:/Users/Admin/Documents/Unreal Projects/ai-project/Content/StarterContent/Textures/T_Tech_Dot_N.uexp" 5677
"C:/Users/Admin/Documents/Unreal Projects/ai-project/Content/StarterContent/Textures/T_Single_Tile_N.ubulk" 5678
"C:/Users/Admin/Documents/Unreal Projects/ai-project/Content/StarterContent/Textures/T_Single_Tile_N.uasset" 5679
"C:/Users/Admin/Documents/Unreal Projects/ai-project/Content/StarterContent/Textures/T_Single_Tile_N.uexp" 5680
"C:/Users/Admin/Documents/Unreal Projects/ai-project/Content/StarterContent/Materials/M_Tech_Checker_Dot.uasset" 5681
"C:/Users/Admin/Documents/Unreal Projects/ai-project/Content/StarterContent/Materials/M_Tech_Checker_Dot.uexp" 5682
"C:/Users/Admin/Documents/Unreal Projects/ai-project/Content/StarterContent/Architecture/Floor_400x400.ubulk" 5683
"C:/Users/Admin/Documents/Unreal Projects/ai-project/Content/StarterContent/Architecture/Floor_400x400.uasset" 5684
"C:/Users/Admin/Documents/Unreal Projects/ai-project/Content/StarterContent/Architecture/Floor_400x400.uexp" 5685
"C:/Users/Admin/Documents/Unreal Projects/ai-project/Content/StarterContent/Props/SM_GlassWindow.ubulk" 5686
"C:/Users/Admin/Documents/Unreal Projects/ai-project/Content/StarterContent/Props/SM_GlassWindow.uasset" 5687
"C:/Users/Admin/Documents/Unreal Projects/ai-project/Content/StarterContent/Props/SM_GlassWindow.uexp" 5688
"C:/Users/Admin/Documents/Unreal Projects/ai-project/Content/StarterContent/Textures/T_Metal_Gold_N.ubulk" 5689
"C:/Users/Admin/Documents/Unreal Projects/ai-project/Content/StarterContent/Textures/T_Metal_Gold_N.uasset" 5690
"C:/Users/Admin/Documents/Unreal Projects/ai-project/Content/StarterContent/Textures/T_Metal_Gold_N.uexp" 5691
"C:/Users/Admin/Documents/Unreal Projects/ai-project/Content/StarterContent/Textures/T_Rock_Marble_Polished_D.ubulk" 5692
"C:/Users/Admin/Documents/Unreal Projects/ai-project/Content/StarterContent/Textures/T_Rock_Marble_Polished_D.uasset" 5693
"C:/Users/Admin/Documents/Unreal Projects/ai-project/Content/StarterContent/Textures/T_Rock_Marble_Polished_D.uexp" 5694
"C:/Users/Admin/Documents/Unreal Projects/ai-project/Content/StarterContent/Materials/M_Rock_Marble_Polished.uasset" 5695
"C:/Users/Admin/Documents/Unreal Projects/ai-project/Content/StarterContent/Materials/M_Rock_Marble_Polished.uexp" 5696
"C:/Users/Admin/Documents/Unreal Projects/ai-project/Content/StarterContent/Textures/T_Concrete_Grime_D.ubulk" 5697
"C:/Users/Admin/Documents/Unreal Projects/ai-project/Content/StarterContent/Textures/T_Concrete_Grime_D.uasset" 5698
"C:/Users/Admin/Documents/Unreal Projects/ai-project/Content/StarterContent/Textures/T_Concrete_Grime_D.uexp" 5699
"C:/Users/Admin/Documents/Unreal Projects/ai-project/Content/StarterContent/Materials/M_Concrete_Grime.uasset" 5700
"C:/Users/Admin/Documents/Unreal Projects/ai-project/Content/StarterContent/Materials/M_Concrete_Grime.uexp" 5701
"C:/Users/Admin/Documents/Unreal Projects/ai-project/Content/StarterContent/Textures/T_Ceramic_Tile_M.ubulk" 5702
"C:/Users/Admin/Documents/Unreal Projects/ai-project/Content/StarterContent/Textures/T_Ceramic_Tile_M.uasset" 5703
"C:/Users/Admin/Documents/Unreal Projects/ai-project/Content/StarterContent/Textures/T_Ceramic_Tile_M.uexp" 5704
"C:/Users/Admin/Documents/Unreal Projects/ai-project/Content/StarterContent/Textures/T_Ceramic_Tile_N.ubulk" 5705
"C:/Users/Admin/Documents/Unreal Projects/ai-project/Content/StarterContent/Textures/T_Ceramic_Tile_N.uasset" 5706
"C:/Users/Admin/Documents/Unreal Projects/ai-project/Content/StarterContent/Textures/T_Ceramic_Tile_N.uexp" 5707
"C:/Users/Admin/Documents/Unreal Projects/ai-project/Content/StarterContent/Materials/M_Ceramic_Tile_Checker.uasset" 5708
"C:/Users/Admin/Documents/Unreal Projects/ai-project/Content/StarterContent/Materials/M_Ceramic_Tile_Checker.uexp" 5709
"C:/Users/Admin/Documents/Unreal Projects/ai-project/Content/StarterContent/Textures/T_Rock_Sandstone_N.ubulk" 5710
"C:/Users/Admin/Documents/Unreal Projects/ai-project/Content/StarterContent/Textures/T_Rock_Sandstone_N.uasset" 5711
"C:/Users/Admin/Documents/Unreal Projects/ai-project/Content/StarterContent/Textures/T_Rock_Sandstone_N.uexp" 5712
"C:/Users/Admin/Documents/Unreal Projects/ai-project/Content/StarterContent/Textures/T_Rock_Sandstone_D.ubulk" 5713
"C:/Users/Admin/Documents/Unreal Projects/ai-project/Content/StarterContent/Textures/T_Rock_Sandstone_D.uasset" 5714
"C:/Users/Admin/Documents/Unreal Projects/ai-project/Content/StarterContent/Textures/T_Rock_Sandstone_D.uexp" 5715
"C:/Users/Admin/Documents/Unreal Projects/ai-project/Content/StarterContent/Materials/M_Rock_Sandstone.uasset" 5716
"C:/Users/Admin/Documents/Unreal Projects/ai-project/Content/StarterContent/Materials/M_Rock_Sandstone.uexp" 5717
"C:/Users/Admin/Documents/Unreal Projects/ai-project/Content/StarterContent/Textures/T_Wood_Walnut_N.ubulk" 5718
"C:/Users/Admin/Documents/Unreal Projects/ai-project/Content/StarterContent/Textures/T_Wood_Walnut_N.uasset" 5719
"C:/Users/Admin/Documents/Unreal Projects/ai-project/Content/StarterContent/Textures/T_Wood_Walnut_N.uexp" 5720
"C:/Users/Admin/Documents/Unreal Projects/ai-project/Content/StarterContent/Textures/T_Wood_Walnut_D.ubulk" 5721
"C:/Users/Admin/Documents/Unreal Projects/ai-project/Content/StarterContent/Textures/T_Wood_Walnut_D.uasset" 5722
"C:/Users/Admin/Documents/Unreal Projects/ai-project/Content/StarterContent/Textures/T_Wood_Walnut_D.uexp" 5723
"C:/Users/Admin/Documents/Unreal Projects/ai-project/Content/StarterContent/Materials/M_Wood_Walnut.uasset" 5724
"C:/Users/Admin/Documents/Unreal Projects/ai-project/Content/StarterContent/Materials/M_Wood_Walnut.uexp" 5725
"C:/Users/Admin/Documents/Unreal Projects/ai-project/Content/StarterContent/Audio/Collapse_Cue.uasset" 5726
"C:/Users/Admin/Documents/Unreal Projects/ai-project/Content/StarterContent/Audio/Collapse_Cue.uexp" 5727
"C:/Users/Admin/Documents/Unreal Projects/ai-project/Content/StarterContent/Textures/T_Brick_Cut_Stone_N.ubulk" 5728
"C:/Users/Admin/Documents/Unreal Projects/ai-project/Content/StarterContent/Textures/T_Brick_Cut_Stone_N.uasset" 5729
"C:/Users/Admin/Documents/Unreal Projects/ai-project/Content/StarterContent/Textures/T_Brick_Cut_Stone_N.uexp" 5730
"C:/Users/Admin/Documents/Unreal Projects/ai-project/Content/StarterContent/Textures/T_Brick_Cut_Stone_D.ubulk" 5731
"C:/Users/Admin/Documents/Unreal Projects/ai-project/Content/StarterContent/Textures/T_Brick_Cut_Stone_D.uasset" 5732
"C:/Users/Admin/Documents/Unreal Projects/ai-project/Content/StarterContent/Textures/T_Brick_Cut_Stone_D.uexp" 5733
"C:/Users/Admin/Documents/Unreal Projects/ai-project/Content/StarterContent/Materials/M_Brick_Cut_Stone.uasset" 5734
"C:/Users/Admin/Documents/Unreal Projects/ai-project/Content/StarterContent/Materials/M_Brick_Cut_Stone.uexp" 5735
"C:/Users/Admin/Documents/Unreal Projects/ai-project/Content/StarterContent/Textures/T_Dust_Particle_D.ubulk" 5736
"C:/Users/Admin/Documents/Unreal Projects/ai-project/Content/StarterContent/Textures/T_Dust_Particle_D.uasset" 5737
"C:/Users/Admin/Documents/Unreal Projects/ai-project/Content/StarterContent/Textures/T_Dust_Particle_D.uexp" 5738
"C:/Users/Admin/Documents/Unreal Projects/ai-project/Content/StarterContent/Particles/Materials/M_Dust_Particle.uasset" 5739
"C:/Users/Admin/Documents/Unreal Projects/ai-project/Content/StarterContent/Particles/Materials/M_Dust_Particle.uexp" 5740
"C:/Users/Admin/Documents/Unreal Projects/ai-project/Content/StarterContent/Particles/P_Ambient_Dust.uasset" 5741
"C:/Users/Admin/Documents/Unreal Projects/ai-project/Content/StarterContent/Particles/P_Ambient_Dust.uexp" 5742
"C:/Users/Admin/Documents/Unreal Projects/ai-project/Content/StarterContent/Props/SM_WindowFrame.ubulk" 5743
"C:/Users/Admin/Documents/Unreal Projects/ai-project/Content/StarterContent/Props/SM_WindowFrame.uasset" 5744
"C:/Users/Admin/Documents/Unreal Projects/ai-project/Content/StarterContent/Props/SM_WindowFrame.uexp" 5745
"C:/Users/Admin/Documents/Unreal Projects/ai-project/Content/StarterContent/Textures/T_Metal_Copper_D.ubulk" 5746
"C:/Users/Admin/Documents/Unreal Projects/ai-project/Content/StarterContent/Textures/T_Metal_Copper_D.uasset" 5747
"C:/Users/Admin/Documents/Unreal Projects/ai-project/Content/StarterContent/Textures/T_Metal_Copper_D.uexp" 5748
"C:/Users/Admin/Documents/Unreal Projects/ai-project/Content/StarterContent/Materials/M_Metal_Copper.uasset" 5749
"C:/Users/Admin/Documents/Unreal Projects/ai-project/Content/StarterContent/Materials/M_Metal_Copper.uexp" 5750
"C:/Users/Admin/Documents/Unreal Projects/ai-project/Content/StarterContent/Textures/T_Water_M.ubulk" 5751
"C:/Users/Admin/Documents/Unreal Projects/ai-project/Content/StarterContent/Textures/T_Water_M.uasset" 5752
"C:/Users/Admin/Documents/Unreal Projects/ai-project/Content/StarterContent/Textures/T_Water_M.uexp" 5753
"C:/Users/Admin/Documents/Unreal Projects/ai-project/Content/StarterContent/Materials/M_Water_Ocean.uasset" 5754
"C:/Users/Admin/Documents/Unreal Projects/ai-project/Content/StarterContent/Materials/M_Water_Ocean.uexp" 5755
"C:/Users/Admin/Documents/Unreal Projects/ai-project/Content/StarterContent/Textures/T_CobbleStone_Pebble_N.ubulk" 5756
"C:/Users/Admin/Documents/Unreal Projects/ai-project/Content/StarterContent/Textures/T_CobbleStone_Pebble_N.uasset" 5757
"C:/Users/Admin/Documents/Unreal Projects/ai-project/Content/StarterContent/Textures/T_CobbleStone_Pebble_N.uexp" 5758
"C:/Users/Admin/Documents/Unreal Projects/ai-project/Content/StarterContent/Textures/T_CobbleStone_Pebble_M.ubulk" 5759
"C:/Users/Admin/Documents/Unreal Projects/ai-project/Content/StarterContent/Textures/T_CobbleStone_Pebble_M.uasset" 5760
"C:/Users/Admin/Documents/Unreal Projects/ai-project/Content/StarterContent/Textures/T_CobbleStone_Pebble_M.uexp" 5761
"C:/Users/Admin/Documents/Unreal Projects/ai-project/Content/StarterContent/Textures/T_CobbleStone_Pebble_D.ubulk" 5762
"C:/Users/Admin/Documents/Unreal Projects/ai-project/Content/StarterContent/Textures/T_CobbleStone_Pebble_D.uasset" 5763
"C:/Users/Admin/Documents/Unreal Projects/ai-project/Content/StarterContent/Textures/T_CobbleStone_Pebble_D.uexp" 5764
"C:/Users/Admin/Documents/Unreal Projects/ai-project/Content/StarterContent/Materials/M_CobbleStone_Pebble.uasset" 5765
"C:/Users/Admin/Documents/Unreal Projects/ai-project/Content/StarterContent/Materials/M_CobbleStone_Pebble.uexp" 5766
"C:/Users/Admin/Documents/Unreal Projects/ai-project/Content/StarterContent/Textures/T_Brick_Clay_Old_N.ubulk" 5767
"C:/Users/Admin/Documents/Unreal Projects/ai-project/Content/StarterContent/Textures/T_Brick_Clay_Old_N.uasset" 5768
"C:/Users/Admin/Documents/Unreal Projects/ai-project/Content/StarterContent/Textures/T_Brick_Clay_Old_N.uexp" 5769
"C:/Users/Admin/Documents/Unreal Projects/ai-project/Content/StarterContent/Textures/T_Brick_Clay_Old_D.ubulk" 5770
"C:/Users/Admin/Documents/Unreal Projects/ai-project/Content/StarterContent/Textures/T_Brick_Clay_Old_D.uasset" 5771
"C:/Users/Admin/Documents/Unreal Projects/ai-project/Content/StarterContent/Textures/T_Brick_Clay_Old_D.uexp" 5772
"C:/Users/Admin/Documents/Unreal Projects/ai-project/Content/StarterContent/Materials/M_Brick_Clay_Old.uasset" 5773
"C:/Users/Admin/Documents/Unreal Projects/ai-project/Content/StarterContent/Materials/M_Brick_Clay_Old.uexp" 5774
"C:/Users/Admin/Documents/Unreal Projects/ai-project/Content/StarterContent/Textures/T_Metal_Steel_D.ubulk" 5775
"C:/Users/Admin/Documents/Unreal Projects/ai-project/Content/StarterContent/Textures/T_Metal_Steel_D.uasset" 5776
"C:/Users/Admin/Documents/Unreal Projects/ai-project/Content/StarterContent/Textures/T_Metal_Steel_D.uexp" 5777
"C:/Users/Admin/Documents/Unreal Projects/ai-project/Content/StarterContent/Textures/T_Metal_Steel_N.ubulk" 5778
"C:/Users/Admin/Documents/Unreal Projects/ai-project/Content/StarterContent/Textures/T_Metal_Steel_N.uasset" 5779
"C:/Users/Admin/Documents/Unreal Projects/ai-project/Content/StarterContent/Textures/T_Metal_Steel_N.uexp" 5780
"C:/Users/Admin/Documents/Unreal Projects/ai-project/Content/StarterContent/Materials/M_Metal_Steel.uasset" 5781
"C:/Users/Admin/Documents/Unreal Projects/ai-project/Content/StarterContent/Materials/M_Metal_Steel.uexp" 5782
"C:/Users/Admin/Documents/Unreal Projects/ai-project/Content/StarterContent/Materials/M_Wood_Floor_Walnut_Polished.uasset" 5783
"C:/Users/Admin/Documents/Unreal Projects/ai-project/Content/StarterContent/Materials/M_Wood_Floor_Walnut_Polished.uexp" 5784
"C:/Users/Admin/Documents/Unreal Projects/ai-project/Content/StarterContent/Props/SM_Lamp_Wall.ubulk" 5785
"C:/Users/Admin/Documents/Unreal Projects/ai-project/Content/StarterContent/Props/SM_Lamp_Wall.uasset" 5786
"C:/Users/Admin/Documents/Unreal Projects/ai-project/Content/StarterContent/Props/SM_Lamp_Wall.uexp" 5787
"C:/Users/Admin/Documents/Unreal Projects/ai-project/Content/StarterContent/Blueprints/Blueprint_WallSconce.uasset" 5788
"C:/Users/Admin/Documents/Unreal Projects/ai-project/Content/StarterContent/Blueprints/Blueprint_WallSconce.uexp" 5789
"C:/Users/Admin/Documents/Unreal Projects/ai-project/Content/StarterContent/Textures/T_Tech_Panel_N.ubulk" 5790
"C:/Users/Admin/Documents/Unreal Projects/ai-project/Content/StarterContent/Textures/T_Tech_Panel_N.uasset" 5791
"C:/Users/Admin/Documents/Unreal Projects/ai-project/Content/StarterContent/Textures/T_Tech_Panel_N.uexp" 5792
"C:/Users/Admin/Documents/Unreal Projects/ai-project/Content/StarterContent/Textures/T_Tech_Panel_M.ubulk" 5793
"C:/Users/Admin/Documents/Unreal Projects/ai-project/Content/StarterContent/Textures/T_Tech_Panel_M.uasset" 5794
"C:/Users/Admin/Documents/Unreal Projects/ai-project/Content/StarterContent/Textures/T_Tech_Panel_M.uexp" 5795
"C:/Users/Admin/Documents/Unreal Projects/ai-project/Content/StarterContent/Materials/M_Tech_Panel.uasset" 5796
"C:/Users/Admin/Documents/Unreal Projects/ai-project/Content/StarterContent/Materials/M_Tech_Panel.uexp" 5797
"C:/Users/Admin/Documents/Unreal Projects/ai-project/Content/StarterContent/Materials/M_Tech_Hex_Tile_Pulse.uasset" 5798
"C:/Users/Admin/Documents/Unreal Projects/ai-project/Content/StarterContent/Materials/M_Tech_Hex_Tile_Pulse.uexp" 5799
"C:/Users/Admin/Documents/Unreal Projects/ai-project/Content/StarterContent/Props/SM_PillarFrame.ubulk" 5800
"C:/Users/Admin/Documents/Unreal Projects/ai-project/Content/StarterContent/Props/SM_PillarFrame.uasset" 5801
"C:/Users/Admin/Documents/Unreal Projects/ai-project/Content/StarterContent/Props/SM_PillarFrame.uexp" 5802
"C:/Users/Admin/Documents/Unreal Projects/ai-project/Content/StarterContent/Textures/T_TableRound_N.ubulk" 5803
"C:/Users/Admin/Documents/Unreal Projects/ai-project/Content/StarterContent/Textures/T_TableRound_N.uasset" 5804
"C:/Users/Admin/Documents/Unreal Projects/ai-project/Content/StarterContent/Textures/T_TableRound_N.uexp" 5805
"C:/Users/Admin/Documents/Unreal Projects/ai-project/Content/StarterContent/Textures/T_TableRound_M.ubulk" 5806
"C:/Users/Admin/Documents/Unreal Projects/ai-project/Content/StarterContent/Textures/T_TableRound_M.uasset" 5807
"C:/Users/Admin/Documents/Unreal Projects/ai-project/Content/StarterContent/Textures/T_TableRound_M.uexp" 5808
"C:/Users/Admin/Documents/Unreal Projects/ai-project/Content/StarterContent/Props/Materials/M_TableRound.uasset" 5809
"C:/Users/Admin/Documents/Unreal Projects/ai-project/Content/StarterContent/Props/Materials/M_TableRound.uexp" 5810
"C:/Users/Admin/Documents/Unreal Projects/ai-project/Content/StarterContent/Props/SM_TableRound.ubulk" 5811
"C:/Users/Admin/Documents/Unreal Projects/ai-project/Content/StarterContent/Props/SM_TableRound.uasset" 5812
"C:/Users/Admin/Documents/Unreal Projects/ai-project/Content/StarterContent/Props/SM_TableRound.uexp" 5813
"C:/Users/Admin/Documents/Unreal Projects/ai-project/Content/StarterContent/Textures/T_Fire_Tiled_D.ubulk" 5814
"C:/Users/Admin/Documents/Unreal Projects/ai-project/Content/StarterContent/Textures/T_Fire_Tiled_D.uasset" 5815
"C:/Users/Admin/Documents/Unreal Projects/ai-project/Content/StarterContent/Textures/T_Fire_Tiled_D.uexp" 5816
"C:/Users/Admin/Documents/Unreal Projects/ai-project/Content/StarterContent/Textures/T_Fire_SubUV.ubulk" 5817
"C:/Users/Admin/Documents/Unreal Projects/ai-project/Content/StarterContent/Textures/T_Fire_SubUV.uasset" 5818
"C:/Users/Admin/Documents/Unreal Projects/ai-project/Content/StarterContent/Textures/T_Fire_SubUV.uexp" 5819
"C:/Users/Admin/Documents/Unreal Projects/ai-project/Content/StarterContent/Particles/Materials/M_Fire_SubUV.uasset" 5820
"C:/Users/Admin/Documents/Unreal Projects/ai-project/Content/StarterContent/Particles/Materials/M_Fire_SubUV.uexp" 5821
"C:/Users/Admin/Documents/Unreal Projects/ai-project/Content/StarterContent/Particles/Materials/M_Heat_Distortion.uasset" 5822
"C:/Users/Admin/Documents/Unreal Projects/ai-project/Content/StarterContent/Particles/Materials/M_Heat_Distortion.uexp" 5823
"C:/Users/Admin/Documents/Unreal Projects/ai-project/Content/StarterContent/Particles/P_Fire.uasset" 5824
"C:/Users/Admin/Documents/Unreal Projects/ai-project/Content/StarterContent/Particles/P_Fire.uexp" 5825
"C:/Users/Admin/Documents/Unreal Projects/ai-project/Content/StarterContent/Audio/Fire01_Cue.uasset" 5826
"C:/Users/Admin/Documents/Unreal Projects/ai-project/Content/StarterContent/Audio/Fire01_Cue.uexp" 5827
"C:/Users/Admin/Documents/Unreal Projects/ai-project/Content/StarterContent/Blueprints/Blueprint_Effect_Fire.uasset" 5828
"C:/Users/Admin/Documents/Unreal Projects/ai-project/Content/StarterContent/Blueprints/Blueprint_Effect_Fire.uexp" 5829
"C:/Users/Admin/Documents/Unreal Projects/ai-project/Content/StarterContent/Textures/T_Wood_Oak_N.ubulk" 5830
"C:/Users/Admin/Documents/Unreal Projects/ai-project/Content/StarterContent/Textures/T_Wood_Oak_N.uasset" 5831
"C:/Users/Admin/Documents/Unreal Projects/ai-project/Content/StarterContent/Textures/T_Wood_Oak_N.uexp" 5832
"C:/Users/Admin/Documents/Unreal Projects/ai-project/Content/StarterContent/Textures/T_Wood_Oak_D.ubulk" 5833
"C:/Users/Admin/Documents/Unreal Projects/ai-project/Content/StarterContent/Textures/T_Wood_Oak_D.uasset" 5834
"C:/Users/Admin/Documents/Unreal Projects/ai-project/Content/StarterContent/Textures/T_Wood_Oak_D.uexp" 5835
"C:/Users/Admin/Documents/Unreal Projects/ai-project/Content/StarterContent/Materials/M_Wood_Oak.uasset" 5836
"C:/Users/Admin/Documents/Unreal Projects/ai-project/Content/StarterContent/Materials/M_Wood_Oak.uexp" 5837
"C:/Users/Admin/Documents/Unreal Projects/ai-project/Content/StarterContent/Architecture/Wall_Window_400x300.ubulk" 5838
"C:/Users/Admin/Documents/Unreal Projects/ai-project/Content/StarterContent/Architecture/Wall_Window_400x300.uasset" 5839
"C:/Users/Admin/Documents/Unreal Projects/ai-project/Content/StarterContent/Architecture/Wall_Window_400x300.uexp" 5840
"C:/Users/Admin/Documents/Unreal Projects/ai-project/Content/StarterContent/Textures/T_Brick_Hewn_Stone_N.ubulk" 5841
"C:/Users/Admin/Documents/Unreal Projects/ai-project/Content/StarterContent/Textures/T_Brick_Hewn_Stone_N.uasset" 5842
"C:/Users/Admin/Documents/Unreal Projects/ai-project/Content/StarterContent/Textures/T_Brick_Hewn_Stone_N.uexp" 5843
"C:/Users/Admin/Documents/Unreal Projects/ai-project/Content/StarterContent/Textures/T_Brick_Hewn_Stone_D.ubulk" 5844
"C:/Users/Admin/Documents/Unreal Projects/ai-project/Content/StarterContent/Textures/T_Brick_Hewn_Stone_D.uasset" 5845
"C:/Users/Admin/Documents/Unreal Projects/ai-project/Content/StarterContent/Textures/T_Brick_Hewn_Stone_D.uexp" 5846
"C:/Users/Admin/Documents/Unreal Projects/ai-project/Content/StarterContent/Textures/T_Brick_Hewn_Stone_M.ubulk" 5847
"C:/Users/Admin/Documents/Unreal Projects/ai-project/Content/StarterContent/Textures/T_Brick_Hewn_Stone_M.uasset" 5848
"C:/Users/Admin/Documents/Unreal Projects/ai-project/Content/StarterContent/Textures/T_Brick_Hewn_Stone_M.uexp" 5849
"C:/Users/Admin/Documents/Unreal Projects/ai-project/Content/StarterContent/Materials/M_Brick_Hewn_Stone.uasset" 5850
"C:/Users/Admin/Documents/Unreal Projects/ai-project/Content/StarterContent/Materials/M_Brick_Hewn_Stone.uexp" 5851
"C:/Users/Admin/Documents/Unreal Projects/ai-project/Content/StarterContent/Audio/Smoke01_Cue.uasset" 5852
"C:/Users/Admin/Documents/Unreal Projects/ai-project/Content/StarterContent/Audio/Smoke01_Cue.uexp" 5853
"C:/Users/Admin/Documents/Unreal Projects/ai-project/Content/StarterContent/Particles/P_Smoke.uasset" 5854
"C:/Users/Admin/Documents/Unreal Projects/ai-project/Content/StarterContent/Particles/P_Smoke.uexp" 5855
"C:/Users/Admin/Documents/Unreal Projects/ai-project/Content/StarterContent/Blueprints/Blueprint_Effect_Smoke.uasset" 5856
"C:/Users/Admin/Documents/Unreal Projects/ai-project/Content/StarterContent/Blueprints/Blueprint_Effect_Smoke.uexp" 5857
"C:/Users/Admin/Documents/Unreal Projects/ai-project/Content/StarterContent/Textures/T_CobbleStone_Rough_N.ubulk" 5858
"C:/Users/Admin/Documents/Unreal Projects/ai-project/Content/StarterContent/Textures/T_CobbleStone_Rough_N.uasset" 5859
"C:/Users/Admin/Documents/Unreal Projects/ai-project/Content/StarterContent/Textures/T_CobbleStone_Rough_N.uexp" 5860
"C:/Users/Admin/Documents/Unreal Projects/ai-project/Content/StarterContent/Textures/T_CobbleStone_Rough_D.ubulk" 5861
"C:/Users/Admin/Documents/Unreal Projects/ai-project/Content/StarterContent/Textures/T_CobbleStone_Rough_D.uasset" 5862
"C:/Users/Admin/Documents/Unreal Projects/ai-project/Content/StarterContent/Textures/T_CobbleStone_Rough_D.uexp" 5863
"C:/Users/Admin/Documents/Unreal Projects/ai-project/Content/StarterContent/Materials/M_CobbleStone_Rough.uasset" 5864
"C:/Users/Admin/Documents/Unreal Projects/ai-project/Content/StarterContent/Materials/M_CobbleStone_Rough.uexp" 5865
"C:/Users/Admin/Documents/Unreal Projects/ai-project/Content/StarterContent/Textures/T_Statue_M.ubulk" 5866
"C:/Users/Admin/Documents/Unreal Projects/ai-project/Content/StarterContent/Textures/T_Statue_M.uasset" 5867
"C:/Users/Admin/Documents/Unreal Projects/ai-project/Content/StarterContent/Textures/T_Statue_M.uexp" 5868
"C:/Users/Admin/Documents/Unreal Projects/ai-project/Content/StarterContent/Textures/T_Statue_N.ubulk" 5869
"C:/Users/Admin/Documents/Unreal Projects/ai-project/Content/StarterContent/Textures/T_Statue_N.uasset" 5870
"C:/Users/Admin/Documents/Unreal Projects/ai-project/Content/StarterContent/Textures/T_Statue_N.uexp" 5871
"C:/Users/Admin/Documents/Unreal Projects/ai-project/Content/StarterContent/Props/Materials/M_Statue.uasset" 5872
"C:/Users/Admin/Documents/Unreal Projects/ai-project/Content/StarterContent/Props/Materials/M_Statue.uexp" 5873
"C:/Users/Admin/Documents/Unreal Projects/ai-project/Content/StarterContent/Props/Materials/M_StatueGlass.uasset" 5874
"C:/Users/Admin/Documents/Unreal Projects/ai-project/Content/StarterContent/Props/Materials/M_StatueGlass.uexp" 5875
"C:/Users/Admin/Documents/Unreal Projects/ai-project/Content/StarterContent/Props/SM_Statue.ubulk" 5876
"C:/Users/Admin/Documents/Unreal Projects/ai-project/Content/StarterContent/Props/SM_Statue.uasset" 5877
"C:/Users/Admin/Documents/Unreal Projects/ai-project/Content/StarterContent/Props/SM_Statue.uexp" 5878
"C:/Users/Admin/Documents/Unreal Projects/ai-project/Content/StarterContent/Textures/T_ground_Moss_D.ubulk" 5879
"C:/Users/Admin/Documents/Unreal Projects/ai-project/Content/StarterContent/Textures/T_ground_Moss_D.uasset" 5880
"C:/Users/Admin/Documents/Unreal Projects/ai-project/Content/StarterContent/Textures/T_ground_Moss_D.uexp" 5881
"C:/Users/Admin/Documents/Unreal Projects/ai-project/Content/StarterContent/Textures/T_Ground_Moss_N.ubulk" 5882
"C:/Users/Admin/Documents/Unreal Projects/ai-project/Content/StarterContent/Textures/T_Ground_Moss_N.uasset" 5883
"C:/Users/Admin/Documents/Unreal Projects/ai-project/Content/StarterContent/Textures/T_Ground_Moss_N.uexp" 5884
"C:/Users/Admin/Documents/Unreal Projects/ai-project/Content/StarterContent/Materials/M_Ground_Moss.uasset" 5885
"C:/Users/Admin/Documents/Unreal Projects/ai-project/Content/StarterContent/Materials/M_Ground_Moss.uexp" 5886
"C:/Users/Admin/Documents/Unreal Projects/ai-project/Content/StarterContent/Props/SM_PillarFrame300.ubulk" 5887
"C:/Users/Admin/Documents/Unreal Projects/ai-project/Content/StarterContent/Props/SM_PillarFrame300.uasset" 5888
"C:/Users/Admin/Documents/Unreal Projects/ai-project/Content/StarterContent/Props/SM_PillarFrame300.uexp" 5889
"C:/Users/Admin/Documents/Unreal Projects/ai-project/Content/StarterContent/Materials/M_Metal_Chrome.uasset" 5890
"C:/Users/Admin/Documents/Unreal Projects/ai-project/Content/StarterContent/Materials/M_Metal_Chrome.uexp" 5891
"C:/Users/Admin/Documents/Unreal Projects/ai-project/Content/StarterContent/Textures/T_Ground_Grass_D.ubulk" 5892
"C:/Users/Admin/Documents/Unreal Projects/ai-project/Content/StarterContent/Textures/T_Ground_Grass_D.uasset" 5893
"C:/Users/Admin/Documents/Unreal Projects/ai-project/Content/StarterContent/Textures/T_Ground_Grass_D.uexp" 5894
"C:/Users/Admin/Documents/Unreal Projects/ai-project/Content/StarterContent/Textures/T_Ground_Grass_N.ubulk" 5895
"C:/Users/Admin/Documents/Unreal Projects/ai-project/Content/StarterContent/Textures/T_Ground_Grass_N.uasset" 5896
"C:/Users/Admin/Documents/Unreal Projects/ai-project/Content/StarterContent/Textures/T_Ground_Grass_N.uexp" 5897
"C:/Users/Admin/Documents/Unreal Projects/ai-project/Content/StarterContent/Materials/M_Ground_Grass.uasset" 5898
"C:/Users/Admin/Documents/Unreal Projects/ai-project/Content/StarterContent/Materials/M_Ground_Grass.uexp" 5899
"C:/Users/Admin/Documents/Unreal Projects/ai-project/Content/StarterContent/Textures/T_Metal_Gold_D.ubulk" 5900
"C:/Users/Admin/Documents/Unreal Projects/ai-project/Content/StarterContent/Textures/T_Metal_Gold_D.uasset" 5901
"C:/Users/Admin/Documents/Unreal Projects/ai-project/Content/StarterContent/Textures/T_Metal_Gold_D.uexp" 5902
"C:/Users/Admin/Documents/Unreal Projects/ai-project/Content/StarterContent/Materials/M_Metal_Gold.uasset" 5903
"C:/Users/Admin/Documents/Unreal Projects/ai-project/Content/StarterContent/Materials/M_Metal_Gold.uexp" 5904
"C:/Users/Admin/Documents/Unreal Projects/ai-project/Content/StarterContent/Audio/Starter_Background_Cue.uasset" 5905
"C:/Users/Admin/Documents/Unreal Projects/ai-project/Content/StarterContent/Audio/Starter_Background_Cue.uexp" 5906
"C:/Users/Admin/Documents/Unreal Projects/ai-project/Content/StarterContent/Maps/StarterMap_BuiltData.ubulk" 5907
"C:/Users/Admin/Documents/Unreal Projects/ai-project/Content/StarterContent/Maps/StarterMap_BuiltData.uasset" 5908
"C:/Users/Admin/Documents/Unreal Projects/ai-project/Content/StarterContent/Maps/StarterMap_BuiltData.uexp" 5909
"C:/Users/Admin/Documents/Unreal Projects/ai-project/Content/StarterContent/Props/SM_CornerFrame.ubulk" 5910
"C:/Users/Admin/Documents/Unreal Projects/ai-project/Content/StarterContent/Props/SM_CornerFrame.uasset" 5911
"C:/Users/Admin/Documents/Unreal Projects/ai-project/Content/StarterContent/Props/SM_CornerFrame.uexp" 5912
"C:/Users/Admin/Documents/Unreal Projects/ai-project/Content/StarterContent/Shapes/Shape_Sphere.ubulk" 5913
"C:/Users/Admin/Documents/Unreal Projects/ai-project/Content/StarterContent/Shapes/Shape_Sphere.uasset" 5914
"C:/Users/Admin/Documents/Unreal Projects/ai-project/Content/StarterContent/Shapes/Shape_Sphere.uexp" 5915
"C:/Users/Admin/Documents/Unreal Projects/ai-project/Content/StarterContent/Audio/Starter_Music_Cue.uasset" 5916
"C:/Users/Admin/Documents/Unreal Projects/ai-project/Content/StarterContent/Audio/Starter_Music_Cue.uexp" 5917
"C:/Users/Admin/Documents/Unreal Projects/ai-project/Content/StarterContent/Shapes/Shape_QuadPyramid.ubulk" 5918
"C:/Users/Admin/Documents/Unreal Projects/ai-project/Content/StarterContent/Shapes/Shape_QuadPyramid.uasset" 5919
"C:/Users/Admin/Documents/Unreal Projects/ai-project/Content/StarterContent/Shapes/Shape_QuadPyramid.uexp" 5920
"C:/Users/Admin/Documents/Unreal Projects/ai-project/Content/StarterContent/Textures/T_Metal_Aluminum_D.ubulk" 5921
"C:/Users/Admin/Documents/Unreal Projects/ai-project/Content/StarterContent/Textures/T_Metal_Aluminum_D.uasset" 5922
"C:/Users/Admin/Documents/Unreal Projects/ai-project/Content/StarterContent/Textures/T_Metal_Aluminum_D.uexp" 5923
"C:/Users/Admin/Documents/Unreal Projects/ai-project/Content/StarterContent/Materials/M_Metal_Burnished_Steel.uasset" 5924
"C:/Users/Admin/Documents/Unreal Projects/ai-project/Content/StarterContent/Materials/M_Metal_Burnished_Steel.uexp" 5925
"C:/Users/Admin/Documents/Unreal Projects/ai-project/Content/StarterContent/Props/SM_Chair.ubulk" 5926
"C:/Users/Admin/Documents/Unreal Projects/ai-project/Content/StarterContent/Props/SM_Chair.uasset" 5927
"C:/Users/Admin/Documents/Unreal Projects/ai-project/Content/StarterContent/Props/SM_Chair.uexp" 5928
"C:/Users/Admin/Documents/Unreal Projects/ai-project/Content/StarterContent/Textures/T_Concrete_Panels_D.ubulk" 5929
"C:/Users/Admin/Documents/Unreal Projects/ai-project/Content/StarterContent/Textures/T_Concrete_Panels_D.uasset" 5930
"C:/Users/Admin/Documents/Unreal Projects/ai-project/Content/StarterContent/Textures/T_Concrete_Panels_D.uexp" 5931
"C:/Users/Admin/Documents/Unreal Projects/ai-project/Content/StarterContent/Textures/T_Concrete_Panels_N.ubulk" 5932
"C:/Users/Admin/Documents/Unreal Projects/ai-project/Content/StarterContent/Textures/T_Concrete_Panels_N.uasset" 5933
"C:/Users/Admin/Documents/Unreal Projects/ai-project/Content/StarterContent/Textures/T_Concrete_Panels_N.uexp" 5934
"C:/Users/Admin/Documents/Unreal Projects/ai-project/Content/StarterContent/Materials/M_Concrete_Panels.uasset" 5935
"C:/Users/Admin/Documents/Unreal Projects/ai-project/Content/StarterContent/Materials/M_Concrete_Panels.uexp" 5936
"C:/Users/Admin/Documents/Unreal Projects/ai-project/Content/StarterContent/Maps/StarterMap.uexp" 5937
"C:/Users/Admin/Documents/Unreal Projects/ai-project/Content/StarterContent/Maps/StarterMap.umap" 5938
"C:/Users/Admin/Documents/Unreal Projects/ai-project/Content/StarterContent/Maps/Minimal_Default_BuiltData.ubulk" 5939
"C:/Users/Admin/Documents/Unreal Projects/ai-project/Content/StarterContent/Maps/Minimal_Default_BuiltData.uasset" 5940
"C:/Users/Admin/Documents/Unreal Projects/ai-project/Content/StarterContent/Maps/Minimal_Default_BuiltData.uexp" 5941
"C:/Users/Admin/Documents/Unreal Projects/ai-project/Content/StarterContent/Maps/Minimal_Default.uexp" 5942
"C:/Users/Admin/Documents/Unreal Projects/ai-project/Content/StarterContent/Maps/Minimal_Default.umap" 5943
"C:/Users/Admin/Documents/Unreal Projects/ai-project/Content/StarterContent/Maps/Advanced_Lighting_BuiltData.ubulk" 5944
"C:/Users/Admin/Documents/Unreal Projects/ai-project/Content/StarterContent/Maps/Advanced_Lighting_BuiltData.uasset" 5945
"C:/Users/Admin/Documents/Unreal Projects/ai-project/Content/StarterContent/Maps/Advanced_Lighting_BuiltData.uexp" 5946
"C:/Users/Admin/Documents/Unreal Projects/ai-project/Content/StarterContent/Materials/M_AssetPlatform.uasset" 5947
"C:/Users/Admin/Documents/Unreal Projects/ai-project/Content/StarterContent/Materials/M_AssetPlatform.uexp" 5948
"C:/Users/Admin/Documents/Unreal Projects/ai-project/Content/StarterContent/Architecture/SM_AssetPlatform.ubulk" 5949
"C:/Users/Admin/Documents/Unreal Projects/ai-project/Content/StarterContent/Architecture/SM_AssetPlatform.uasset" 5950
"C:/Users/Admin/Documents/Unreal Projects/ai-project/Content/StarterContent/Architecture/SM_AssetPlatform.uexp" 5951
"../../../Engine/Content/MapTemplates/Sky/DaylightAmbientCubemap.uasset" 5952
"../../../Engine/Content/MapTemplates/Sky/DaylightAmbientCubemap.uexp" 5953
"C:/Users/Admin/Documents/Unreal Projects/ai-project/Content/StarterContent/Blueprints/Assets/M_LightStage_Skybox_Master.uasset" 5954
"C:/Users/Admin/Documents/Unreal Projects/ai-project/Content/StarterContent/Blueprints/Assets/M_LightStage_Skybox_Master.uexp" 5955
"C:/Users/Admin/Documents/Unreal Projects/ai-project/Content/StarterContent/Blueprints/Assets/M_LightStage_Skybox_HDRI.uasset" 5956
"C:/Users/Admin/Documents/Unreal Projects/ai-project/Content/StarterContent/Blueprints/Assets/M_LightStage_Skybox_HDRI.uexp" 5957
"C:/Users/Admin/Documents/Unreal Projects/ai-project/Content/StarterContent/HDRI/HDRI_Epic_Courtyard_Daylight.uasset" 5958
"C:/Users/Admin/Documents/Unreal Projects/ai-project/Content/StarterContent/HDRI/HDRI_Epic_Courtyard_Daylight.uexp" 5959
"C:/Users/Admin/Documents/Unreal Projects/ai-project/Content/StarterContent/Blueprints/Assets/SunlightColorLUT.uasset" 5960
"C:/Users/Admin/Documents/Unreal Projects/ai-project/Content/StarterContent/Blueprints/Assets/SunlightColorLUT.uexp" 5961
"C:/Users/Admin/Documents/Unreal Projects/ai-project/Content/StarterContent/Blueprints/Assets/M_LightStage_Skybox_Black.uasset" 5962
"C:/Users/Admin/Documents/Unreal Projects/ai-project/Content/StarterContent/Blueprints/Assets/M_LightStage_Skybox_Black.uexp" 5963
"C:/Users/Admin/Documents/Unreal Projects/ai-project/Content/StarterContent/Blueprints/Assets/FogBrightnessLUT.uasset" 5964
"C:/Users/Admin/Documents/Unreal Projects/ai-project/Content/StarterContent/Blueprints/Assets/FogBrightnessLUT.uexp" 5965
"C:/Users/Admin/Documents/Unreal Projects/ai-project/Content/StarterContent/Blueprints/Assets/SM_Arrows.ubulk" 5966
"C:/Users/Admin/Documents/Unreal Projects/ai-project/Content/StarterContent/Blueprints/Assets/SM_Arrows.uasset" 5967
"C:/Users/Admin/Documents/Unreal Projects/ai-project/Content/StarterContent/Blueprints/Assets/SM_Arrows.uexp" 5968
"C:/Users/Admin/Documents/Unreal Projects/ai-project/Content/StarterContent/Blueprints/Assets/M_LightStage_Arrows.uasset" 5969
"C:/Users/Admin/Documents/Unreal Projects/ai-project/Content/StarterContent/Blueprints/Assets/M_LightStage_Arrows.uexp" 5970
"../../../Engine/Content/ArtTools/RenderToTexture/MaterialFunctions/CheckerPattern.uasset" 5971
"../../../Engine/Content/ArtTools/RenderToTexture/MaterialFunctions/CheckerPattern.uexp" 5972
"../../../Engine/Content/Functions/Engine_MaterialFunctions02/ScreenResolution.uasset" 5973
"../../../Engine/Content/Functions/Engine_MaterialFunctions02/ScreenResolution.uexp" 5974
"../../../Engine/Content/Functions/Engine_MaterialFunctions02/Texturing/ScreenAlignedUVs.uasset" 5975
"../../../Engine/Content/Functions/Engine_MaterialFunctions02/Texturing/ScreenAlignedUVs.uexp" 5976
"../../../Engine/Content/EditorMaterials/Thumbnails/SkySphereMaterial.uasset" 5977
"../../../Engine/Content/EditorMaterials/Thumbnails/SkySphereMaterial.uexp" 5978
"C:/Users/Admin/Documents/Unreal Projects/ai-project/Content/StarterContent/Blueprints/Assets/Skybox.ubulk" 5979
"C:/Users/Admin/Documents/Unreal Projects/ai-project/Content/StarterContent/Blueprints/Assets/Skybox.uasset" 5980
"C:/Users/Admin/Documents/Unreal Projects/ai-project/Content/StarterContent/Blueprints/Assets/Skybox.uexp" 5981
"C:/Users/Admin/Documents/Unreal Projects/ai-project/Content/StarterContent/Blueprints/BP_LightStudio.uasset" 5982
"C:/Users/Admin/Documents/Unreal Projects/ai-project/Content/StarterContent/Blueprints/BP_LightStudio.uexp" 5983
"../../../Engine/Content/EditorMeshes/ColorCalibrator/M_GreyBall.uasset" 5984
"../../../Engine/Content/EditorMeshes/ColorCalibrator/M_GreyBall.uexp" 5985
"../../../Engine/Content/EditorMeshes/ColorCalibrator/M_ClearCoat.uasset" 5986
"../../../Engine/Content/EditorMeshes/ColorCalibrator/M_ClearCoat.uexp" 5987
"../../../Engine/Content/EditorMeshes/ColorCalibrator/M_ChromeBall.uasset" 5988
"../../../Engine/Content/EditorMeshes/ColorCalibrator/M_ChromeBall.uexp" 5989
"../../../Engine/Content/EditorMeshes/ColorCalibrator/M_ClearCoatBlack.uasset" 5990
"../../../Engine/Content/EditorMeshes/ColorCalibrator/M_ClearCoatBlack.uexp" 5991
"../../../Engine/Content/EditorMeshes/ColorCalibrator/Color_checker.ubulk" 5992
"../../../Engine/Content/EditorMeshes/ColorCalibrator/Color_checker.uasset" 5993
"../../../Engine/Content/EditorMeshes/ColorCalibrator/Color_checker.uexp" 5994
"../../../Engine/Content/EditorMeshes/ColorCalibrator/M_ColorGrid.uasset" 5995
"../../../Engine/Content/EditorMeshes/ColorCalibrator/M_ColorGrid.uexp" 5996
"../../../Engine/Content/EditorMeshes/ColorCalibrator/SM_ColorCalibrator.ubulk" 5997
"../../../Engine/Content/EditorMeshes/ColorCalibrator/SM_ColorCalibrator.uasset" 5998
"../../../Engine/Content/EditorMeshes/ColorCalibrator/SM_ColorCalibrator.uexp" 5999
"C:/Users/Admin/Documents/Unreal Projects/ai-project/Content/StarterContent/Maps/Advanced_Lighting.uexp" 6000
"C:/Users/Admin/Documents/Unreal Projects/ai-project/Content/StarterContent/Maps/Advanced_Lighting.umap" 6001
"C:/Users/Admin/Documents/Unreal Projects/ai-project/Content/Maps/_GENERATED/Josephine/CubeGridToolOutput_366A40F0.ubulk" 6002
"C:/Users/Admin/Documents/Unreal Projects/ai-project/Content/Maps/_GENERATED/Josephine/CubeGridToolOutput_366A40F0.uasset" 6003
"C:/Users/Admin/Documents/Unreal Projects/ai-project/Content/Maps/_GENERATED/Josephine/CubeGridToolOutput_366A40F0.uexp" 6004
"C:/Users/Admin/Documents/Unreal Projects/ai-project/Content/ExternalAssets/FBX_format_graveyard/iron-fence-border_iron-fence-border.ubulk" 6005
"C:/Users/Admin/Documents/Unreal Projects/ai-project/Content/ExternalAssets/FBX_format_graveyard/iron-fence-border_iron-fence-border.uasset" 6006
"C:/Users/Admin/Documents/Unreal Projects/ai-project/Content/ExternalAssets/FBX_format_graveyard/iron-fence-border_iron-fence-border.uexp" 6007
"C:/Users/Admin/Documents/Unreal Projects/ai-project/Content/ExternalAssets/FBX_format_furni/bedBunk_bedBunk.ubulk" 6008
"C:/Users/Admin/Documents/Unreal Projects/ai-project/Content/ExternalAssets/FBX_format_furni/bedBunk_bedBunk.uasset" 6009
"C:/Users/Admin/Documents/Unreal Projects/ai-project/Content/ExternalAssets/FBX_format_furni/bedBunk_bedBunk.uexp" 6010
"C:/Users/Admin/Documents/Unreal Projects/ai-project/Content/Maps/_GENERATED/Josephine/CubeGridToolOutput_9524E72F.ubulk" 6011
"C:/Users/Admin/Documents/Unreal Projects/ai-project/Content/Maps/_GENERATED/Josephine/CubeGridToolOutput_9524E72F.uasset" 6012
"C:/Users/Admin/Documents/Unreal Projects/ai-project/Content/Maps/_GENERATED/Josephine/CubeGridToolOutput_9524E72F.uexp" 6013
"C:/Users/Admin/Documents/Unreal Projects/ai-project/Content/8BitRPGAdventureMusicPackI/wav/8-Bit_RPG_Adventure_Music_Pack_I/6_Snowy_Village/Snowy_Village__Loopable_.ubulk" 6014
"C:/Users/Admin/Documents/Unreal Projects/ai-project/Content/8BitRPGAdventureMusicPackI/wav/8-Bit_RPG_Adventure_Music_Pack_I/6_Snowy_Village/Snowy_Village__Loopable_.uasset" 6015
"C:/Users/Admin/Documents/Unreal Projects/ai-project/Content/8BitRPGAdventureMusicPackI/wav/8-Bit_RPG_Adventure_Music_Pack_I/6_Snowy_Village/Snowy_Village__Loopable_.uexp" 6016
"C:/Users/Admin/Documents/Unreal Projects/ai-project/Content/8BitRPGAdventureMusicPackI/cues/8-Bit_RPG_Adventure_Music_Pack_I/6_Snowy_Village/Snowy_Village__Loopable__Cue.uasset" 6017
"C:/Users/Admin/Documents/Unreal Projects/ai-project/Content/8BitRPGAdventureMusicPackI/cues/8-Bit_RPG_Adventure_Music_Pack_I/6_Snowy_Village/Snowy_Village__Loopable__Cue.uexp" 6018
"C:/Users/Admin/Documents/Unreal Projects/ai-project/Content/UI/WBP_PrisonUI.uasset" 6019
"C:/Users/Admin/Documents/Unreal Projects/ai-project/Content/UI/WBP_PrisonUI.uexp" 6020
"C:/Users/Admin/Documents/Unreal Projects/ai-project/Content/Maps/_GENERATED/Josephine/CubeGridToolOutput_0ECABDAB.ubulk" 6021
"C:/Users/Admin/Documents/Unreal Projects/ai-project/Content/Maps/_GENERATED/Josephine/CubeGridToolOutput_0ECABDAB.uasset" 6022
"C:/Users/Admin/Documents/Unreal Projects/ai-project/Content/Maps/_GENERATED/Josephine/CubeGridToolOutput_0ECABDAB.uexp" 6023
"C:/Users/Admin/Documents/Unreal Projects/ai-project/Content/Maps/_GENERATED/Josephine/CubeGridToolOutput_C337F727.ubulk" 6024
"C:/Users/Admin/Documents/Unreal Projects/ai-project/Content/Maps/_GENERATED/Josephine/CubeGridToolOutput_C337F727.uasset" 6025
"C:/Users/Admin/Documents/Unreal Projects/ai-project/Content/Maps/_GENERATED/Josephine/CubeGridToolOutput_C337F727.uexp" 6026
"C:/Users/Admin/Documents/Unreal Projects/ai-project/Content/ExternalAssets/FBX_format_furni/toilet_toilet.ubulk" 6027
"C:/Users/Admin/Documents/Unreal Projects/ai-project/Content/ExternalAssets/FBX_format_furni/toilet_toilet.uasset" 6028
"C:/Users/Admin/Documents/Unreal Projects/ai-project/Content/ExternalAssets/FBX_format_furni/toilet_toilet.uexp" 6029
"C:/Users/Admin/Documents/Unreal Projects/ai-project/Content/ExternalAssets/FBX_format_graveyard/iron-fence-border-column_iron-fence-border-column.ubulk" 6030
"C:/Users/Admin/Documents/Unreal Projects/ai-project/Content/ExternalAssets/FBX_format_graveyard/iron-fence-border-column_iron-fence-border-column.uasset" 6031
"C:/Users/Admin/Documents/Unreal Projects/ai-project/Content/ExternalAssets/FBX_format_graveyard/iron-fence-border-column_iron-fence-border-column.uexp" 6032
"C:/Users/Admin/Documents/Unreal Projects/ai-project/Content/Maps/_GENERATED/Josephine/CubeGridToolOutput_10D07EAF.ubulk" 6033
"C:/Users/Admin/Documents/Unreal Projects/ai-project/Content/Maps/_GENERATED/Josephine/CubeGridToolOutput_10D07EAF.uasset" 6034
"C:/Users/Admin/Documents/Unreal Projects/ai-project/Content/Maps/_GENERATED/Josephine/CubeGridToolOutput_10D07EAF.uexp" 6035
"../../../Engine/Content/EngineMaterials/DefaultPhysicalMaterial.uasset" 6036
"../../../Engine/Content/EngineMaterials/DefaultPhysicalMaterial.uexp" 6037
"C:/Users/Admin/Documents/Unreal Projects/ai-project/Content/ExternalAssets/FBX_format_furni/tableCross_tableCross.ubulk" 6038
"C:/Users/Admin/Documents/Unreal Projects/ai-project/Content/ExternalAssets/FBX_format_furni/tableCross_tableCross.uasset" 6039
"C:/Users/Admin/Documents/Unreal Projects/ai-project/Content/ExternalAssets/FBX_format_furni/tableCross_tableCross.uexp" 6040
"C:/Users/Admin/Documents/Unreal Projects/ai-project/Content/ExternalAssets/fonts/VCR_OSD_MONO_1_001.uexp" 6041
"C:/Users/Admin/Documents/Unreal Projects/ai-project/Content/ExternalAssets/fonts/VCR_OSD_MONO_1_001.uasset" 6042
"C:/Users/Admin/Documents/Unreal Projects/ai-project/Content/ExternalAssets/fonts/VCR_OSD_MONO_1_001.ufont" 6043
"C:/Users/Admin/Documents/Unreal Projects/ai-project/Content/ExternalAssets/fonts/VCR_OSD_MONO_1_001_Font.uasset" 6044
"C:/Users/Admin/Documents/Unreal Projects/ai-project/Content/ExternalAssets/fonts/VCR_OSD_MONO_1_001_Font.uexp" 6045
"C:/Users/Admin/Documents/Unreal Projects/ai-project/Content/UI/MyPlayerHUDUI.uasset" 6046
"C:/Users/Admin/Documents/Unreal Projects/ai-project/Content/UI/MyPlayerHUDUI.uexp" 6047
"../../../Engine/Plugins/Interchange/Runtime/Content/gltf/MaterialInstances/MI_Default_Mask.uasset" 6048
"../../../Engine/Plugins/Interchange/Runtime/Content/gltf/MaterialInstances/MI_Default_Mask.uexp" 6049
"C:/Users/Admin/Documents/Unreal Projects/ai-project/Content/StarterContent/Architecture/texture_door1.uasset" 6050
"C:/Users/Admin/Documents/Unreal Projects/ai-project/Content/StarterContent/Architecture/texture_door1.uexp" 6051
"C:/Users/Admin/Documents/Unreal Projects/ai-project/Content/StarterContent/Architecture/texture_11.uasset" 6052
"C:/Users/Admin/Documents/Unreal Projects/ai-project/Content/StarterContent/Architecture/texture_11.uexp" 6053
"C:/Users/Admin/Documents/Unreal Projects/ai-project/Content/StarterContent/Architecture/n.ubulk" 6054
"C:/Users/Admin/Documents/Unreal Projects/ai-project/Content/StarterContent/Architecture/n.uasset" 6055
"C:/Users/Admin/Documents/Unreal Projects/ai-project/Content/StarterContent/Architecture/n.uexp" 6056
"C:/Users/Admin/Documents/Unreal Projects/ai-project/Content/ExternalAssets/FBX_format_graveyard/iron-fence-border-gate_iron-fence-border-gate.ubulk" 6057
"C:/Users/Admin/Documents/Unreal Projects/ai-project/Content/ExternalAssets/FBX_format_graveyard/iron-fence-border-gate_iron-fence-border-gate.uasset" 6058
"C:/Users/Admin/Documents/Unreal Projects/ai-project/Content/ExternalAssets/FBX_format_graveyard/iron-fence-border-gate_iron-fence-border-gate.uexp" 6059
"C:/Users/Admin/Documents/Unreal Projects/ai-project/Content/Maps/_GENERATED/Josephine/CubeGridToolOutput_E10D966B.ubulk" 6060
"C:/Users/Admin/Documents/Unreal Projects/ai-project/Content/Maps/_GENERATED/Josephine/CubeGridToolOutput_E10D966B.uasset" 6061
"C:/Users/Admin/Documents/Unreal Projects/ai-project/Content/Maps/_GENERATED/Josephine/CubeGridToolOutput_E10D966B.uexp" 6062
"C:/Users/Admin/Documents/Unreal Projects/ai-project/Content/Maps/_GENERATED/Josephine/CubeGridToolOutput_6EBDFD3E.ubulk" 6063
"C:/Users/Admin/Documents/Unreal Projects/ai-project/Content/Maps/_GENERATED/Josephine/CubeGridToolOutput_6EBDFD3E.uasset" 6064
"C:/Users/Admin/Documents/Unreal Projects/ai-project/Content/Maps/_GENERATED/Josephine/CubeGridToolOutput_6EBDFD3E.uexp" 6065
"C:/Users/Admin/Documents/Unreal Projects/ai-project/Content/ExternalAssets/FBX_format_graveyard/iron-fence-border-curve_iron-fence-border-curve.ubulk" 6066
"C:/Users/Admin/Documents/Unreal Projects/ai-project/Content/ExternalAssets/FBX_format_graveyard/iron-fence-border-curve_iron-fence-border-curve.uasset" 6067
"C:/Users/Admin/Documents/Unreal Projects/ai-project/Content/ExternalAssets/FBX_format_graveyard/iron-fence-border-curve_iron-fence-border-curve.uexp" 6068
"C:/Users/Admin/Documents/Unreal Projects/ai-project/Content/Maps/_GENERATED/Josephine/CubeGridToolOutput_23A387F6.ubulk" 6069
"C:/Users/Admin/Documents/Unreal Projects/ai-project/Content/Maps/_GENERATED/Josephine/CubeGridToolOutput_23A387F6.uasset" 6070
"C:/Users/Admin/Documents/Unreal Projects/ai-project/Content/Maps/_GENERATED/Josephine/CubeGridToolOutput_23A387F6.uexp" 6071
"C:/Users/Admin/Documents/Unreal Projects/ai-project/Content/Anim/Guard/ABP_Inmate.uasset" 6072
"C:/Users/Admin/Documents/Unreal Projects/ai-project/Content/Anim/Guard/ABP_Inmate.uexp" 6073
"C:/Users/Admin/Documents/Unreal Projects/ai-project/Content/Characters/Prisoner/character_PhysicsAsset.uasset" 6074
"C:/Users/Admin/Documents/Unreal Projects/ai-project/Content/Characters/Prisoner/character_PhysicsAsset.uexp" 6075
"C:/Users/Admin/Documents/Unreal Projects/ai-project/Content/Characters/Prisoner/Ch36_1001_Diffuse.ubulk" 6076
"C:/Users/Admin/Documents/Unreal Projects/ai-project/Content/Characters/Prisoner/Ch36_1001_Diffuse.uasset" 6077
"C:/Users/Admin/Documents/Unreal Projects/ai-project/Content/Characters/Prisoner/Ch36_1001_Diffuse.uexp" 6078
"C:/Users/Admin/Documents/Unreal Projects/ai-project/Content/Characters/Prisoner/Ch36_1001_Specular.ubulk" 6079
"C:/Users/Admin/Documents/Unreal Projects/ai-project/Content/Characters/Prisoner/Ch36_1001_Specular.uasset" 6080
"C:/Users/Admin/Documents/Unreal Projects/ai-project/Content/Characters/Prisoner/Ch36_1001_Specular.uexp" 6081
"C:/Users/Admin/Documents/Unreal Projects/ai-project/Content/Characters/Prisoner/Ch36_1001_Normal.ubulk" 6082
"C:/Users/Admin/Documents/Unreal Projects/ai-project/Content/Characters/Prisoner/Ch36_1001_Normal.uasset" 6083
"C:/Users/Admin/Documents/Unreal Projects/ai-project/Content/Characters/Prisoner/Ch36_1001_Normal.uexp" 6084
"C:/Users/Admin/Documents/Unreal Projects/ai-project/Content/Characters/Prisoner/Ch36_1001_Glossiness.ubulk" 6085
"C:/Users/Admin/Documents/Unreal Projects/ai-project/Content/Characters/Prisoner/Ch36_1001_Glossiness.uasset" 6086
"C:/Users/Admin/Documents/Unreal Projects/ai-project/Content/Characters/Prisoner/Ch36_1001_Glossiness.uexp" 6087
"C:/Users/Admin/Documents/Unreal Projects/ai-project/Content/Characters/Prisoner/Ch36_Body.uasset" 6088
"C:/Users/Admin/Documents/Unreal Projects/ai-project/Content/Characters/Prisoner/Ch36_Body.uexp" 6089
"C:/Users/Admin/Documents/Unreal Projects/ai-project/Content/Characters/Prisoner/SM_Prisoner.uasset" 6090
"C:/Users/Admin/Documents/Unreal Projects/ai-project/Content/Characters/Prisoner/SM_Prisoner.uexp" 6091
"C:/Users/Admin/Documents/Unreal Projects/ai-project/Content/Goals/Prisoner/Pawn/BP_Prisoner.uasset" 6092
"C:/Users/Admin/Documents/Unreal Projects/ai-project/Content/Goals/Prisoner/Pawn/BP_Prisoner.uexp" 6093
"C:/Users/Admin/Documents/Unreal Projects/ai-project/Content/Maps/TestLevel.uexp" 6094
"C:/Users/Admin/Documents/Unreal Projects/ai-project/Content/Maps/TestLevel.ubulk" 6095
"C:/Users/Admin/Documents/Unreal Projects/ai-project/Content/Maps/TestLevel.umap" 6096
"C:/Users/Admin/Documents/Unreal Projects/ai-project/Content/RamsterZ_FreeAnims_Volume1/AnimationSequence/Paired/Paired_Knife_GripVariant_Stealth_KidneyAndNeck_Att.uasset" 6097
"C:/Users/Admin/Documents/Unreal Projects/ai-project/Content/RamsterZ_FreeAnims_Volume1/AnimationSequence/Paired/Paired_Knife_GripVariant_Stealth_KidneyAndNeck_Att.uexp" 6098
"C:/Users/Admin/Documents/Unreal Projects/ai-project/Content/RamsterZ_FreeAnims_Volume1/Demo/Floors_and_Walls/Materials/m_PropMaterial.uasset" 6099
"C:/Users/Admin/Documents/Unreal Projects/ai-project/Content/RamsterZ_FreeAnims_Volume1/Demo/Floors_and_Walls/Materials/m_PropMaterial.uexp" 6100
"C:/Users/Admin/Documents/Unreal Projects/ai-project/Content/RamsterZ_FreeAnims_Volume1/Demo/Floors_and_Walls/Materials/m_red.uasset" 6101
"C:/Users/Admin/Documents/Unreal Projects/ai-project/Content/RamsterZ_FreeAnims_Volume1/Demo/Floors_and_Walls/Materials/m_red.uexp" 6102
"C:/Users/Admin/Documents/Unreal Projects/ai-project/Content/RamsterZ_FreeAnims_Volume1/Demo/Props/OneHandSword_Mesh.ubulk" 6103
"C:/Users/Admin/Documents/Unreal Projects/ai-project/Content/RamsterZ_FreeAnims_Volume1/Demo/Props/OneHandSword_Mesh.uasset" 6104
"C:/Users/Admin/Documents/Unreal Projects/ai-project/Content/RamsterZ_FreeAnims_Volume1/Demo/Props/OneHandSword_Mesh.uexp" 6105
"C:/Users/Admin/Documents/Unreal Projects/ai-project/Content/RamsterZ_FreeAnims_Volume1/Demo/Mannequin/Character/Textures/UE4_LOGO_CARD.ubulk" 6106
"C:/Users/Admin/Documents/Unreal Projects/ai-project/Content/RamsterZ_FreeAnims_Volume1/Demo/Mannequin/Character/Textures/UE4_LOGO_CARD.uasset" 6107
"C:/Users/Admin/Documents/Unreal Projects/ai-project/Content/RamsterZ_FreeAnims_Volume1/Demo/Mannequin/Character/Textures/UE4_LOGO_CARD.uexp" 6108
"C:/Users/Admin/Documents/Unreal Projects/ai-project/Content/RamsterZ_FreeAnims_Volume1/Demo/Mannequin/Character/Materials/MaterialLayers/ML_Plastic_Shiny_Beige_LOGO.uasset" 6109
"C:/Users/Admin/Documents/Unreal Projects/ai-project/Content/RamsterZ_FreeAnims_Volume1/Demo/Mannequin/Character/Materials/MaterialLayers/ML_Plastic_Shiny_Beige_LOGO.uexp" 6110
"C:/Users/Admin/Documents/Unreal Projects/ai-project/Content/RamsterZ_FreeAnims_Volume1/Demo/Mannequin/Character/Materials/MaterialLayers/ML_Plastic_Shiny_Beige.uasset" 6111
"C:/Users/Admin/Documents/Unreal Projects/ai-project/Content/RamsterZ_FreeAnims_Volume1/Demo/Mannequin/Character/Materials/MaterialLayers/ML_Plastic_Shiny_Beige.uexp" 6112
"C:/Users/Admin/Documents/Unreal Projects/ai-project/Content/RamsterZ_FreeAnims_Volume1/Demo/Mannequin/Character/Materials/MaterialLayers/T_ML_Rubber_Blue_01_D.ubulk" 6113
"C:/Users/Admin/Documents/Unreal Projects/ai-project/Content/RamsterZ_FreeAnims_Volume1/Demo/Mannequin/Character/Materials/MaterialLayers/T_ML_Rubber_Blue_01_D.uasset" 6114
"C:/Users/Admin/Documents/Unreal Projects/ai-project/Content/RamsterZ_FreeAnims_Volume1/Demo/Mannequin/Character/Materials/MaterialLayers/T_ML_Rubber_Blue_01_D.uexp" 6115
"C:/Users/Admin/Documents/Unreal Projects/ai-project/Content/RamsterZ_FreeAnims_Volume1/Demo/Mannequin/Character/Materials/MaterialLayers/T_ML_Rubber_Blue_01_N.ubulk" 6116
"C:/Users/Admin/Documents/Unreal Projects/ai-project/Content/RamsterZ_FreeAnims_Volume1/Demo/Mannequin/Character/Materials/MaterialLayers/T_ML_Rubber_Blue_01_N.uasset" 6117
"C:/Users/Admin/Documents/Unreal Projects/ai-project/Content/RamsterZ_FreeAnims_Volume1/Demo/Mannequin/Character/Materials/MaterialLayers/T_ML_Rubber_Blue_01_N.uexp" 6118
"C:/Users/Admin/Documents/Unreal Projects/ai-project/Content/RamsterZ_FreeAnims_Volume1/Demo/Mannequin/Character/Materials/MaterialLayers/ML_GlossyBlack_Latex_UE4.uasset" 6119
"C:/Users/Admin/Documents/Unreal Projects/ai-project/Content/RamsterZ_FreeAnims_Volume1/Demo/Mannequin/Character/Materials/MaterialLayers/ML_GlossyBlack_Latex_UE4.uexp" 6120
"C:/Users/Admin/Documents/Unreal Projects/ai-project/Content/RamsterZ_FreeAnims_Volume1/Demo/Mannequin/Character/Materials/MaterialLayers/T_ML_Aluminum01_N.ubulk" 6121
"C:/Users/Admin/Documents/Unreal Projects/ai-project/Content/RamsterZ_FreeAnims_Volume1/Demo/Mannequin/Character/Materials/MaterialLayers/T_ML_Aluminum01_N.uasset" 6122
"C:/Users/Admin/Documents/Unreal Projects/ai-project/Content/RamsterZ_FreeAnims_Volume1/Demo/Mannequin/Character/Materials/MaterialLayers/T_ML_Aluminum01_N.uexp" 6123
"C:/Users/Admin/Documents/Unreal Projects/ai-project/Content/RamsterZ_FreeAnims_Volume1/Demo/Mannequin/Character/Materials/MaterialLayers/T_ML_Aluminum01.ubulk" 6124
"C:/Users/Admin/Documents/Unreal Projects/ai-project/Content/RamsterZ_FreeAnims_Volume1/Demo/Mannequin/Character/Materials/MaterialLayers/T_ML_Aluminum01.uasset" 6125
"C:/Users/Admin/Documents/Unreal Projects/ai-project/Content/RamsterZ_FreeAnims_Volume1/Demo/Mannequin/Character/Materials/MaterialLayers/T_ML_Aluminum01.uexp" 6126
"C:/Users/Admin/Documents/Unreal Projects/ai-project/Content/RamsterZ_FreeAnims_Volume1/Demo/Mannequin/Character/Materials/MaterialLayers/ML_SoftMetal_UE4.uasset" 6127
"C:/Users/Admin/Documents/Unreal Projects/ai-project/Content/RamsterZ_FreeAnims_Volume1/Demo/Mannequin/Character/Materials/MaterialLayers/ML_SoftMetal_UE4.uexp" 6128
"C:/Users/Admin/Documents/Unreal Projects/ai-project/Content/RamsterZ_FreeAnims_Volume1/Demo/Mannequin/Character/Textures/UE4_Mannequin__normals.ubulk" 6129
"C:/Users/Admin/Documents/Unreal Projects/ai-project/Content/RamsterZ_FreeAnims_Volume1/Demo/Mannequin/Character/Textures/UE4_Mannequin__normals.uasset" 6130
"C:/Users/Admin/Documents/Unreal Projects/ai-project/Content/RamsterZ_FreeAnims_Volume1/Demo/Mannequin/Character/Textures/UE4_Mannequin__normals.uexp" 6131
"C:/Users/Admin/Documents/Unreal Projects/ai-project/Content/RamsterZ_FreeAnims_Volume1/Demo/Mannequin/Character/Textures/UE4_Mannequin_MAT_MASKA.ubulk" 6132
"C:/Users/Admin/Documents/Unreal Projects/ai-project/Content/RamsterZ_FreeAnims_Volume1/Demo/Mannequin/Character/Textures/UE4_Mannequin_MAT_MASKA.uasset" 6133
"C:/Users/Admin/Documents/Unreal Projects/ai-project/Content/RamsterZ_FreeAnims_Volume1/Demo/Mannequin/Character/Textures/UE4_Mannequin_MAT_MASKA.uexp" 6134
"C:/Users/Admin/Documents/Unreal Projects/ai-project/Content/RamsterZ_FreeAnims_Volume1/Demo/Mannequin/Character/Materials/M_UE4Man_Body.uasset" 6135
"C:/Users/Admin/Documents/Unreal Projects/ai-project/Content/RamsterZ_FreeAnims_Volume1/Demo/Mannequin/Character/Materials/M_UE4Man_Body.uexp" 6136
"C:/Users/Admin/Documents/Unreal Projects/ai-project/Content/RamsterZ_FreeAnims_Volume1/Demo/Mannequin/Character/Textures/UE4Man_Logo_N.ubulk" 6137
"C:/Users/Admin/Documents/Unreal Projects/ai-project/Content/RamsterZ_FreeAnims_Volume1/Demo/Mannequin/Character/Textures/UE4Man_Logo_N.uasset" 6138
"C:/Users/Admin/Documents/Unreal Projects/ai-project/Content/RamsterZ_FreeAnims_Volume1/Demo/Mannequin/Character/Textures/UE4Man_Logo_N.uexp" 6139
"C:/Users/Admin/Documents/Unreal Projects/ai-project/Content/RamsterZ_FreeAnims_Volume1/Demo/Mannequin/Character/Materials/M_UE4Man_ChestLogo.uasset" 6140
"C:/Users/Admin/Documents/Unreal Projects/ai-project/Content/RamsterZ_FreeAnims_Volume1/Demo/Mannequin/Character/Materials/M_UE4Man_ChestLogo.uexp" 6141
"C:/Users/Admin/Documents/Unreal Projects/ai-project/Content/RamsterZ_FreeAnims_Volume1/Demo/Mannequin/Character/Mesh/SK_Mannequin_PhysicsAsset.uasset" 6142
"C:/Users/Admin/Documents/Unreal Projects/ai-project/Content/RamsterZ_FreeAnims_Volume1/Demo/Mannequin/Character/Mesh/SK_Mannequin_PhysicsAsset.uexp" 6143
"C:/Users/Admin/Documents/Unreal Projects/ai-project/Content/RamsterZ_FreeAnims_Volume1/Demo/Mannequin/Character/Mesh/SK_Mannequin.uasset" 6144
"C:/Users/Admin/Documents/Unreal Projects/ai-project/Content/RamsterZ_FreeAnims_Volume1/Demo/Mannequin/Character/Mesh/SK_Mannequin.uexp" 6145
"C:/Users/Admin/Documents/Unreal Projects/ai-project/Content/RamsterZ_FreeAnims_Volume1/Demo/Mannequin/Character/Mesh/BP_Knife_GripVariant_Mann.uasset" 6146
"C:/Users/Admin/Documents/Unreal Projects/ai-project/Content/RamsterZ_FreeAnims_Volume1/Demo/Mannequin/Character/Mesh/BP_Knife_GripVariant_Mann.uexp" 6147
"C:/Users/Admin/Documents/Unreal Projects/ai-project/Content/RamsterZ_FreeAnims_Volume1/AnimationSequence/Paired/Paired_Idle_Standing_ShakeHug.uasset" 6148
"C:/Users/Admin/Documents/Unreal Projects/ai-project/Content/RamsterZ_FreeAnims_Volume1/AnimationSequence/Paired/Paired_Idle_Standing_ShakeHug.uexp" 6149
"C:/Users/Admin/Documents/Unreal Projects/ai-project/Content/RamsterZ_FreeAnims_Volume1/Demo/Mannequin/Character/Mesh/BP_Sword_Mann.uasset" 6150
"C:/Users/Admin/Documents/Unreal Projects/ai-project/Content/RamsterZ_FreeAnims_Volume1/Demo/Mannequin/Character/Mesh/BP_Sword_Mann.uexp" 6151
"C:/Users/Admin/Documents/Unreal Projects/ai-project/Content/RamsterZ_FreeAnims_Volume1/AnimationSequence/Paired/Paired_ForceChoke_Start_Att.uasset" 6152
"C:/Users/Admin/Documents/Unreal Projects/ai-project/Content/RamsterZ_FreeAnims_Volume1/AnimationSequence/Paired/Paired_ForceChoke_Start_Att.uexp" 6153
"C:/Users/Admin/Documents/Unreal Projects/ai-project/Content/RamsterZ_FreeAnims_Volume1/AnimationSequence/Paired/Paired_ForceChoke_Vic.uasset" 6154
"C:/Users/Admin/Documents/Unreal Projects/ai-project/Content/RamsterZ_FreeAnims_Volume1/AnimationSequence/Paired/Paired_ForceChoke_Vic.uexp" 6155
"C:/Users/Admin/Documents/Unreal Projects/ai-project/Content/RamsterZ_FreeAnims_Volume1/AnimationSequence/H2H/H2H_PunchCombo01.uasset" 6156
"C:/Users/Admin/Documents/Unreal Projects/ai-project/Content/RamsterZ_FreeAnims_Volume1/AnimationSequence/H2H/H2H_PunchCombo01.uexp" 6157
"C:/Users/Admin/Documents/Unreal Projects/ai-project/Content/RamsterZ_FreeAnims_Volume1/AnimationSequence/H2H/H2H_Kick01.uasset" 6158
"C:/Users/Admin/Documents/Unreal Projects/ai-project/Content/RamsterZ_FreeAnims_Volume1/AnimationSequence/H2H/H2H_Kick01.uexp" 6159
"../../../Engine/Content/EngineSky/C_Sky_Horizon_Color.uasset" 6160
"../../../Engine/Content/EngineSky/C_Sky_Horizon_Color.uexp" 6161
"../../../Engine/Content/EngineSky/C_Sky_Cloud_Color.uasset" 6162
"../../../Engine/Content/EngineSky/C_Sky_Cloud_Color.uexp" 6163
"../../../Engine/Content/EngineSky/C_Sky_Zenith_Color.uasset" 6164
"../../../Engine/Content/EngineSky/C_Sky_Zenith_Color.uexp" 6165
"../../../Engine/Content/EngineSky/BP_Sky_Sphere.uasset" 6166
"../../../Engine/Content/EngineSky/BP_Sky_Sphere.uexp" 6167
"C:/Users/Admin/Documents/Unreal Projects/ai-project/Content/RamsterZ_FreeAnims_Volume1/AnimationSequence/Paired/Paired_Couple_KissOnCheek01_Att.uasset" 6168
"C:/Users/Admin/Documents/Unreal Projects/ai-project/Content/RamsterZ_FreeAnims_Volume1/AnimationSequence/Paired/Paired_Couple_KissOnCheek01_Att.uexp" 6169
"C:/Users/Admin/Documents/Unreal Projects/ai-project/Content/RamsterZ_FreeAnims_Volume1/AnimationSequence/H2H/Standing_Idle.uasset" 6170
"C:/Users/Admin/Documents/Unreal Projects/ai-project/Content/RamsterZ_FreeAnims_Volume1/AnimationSequence/H2H/Standing_Idle.uexp" 6171
"C:/Users/Admin/Documents/Unreal Projects/ai-project/Content/RamsterZ_FreeAnims_Volume1/AnimationSequence/Paired/Paired_SneakNeckBreak_Vic.uasset" 6172
"C:/Users/Admin/Documents/Unreal Projects/ai-project/Content/RamsterZ_FreeAnims_Volume1/AnimationSequence/Paired/Paired_SneakNeckBreak_Vic.uexp" 6173
"C:/Users/Admin/Documents/Unreal Projects/ai-project/Content/RamsterZ_FreeAnims_Volume1/AnimationSequence/Paired/Paired_Knife_Stealth_KidneyAndNeck_Vic.uasset" 6174
"C:/Users/Admin/Documents/Unreal Projects/ai-project/Content/RamsterZ_FreeAnims_Volume1/AnimationSequence/Paired/Paired_Knife_Stealth_KidneyAndNeck_Vic.uexp" 6175
"C:/Users/Admin/Documents/Unreal Projects/ai-project/Content/RamsterZ_FreeAnims_Volume1/AnimationSequence/Paired/Paired_Knife_Stealth_KidneyAndNeck_Att.uasset" 6176
"C:/Users/Admin/Documents/Unreal Projects/ai-project/Content/RamsterZ_FreeAnims_Volume1/AnimationSequence/Paired/Paired_Knife_Stealth_KidneyAndNeck_Att.uexp" 6177
"C:/Users/Admin/Documents/Unreal Projects/ai-project/Content/RamsterZ_FreeAnims_Volume1/AnimationSequence/Paired/Paired_ForceChoke_End_Att.uasset" 6178
"C:/Users/Admin/Documents/Unreal Projects/ai-project/Content/RamsterZ_FreeAnims_Volume1/AnimationSequence/Paired/Paired_ForceChoke_End_Att.uexp" 6179
"C:/Users/Admin/Documents/Unreal Projects/ai-project/Content/RamsterZ_FreeAnims_Volume1/AnimationSequence/Paired/Paired_SneakNeckBreak_Att.uasset" 6180
"C:/Users/Admin/Documents/Unreal Projects/ai-project/Content/RamsterZ_FreeAnims_Volume1/AnimationSequence/Paired/Paired_SneakNeckBreak_Att.uexp" 6181
"C:/Users/Admin/Documents/Unreal Projects/ai-project/Content/RamsterZ_FreeAnims_Volume1/AnimationSequence/SillyGesture/SillyGesture03.uasset" 6182
"C:/Users/Admin/Documents/Unreal Projects/ai-project/Content/RamsterZ_FreeAnims_Volume1/AnimationSequence/SillyGesture/SillyGesture03.uexp" 6183
"C:/Users/Admin/Documents/Unreal Projects/ai-project/Content/RamsterZ_FreeAnims_Volume1/AnimationSequence/Paired/Paired_CounterPunch_PalmStrike_Vic.uasset" 6184
"C:/Users/Admin/Documents/Unreal Projects/ai-project/Content/RamsterZ_FreeAnims_Volume1/AnimationSequence/Paired/Paired_CounterPunch_PalmStrike_Vic.uexp" 6185
"C:/Users/Admin/Documents/Unreal Projects/ai-project/Content/RamsterZ_FreeAnims_Volume1/AnimationSequence/H2H/H2H_Kick02.uasset" 6186
"C:/Users/Admin/Documents/Unreal Projects/ai-project/Content/RamsterZ_FreeAnims_Volume1/AnimationSequence/H2H/H2H_Kick02.uexp" 6187
"C:/Users/Admin/Documents/Unreal Projects/ai-project/Content/RamsterZ_FreeAnims_Volume1/AnimationSequence/TalkGesture/TalkGesture_Dramatic02.uasset" 6188
"C:/Users/Admin/Documents/Unreal Projects/ai-project/Content/RamsterZ_FreeAnims_Volume1/AnimationSequence/TalkGesture/TalkGesture_Dramatic02.uexp" 6189
"C:/Users/Admin/Documents/Unreal Projects/ai-project/Content/RamsterZ_FreeAnims_Volume1/AnimationSequence/Paired/Paired_GroinKick_Att.uasset" 6190
"C:/Users/Admin/Documents/Unreal Projects/ai-project/Content/RamsterZ_FreeAnims_Volume1/AnimationSequence/Paired/Paired_GroinKick_Att.uexp" 6191
"C:/Users/Admin/Documents/Unreal Projects/ai-project/Content/RamsterZ_FreeAnims_Volume1/AnimationSequence/Paired/Paired_ForceChoke_End_Vic.uasset" 6192
"C:/Users/Admin/Documents/Unreal Projects/ai-project/Content/RamsterZ_FreeAnims_Volume1/AnimationSequence/Paired/Paired_ForceChoke_End_Vic.uexp" 6193
"C:/Users/Admin/Documents/Unreal Projects/ai-project/Content/RamsterZ_FreeAnims_Volume1/Demo/Mannequin/Character/Mesh/BP_Knife_Mann.uasset" 6194
"C:/Users/Admin/Documents/Unreal Projects/ai-project/Content/RamsterZ_FreeAnims_Volume1/Demo/Mannequin/Character/Mesh/BP_Knife_Mann.uexp" 6195
"C:/Users/Admin/Documents/Unreal Projects/ai-project/Content/RamsterZ_FreeAnims_Volume1/AnimationSequence/H2H/H2H_PunchCombo03.uasset" 6196
"C:/Users/Admin/Documents/Unreal Projects/ai-project/Content/RamsterZ_FreeAnims_Volume1/AnimationSequence/H2H/H2H_PunchCombo03.uexp" 6197
"C:/Users/Admin/Documents/Unreal Projects/ai-project/Content/RamsterZ_FreeAnims_Volume1/AnimationSequence/Paired/Paired_PressUpThrow_Vic.uasset" 6198
"C:/Users/Admin/Documents/Unreal Projects/ai-project/Content/RamsterZ_FreeAnims_Volume1/AnimationSequence/Paired/Paired_PressUpThrow_Vic.uexp" 6199
"C:/Users/Admin/Documents/Unreal Projects/ai-project/Content/RamsterZ_FreeAnims_Volume1/AnimationSequence/H2H/H2H_PunchCombo02.uasset" 6200
"C:/Users/Admin/Documents/Unreal Projects/ai-project/Content/RamsterZ_FreeAnims_Volume1/AnimationSequence/H2H/H2H_PunchCombo02.uexp" 6201
"C:/Users/Admin/Documents/Unreal Projects/ai-project/Content/RamsterZ_FreeAnims_Volume1/AnimationSequence/1HM/1HM_Idle.uasset" 6202
"C:/Users/Admin/Documents/Unreal Projects/ai-project/Content/RamsterZ_FreeAnims_Volume1/AnimationSequence/1HM/1HM_Idle.uexp" 6203
"C:/Users/Admin/Documents/Unreal Projects/ai-project/Content/RamsterZ_FreeAnims_Volume1/AnimationSequence/SillyGesture/SillyGesture02.uasset" 6204
"C:/Users/Admin/Documents/Unreal Projects/ai-project/Content/RamsterZ_FreeAnims_Volume1/AnimationSequence/SillyGesture/SillyGesture02.uexp" 6205
"C:/Users/Admin/Documents/Unreal Projects/ai-project/Content/RamsterZ_FreeAnims_Volume1/AnimationSequence/Paired/Paired_ForceChoke_Loop_Att.uasset" 6206
"C:/Users/Admin/Documents/Unreal Projects/ai-project/Content/RamsterZ_FreeAnims_Volume1/AnimationSequence/Paired/Paired_ForceChoke_Loop_Att.uexp" 6207
"C:/Users/Admin/Documents/Unreal Projects/ai-project/Content/RamsterZ_FreeAnims_Volume1/AnimationSequence/SillyGesture/SillyGesture04.uasset" 6208
"C:/Users/Admin/Documents/Unreal Projects/ai-project/Content/RamsterZ_FreeAnims_Volume1/AnimationSequence/SillyGesture/SillyGesture04.uexp" 6209
"C:/Users/Admin/Documents/Unreal Projects/ai-project/Content/RamsterZ_FreeAnims_Volume1/AnimationSequence/Paired/Paired_GroinKick_Vic.uasset" 6210
"C:/Users/Admin/Documents/Unreal Projects/ai-project/Content/RamsterZ_FreeAnims_Volume1/AnimationSequence/Paired/Paired_GroinKick_Vic.uexp" 6211
"C:/Users/Admin/Documents/Unreal Projects/ai-project/Content/RamsterZ_FreeAnims_Volume1/AnimationSequence/Paired/Paired_PushShove_Vic.uasset" 6212
"C:/Users/Admin/Documents/Unreal Projects/ai-project/Content/RamsterZ_FreeAnims_Volume1/AnimationSequence/Paired/Paired_PushShove_Vic.uexp" 6213
"C:/Users/Admin/Documents/Unreal Projects/ai-project/Content/RamsterZ_FreeAnims_Volume1/AnimationSequence/H2H/H2H_Kick03.uasset" 6214
"C:/Users/Admin/Documents/Unreal Projects/ai-project/Content/RamsterZ_FreeAnims_Volume1/AnimationSequence/H2H/H2H_Kick03.uexp" 6215
"C:/Users/Admin/Documents/Unreal Projects/ai-project/Content/RamsterZ_FreeAnims_Volume1/AnimationSequence/Paired/Paired_PressUpThrow_Att.uasset" 6216
"C:/Users/Admin/Documents/Unreal Projects/ai-project/Content/RamsterZ_FreeAnims_Volume1/AnimationSequence/Paired/Paired_PressUpThrow_Att.uexp" 6217
"C:/Users/Admin/Documents/Unreal Projects/ai-project/Content/RamsterZ_FreeAnims_Volume1/AnimationSequence/SillyGesture/SillyGesture01.uasset" 6218
"C:/Users/Admin/Documents/Unreal Projects/ai-project/Content/RamsterZ_FreeAnims_Volume1/AnimationSequence/SillyGesture/SillyGesture01.uexp" 6219
"C:/Users/Admin/Documents/Unreal Projects/ai-project/Content/RamsterZ_FreeAnims_Volume1/AnimationSequence/1HM/1HM_AerialSwing01_Forward.uasset" 6220
"C:/Users/Admin/Documents/Unreal Projects/ai-project/Content/RamsterZ_FreeAnims_Volume1/AnimationSequence/1HM/1HM_AerialSwing01_Forward.uexp" 6221
"C:/Users/Admin/Documents/Unreal Projects/ai-project/Content/RamsterZ_FreeAnims_Volume1/AnimationSequence/H2H/H2H_Kick04.uasset" 6222
"C:/Users/Admin/Documents/Unreal Projects/ai-project/Content/RamsterZ_FreeAnims_Volume1/AnimationSequence/H2H/H2H_Kick04.uexp" 6223
"C:/Users/Admin/Documents/Unreal Projects/ai-project/Content/RamsterZ_FreeAnims_Volume1/AnimationSequence/Paired/Paired_PushShove_Att.uasset" 6224
"C:/Users/Admin/Documents/Unreal Projects/ai-project/Content/RamsterZ_FreeAnims_Volume1/AnimationSequence/Paired/Paired_PushShove_Att.uexp" 6225
"C:/Users/Admin/Documents/Unreal Projects/ai-project/Content/RamsterZ_FreeAnims_Volume1/AnimationSequence/Paired/Paired_ForceChoke_Att.uasset" 6226
"C:/Users/Admin/Documents/Unreal Projects/ai-project/Content/RamsterZ_FreeAnims_Volume1/AnimationSequence/Paired/Paired_ForceChoke_Att.uexp" 6227
"C:/Users/Admin/Documents/Unreal Projects/ai-project/Content/RamsterZ_FreeAnims_Volume1/AnimationSequence/Paired/Paired_CounterPunch_PalmStrike_Att.uasset" 6228
"C:/Users/Admin/Documents/Unreal Projects/ai-project/Content/RamsterZ_FreeAnims_Volume1/AnimationSequence/Paired/Paired_CounterPunch_PalmStrike_Att.uexp" 6229
"C:/Users/Admin/Documents/Unreal Projects/ai-project/Content/RamsterZ_FreeAnims_Volume1/AnimationSequence/H2H/Stealth_Idle.uasset" 6230
"C:/Users/Admin/Documents/Unreal Projects/ai-project/Content/RamsterZ_FreeAnims_Volume1/AnimationSequence/H2H/Stealth_Idle.uexp" 6231
"C:/Users/Admin/Documents/Unreal Projects/ai-project/Content/RamsterZ_FreeAnims_Volume1/Demo/Floors_and_Walls/Mesh/TemplateFloor.ubulk" 6232
"C:/Users/Admin/Documents/Unreal Projects/ai-project/Content/RamsterZ_FreeAnims_Volume1/Demo/Floors_and_Walls/Mesh/TemplateFloor.uasset" 6233
"C:/Users/Admin/Documents/Unreal Projects/ai-project/Content/RamsterZ_FreeAnims_Volume1/Demo/Floors_and_Walls/Mesh/TemplateFloor.uexp" 6234
"C:/Users/Admin/Documents/Unreal Projects/ai-project/Content/RamsterZ_FreeAnims_Volume1/AnimationSequence/Paired/Paired_Couple_KissOnCheek01_Vic.uasset" 6235
"C:/Users/Admin/Documents/Unreal Projects/ai-project/Content/RamsterZ_FreeAnims_Volume1/AnimationSequence/Paired/Paired_Couple_KissOnCheek01_Vic.uexp" 6236
"C:/Users/Admin/Documents/Unreal Projects/ai-project/Content/RamsterZ_FreeAnims_Volume1/AnimationSequence/1HM/1HM_AerialSwing01_2HitCombo.uasset" 6237
"C:/Users/Admin/Documents/Unreal Projects/ai-project/Content/RamsterZ_FreeAnims_Volume1/AnimationSequence/1HM/1HM_AerialSwing01_2HitCombo.uexp" 6238
"C:/Users/Admin/Documents/Unreal Projects/ai-project/Content/RamsterZ_FreeAnims_Volume1/AnimationSequence/Paired/Paired_ForceChoke_Loop_Vic.uasset" 6239
"C:/Users/Admin/Documents/Unreal Projects/ai-project/Content/RamsterZ_FreeAnims_Volume1/AnimationSequence/Paired/Paired_ForceChoke_Loop_Vic.uexp" 6240
"C:/Users/Admin/Documents/Unreal Projects/ai-project/Content/RamsterZ_FreeAnims_Volume1/AnimationSequence/Paired/Paired_Idle_Standing_Hug.uasset" 6241
"C:/Users/Admin/Documents/Unreal Projects/ai-project/Content/RamsterZ_FreeAnims_Volume1/AnimationSequence/Paired/Paired_Idle_Standing_Hug.uexp" 6242
"C:/Users/Admin/Documents/Unreal Projects/ai-project/Content/RamsterZ_FreeAnims_Volume1/AnimationSequence/H2H/H2H_Idle.uasset" 6243
"C:/Users/Admin/Documents/Unreal Projects/ai-project/Content/RamsterZ_FreeAnims_Volume1/AnimationSequence/H2H/H2H_Idle.uexp" 6244
"C:/Users/Admin/Documents/Unreal Projects/ai-project/Content/RamsterZ_FreeAnims_Volume1/Demo/Floors_and_Walls/Materials/m_lightBlue.uasset" 6245
"C:/Users/Admin/Documents/Unreal Projects/ai-project/Content/RamsterZ_FreeAnims_Volume1/Demo/Floors_and_Walls/Materials/m_lightBlue.uexp" 6246
"C:/Users/Admin/Documents/Unreal Projects/ai-project/Content/RamsterZ_FreeAnims_Volume1/AnimationSequence/Paired/Paired_ForceChoke_Start_Vic.uasset" 6247
"C:/Users/Admin/Documents/Unreal Projects/ai-project/Content/RamsterZ_FreeAnims_Volume1/AnimationSequence/Paired/Paired_ForceChoke_Start_Vic.uexp" 6248
"C:/Users/Admin/Documents/Unreal Projects/ai-project/Content/RamsterZ_FreeAnims_Volume1/Demo/Maps/level_RamsterZ_EpicMegaJam_2022.uexp" 6249
"C:/Users/Admin/Documents/Unreal Projects/ai-project/Content/RamsterZ_FreeAnims_Volume1/Demo/Maps/level_RamsterZ_EpicMegaJam_2022.umap" 6250
"C:/Users/Admin/Documents/Unreal Projects/ai-project/Content/DetectiveAnimations/Animations/AS_Inspects2.uasset" 6251
"C:/Users/Admin/Documents/Unreal Projects/ai-project/Content/DetectiveAnimations/Animations/AS_Inspects2.uexp" 6252
"C:/Users/Admin/Documents/Unreal Projects/ai-project/Content/DetectiveAnimations/Animations/AS_Peeking.uasset" 6253
"C:/Users/Admin/Documents/Unreal Projects/ai-project/Content/DetectiveAnimations/Animations/AS_Peeking.uexp" 6254
"C:/Users/Admin/Documents/Unreal Projects/ai-project/Content/DetectiveAnimations/Animations/AS_Inspects4.uasset" 6255
"C:/Users/Admin/Documents/Unreal Projects/ai-project/Content/DetectiveAnimations/Animations/AS_Inspects4.uexp" 6256
"C:/Users/Admin/Documents/Unreal Projects/ai-project/Content/DetectiveAnimations/Animations/AS_Inspects5.uasset" 6257
"C:/Users/Admin/Documents/Unreal Projects/ai-project/Content/DetectiveAnimations/Animations/AS_Inspects5.uexp" 6258
"C:/Users/Admin/Documents/Unreal Projects/ai-project/Content/DetectiveAnimations/Animations/AS_Witness2.uasset" 6259
"C:/Users/Admin/Documents/Unreal Projects/ai-project/Content/DetectiveAnimations/Animations/AS_Witness2.uexp" 6260
"C:/Users/Admin/Documents/Unreal Projects/ai-project/Content/DetectiveAnimations/Animations/AS_Inspects.uasset" 6261
"C:/Users/Admin/Documents/Unreal Projects/ai-project/Content/DetectiveAnimations/Animations/AS_Inspects.uexp" 6262
"C:/Users/Admin/Documents/Unreal Projects/ai-project/Content/DetectiveAnimations/Animations/AS_FencingOffCrimeScene.uasset" 6263
"C:/Users/Admin/Documents/Unreal Projects/ai-project/Content/DetectiveAnimations/Animations/AS_FencingOffCrimeScene.uexp" 6264
"../../../Engine/Content/EngineMaterials/BlendFunc_DefBlend.uasset" 6265
"../../../Engine/Content/EngineMaterials/BlendFunc_DefBlend.uexp" 6266
"../../../Engine/Content/OpenWorldTemplate/LandscapeMaterial/T_GridChecker_A.ubulk" 6267
"../../../Engine/Content/OpenWorldTemplate/LandscapeMaterial/T_GridChecker_A.uasset" 6268
"../../../Engine/Content/OpenWorldTemplate/LandscapeMaterial/T_GridChecker_A.uexp" 6269
"../../../Engine/Content/EngineMaterials/BlendFunc_DefBase.uasset" 6270
"../../../Engine/Content/EngineMaterials/BlendFunc_DefBase.uexp" 6271
"../../../Engine/Content/Functions/Engine_MaterialFunctions03/Blends/Blend_Overlay.uasset" 6272
"../../../Engine/Content/Functions/Engine_MaterialFunctions03/Blends/Blend_Overlay.uexp" 6273
"../../../Engine/Content/OpenWorldTemplate/LandscapeMaterial/MF_ProcGrid.uasset" 6274
"../../../Engine/Content/OpenWorldTemplate/LandscapeMaterial/MF_ProcGrid.uexp" 6275
"../../../Engine/Content/OpenWorldTemplate/LandscapeMaterial/M_ProcGrid.uasset" 6276
"../../../Engine/Content/OpenWorldTemplate/LandscapeMaterial/M_ProcGrid.uexp" 6277
"../../../Engine/Content/OpenWorldTemplate/LandscapeMaterial/MI_ProcGrid.uasset" 6278
"../../../Engine/Content/OpenWorldTemplate/LandscapeMaterial/MI_ProcGrid.uexp" 6279
"C:/Users/Admin/Documents/Unreal Projects/ai-project/Content/DetectiveAnimations/Animations/AS_FlashesBadge.uasset" 6280
"C:/Users/Admin/Documents/Unreal Projects/ai-project/Content/DetectiveAnimations/Animations/AS_FlashesBadge.uexp" 6281
"C:/Users/Admin/Documents/Unreal Projects/ai-project/Content/DetectiveAnimations/Animations/AS_OfficerRadiosIn.uasset" 6282
"C:/Users/Admin/Documents/Unreal Projects/ai-project/Content/DetectiveAnimations/Animations/AS_OfficerRadiosIn.uexp" 6283
"C:/Users/Admin/Documents/Unreal Projects/ai-project/Content/DetectiveAnimations/Animations/AS_CSI.uasset" 6284
"C:/Users/Admin/Documents/Unreal Projects/ai-project/Content/DetectiveAnimations/Animations/AS_CSI.uexp" 6285
"C:/Users/Admin/Documents/Unreal Projects/ai-project/Content/DetectiveAnimations/Animations/AS_Questions.uasset" 6286
"C:/Users/Admin/Documents/Unreal Projects/ai-project/Content/DetectiveAnimations/Animations/AS_Questions.uexp" 6287
"C:/Users/Admin/Documents/Unreal Projects/ai-project/Content/DetectiveAnimations/Animations/AS_FlashesBadge2.uasset" 6288
"C:/Users/Admin/Documents/Unreal Projects/ai-project/Content/DetectiveAnimations/Animations/AS_FlashesBadge2.uexp" 6289
"C:/Users/Admin/Documents/Unreal Projects/ai-project/Content/DetectiveAnimations/Animations/AS_Victim.uasset" 6290
"C:/Users/Admin/Documents/Unreal Projects/ai-project/Content/DetectiveAnimations/Animations/AS_Victim.uexp" 6291
"C:/Users/Admin/Documents/Unreal Projects/ai-project/Content/DetectiveAnimations/Animations/AS_TakesPhotos.uasset" 6292
"C:/Users/Admin/Documents/Unreal Projects/ai-project/Content/DetectiveAnimations/Animations/AS_TakesPhotos.uexp" 6293
"C:/Users/Admin/Documents/Unreal Projects/ai-project/Content/DetectiveAnimations/Animations/AS_Questions2.uasset" 6294
"C:/Users/Admin/Documents/Unreal Projects/ai-project/Content/DetectiveAnimations/Animations/AS_Questions2.uexp" 6295
"C:/Users/Admin/Documents/Unreal Projects/ai-project/Content/DetectiveAnimations/Animations/AS_Inspects3.uasset" 6296
"C:/Users/Admin/Documents/Unreal Projects/ai-project/Content/DetectiveAnimations/Animations/AS_Inspects3.uexp" 6297
"C:/Users/Admin/Documents/Unreal Projects/ai-project/Content/DetectiveAnimations/Demo/Mannequins/Meshes/SKM_Quinn_Simple.uasset" 6298
"C:/Users/Admin/Documents/Unreal Projects/ai-project/Content/DetectiveAnimations/Demo/Mannequins/Meshes/SKM_Quinn_Simple.uexp" 6299
"C:/Users/Admin/Documents/Unreal Projects/ai-project/Content/DetectiveAnimations/Animations/AS_CSI2.uasset" 6300
"C:/Users/Admin/Documents/Unreal Projects/ai-project/Content/DetectiveAnimations/Animations/AS_CSI2.uexp" 6301
"C:/Users/Admin/Documents/Unreal Projects/ai-project/Content/DetectiveAnimations/Animations/AS_OfficerSecures.uasset" 6302
"C:/Users/Admin/Documents/Unreal Projects/ai-project/Content/DetectiveAnimations/Animations/AS_OfficerSecures.uexp" 6303
"C:/Users/Admin/Documents/Unreal Projects/ai-project/Content/DetectiveAnimations/Animations/RM/AS_Inspects4RM.uasset" 6304
"C:/Users/Admin/Documents/Unreal Projects/ai-project/Content/DetectiveAnimations/Animations/RM/AS_Inspects4RM.uexp" 6305
"../../../Engine/Content/MapTemplates/SM_Template_Map_Floor.ubulk" 6306
"../../../Engine/Content/MapTemplates/SM_Template_Map_Floor.uasset" 6307
"../../../Engine/Content/MapTemplates/SM_Template_Map_Floor.uexp" 6308
"C:/Users/Admin/Documents/Unreal Projects/ai-project/Content/DetectiveAnimations/Animations/AS_Crying.uasset" 6309
"C:/Users/Admin/Documents/Unreal Projects/ai-project/Content/DetectiveAnimations/Animations/AS_Crying.uexp" 6310
"C:/Users/Admin/Documents/Unreal Projects/ai-project/Content/DetectiveAnimations/Animations/RM/AS_FlashesBadge2RM.uasset" 6311
"C:/Users/Admin/Documents/Unreal Projects/ai-project/Content/DetectiveAnimations/Animations/RM/AS_FlashesBadge2RM.uexp" 6312
"C:/Users/Admin/Documents/Unreal Projects/ai-project/Content/DetectiveAnimations/Animations/RM/AS_FlashesBadgeRM.uasset" 6313
"C:/Users/Admin/Documents/Unreal Projects/ai-project/Content/DetectiveAnimations/Animations/RM/AS_FlashesBadgeRM.uexp" 6314
"C:/Users/Admin/Documents/Unreal Projects/ai-project/Content/DetectiveAnimations/Animations/AS_Victim2.uasset" 6315
"C:/Users/Admin/Documents/Unreal Projects/ai-project/Content/DetectiveAnimations/Animations/AS_Victim2.uexp" 6316
"C:/Users/Admin/Documents/Unreal Projects/ai-project/Content/DetectiveAnimations/Animations/AS_Injured.uasset" 6317
"C:/Users/Admin/Documents/Unreal Projects/ai-project/Content/DetectiveAnimations/Animations/AS_Injured.uexp" 6318
"C:/Users/Admin/Documents/Unreal Projects/ai-project/Content/DetectiveAnimations/Animations/AS_OfficerSecures2.uasset" 6319
"C:/Users/Admin/Documents/Unreal Projects/ai-project/Content/DetectiveAnimations/Animations/AS_OfficerSecures2.uexp" 6320
"C:/Users/Admin/Documents/Unreal Projects/ai-project/Content/DetectiveAnimations/Animations/RM/AS_Inspects5RM.uasset" 6321
"C:/Users/Admin/Documents/Unreal Projects/ai-project/Content/DetectiveAnimations/Animations/RM/AS_Inspects5RM.uexp" 6322
"C:/Users/Admin/Documents/Unreal Projects/ai-project/Content/DetectiveAnimations/Animations/RM/AS_CSI2_RM.uasset" 6323
"C:/Users/Admin/Documents/Unreal Projects/ai-project/Content/DetectiveAnimations/Animations/RM/AS_CSI2_RM.uexp" 6324
"C:/Users/Admin/Documents/Unreal Projects/ai-project/Content/DetectiveAnimations/Animations/AS_InjuredGotHotDrink.uasset" 6325
"C:/Users/Admin/Documents/Unreal Projects/ai-project/Content/DetectiveAnimations/Animations/AS_InjuredGotHotDrink.uexp" 6326
"C:/Users/Admin/Documents/Unreal Projects/ai-project/Content/DetectiveAnimations/Animations/AS_Witness.uasset" 6327
"C:/Users/Admin/Documents/Unreal Projects/ai-project/Content/DetectiveAnimations/Animations/AS_Witness.uexp" 6328
"C:/Users/Admin/Documents/Unreal Projects/ai-project/Content/DetectiveAnimations/Animations/RM/AS_CSI_RM.uasset" 6329
"C:/Users/Admin/Documents/Unreal Projects/ai-project/Content/DetectiveAnimations/Animations/RM/AS_CSI_RM.uexp" 6330
"C:/Users/Admin/Documents/Unreal Projects/ai-project/Content/DetectiveAnimations/Animations/AS_Thinking.uasset" 6331
"C:/Users/Admin/Documents/Unreal Projects/ai-project/Content/DetectiveAnimations/Animations/AS_Thinking.uexp" 6332
"C:/Users/Admin/Documents/Unreal Projects/ai-project/Content/DetectiveAnimations/Animations/AS_Peeking2.uasset" 6333
"C:/Users/Admin/Documents/Unreal Projects/ai-project/Content/DetectiveAnimations/Animations/AS_Peeking2.uexp" 6334
"C:/Users/Admin/Documents/Unreal Projects/ai-project/Content/DetectiveAnimations/Animations/RM/AS_FencingOffCrimeSceneRM.uasset" 6335
"C:/Users/Admin/Documents/Unreal Projects/ai-project/Content/DetectiveAnimations/Animations/RM/AS_FencingOffCrimeSceneRM.uexp" 6336
"C:/Users/Admin/Documents/Unreal Projects/ai-project/Content/DetectiveAnimations/Animations/RM/AS_TakesPhotosRM.uasset" 6337
"C:/Users/Admin/Documents/Unreal Projects/ai-project/Content/DetectiveAnimations/Animations/RM/AS_TakesPhotosRM.uexp" 6338
"C:/Users/Admin/Documents/Unreal Projects/ai-project/Content/DetectiveAnimations/Maps/Overview.uexp" 6339
"C:/Users/Admin/Documents/Unreal Projects/ai-project/Content/DetectiveAnimations/Maps/Overview.umap" 6340
"C:/Users/Admin/Documents/Unreal Projects/ai-project/Content/DetectiveAnimations/Maps/Demo.uexp" 6341
"C:/Users/Admin/Documents/Unreal Projects/ai-project/Content/DetectiveAnimations/Maps/Demo.umap" 6342
"../../../Engine/Content/Maps/Entry_BuiltData.uasset" 6343
"../../../Engine/Content/Maps/Entry_BuiltData.uexp" 6344
"../../../Engine/Content/Maps/Entry.uexp" 6345
"../../../Engine/Content/Maps/Entry.umap" 6346
