"C:/Users/Admin/Documents/Unreal Projects/ai-project/AI_Project.uproject" 1
"../../../../../../Users/Admin/Documents/Unreal Projects/ai-project/Binaries/Win64/UnrealEditor.modules" 2
"../../../Engine/Plugins/AudioGameplay/AudioGameplay.uplugin" 3
"../../../Engine/Plugins/AudioGameplayVolume/AudioGameplayVolume.uplugin" 4
"../../../Engine/Plugins/Bridge/Bridge.uplugin" 5
"../../../Engine/Plugins/BlueprintFileUtils/BlueprintFileUtils.uplugin" 6
"../../../Engine/Plugins/AudioInsights/AudioInsights.uplugin" 7
"../../../Engine/Plugins/ChaosCloth/ChaosCloth.uplugin" 8
"../../../Engine/Plugins/ChaosClothAsset/ChaosClothAsset.uplugin" 9
"../../../Engine/Plugins/CmdLinkServer/CmdLinkServer.uplugin" 10
"../../../Engine/Plugins/ChaosClothAssetEditor/ChaosClothAssetEditor.uplugin" 11
"../../../Engine/Plugins/ChaosVD/ChaosVD.uplugin" 12
"../../../Engine/Plugins/DiscoveryBeaconReceiver/DiscoveryBeaconReceiver.uplugin" 13
"../../../Engine/Plugins/EnhancedInput/EnhancedInput.uplugin" 14
"../../../Engine/Plugins/JsonBlueprintUtilities/JsonBlueprintUtilities.uplugin" 15
"../../../Engine/Plugins/FastBuildController/FastBuildController.uplugin" 16
"../../../Engine/Plugins/MeshPainting/MeshPainting.uplugin" 17
"../../../Engine/Plugins/Fab/Fab.uplugin" 18
"../../../Engine/Plugins/PCG/PCG.uplugin" 19
"../../../Engine/Plugins/ScriptPlugin/ScriptPlugin.uplugin" 20
"../../../Engine/Plugins/PCGExternalDataInterop/PCGExternalDataInterop.uplugin" 21
"../../../Engine/Plugins/XGEController/XGEController.uplugin" 22
"../../../Engine/Plugins/LightWeightInstancesEditor/LightWeightInstancesEditor.uplugin" 23
"../../../Engine/Plugins/WorldMetrics/WorldMetrics.uplugin" 24
"../../../Engine/Plugins/PCGGeometryScriptInterop/PCGGeometryScriptInterop.uplugin" 25
"../../../Engine/Plugins/Animation/ACLPlugin/ACLPlugin.uplugin" 26
"../../../Engine/Plugins/Animation/AnimationLocomotionLibrary/AnimationLocomotionLibrary.uplugin" 27
"../../../Engine/Plugins/MemoryUsageQueries/MemoryUsageQueries.uplugin" 28
"../../../Engine/Plugins/Animation/AnimationData/AnimationData.uplugin" 29
"../../../Engine/Plugins/TraceUtilities/TraceUtilities.uplugin" 30
"../../../Engine/Plugins/Animation/AnimationWarping/AnimationWarping.uplugin" 31
"../../../Engine/Plugins/Animation/AnimationModifierLibrary/AnimationModifierLibrary.uplugin" 32
"../../../Engine/Plugins/Animation/ControlRig/ControlRig.uplugin" 33
"../../../Engine/Plugins/RenderGraphInsights/RenderGraphInsights.uplugin" 34
"../../../Engine/Plugins/Animation/ControlRigModules/ControlRigModules.uplugin" 35
"../../../Engine/Plugins/Animation/ControlRigSpline/ControlRigSpline.uplugin" 36
"../../../Engine/Plugins/Animation/DeformerGraph/DeformerGraph.uplugin" 37
"../../../Engine/Plugins/UbaController/UbaController.uplugin" 38
"../../../Engine/Plugins/Animation/BlendSpaceMotionAnalysis/BlendSpaceMotionAnalysis.uplugin" 39
"../../../Engine/Plugins/Animation/LiveLink/LiveLink.uplugin" 40
"../../../Engine/Plugins/Animation/BlendStack/BlendStack.uplugin" 41
"../../../Engine/Plugins/Animation/LiveLinkCurveDebugUI/LiveLinkCurveDebugUI.uplugin" 42
"../../../Engine/Plugins/Animation/GameplayInsights/GameplayInsights.uplugin" 43
"../../../Engine/Plugins/Animation/PoseSearch/PoseSearch.uplugin" 44
"../../../Engine/Plugins/Animation/LiveLinkHub/LiveLinkHub.uplugin" 45
"../../../Engine/Plugins/Animation/PerformanceCaptureCore/PerformanceCaptureCore.uplugin" 46
"../../../Engine/Plugins/Compositing/Composure/Composure.uplugin" 47
"../../../Engine/Plugins/Compositing/OpenCVLensDistortion/OpenCVLensDistortion.uplugin" 48
"../../../Engine/Plugins/Animation/MotionWarping/MotionWarping.uplugin" 49
"../../../Engine/Plugins/Animation/RigLogic/RigLogic.uplugin" 50
"../../../Engine/Plugins/Experimental/ActorModifierCore/ActorModifierCore.uplugin" 51
"../../../Engine/Plugins/Experimental/Avalanche/Avalanche.uplugin" 52
"../../../Engine/Plugins/Animation/IKRig/IKRig.uplugin" 53
"../../../Engine/Plugins/Experimental/AppleVision/AppleVision.uplugin" 54
"../../../Engine/Plugins/Experimental/BlueprintStats/BlueprintStats.uplugin" 55
"../../../Engine/Plugins/Experimental/ActorPalette/ActorPalette.uplugin" 56
"../../../Engine/Plugins/Experimental/BlueprintSnapNodes/BlueprintSnapNodes.uplugin" 57
"../../../Engine/Plugins/Experimental/ChaosFlesh/ChaosFlesh.uplugin" 58
"../../../Engine/Plugins/Experimental/ChaosEditor/ChaosEditor.uplugin" 59
"../../../Engine/Plugins/Experimental/ChaosModularVehicle/ChaosModularVehicle.uplugin" 60
"../../../Engine/Plugins/Experimental/ChaosUserDataPT/ChaosUserDataPT.uplugin" 61
"../../../Engine/Plugins/Experimental/ChaosNiagara/ChaosNiagara.uplugin" 62
"../../../Engine/Plugins/Experimental/ChaosSolverPlugin/ChaosSolverPlugin.uplugin" 63
"../../../Engine/Plugins/Compositing/LensDistortion/LensDistortion.uplugin" 64
"../../../Engine/Plugins/Experimental/ChaosVehiclesPlugin/ChaosVehiclesPlugin.uplugin" 65
"../../../Engine/Plugins/Experimental/AbilitySystemGameFeatureActions/AbilitySystemGameFeatureActions.uplugin" 66
"../../../Engine/Plugins/Experimental/CharacterAI/CharacterAI.uplugin" 67
"../../../Engine/Plugins/Experimental/ChaosCaching/ChaosCaching.uplugin" 68
"../../../Engine/Plugins/Experimental/Chooser/Chooser.uplugin" 69
"../../../Engine/Plugins/Experimental/AutomationUtils/AutomationUtils.uplugin" 70
"../../../Engine/Plugins/Experimental/CineCameraSceneCapture/CineCameraSceneCapture.uplugin" 71
"../../../Engine/Plugins/Experimental/CinematicPrestreaming/CinematicPrestreaming.uplugin" 72
"../../../Engine/Plugins/Experimental/ChaosCachingUSD/ChaosCachingUSD.uplugin" 73
"../../../Engine/Plugins/Experimental/ClonerEffector/ClonerEffector.uplugin" 74
"../../../Engine/Plugins/Experimental/CineCameraRigs/CineCameraRigs.uplugin" 75
"../../../Engine/Plugins/Experimental/CodeView/CodeView.uplugin" 76
"../../../Engine/Plugins/Experimental/ColorCorrectRegions/ColorCorrectRegions.uplugin" 77
"../../../Engine/Plugins/Experimental/AdvancedRenamer/AdvancedRenamer.uplugin" 78
"../../../Engine/Plugins/Experimental/ControlFlows/ControlFlows.uplugin" 79
"../../../Engine/Plugins/Experimental/ChaosClothEditor/ChaosClothEditor.uplugin" 80
"../../../Engine/Plugins/Experimental/CustomDetailsView/CustomDetailsView.uplugin" 81
"../../../Engine/Plugins/Experimental/CodeEditor/CodeEditor.uplugin" 82
"../../../Engine/Plugins/Experimental/DatasmithCloTranslator/DatasmithCloTranslator.uplugin" 83
"../../../Engine/Plugins/Experimental/Dataflow/Dataflow.uplugin" 84
"../../../Engine/Plugins/Experimental/DefaultInstallBundleManager/DefaultInstallBundleManager.uplugin" 85
"../../../Engine/Plugins/Experimental/BackChannel/BackChannel.uplugin" 86
"../../../Engine/Plugins/Experimental/FloatingProperties/FloatingProperties.uplugin" 87
"../../../Engine/Plugins/Experimental/Fracture/Fracture.uplugin" 88
"../../../Engine/Plugins/Experimental/Buoyancy/Buoyancy.uplugin" 89
"../../../Engine/Plugins/Experimental/GameInputWindows/GameInputWindows.uplugin" 90
"../../../Engine/Plugins/Experimental/CommonConversation/CommonConversation.uplugin" 91
"../../../Engine/Plugins/Experimental/GameplayTargetingSystem/TargetingSystem.uplugin" 92
"../../../Engine/Plugins/Experimental/GeometryCacheAbcFile/GeometryCacheAbcFile.uplugin" 93
"../../../Engine/Plugins/Experimental/GeometryCollectionPlugin/GeometryCollectionPlugin.uplugin" 94
"../../../Engine/Plugins/Experimental/DynamicMaterial/DynamicMaterial.uplugin" 95
"../../../Engine/Plugins/Experimental/GameplayBehaviors/GameplayBehaviors.uplugin" 96
"../../../Engine/Plugins/Experimental/FullBodyIK/FullBodyIK.uplugin" 97
"../../../Engine/Plugins/Experimental/GizmoFramework/GizmoFramework.uplugin" 98
"../../../Engine/Plugins/Experimental/GizmoEdMode/GizmoEdMode.uplugin" 99
"../../../Engine/Plugins/Experimental/GeometryFlow/GeometryFlow.uplugin" 100
"../../../Engine/Plugins/Experimental/GeometryMask/GeometryMask.uplugin" 101
"../../../Engine/Plugins/Experimental/HairCardGenerator/HairCardGenerator.uplugin" 102
"../../../Engine/Plugins/Experimental/HairModelingToolset/HairModelingToolset.uplugin" 103
"../../../Engine/Plugins/Experimental/GameplayGraph/GameplayGraph.uplugin" 104
"../../../Engine/Plugins/Experimental/Iris/Iris.uplugin" 105
"../../../Engine/Plugins/Compositing/OpenColorIO/OpenColorIO.uplugin" 106
"../../../Engine/Plugins/Experimental/ImagePlate/ImagePlate.uplugin" 107
"../../../Engine/Plugins/Experimental/ImpostorBaker/ImpostorBaker.uplugin" 108
"../../../Engine/Plugins/Experimental/JWT/JWT.uplugin" 109
"../../../Engine/Plugins/Experimental/InstanceDataObjectFixupTool/InstanceDataObjectFixupTool.uplugin" 110
"../../../Engine/Plugins/Experimental/LearningAgents/LearningAgents.uplugin" 111
"../../../Engine/Plugins/Experimental/Landmass/Landmass.uplugin" 112
"../../../Engine/Plugins/Experimental/LiveLinkControlRig/LiveLinkControlRig.uplugin" 113
"../../../Engine/Plugins/Experimental/Gauntlet/Gauntlet.uplugin" 114
"../../../Engine/Plugins/Experimental/MotoSynth/MotoSynth.uplugin" 115
"../../../Engine/Plugins/Experimental/LocalizableMessage/LocalizableMessage.uplugin" 116
"../../../Engine/Plugins/Experimental/Mover/Mover.uplugin" 117
"../../../Engine/Plugins/Experimental/MoverTests/MoverTests.uplugin" 118
"../../../Engine/Plugins/Experimental/FieldSystemPlugin/FieldSystemPlugin.uplugin" 119
"../../../Engine/Plugins/Experimental/Mutable/Mutable.uplugin" 120
"../../../Engine/Plugins/Experimental/NaniteDisplacedMesh/NaniteDisplacedMesh.uplugin" 121
"../../../Engine/Plugins/Experimental/NeuralRendering/NeuralRendering.uplugin" 122
"../../../Engine/Plugins/Experimental/NNERuntimeIREE/NNERuntimeIREE.uplugin" 123
"../../../Engine/Plugins/Experimental/MoverExamples/MoverExamples.uplugin" 124
"../../../Engine/Plugins/Experimental/MeshModelingToolsetExp/MeshModelingToolsetExp.uplugin" 125
"../../../Engine/Plugins/Experimental/NNERuntimeBasicCpu/NNERuntimeBasicCpu.uplugin" 126
"../../../Engine/Plugins/Experimental/AnimNext/AnimNext.uplugin" 127
"../../../Engine/Plugins/Experimental/OpenImageDenoise/OpenImageDenoise.uplugin" 128
"../../../Engine/Plugins/Experimental/MotorSimOutputMotoSynth/MotorSimOutputMotoSynth.uplugin" 129
"../../../Engine/Plugins/Experimental/LiveLinkFaceImporter/LiveLinkFaceImporter.uplugin" 130
"../../../Engine/Plugins/Experimental/PCGBiomeCore/PCGBiomeCore.uplugin" 131
"../../../Engine/Plugins/Experimental/NNEDenoiser/NNEDenoiser.uplugin" 132
"../../../Engine/Plugins/Experimental/AnimToTexture/AnimToTexture.uplugin" 133
"../../../Engine/Plugins/Experimental/PixelStreamingPlayer/PixelStreamingPlayer.uplugin" 134
"../../../Engine/Plugins/Experimental/NNERuntimeRDG/NNERuntimeRDG.uplugin" 135
"../../../Engine/Plugins/Experimental/PlatformCrypto/PlatformCrypto.uplugin" 136
"../../../Engine/Plugins/Experimental/OptiXDenoise/OptiXDenoise.uplugin" 137
"../../../Engine/Plugins/Experimental/PCGBiomeSample/PCGBiomeSample.uplugin" 138
"../../../Engine/Plugins/Experimental/LandscapePatch/LandscapePatch.uplugin" 139
"../../../Engine/Plugins/Experimental/PropertyAnimator/PropertyAnimator.uplugin" 140
"../../../Engine/Plugins/Experimental/RemoteControlComponents/RemoteControlComponents.uplugin" 141
"../../../Engine/Plugins/Experimental/RawInput/RawInput.uplugin" 142
"../../../Engine/Plugins/Experimental/PlanarCutPlugin/PlanarCut.uplugin" 143
"../../../Engine/Plugins/Experimental/OperatorStack/OperatorStack.uplugin" 144
"../../../Engine/Plugins/Experimental/PCGWaterInterop/PCGWaterInterop.uplugin" 145
"../../../Engine/Plugins/Experimental/PluginAudit/PluginAudit.uplugin" 146
"../../../Engine/Plugins/Experimental/PostProcessMaterialChainGraph/PostProcessMaterialChainGraph.uplugin" 147
"../../../Engine/Plugins/Experimental/PluginReferenceViewer/PluginReferenceViewer.uplugin" 148
"../../../Engine/Plugins/Experimental/RenderGrid/RenderGrid.uplugin" 149
"../../../Engine/Plugins/Experimental/ScreenReader/ScreenReader.uplugin" 150
"../../../Engine/Plugins/Experimental/SerializationUtils/SerializationUtils.uplugin" 151
"../../../Engine/Plugins/Experimental/PropertyAnimatorCore/PropertyAnimatorCore.uplugin" 152
"../../../Engine/Plugins/Experimental/PythonScriptPlugin/PythonScriptPlugin.uplugin" 153
"../../../Engine/Plugins/Experimental/PythonFoundationPackages/PythonFoundationPackages.uplugin" 154
"../../../Engine/Plugins/Experimental/SimpleHMD/SimpleHMD.uplugin" 155
"../../../Engine/Plugins/Experimental/GPULightmass/GPULightmass.uplugin" 156
"../../../Engine/Plugins/Experimental/SkeletalReduction/SkeletalReduction.uplugin" 157
"../../../Engine/Plugins/Experimental/SlateModelViewViewModel/SlateModelViewViewModel.uplugin" 158
"../../../Engine/Plugins/Experimental/Shotgrid/Shotgrid.uplugin" 159
"../../../Engine/Plugins/Experimental/StateGraph/StateGraph.uplugin" 160
"../../../Engine/Plugins/Experimental/StormSync/StormSync.uplugin" 161
"../../../Engine/Plugins/Experimental/SlateScreenReader/SlateScreenReader.uplugin" 162
"../../../Engine/Plugins/Experimental/StructUtils/StructUtils.uplugin" 163
"../../../Engine/Plugins/Experimental/StormSyncAvalancheBridge/StormSyncAvalancheBridge.uplugin" 164
"../../../Engine/Plugins/Experimental/SurfaceEffects/SurfaceEffects.uplugin" 165
"../../../Engine/Plugins/Experimental/StudioTelemetry/StudioTelemetry.uplugin" 166
"../../../Engine/Plugins/Experimental/TextureGraph/TextureGraph.uplugin" 167
"../../../Engine/Plugins/Experimental/TextureMediaPlayer/TextureMediaPlayer.uplugin" 168
"../../../Engine/Plugins/Experimental/ToolPresets/ToolPresets.uplugin" 169
"../../../Engine/Plugins/Experimental/QuicMessaging/QuicMessaging.uplugin" 170
"../../../Engine/Plugins/Experimental/PhysicsControl/PhysicsControl.uplugin" 171
"../../../Engine/Plugins/Experimental/SVGImporter/SVGImporter.uplugin" 172
"../../../Engine/Plugins/Experimental/PluginTemplateTool/PluginTemplateTool.uplugin" 173
"../../../Engine/Plugins/Experimental/Text3D/Text3D.uplugin" 174
"../../../Engine/Plugins/Experimental/TextToSpeech/TextToSpeech.uplugin" 175
"../../../Engine/Plugins/Experimental/TypedElementDataStorageEditorUI/TypedElementDataStorageEditorUI.uplugin" 176
"../../../Engine/Plugins/Experimental/TypedElementsDataStorage/TypedElementsDataStorage.uplugin" 177
"../../../Engine/Plugins/Experimental/TargetDeviceServicesScripting/TargetDeviceServicesScripting.uplugin" 178
"../../../Engine/Plugins/Experimental/UserToolBoxCore/UserToolBoxCore.uplugin" 179
"../../../Engine/Plugins/Experimental/UserToolBoxBasicCommand/UserToolBoxBasicCommand.uplugin" 180
"../../../Engine/Plugins/Experimental/VirtualHeightfieldMesh/VirtualHeightfieldMesh.uplugin" 181
"../../../Engine/Plugins/Experimental/VirtualScouting/VirtualScouting.uplugin" 182
"../../../Engine/Plugins/Experimental/VirtualProductionUtilities/VirtualProductionUtilities.uplugin" 183
"../../../Engine/Plugins/Experimental/Water/Water.uplugin" 184
"../../../Engine/Plugins/Experimental/WebSocketMessaging/WebSocketMessaging.uplugin" 185
"../../../Engine/Plugins/Experimental/WaveFunctionCollapse/WaveFunctionCollapse.uplugin" 186
"../../../Engine/Plugins/Experimental/WebSocketNetworking/WebSocketNetworking.uplugin" 187
"../../../Engine/Plugins/Experimental/Volumetrics/Volumetrics.uplugin" 188
"../../../Engine/Plugins/Experimental/PanoramicCapture/PanoramicCapture.uplugin" 189
"../../../Engine/Plugins/Experimental/RemoteSession/RemoteSession.uplugin" 190
"../../../Engine/Plugins/Experimental/WidgetEditorToolPalette/WidgetEditorToolPalette.uplugin" 191
"../../../Engine/Plugins/Importers/AlembicHairImporter/AlembicHairImporter.uplugin" 192
"../../../Engine/Plugins/Compression/OodleNetwork/OodleNetwork.uplugin" 193
"../../../Engine/Plugins/Importers/AlembicImporter/AlembicImporter.uplugin" 194
"../../../Engine/Plugins/Importers/USDImporter/USDImporter.uplugin" 195
"../../../Engine/Plugins/Cameras/CameraShakePreviewer/CameraShakePreviewer.uplugin" 196
"../../../Engine/Plugins/Slate/SlateScripting/SlateScripting.uplugin" 197
"../../../Engine/Plugins/Slate/SlateInsights/SlateInsights.uplugin" 198
"../../../Engine/Plugins/Experimental/UIFramework/UIFramework.uplugin" 199
"../../../Engine/Plugins/NetcodeUnitTest/NetcodeUnitTest/NetcodeUnitTest.uplugin" 200
"../../../Engine/Plugins/Experimental/XRCreativeFramework/XRCreativeFramework.uplugin" 201
"../../../Engine/Plugins/Experimental/SecuritySandbox/SecuritySandbox.uplugin" 202
"../../../Engine/Plugins/Cameras/GameplayCameras/GameplayCameras.uplugin" 203
"../../../Engine/Plugins/Runtime/ActorLayerUtilities/ActorLayerUtilities.uplugin" 204
"../../../Engine/Plugins/Runtime/ApexDestruction/ApexDestruction.uplugin" 205
"../../../Engine/Plugins/Runtime/AnimationBudgetAllocator/AnimationBudgetAllocator.uplugin" 206
"../../../Engine/Plugins/Runtime/AndroidMoviePlayer/AndroidMoviePlayer.uplugin" 207
"../../../Engine/Plugins/NetcodeUnitTest/NUTUnrealEngine/NUTUnrealEngine.uplugin" 208
"../../../Engine/Plugins/Runtime/AppleImageUtils/AppleImageUtils.uplugin" 209
"../../../Engine/Plugins/Importers/USDMultiUser/USDMultiUser.uplugin" 210
"../../../Engine/Plugins/Marketplace/CompleteSaveSystem/CompleteSaveSystem.uplugin" 211
"../../../Engine/Plugins/Runtime/ArchVisCharacter/ArchVisCharacter.uplugin" 212
"../../../Engine/Plugins/Experimental/WaterExtras/WaterExtras.uplugin" 213
"../../../Engine/Plugins/Runtime/AudioCapture/AudioCapture.uplugin" 214
"../../../Engine/Plugins/Experimental/TetMeshing/TetMeshing.uplugin" 215
"../../../Engine/Plugins/Runtime/AndroidBackgroundService/AndroidBackgroundService.uplugin" 216
"../../../Engine/Plugins/Runtime/AudioModulation/AudioModulation.uplugin" 217
"../../../Engine/Plugins/Runtime/AndroidDeviceProfileSelector/AndroidDeviceProfileSelector.uplugin" 218
"../../../Engine/Plugins/Runtime/AudioSynesthesia/AudioSynesthesia.uplugin" 219
"../../../Engine/Plugins/Runtime/AudioMotorSim/AudioMotorSim.uplugin" 220
"../../../Engine/Plugins/Runtime/AudioWidgets/AudioWidgets.uplugin" 221
"../../../Engine/Plugins/Runtime/ChunkDownloader/ChunkDownloader.uplugin" 222
"../../../Engine/Plugins/Runtime/AndroidFileServer/AndroidFileServer.uplugin" 223
"../../../Engine/Plugins/Runtime/ComputeFramework/ComputeFramework.uplugin" 224
"../../../Engine/Plugins/Runtime/AndroidPermission/AndroidPermission.uplugin" 225
"../../../Engine/Plugins/Runtime/DataRegistry/DataRegistry.uplugin" 226
"../../../Engine/Plugins/Runtime/GameFeatures/GameFeatures.uplugin" 227
"../../../Engine/Plugins/Runtime/AssetTags/AssetTags.uplugin" 228
"../../../Engine/Plugins/Runtime/GameInput/GameInput.uplugin" 229
"../../../Engine/Plugins/Runtime/GameplayAbilities/GameplayAbilities.uplugin" 230
"../../../Engine/Plugins/Runtime/GameplayBehaviorSmartObjects/GameplayBehaviorSmartObjects.uplugin" 231
"../../../Engine/Plugins/Runtime/CustomMeshComponent/CustomMeshComponent.uplugin" 232
"../../../Engine/Plugins/Runtime/GameplayInteractions/GameplayInteractions.uplugin" 233
"../../../Engine/Plugins/Runtime/GeometryCache/GeometryCache.uplugin" 234
"../../../Engine/Plugins/Runtime/GameplayStateTree/GameplayStateTree.uplugin" 235
"../../../Engine/Plugins/Runtime/AppleMoviePlayer/AppleMoviePlayer.uplugin" 236
"../../../Engine/Plugins/Runtime/GeometryProcessing/GeometryProcessing.uplugin" 237
"../../../Engine/Plugins/Runtime/Firebase/Firebase.uplugin" 238
"../../../Engine/Plugins/Runtime/GoogleCloudMessaging/GoogleCloudMessaging.uplugin" 239
"../../../Engine/Plugins/Runtime/GeoReferencing/GeoReferencing.uplugin" 240
"../../../Engine/Plugins/Runtime/HPMotionController/HPMotionController.uplugin" 241
"../../../Engine/Plugins/Runtime/HDRIBackdrop/HDRIBackdrop.uplugin" 242
"../../../Engine/Plugins/Runtime/LiveLinkOvernDisplay/LiveLinkOverNDisplay.uplugin" 243
"../../../Engine/Plugins/Runtime/LocationServicesAndroidImpl/LocationServicesAndroidImpl.uplugin" 244
"../../../Engine/Plugins/Runtime/ExampleDeviceProfileSelector/ExampleDeviceProfileSelector.uplugin" 245
"../../../Engine/Plugins/Runtime/HTTPChunkInstaller/HTTPChunkInstaller.uplugin" 246
"../../../Engine/Plugins/Runtime/GeometryScripting/GeometryScripting.uplugin" 247
"../../../Engine/Plugins/Runtime/CableComponent/CableComponent.uplugin" 248
"../../../Engine/Plugins/Runtime/LocationServicesIOSImpl/LocationServicesIOSImpl.uplugin" 249
"../../../Engine/Plugins/Runtime/GooglePAD/GooglePAD.uplugin" 250
"../../../Engine/Plugins/Runtime/CommonUI/CommonUI.uplugin" 251
"../../../Engine/Plugins/Runtime/MeshModelingToolset/MeshModelingToolset.uplugin" 252
"../../../Engine/Plugins/Runtime/HairStrands/HairStrands.uplugin" 253
"../../../Engine/Plugins/Runtime/InstancedActors/InstancedActors.uplugin" 254
"../../../Engine/Plugins/Runtime/MicrosoftSpatialAudio/MicroSoftSpatialSound.uplugin" 255
"../../../Engine/Plugins/Runtime/Metasound/Metasound.uplugin" 256
"../../../Engine/Plugins/Runtime/IOSReplayKit/IOSReplayKit.uplugin" 257
"../../../Engine/Plugins/Runtime/MIDIDevice/MIDIDevice.uplugin" 258
"../../../Engine/Plugins/Runtime/MassEntity/MassEntity.uplugin" 259
"../../../Engine/Plugins/Runtime/InputDebugging/InputDebugging.uplugin" 260
"../../../Engine/Plugins/Runtime/MixedRealityCaptureFramework/MixedRealityCaptureFramework.uplugin" 261
"../../../Engine/Plugins/Runtime/LinuxDeviceProfileSelector/LinuxDeviceProfileSelector.uplugin" 262
"../../../Engine/Plugins/Runtime/MobilePatchingUtils/MobilePatchingUtils.uplugin" 263
"../../../Engine/Plugins/Runtime/MobileFSR/MobileFSR.uplugin" 264
"../../../Engine/Plugins/Runtime/ModelViewViewModel/ModelViewViewModel.uplugin" 265
"../../../Engine/Plugins/Runtime/ModularGameplay/ModularGameplay.uplugin" 266
"../../../Engine/Plugins/Runtime/MsQuic/MsQuic.uplugin" 267
"../../../Engine/Plugins/Runtime/nDisplayModularFeatures/nDisplayModularFeatures.uplugin" 268
"../../../Engine/Plugins/Runtime/NetworkPredictionInsights/NetworkPredictionInsights.uplugin" 269
"../../../Engine/Plugins/Runtime/MassGameplay/MassGameplay.uplugin" 270
"../../../Engine/Plugins/Runtime/NetworkPredictionExtras/NetworkPredictionExtras.uplugin" 271
"../../../Engine/Plugins/Runtime/OpenXR/OpenXR.uplugin" 272
"../../../Engine/Plugins/Runtime/Harmonix/Harmonix.uplugin" 273
"../../../Engine/Plugins/Runtime/OpenXREyeTracker/OpenXREyeTracker.uplugin" 274
"../../../Engine/Plugins/Runtime/OpenXRMsftHandInteraction/OpenXRMsftHandInteraction.uplugin" 275
"../../../Engine/Plugins/Runtime/LocationServicesBPLibrary/LocationServicesBPLibrary.uplugin" 276
"../../../Engine/Plugins/Runtime/OptionalMobileFeaturesBPLibrary/OptionalMobileFeaturesBPLibrary.uplugin" 277
"../../../Engine/Plugins/Runtime/OSC/OSC.uplugin" 278
"../../../Engine/Plugins/Runtime/OpenCV/OpenCV.uplugin" 279
"../../../Engine/Plugins/Runtime/NetworkPrediction/NetworkPrediction.uplugin" 280
"../../../Engine/Plugins/Runtime/LevelStreamingPersistence/LevelStreamingPersistence.uplugin" 281
"../../../Engine/Plugins/Runtime/nDisplay/nDisplay.uplugin" 282
"../../../Engine/Plugins/Runtime/OSCModulationMixing/OSCModulationMixing.uplugin" 283
"../../../Engine/Plugins/Runtime/PreLoadScreenMoviePlayer/PreLoadScreenMoviePlayer.uplugin" 284
"../../../Engine/Plugins/Runtime/PropertyAccess/PropertyAccessEditor.uplugin" 285
"../../../Engine/Plugins/Runtime/RenderTrace/RenderTrace.uplugin" 286
"../../../Engine/Plugins/Runtime/ResonanceAudio/ResonanceAudio.uplugin" 287
"../../../Engine/Plugins/Runtime/ReplicationGraph/ReplicationGraph.uplugin" 288
"../../../Engine/Plugins/Runtime/ProceduralMeshComponent/ProceduralMeshComponent.uplugin" 289
"../../../Engine/Plugins/Runtime/ScriptableToolsFramework/ScriptableToolsFramework.uplugin" 290
"../../../Engine/Plugins/Runtime/IOSDeviceProfileSelector/IOSDeviceProfileSelector.uplugin" 291
"../../../Engine/Plugins/Runtime/SkeletalMerging/SkeletalMerging.uplugin" 292
"../../../Engine/Plugins/Runtime/SmartObjects/SmartObjects.uplugin" 293
"../../../Engine/Plugins/Runtime/OpenXRViveTracker/OpenXRViveTracker.uplugin" 294
"../../../Engine/Plugins/Runtime/OpenXRHandTracking/OpenXRHandTracking.uplugin" 295
"../../../Engine/Plugins/Runtime/SoundUtilities/SoundUtilities.uplugin" 296
"../../../Engine/Plugins/Runtime/SignificanceManager/SignificanceManager.uplugin" 297
"../../../Engine/Plugins/Runtime/SoundMod/SoundMod.uplugin" 298
"../../../Engine/Plugins/Runtime/SoundFields/SoundFields.uplugin" 299
"../../../Engine/Plugins/Runtime/Spatialization/Spatialization.uplugin" 300
"../../../Engine/Plugins/Runtime/Synthesis/Synthesis.uplugin" 301
"../../../Engine/Plugins/Runtime/StateTree/StateTree.uplugin" 302
"../../../Engine/Plugins/Runtime/WarpUtils/WarpUtils.uplugin" 303
"../../../Engine/Plugins/Runtime/SunPosition/SunPosition.uplugin" 304
"../../../Engine/Plugins/Runtime/WaveTable/WaveTable.uplugin" 305
"../../../Engine/Plugins/Runtime/WebBrowserNativeProxy/WebBrowserNativeProxy.uplugin" 306
"../../../Engine/Plugins/Runtime/ReplicationSystemTestPlugin/ReplicationSystemTestPlugin.uplugin" 307
"../../../Engine/Plugins/Runtime/WebMMoviePlayer/WebMMoviePlayer.uplugin" 308
"../../../Engine/Plugins/Runtime/WebBrowserWidget/WebBrowserWidget.uplugin" 309
"../../../Engine/Plugins/Runtime/WindowsDeviceProfileSelector/WindowsDeviceProfileSelector.uplugin" 310
"../../../Engine/Plugins/Runtime/Soundscape/Soundscape.uplugin" 311
"../../../Engine/Plugins/Runtime/XRBase/XRBase.uplugin" 312
"../../../Engine/Plugins/Runtime/SoundCueTemplates/SoundCueTemplates.uplugin" 313
"../../../Engine/Plugins/Enterprise/AxFImporter/AxFImporter.uplugin" 314
"../../../Engine/Plugins/Runtime/NavCorridor/NavCorridor.uplugin" 315
"../../../Engine/Plugins/Runtime/ZoneGraphAnnotations/ZoneGraphAnnotations.uplugin" 316
"../../../Engine/Plugins/Enterprise/DatasmithC4DImporter/DatasmithC4DImporter.uplugin" 317
"../../../Engine/Plugins/Runtime/WorldConditions/WorldConditions.uplugin" 318
"../../../Engine/Plugins/Enterprise/DataprepEditor/DataprepEditor.uplugin" 319
"../../../Engine/Plugins/Enterprise/DatasmithContent/DatasmithContent.uplugin" 320
"../../../Engine/Plugins/Runtime/ZoneGraph/ZoneGraph.uplugin" 321
"../../../Engine/Plugins/Enterprise/DatasmithFBXImporter/DatasmithFBXImporter.uplugin" 322
"../../../Engine/Plugins/Runtime/WindowsMoviePlayer/WindowsMoviePlayer.uplugin" 323
"../../../Engine/Plugins/Runtime/PropertyBindingUtils/PropertyBindingUtils.uplugin" 324
"../../../Engine/Plugins/Enterprise/DatasmithImporter/DatasmithImporter.uplugin" 325
"../../../Engine/Plugins/Enterprise/MDLImporter/MDLImporter.uplugin" 326
"../../../Engine/Plugins/Enterprise/VariantManager/VariantManager.uplugin" 327
"../../../Engine/Plugins/Portal/LauncherChunkInstaller/LauncherChunkInstaller.uplugin" 328
"../../../Engine/Plugins/Enterprise/VariantManagerContent/VariantManagerContent.uplugin" 329
"../../../Engine/Plugins/Web/HttpBlueprint/HttpBlueprint.uplugin" 330
"../../../Engine/Plugins/Runtime/RigVM/RigVM.uplugin" 331
"../../../Engine/Plugins/Editor/AssetRegistryExport/AssetRegistryExport.uplugin" 332
"../../../Engine/Plugins/Editor/AssetSearch/AssetSearch.uplugin" 333
"../../../Engine/Plugins/Enterprise/GLTFExporter/GLTFExporter.uplugin" 334
"../../../Engine/Plugins/Editor/BlueprintMaterialTextureNodes/BlueprintMaterialTextureNodes.uplugin" 335
"../../../Engine/Plugins/Enterprise/DatasmithCADImporter/DatasmithCADImporter.uplugin" 336
"../../../Engine/Plugins/Editor/ConsoleVariablesEditor/ConsoleVariables.uplugin" 337
"../../../Engine/Plugins/Editor/BlueprintHeaderView/BlueprintHeaderView.uplugin" 338
"../../../Engine/Plugins/Editor/CurveEditorTools/CurveEditorTools.uplugin" 339
"../../../Engine/Plugins/Editor/CryptoKeys/CryptoKeys.uplugin" 340
"../../../Engine/Plugins/Editor/DisplayClusterLaunch/DisplayClusterLaunch.uplugin" 341
"../../../Engine/Plugins/Editor/EditorDebugTools/EditorDebugTools.uplugin" 342
"../../../Engine/Plugins/Editor/DataValidation/DataValidation.uplugin" 343
"../../../Engine/Plugins/Editor/AssetReferenceRestrictions/AssetReferenceRestrictions.uplugin" 344
"../../../Engine/Plugins/Editor/EditorPerformanceModule/EditorPerformanceModule.uplugin" 345
"../../../Engine/Plugins/Editor/ChangelistReview/ChangelistReview.uplugin" 346
"../../../Engine/Plugins/Enterprise/LidarPointCloud/LidarPointCloud.uplugin" 347
"../../../Engine/Plugins/Editor/EditorSysConfigAssistant/EditorSysConfigAssistant.uplugin" 348
"../../../Engine/Plugins/Editor/EditorScriptingUtilities/EditorScriptingUtilities.uplugin" 349
"../../../Engine/Plugins/Editor/GameplayTagsEditor/GameplayTagsEditor.uplugin" 350
"../../../Engine/Plugins/Editor/FacialAnimation/FacialAnimation.uplugin" 351
"../../../Engine/Plugins/Editor/AssetManagerEditor/AssetManagerEditor.uplugin" 352
"../../../Engine/Plugins/Editor/LiveUpdateForSlate/LiveUpdateForSlate.uplugin" 353
"../../../Engine/Plugins/Editor/MeshLODToolset/MeshLODToolset.uplugin" 354
"../../../Engine/Plugins/Editor/ModelingToolsEditorMode/ModelingToolsEditorMode.uplugin" 355
"../../../Engine/Plugins/Editor/MakeCookedEditorAsDLC/MakeCookedEditorAsDLC.uplugin" 356
"../../../Engine/Plugins/Editor/PluginBrowser/PluginBrowser.uplugin" 357
"../../../Engine/Plugins/Editor/MobileLauncherProfileWizard/MobileLauncherProfileWizard.uplugin" 358
"../../../Engine/Plugins/Editor/ProxyLODPlugin/ProxyLODPlugin.uplugin" 359
"../../../Engine/Plugins/Editor/SequencerAnimTools/SequencerAnimTools.uplugin" 360
"../../../Engine/Plugins/Editor/SampleToolsEditorMode/SampleToolsEditorMode.uplugin" 361
"../../../Engine/Plugins/Editor/StylusInput/StylusInput.uplugin" 362
"../../../Engine/Plugins/Editor/StaticMeshEditorModeling/StaticMeshEditorModeling.uplugin" 363
"../../../Engine/Plugins/Editor/SpeedTreeImporter/SpeedTreeImporter.uplugin" 364
"../../../Engine/Plugins/Editor/UVEditor/UVEditor.uplugin" 365
"../../../Engine/Plugins/Editor/MacGraphicsSwitching/MacGraphicsSwitching.uplugin" 366
"../../../Engine/Plugins/Editor/WorldPartitionHLODUtilities/WorldPartitionHLODUtilities.uplugin" 367
"../../../Engine/Plugins/FX/ExampleCustomDataInterface/ExampleCustomDataInterface.uplugin" 368
"../../../Engine/Plugins/Editor/ScriptableToolsEditorMode/ScriptableToolsEditorMode.uplugin" 369
"../../../Engine/Plugins/Editor/WaveformEditor/WaveformEditor.uplugin" 370
"../../../Engine/Plugins/Editor/EngineAssetDefinitions/EngineAssetDefinitions.uplugin" 371
"../../../Engine/Plugins/FX/NiagaraMRQ/NiagaraMRQ.uplugin" 372
"../../../Engine/Plugins/FX/Niagara/Niagara.uplugin" 373
"../../../Engine/Plugins/FX/NiagaraFluids/NiagaraFluids.uplugin" 374
"../../../Engine/Plugins/FX/NiagaraSimCaching/NiagaraSimCaching.uplugin" 375
"../../../Engine/Plugins/MovieScene/ActorSequence/ActorSequence.uplugin" 376
"../../../Engine/Plugins/MovieScene/CustomizableSequencerTracks/CustomizableSequencerTracks.uplugin" 377
"../../../Engine/Plugins/MovieScene/MoviePipelineMaskRenderPass/MoviePipelineMaskRenderPass.uplugin" 378
"../../../Engine/Plugins/MovieScene/LevelSequenceEditor/LevelSequenceEditor.uplugin" 379
"../../../Engine/Plugins/MovieScene/MovieRenderPipeline/MovieRenderPipeline.uplugin" 380
"../../../Engine/Plugins/MovieScene/MovieSceneTextTrack/MovieSceneTextTrack.uplugin" 381
"../../../Engine/Plugins/MovieScene/ReplayTracks/ReplayTracks.uplugin" 382
"../../../Engine/Plugins/MovieScene/SequencerScripting/SequencerScripting.uplugin" 383
"../../../Engine/Plugins/Interchange/Editor/InterchangeEditor.uplugin" 384
"../../../Engine/Plugins/Media/AjaMedia/AjaMedia.uplugin" 385
"../../../Engine/Plugins/Media/AndroidCamera/AndroidCamera.uplugin" 386
"../../../Engine/Plugins/Media/AndroidMedia/AndroidMedia.uplugin" 387
"../../../Engine/Plugins/Editor/GuidedTutorials/GuidedTutorials.uplugin" 388
"../../../Engine/Plugins/Media/AppleProResMedia/AppleProResMedia.uplugin" 389
"../../../Engine/Plugins/Media/AppleProResDecoderElectra/AppleProResDecoderElectra.uplugin" 390
"../../../Engine/Plugins/Media/AudioCaptureTimecodeProvider/AudioCaptureTimecodeProvider.uplugin" 391
"../../../Engine/Plugins/Media/ElectraCodecs/ElectraCodecs.uplugin" 392
"../../../Engine/Plugins/Editor/GeometryMode/GeometryMode.uplugin" 393
"../../../Engine/Plugins/Editor/MaterialAnalyzer/MaterialAnalyzer.uplugin" 394
"../../../Engine/Plugins/Media/AvidDNxMedia/AvidDNxMedia.uplugin" 395
"../../../Engine/Plugins/Media/ElectraPlayer/ElectraPlayer.uplugin" 396
"../../../Engine/Plugins/Media/AvidDNxHDDecoderElectra/AvidDNxHDDecoderElectra.uplugin" 397
"../../../Engine/Plugins/Media/BinkMedia/BinkMedia.uplugin" 398
"../../../Engine/Plugins/Media/BlackmagicMedia/BlackmagicMedia.uplugin" 399
"../../../Engine/Plugins/Media/ElectraCDM/ElectraCDM.uplugin" 400
"../../../Engine/Plugins/Media/ElectraSubtitles/ElectraSubtitles.uplugin" 401
"../../../Engine/Plugins/Media/ElectraUtil/ElectraUtil.uplugin" 402
"../../../Engine/Plugins/Media/HAPDecoderElectra/HAPDecoderElectra.uplugin" 403
"../../../Engine/Plugins/Media/HardwareEncoders/HardwareEncoders.uplugin" 404
"../../../Engine/Plugins/Media/HAPMedia/HAPMedia.uplugin" 405
"../../../Engine/Plugins/Media/ImgMedia/ImgMedia.uplugin" 406
"../../../Engine/Plugins/Media/LinearTimecode/LinearTimecode.uplugin" 407
"../../../Engine/Plugins/Media/MediaCompositing/MediaCompositing.uplugin" 408
"../../../Engine/Plugins/Media/MediaIOFramework/MediaIOFramework.uplugin" 409
"../../../Engine/Plugins/Media/MfMedia/MfMedia.uplugin" 410
"../../../Engine/Plugins/Media/TimecodeSynchronizer/TimecodeSynchronizer.uplugin" 411
"../../../Engine/Plugins/Media/MediaPlate/MediaPlate.uplugin" 412
"../../../Engine/Plugins/Media/MediaPlayerEditor/MediaPlayerEditor.uplugin" 413
"../../../Engine/Plugins/MovieScene/TemplateSequence/TemplateSequence.uplugin" 414
"../../../Engine/Plugins/Media/VPxDecoderElectra/VPxDecoderElectra.uplugin" 415
"../../../Engine/Plugins/Media/PixelCapture/PixelCapture.uplugin" 416
"../../../Engine/Plugins/Media/MediaFrameworkUtilities/MediaFrameworkUtilities.uplugin" 417
"../../../Engine/Plugins/Media/OpusDecoderElectra/OpusDecoderElectra.uplugin" 418
"../../../Engine/Plugins/Media/WebMMedia/WebMMedia.uplugin" 419
"../../../Engine/Plugins/Interchange/Runtime/Interchange.uplugin" 420
"../../../Engine/Plugins/Media/WmfMedia/WmfMedia.uplugin" 421
"../../../Engine/Plugins/Messaging/MessagingDebugger/MessagingDebugger.uplugin" 422
"../../../Engine/Plugins/Messaging/TcpMessaging/TcpMessaging.uplugin" 423
"../../../Engine/Plugins/FX/CascadeToNiagaraConverter/CascadeToNiagaraConverter.uplugin" 424
"../../../Engine/Plugins/Online/OnlineBase/OnlineBase.uplugin" 425
"../../../Engine/Plugins/Online/EOSShared/EOSShared.uplugin" 426
"../../../Engine/Plugins/Media/AvfMedia/AvfMedia.uplugin" 427
"../../../Engine/Plugins/Online/OnlineServices/OnlineServices.uplugin" 428
"../../../Engine/Plugins/Media/PixelStreaming/PixelStreaming.uplugin" 429
"../../../Engine/Plugins/Online/OnlineServicesOSSAdapter/OnlineServicesOSSAdapter.uplugin" 430
"../../../Engine/Plugins/Online/OnlineServicesEOS/OnlineServicesEOS.uplugin" 431
"../../../Engine/Plugins/Online/OnlineSubsystem/OnlineSubsystem.uplugin" 432
"../../../Engine/Plugins/Online/OnlineServicesEOSGS/OnlineServicesEOSGS.uplugin" 433
"../../../Engine/Plugins/Online/OnlineServicesNull/OnlineServicesNull.uplugin" 434
"../../../Engine/Plugins/Online/OnlineSubsystemAmazon/OnlineSubsystemAmazon.uplugin" 435
"../../../Engine/Plugins/Online/OnlineSubsystemApple/OnlineSubsystemApple.uplugin" 436
"../../../Engine/Plugins/Online/OnlineSubsystemEOS/OnlineSubsystemEOS.uplugin" 437
"../../../Engine/Plugins/Online/OnlineSubsystemFacebook/OnlineSubsystemFacebook.uplugin" 438
"../../../Engine/Plugins/Online/OnlineSubsystemOculus/OnlineSubsystemOculus.uplugin" 439
"../../../Engine/Plugins/Online/OnlineSubsystemTencent/OnlineSubsystemTencent.uplugin" 440
"../../../Engine/Plugins/Messaging/UdpMessaging/UdpMessaging.uplugin" 441
"../../../Engine/Plugins/Online/OnlineSubsystemUtils/OnlineSubsystemUtils.uplugin" 442
"../../../Engine/Plugins/Online/OnlineSubsystemNull/OnlineSubsystemNull.uplugin" 443
"../../../Engine/Plugins/Online/SocketSubsystemEOS/SocketSubsystemEOS.uplugin" 444
"../../../Engine/Plugins/Tests/AutomationDriverTests/AutomationDriverTests.uplugin" 445
"../../../Engine/Plugins/Online/WebAuth/WebAuth.uplugin" 446
"../../../Engine/Plugins/Performance/PerformanceMonitor/PerformanceMonitor.uplugin" 447
"../../../Engine/Plugins/Tests/CQTest/CQTest.uplugin" 448
"../../../Engine/Plugins/Online/OnlineSubsystemGoogle/OnlineSubsystemGoogle.uplugin" 449
"../../../Engine/Plugins/Tests/EditorTests/EditorTests.uplugin" 450
"../../../Engine/Plugins/Online/OnlineSubsystemSteam/OnlineSubsystemSteam.uplugin" 451
"../../../Engine/Plugins/Tests/PythonAutomationTest/PythonAutomationTest.uplugin" 452
"../../../Engine/Plugins/Tests/TestFramework/TestFramework.uplugin" 453
"../../../Engine/Plugins/Tests/RuntimeTests/RuntimeTests.uplugin" 454
"../../../Engine/Plugins/2D/Paper2D/Paper2D.uplugin" 455
"../../../Engine/Plugins/Online/EOSOverlayInputProvider/EOSOverlayInputProvider.uplugin" 456
"../../../Engine/Plugins/AI/EnvironmentQueryEditor/EnvironmentQueryEditor.uplugin" 457
"../../../Engine/Plugins/Tests/FbxAutomationTestBuilder/FbxAutomationTestBuilder.uplugin" 458
"../../../Engine/Plugins/Tests/WidgetAutomationTests/WidgetAutomationTests.uplugin" 459
"../../../Engine/Plugins/Tests/FunctionalTestingEditor/FunctionalTestingEditor.uplugin" 460
"../../../Engine/Plugins/Tests/RHITests/RHITests.uplugin" 461
"../../../Engine/Plugins/AI/MassAI/MassAI.uplugin" 462
"../../../Engine/Plugins/Developer/AnimationSharing/AnimationSharing.uplugin" 463
"../../../Engine/Plugins/Media/MediaMovieStreamer/MediaMovieStreamer.uplugin" 464
"../../../Engine/Plugins/Tests/InterchangeTests/InterchangeTests.uplugin" 465
"../../../Engine/Plugins/AI/MLAdapter/MLAdapter.uplugin" 466
"../../../Engine/Plugins/Online/OnlineFramework/OnlineFramework.uplugin" 467
"../../../Engine/Plugins/Developer/CodeLiteSourceCodeAccess/CodeLiteSourceCodeAccess.uplugin" 468
"../../../Engine/Plugins/Developer/CLionSourceCodeAccess/CLionSourceCodeAccess.uplugin" 469
"../../../Engine/Plugins/Tests/TestSamples/TestSamples.uplugin" 470
"../../../Engine/Plugins/Developer/DumpGPUServices/DumpGPUServices.uplugin" 471
"../../../Engine/Plugins/Developer/GitSourceControl/GitSourceControl.uplugin" 472
"../../../Engine/Plugins/Developer/KDevelopSourceCodeAccess/KDevelopSourceCodeAccess.uplugin" 473
"../../../Engine/Plugins/Developer/NullSourceCodeAccess/NullSourceCodeAccess.uplugin" 474
"../../../Engine/Plugins/Developer/PropertyAccessNode/PropertyAccessNode.uplugin" 475
"../../../Engine/Plugins/Developer/PerforceSourceControl/PerforceSourceControl.uplugin" 476
"../../../Engine/Plugins/AI/MassCrowd/MassCrowd.uplugin" 477
"../../../Engine/Plugins/Developer/BlankPlugin/BlankPlugin.uplugin" 478
"../../../Engine/Plugins/Developer/RenderDocPlugin/RenderDocPlugin.uplugin" 479
"../../../Engine/Plugins/Developer/PlasticSourceControl/PlasticSourceControl.uplugin" 480
"../../../Engine/Plugins/Developer/N10XSourceCodeAccess/N10XSourceCodeAccess.uplugin" 481
"../../../Engine/Plugins/Developer/OneSkyLocalizationService/OneSkyLocalizationService.uplugin" 482
"../../../Engine/Plugins/Developer/TraceDataFiltering/TraceDataFilters.uplugin" 483
"../../../Engine/Plugins/Developer/TextureFormatOodle/TextureFormatOodle.uplugin" 484
"../../../Engine/Plugins/Developer/TraceSourceFiltering/TraceSourceFilters.uplugin" 485
"../../../Engine/Plugins/AI/AISupport/AISupport.uplugin" 486
"../../../Engine/Plugins/Developer/XcodeGPUDebuggerPlugin/XcodeGPUDebuggerPlugin.uplugin" 487
"../../../Engine/Plugins/Developer/VisualStudioSourceCodeAccess/VisualStudioSourceCodeAccess.uplugin" 488
"../../../Engine/Plugins/Developer/SubversionSourceControl/SubversionSourceControl.uplugin" 489
"../../../Engine/Plugins/Protocols/MQTT/MQTT.uplugin" 490
"../../../Engine/Plugins/NNE/NNERuntimeORT/NNERuntimeORT.uplugin" 491
"../../../Engine/Plugins/VirtualProduction/CameraCalibration/CameraCalibration.uplugin" 492
"../../../Engine/Plugins/Developer/PluginUtils/PluginUtils.uplugin" 493
"../../../Engine/Plugins/VirtualProduction/ICVFX/ICVFX.uplugin" 494
"../../../Engine/Plugins/Developer/UObjectPlugin/UObjectPlugin.uplugin" 495
"../../../Engine/Plugins/Developer/VisualStudioCodeSourceCodeAccess/VisualStudioCodeSourceCodeAccess.uplugin" 496
"../../../Engine/Plugins/VirtualProduction/LevelSnapshots/LevelSnapshots.uplugin" 497
"../../../Engine/Plugins/Developer/RiderSourceCodeAccess/RiderSourceCodeAccess.uplugin" 498
"../../../Engine/Plugins/VirtualProduction/CameraCalibrationCore/CameraCalibrationCore.uplugin" 499
"../../../Engine/Plugins/VirtualProduction/EpicStageApp/EpicStageApp.uplugin" 500
"../../../Engine/Plugins/VirtualProduction/LiveLinkVRPN/LiveLinkVRPN.uplugin" 501
"../../../Engine/Plugins/AI/HTNPlanner/HTNPlanner.uplugin" 502
"../../../Engine/Plugins/VirtualProduction/RemoteControl/RemoteControl.uplugin" 503
"../../../Engine/Plugins/VirtualProduction/DataCharts/DataCharts.uplugin" 504
"../../../Engine/Plugins/Developer/XCodeSourceCodeAccess/XCodeSourceCodeAccess.uplugin" 505
"../../../Engine/Plugins/VirtualProduction/ICVFXTesting/ICVFXTesting.uplugin" 506
"../../../Engine/Plugins/VirtualProduction/LensComponent/LensComponent.uplugin" 507
"../../../Engine/Plugins/VirtualProduction/MultiUserTakes/MultiUserTakes.uplugin" 508
"../../../Engine/Plugins/VirtualProduction/LiveLinkFreeD/LiveLinkFreeD.uplugin" 509
"../../../Engine/Plugins/VirtualProduction/RemoteControlInterception/RemoteControlInterception.uplugin" 510
"../../../Engine/Plugins/VirtualProduction/LiveLinkInputDevice/LiveLinkInputDevice.uplugin" 511
"../../../Engine/Plugins/VirtualProduction/RemoteControlProtocolMIDI/RemoteControlProtocolMIDI.uplugin" 512
"../../../Engine/Plugins/VirtualProduction/LiveLinkLens/LiveLinkLens.uplugin" 513
"../../../Engine/Plugins/VirtualProduction/LiveLinkPrestonMDR/LiveLinkPrestonMDR.uplugin" 514
"../../../Engine/Plugins/VirtualProduction/RemoteControlProtocolOSC/RemoteControlProtocolOSC.uplugin" 515
"../../../Engine/Plugins/VirtualProduction/CompositePlane/CompositePlane.uplugin" 516
"../../../Engine/Plugins/VirtualProduction/Takes/Takes.uplugin" 517
"../../../Engine/Plugins/VirtualProduction/StageMonitoring/StageMonitoring.uplugin" 518
"../../../Engine/Plugins/VirtualProduction/TextureShare/TextureShare.uplugin" 519
"../../../Engine/Plugins/VirtualProduction/LiveLinkCamera/LiveLinkCamera.uplugin" 520
"../../../Engine/Plugins/VirtualProduction/LiveLinkXR/LiveLinkXR.uplugin" 521
"../../../Engine/Plugins/VirtualProduction/VirtualCameraCore/VirtualCameraCore.uplugin" 522
"../../../Engine/Plugins/VirtualProduction/TimedDataMonitor/TimedDataMonitor.uplugin" 523
"../../../Engine/Plugins/Experimental/CharacterFXEditor/BaseCharacterFXEditor/BaseCharacterFXEditor.uplugin" 524
"../../../Engine/Plugins/VirtualProduction/LiveLinkMasterLockit/LiveLinkMasterLockit.uplugin" 525
"../../../Engine/Plugins/VirtualProduction/Switchboard/Switchboard.uplugin" 526
"../../../Engine/Plugins/VirtualProduction/VirtualCamera/VirtualCamera.uplugin" 527
"../../../Engine/Plugins/Developer/PixWinPlugin/PixWinPlugin.uplugin" 528
"../../../Engine/Plugins/Runtime/Analytics/AnalyticsBlueprintLibrary/AnalyticsBlueprintLibrary.uplugin" 529
"../../../Engine/Plugins/Runtime/Analytics/Adjust/Adjust.uplugin" 530
"../../../Engine/Plugins/Runtime/Analytics/Flurry/Flurry.uplugin" 531
"../../../Engine/Plugins/Runtime/Analytics/FileLogging/FileLogging.uplugin" 532
"../../../Engine/Plugins/VirtualProduction/RemoteControlWebInterface/RemoteControlWebInterface.uplugin" 533
"../../../Engine/Plugins/Runtime/Database/SQLiteCore/SQLiteCore.uplugin" 534
"../../../Engine/Plugins/Experimental/CharacterFXEditor/ExampleCharacterFXEditor/ExampleCharacterFXEditor.uplugin" 535
"../../../Engine/Plugins/VirtualProduction/SequencerPlaylists/SequencerPlaylists.uplugin" 536
"../../../Engine/Plugins/Runtime/Nvidia/GeForceNOWWrapper/GeForceNOWWrapper.uplugin" 537
"../../../Engine/Plugins/Runtime/Database/SQLiteSupport/SQLiteSupport.uplugin" 538
"../../../Engine/Plugins/Runtime/Database/RemoteDatabaseSupport/RemoteDatabaseSupport.uplugin" 539
"../../../Engine/Plugins/Runtime/Analytics/AnalyticsMulticast/AnalyticsMulticast.uplugin" 540
"../../../Engine/Plugins/Runtime/Nvidia/Reflex/Reflex.uplugin" 541
"../../../Engine/Plugins/Animation/MLDeformer/NearestNeighborModel/NearestNeighborModel.uplugin" 542
"../../../Engine/Plugins/Animation/MLDeformer/MLDeformerFramework/MLDeformerFramework.uplugin" 543
"../../../Engine/Plugins/Animation/MLDeformer/ChaosClothGenerator/ChaosClothGenerator.uplugin" 544
"../../../Engine/Plugins/Runtime/AR/ARUtilities/ARUtilities.uplugin" 545
"../../../Engine/Plugins/Runtime/AR/AzureSpatialAnchorsForARCore/AzureSpatialAnchorsForARCore.uplugin" 546
"../../../Engine/Plugins/Runtime/AR/AzureSpatialAnchorsForARKit/AzureSpatialAnchorsForARKit.uplugin" 547
"../../../Engine/Plugins/Experimental/MetaHuman/MetaHumanProjectUtilities/MetaHumanProjectUtilities.uplugin" 548
"../../../Engine/Plugins/Animation/MLDeformer/NeuralMorphModel/NeuralMorphModel.uplugin" 549
"../../../Engine/Plugins/Runtime/PacketHandlers/AESHandlerComponent/AESHandlerComponent.uplugin" 550
"../../../Engine/Plugins/Runtime/PacketHandlers/DTLSHandlerComponent/DTLSHandlerComponent.uplugin" 551
"../../../Engine/Plugins/Animation/MLDeformer/VertexDeltaModel/VertexDeltaModel.uplugin" 552
"../../../Engine/Plugins/Runtime/Database/DatabaseSupport/DatabaseSupport.uplugin" 553
"../../../Engine/Plugins/VirtualProduction/DMX/DMXModularFeatures/DMXModularFeatures.uplugin" 554
"../../../Engine/Plugins/Runtime/AR/AzureSpatialAnchors/AzureSpatialAnchors.uplugin" 555
"../../../Engine/Plugins/Online/VoiceChat/VoiceChat/VoiceChat.uplugin" 556
"../../../Engine/Plugins/Runtime/Database/ADOSupport/ADOSupport.uplugin" 557
"../../../Engine/Plugins/VirtualProduction/DMX/DMXEngine/DMXEngine.uplugin" 558
"../../../Engine/Plugins/Experimental/Animation/ContextualAnimation/ContextualAnimation.uplugin" 559
"../../../Engine/Plugins/VirtualProduction/RemoteControlProtocolDMX/RemoteControlProtocolDMX.uplugin" 560
"../../../Engine/Plugins/VirtualProduction/DMX/DatasmithMVR/DatasmithMVR.uplugin" 561
"../../../Engine/Plugins/VirtualProduction/DMX/DMXFixtures/DMXFixtures.uplugin" 562
"../../../Engine/Plugins/Experimental/Animation/CurveExpression/CurveExpression.uplugin" 563
"../../../Engine/Plugins/VirtualProduction/DMX/DMXPixelMapping/DMXPixelMapping.uplugin" 564
"../../../Engine/Plugins/Experimental/Animation/Optimus/Optimus.uplugin" 565
"../../../Engine/Plugins/Experimental/VirtualProduction/VPSettings/VPSettings.uplugin" 566
"../../../Engine/Plugins/Experimental/Animation/SkeletalMeshModelingTools/SkeletalMeshModelingTools.uplugin" 567
"../../../Engine/Plugins/Experimental/VirtualProduction/LedWallCalibration/LedWallCalibration.uplugin" 568
"../../../Engine/Plugins/Runtime/Windows/XInputDevice/XInputDevice.uplugin" 569
"../../../Engine/Plugins/VirtualProduction/DMX/DMXDisplayCluster/DMXDisplayCluster.uplugin" 570
"../../../Engine/Plugins/Editor/ObjectMixer/ObjectMixer/ObjectMixer.uplugin" 571
"../../../Engine/Plugins/Experimental/VirtualProduction/VPRoles/VPRoles.uplugin" 572
"../../../Engine/Plugins/Online/Android/AndroidFetchBackgroundDownload/AndroidFetchBackgroundDownload.uplugin" 573
"../../../Engine/Plugins/Runtime/PacketHandlers/AESGCMHandlerComponent/AESGCMHandlerComponent.uplugin" 574
"../../../Engine/Plugins/VirtualProduction/DMX/DMXControlConsole/DMXControlConsole.uplugin" 575
"../../../Engine/Plugins/Online/IOS/OnlineSubsystemIOS/OnlineSubsystemIOS.uplugin" 576
"../../../Engine/Plugins/Experimental/Animation/MotionTrajectory/MotionTrajectory.uplugin" 577
"../../../Engine/Plugins/Runtime/Advertising/IOSTapJoy/IOSTapJoy.uplugin" 578
"../../../Engine/Plugins/Online/VoiceChat/EOSVoiceChat/EOSVoiceChat.uplugin" 579
"../../../Engine/Plugins/Runtime/MeshReconstruction/DummyMeshReconstructor/DummyMeshReconstructor.uplugin" 580
"../../../Engine/Plugins/Runtime/Steam/SteamAudio/SteamAudio.uplugin" 581
"../../../Engine/Plugins/Runtime/Windows/WinDualShock/WinDualShock.uplugin" 582
"../../../Engine/Plugins/VirtualProduction/DMX/DMXProtocol/DMXProtocol.uplugin" 583
"../../../Engine/Plugins/Runtime/Steam/SteamSockets/SteamSockets.uplugin" 584
"../../../Engine/Plugins/Editor/ContentBrowser/ContentBrowserAliasDataSoure/ContentBrowserAliasDataSource.uplugin" 585
"../../../Engine/Plugins/Developer/Concert/ConcertMain/ConcertMain.uplugin" 586
"../../../Engine/Plugins/Editor/ObjectMixer/LightMixer/LightMixer.uplugin" 587
"../../../Engine/Plugins/Editor/ContentBrowser/ContentBrowserFileDataSource/ContentBrowserFileDataSource.uplugin" 588
"../../../Engine/Plugins/Editor/ContentBrowser/ContentBrowserClassDataSource/ContentBrowserClassDataSource.uplugin" 589
"../../../Engine/Plugins/VirtualProduction/Rivermax/RivermaxCore/RivermaxCore.uplugin" 590
"../../../Engine/Plugins/Experimental/AVCodecs/AVCodecsCore/AVCodecsCore.uplugin" 591
"../../../Engine/Plugins/Editor/ContentBrowser/ContentBrowserAssetDataSource/ContentBrowserAssetDataSource.uplugin" 592
"../../../Engine/Plugins/Experimental/AVCodecs/AMFCodecs/AMFCodecs.uplugin" 593
"../../../Engine/Plugins/Runtime/Steam/SteamController/SteamController.uplugin" 594
"../../../Engine/Plugins/Online/Android/OnlineSubsystemGooglePlay/OnlineSubsystemGooglePlay.uplugin" 595
"../../../Engine/Plugins/VirtualProduction/Rivermax/RivermaxSync/RivermaxSync.uplugin" 596
"../../../Engine/Plugins/Experimental/AVCodecs/NVCodecs/NVCodecs.uplugin" 597
"../../../Engine/Plugins/Experimental/AVCodecs/VTCodecs/VTCodecs.uplugin" 598
"../../../Engine/Plugins/Experimental/AVCodecs/WMFCodecs/WMFCodecs.uplugin" 599
"../../../Engine/Plugins/Editor/Localization/PortableObjectFileDataSource/PortableObjectFileDataSource.uplugin" 600
"../../../Engine/Plugins/VirtualProduction/Rivermax/RivermaxMedia/RivermaxMedia.uplugin" 601
"../../../Engine/Plugins/Experimental/Enterprise/DatasmithRuntime/DatasmithRuntime.uplugin" 602
"../../../Engine/Plugins/Runtime/XR/XRScribe/XRScribe.uplugin" 603
"../../../Engine/Plugins/Runtime/Steam/SteamShared/SteamShared.uplugin" 604
"../../../Engine/Plugins/Experimental/Enterprise/DatasmithInterchange/DatasmithInterchange.uplugin" 605
"../../../Engine/Plugins/Experimental/Web/WebAPI/WebAPI.uplugin" 606
"../../../Engine/Plugins/Developer/Concert/ConcertApp/MultiUserClient/MultiUserClient.uplugin" 607
"../../../Engine/Plugins/Marketplace/Developer/RiderLink/RiderLink.uplugin" 608
"../../../Engine/Plugins/Developer/Concert/ConcertUI/ConcertClientSharedSlate/ConcertClientSharedSlate.uplugin" 609
"../../../Engine/Plugins/Experimental/Enterprise/DataprepGeometryOperations/DataprepGeometryOperations.uplugin" 610
"../../../Engine/Plugins/Runtime/AR/AppleAR/AppleARKit/AppleARKit.uplugin" 611
"../../../Engine/Plugins/Runtime/XR/XRVisualization/XRVisualization.uplugin" 612
"../../../Engine/Plugins/Runtime/AR/Google/GoogleARCoreServices/GoogleARCoreServices.uplugin" 613
"../../../Engine/Plugins/Developer/Concert/ConcertApp/DisasterRecoveryClient/DisasterRecoveryClient.uplugin" 614
"../../../Engine/Plugins/Developer/Concert/ConcertUI/ConcertSharedSlate/ConcertSharedSlate.uplugin" 615
"../../../Engine/Plugins/Developer/Concert/ConcertApp/MultiUserServer/MultiUserServer.uplugin" 616
"../../../Engine/Plugins/Runtime/AR/Google/GoogleARCore/GoogleARCore.uplugin" 617
"../../../Engine/Plugins/Developer/Concert/ConcertSync/ConcertSyncCore/ConcertSyncCore.uplugin" 618
"../../../Engine/Plugins/Developer/Concert/ConcertSync/ConcertSyncServer/ConcertSyncServer.uplugin" 619
"../../../Engine/Plugins/Developer/Concert/ConcertSync/ConcertSyncTest/ConcertSyncTest.uplugin" 620
"../../../Engine/Plugins/Developer/Concert/ConcertSync/ConcertSyncClient/ConcertSyncClient.uplugin" 621
"../../../Engine/Plugins/Runtime/AR/AppleAR/AppleARKitFaceSupport/AppleARKitFaceSupport.uplugin" 622
"../../../Engine/Plugins/Developer/Concert/ConcertScripting/ConcertReplicationScripting/ConcertReplicationScripting.uplugin" 623
"../../../Engine/Platforms/VisionOS/Plugins/Runtime/OpenXR/OpenXR_VisionOS.uplugin" 624
"../../../Engine/Platforms/VisionOS/Plugins/Runtime/OpenXRHandTracking/OpenXRHandTracking_VisionOS.uplugin" 625
"../../../Engine/Platforms/VisionOS/Plugins/Runtime/OpenXRVisionOS/OpenXRVisionOS.uplugin" 626
"../../../Engine/Platforms/VisionOS/Plugins/Compression/OodleNetwork/OodleNetwork_VisionOS.uplugin" 627
"../../../Engine/Content/Internationalization/icudt64l/cnvalias.icu" 628
"../../../Engine/Content/Internationalization/icudt64l/res_index.res" 629
"../../../Engine/Content/Internationalization/icudt64l/plurals.res" 630
"../../../Engine/Content/Internationalization/icudt64l/lang/en.res" 631
"../../../Engine/Content/Internationalization/icudt64l/lang/pool.res" 632
"../../../Engine/Content/Internationalization/icudt64l/lang/root.res" 633
"../../../Engine/Content/Internationalization/icudt64l/region/en.res" 634
"../../../Engine/Content/Internationalization/icudt64l/region/pool.res" 635
"../../../Engine/Content/Internationalization/icudt64l/region/root.res" 636
"../../../Engine/Content/Internationalization/icudt64l/windowsZones.res" 637
"../../../Engine/Content/Internationalization/icudt64l/zoneinfo64.res" 638
"../../../Engine/Content/Internationalization/icudt64l/keyTypeData.res" 639
"../../../Engine/Content/Internationalization/icudt64l/timezoneTypes.res" 640
"../../../Engine/Content/Internationalization/icudt64l/likelySubtags.res" 641
"../../../Engine/Content/Internationalization/icudt64l/en_US.res" 642
"../../../Engine/Content/Internationalization/icudt64l/pool.res" 643
"../../../Engine/Content/Internationalization/icudt64l/en.res" 644
"../../../Engine/Content/Internationalization/icudt64l/root.res" 645
"../../../Engine/Content/Internationalization/icudt64l/supplementalData.res" 646
"../../../Engine/Config/ConfigRedirects.ini" 647
"C:/Users/Admin/AppData/Local/UnrealEngine/5.4/Saved/Config/WindowsEditor/Manifest.ini" 648
"../../../Engine/Config/BaseEngine.ini" 649
"../../../Engine/Config/Windows/BaseWindowsEngine.ini" 650
"../../../../../../Users/Admin/Documents/Unreal Projects/ai-project/Config/DefaultEngine.ini" 651
"../../../Engine/Config/Windows/WindowsEngine.ini" 652
"../../../Engine/Config/BaseGame.ini" 653
"../../../../../../Users/Admin/Documents/Unreal Projects/ai-project/Config/DefaultGame.ini" 654
"../../../Engine/Config/Windows/WindowsGame.ini" 655
"C:/Users/Admin/Documents/Unreal Projects/ai-project/Saved/Config/WindowsEditor/Game.ini" 656
"../../../Engine/Config/BaseInput.ini" 657
"../../../../../../Users/Admin/Documents/Unreal Projects/ai-project/Config/DefaultInput.ini" 658
"../../../Engine/Config/Windows/WindowsInput.ini" 659
"../../../Engine/Config/BaseDeviceProfiles.ini" 660
"../../../Engine/Config/BaseGameUserSettings.ini" 661
"C:/Users/Admin/Documents/Unreal Projects/ai-project/Saved/Config/WindowsEditor/GameUserSettings.ini" 662
"../../../Engine/Config/BaseScalability.ini" 663
"../../../Engine/Config/BaseRuntimeOptions.ini" 664
"../../../Engine/Config/BaseInstallBundle.ini" 665
"../../../Engine/Config/BaseHardware.ini" 666
"../../../Engine/Config/BaseCompat.ini" 667
"../../../Engine/Config/BaseLightmass.ini" 668
"../../../Engine/Config/BaseEditor.ini" 669
"../../../../../../Users/Admin/Documents/Unreal Projects/ai-project/Config/DefaultEditor.ini" 670
"C:/Users/Admin/Documents/Unreal Projects/ai-project/Saved/Config/WindowsEditor/Editor.ini" 671
"../../../Engine/Config/BaseEditorPerProjectUserSettings.ini" 672
"../../../../../../Users/Admin/Documents/Unreal Projects/ai-project/Config/DefaultEditorPerProjectUserSettings.ini" 673
"../../../Engine/Config/Windows/WindowsEditorPerProjectUserSettings.ini" 674
"C:/Users/Admin/Documents/Unreal Projects/ai-project/Saved/Config/WindowsEditor/EditorPerProjectUserSettings.ini" 675
"../../../Engine/Config/BaseEditorSettings.ini" 676
"C:/Users/Admin/AppData/Local/UnrealEngine/5.4/Saved/Config/WindowsEditor/EditorSettings.ini" 677
"../../../Engine/Config/BaseEditorKeyBindings.ini" 678
"C:/Users/Admin/AppData/Local/UnrealEngine/5.4/Saved/Config/WindowsEditor/EditorLayout.ini" 679
"../../../../../../Users/Admin/Documents/Unreal Projects/ai-project/Binaries/Win64/AI_Project-Win64-Shipping.target" 680
"../../../Engine/Config/Mac/BaseMacEngine.ini" 681
"../../../Engine/Config/IOS/BaseIOSEngine.ini" 682
"../../../Engine/Config/Android/BaseAndroidEngine.ini" 683
"../../../Engine/Config/LinuxArm64/BaseLinuxArm64Engine.ini" 684
"../../../Engine/Config/Linux/BaseLinuxEngine.ini" 685
"../../../Engine/Config/Android/AndroidEngine.ini" 686
"../../../Engine/Platforms/VisionOS/Config/BaseVisionOSEngine.ini" 687
"../../../../../../Users/Admin/Documents/Unreal Projects/ai-project/Binaries/Win64/AI_ProjectEditor.target" 688
"../../../Engine/Config/Unix/UnixEngine.ini" 689
"../../../Engine/Config/LinuxArm64/LinuxArm64Engine.ini" 690
"../../../Engine/Config/TVOS/TVOSEngine.ini" 691
"../../../Engine/Config/Mac/MacGame.ini" 692
"../../../Engine/Config/Linux/LinuxEngine.ini" 693
"../../../Engine/Config/IOS/BaseIOSGame.ini" 694
"../../../Engine/Config/Android/BaseAndroidGame.ini" 695
"../../../Engine/Config/IOS/IOSGame.ini" 696
"../../../Engine/Config/Mac/BaseMacInput.ini" 697
"../../../Engine/Config/Linux/LinuxGame.ini" 698
"../../../Engine/Config/IOS/IOSScalability.ini" 699
"../../../Engine/Config/Android/AndroidScalability.ini" 700
"../../../Engine/Config/Android/BaseAndroidInstallBundle.ini" 701
"../../../Engine/Config/PluginBase.ini" 702
"../../../Engine/Plugins/ChaosVD/Config/Engine.ini" 703
"../../../Engine/Plugins/EnhancedInput/Config/BaseEnhancedInput.ini" 704
"../../../Engine/Plugins/EnhancedInput/Config/Input.ini" 705
"../../../Engine/Plugins/Fab/Config/BaseFab.ini" 706
"../../../Engine/Plugins/TraceUtilities/Config/BaseTraceUtilities.ini" 707
"../../../Engine/Plugins/Animation/ControlRig/Config/BaseControlRig.ini" 708
"../../../Engine/Plugins/Animation/IKRig/Config/BaseIKRig.ini" 709
"../../../Engine/Plugins/Experimental/FullBodyIK/Config/BaseFullBodyIK.ini" 710
"../../../Engine/Plugins/Experimental/StructUtils/Config/BaseStructUtils.ini" 711
"../../../Engine/Plugins/Experimental/ToolPresets/Config/BaseToolPresets.ini" 712
"../../../Engine/Plugins/Runtime/InputDebugging/Config/Input.ini" 713
"../../../Engine/Plugins/Runtime/Synthesis/Config/BaseSynthesis.ini" 714
"../../../Engine/Plugins/Enterprise/DatasmithContent/Config/BaseDatasmithContent.ini" 715
"../../../Engine/Plugins/Enterprise/GLTFExporter/Config/BaseGLTFExporter.ini" 716
"../../../Engine/Plugins/Enterprise/GLTFExporter/Config/DefaultGLTFExporter.ini" 717
"../../../Engine/Plugins/Enterprise/VariantManagerContent/Config/BaseVariantManagerContent.ini" 718
"../../../Engine/Plugins/Editor/EditorScriptingUtilities/Config/BaseEditorScriptingUtilities.ini" 719
"../../../Engine/Plugins/FX/Niagara/Config/BaseNiagara.ini" 720
"../../../Engine/Plugins/Interchange/Runtime/Config/BaseInterchange.ini" 721
"../../../Engine/Plugins/2D/Paper2D/Config/BasePaper2D.ini" 722
"../../../Engine/Plugins/Developer/TraceDataFiltering/Config/BaseTraceDataFilters.ini" 723
"../../../Engine/Plugins/Experimental/MetaHuman/MetaHumanProjectUtilities/Config/BaseMetaHumanProjectUtilities.ini" 724
"../../../Engine/Plugins/Editor/ModelingToolsEditorMode/Binaries/Win64/UnrealEditor.modules" 725
"../../../Engine/Plugins/Runtime/MeshModelingToolset/Binaries/Win64/UnrealEditor.modules" 726
"../../../Engine/Plugins/Experimental/MeshModelingToolsetExp/Binaries/Win64/UnrealEditor.modules" 727
"../../../Engine/Plugins/Editor/MeshLODToolset/Binaries/Win64/UnrealEditor.modules" 728
"../../../Engine/Plugins/Experimental/ToolPresets/Binaries/Win64/UnrealEditor.modules" 729
"../../../Engine/Plugins/Runtime/GeometryProcessing/Binaries/Win64/UnrealEditor.modules" 730
"../../../Engine/Plugins/Editor/ProxyLODPlugin/Binaries/Win64/UnrealEditor.modules" 731
"../../../Engine/Plugins/Experimental/PlanarCutPlugin/Binaries/Win64/UnrealEditor.modules" 732
"../../../Engine/Plugins/Experimental/GeometryFlow/Binaries/Win64/UnrealEditor.modules" 733
"../../../Engine/Plugins/Editor/EditorScriptingUtilities/Binaries/Win64/UnrealEditor.modules" 734
"../../../Engine/Plugins/Bridge/Binaries/Win64/UnrealEditor.modules" 735
"../../../Engine/Plugins/Experimental/MetaHuman/MetaHumanProjectUtilities/Binaries/Win64/UnrealEditor.modules" 736
"../../../Engine/Plugins/ChaosCloth/Binaries/Win64/UnrealEditor.modules" 737
"../../../Engine/Plugins/Experimental/ChaosCaching/Binaries/Win64/UnrealEditor.modules" 738
"../../../Engine/Plugins/VirtualProduction/Takes/Binaries/Win64/UnrealEditor.modules" 739
"../../../Engine/Plugins/Runtime/AudioCapture/Binaries/Win64/UnrealEditor.modules" 740
"../../../Engine/Plugins/MovieScene/LevelSequenceEditor/Binaries/Win64/UnrealEditor.modules" 741
"../../../Engine/Plugins/MovieScene/SequencerScripting/Binaries/Win64/UnrealEditor.modules" 742
"../../../Engine/Plugins/Experimental/PythonScriptPlugin/Binaries/Win64/UnrealEditor.modules" 743
"../../../Engine/Plugins/Editor/ContentBrowser/ContentBrowserFileDataSource/Binaries/Win64/UnrealEditor.modules" 744
"../../../Engine/Plugins/CmdLinkServer/Binaries/Win64/UnrealEditor.modules" 745
"../../../Engine/Plugins/ChaosVD/Binaries/Win64/UnrealEditor.modules" 746
"../../../Engine/Plugins/EnhancedInput/Binaries/Win64/UnrealEditor.modules" 747
"../../../Engine/Plugins/FastBuildController/Binaries/Win64/UnrealEditor.modules" 748
"../../../Engine/Plugins/Fab/Binaries/Win64/UnrealEditor.modules" 749
"../../../Engine/Plugins/Interchange/Runtime/Binaries/Win64/UnrealEditor.modules" 750
"../../../Engine/Plugins/Online/EOSShared/Binaries/Win64/UnrealEditor.modules" 751
"../../../Engine/Plugins/Enterprise/VariantManagerContent/Binaries/Win64/UnrealEditor.modules" 752
"../../../Engine/Plugins/Enterprise/VariantManager/Binaries/Win64/UnrealEditor.modules" 753
"../../../Engine/Plugins/MeshPainting/Binaries/Win64/UnrealEditor.modules" 754
"../../../Engine/Plugins/Interchange/Editor/Binaries/Win64/UnrealEditor.modules" 755
"../../../Engine/Plugins/RenderGraphInsights/Binaries/Win64/UnrealEditor.modules" 756
"../../../Engine/Plugins/TraceUtilities/Binaries/Win64/UnrealEditor.modules" 757
"../../../Engine/Plugins/XGEController/Binaries/Win64/UnrealEditor.modules" 758
"../../../Engine/Plugins/WorldMetrics/Binaries/Win64/UnrealEditor.modules" 759
"../../../Engine/Plugins/Animation/ACLPlugin/Binaries/Win64/UnrealEditor.modules" 760
"../../../Engine/Plugins/Animation/AnimationData/Binaries/Win64/UnrealEditor.modules" 761
"../../../Engine/Plugins/Animation/ControlRig/Binaries/Win64/UnrealEditor.modules" 762
"../../../Engine/Plugins/Runtime/RigVM/Binaries/Win64/UnrealEditor.modules" 763
"../../../Engine/Plugins/Runtime/PropertyAccess/Binaries/Win64/UnrealEditor.modules" 764
"../../../Engine/Plugins/Experimental/StructUtils/Binaries/Win64/UnrealEditor.modules" 765
"../../../Engine/Plugins/Animation/AnimationModifierLibrary/Binaries/Win64/UnrealEditor.modules" 766
"../../../Engine/Plugins/Animation/ControlRigSpline/Binaries/Win64/UnrealEditor.modules" 767
"../../../Engine/Plugins/Animation/BlendSpaceMotionAnalysis/Binaries/Win64/UnrealEditor.modules" 768
"../../../Engine/Plugins/Animation/IKRig/Binaries/Win64/UnrealEditor.modules" 769
"../../../Engine/Plugins/Experimental/FullBodyIK/Binaries/Win64/UnrealEditor.modules" 770
"../../../Engine/Plugins/Experimental/AutomationUtils/Binaries/Win64/UnrealEditor.modules" 771
"../../../Engine/Plugins/Experimental/ChaosEditor/Binaries/Win64/UnrealEditor.modules" 772
"../../../Engine/Plugins/Experimental/GeometryCollectionPlugin/Binaries/Win64/UnrealEditor.modules" 773
"../../../Engine/Plugins/Experimental/Fracture/Binaries/Win64/UnrealEditor.modules" 774
"../../../Engine/Plugins/Runtime/ProceduralMeshComponent/Binaries/Win64/UnrealEditor.modules" 775
"../../../Engine/Plugins/Experimental/ChaosSolverPlugin/Binaries/Win64/UnrealEditor.modules" 776
"../../../Engine/Plugins/Experimental/Dataflow/Binaries/Win64/UnrealEditor.modules" 777
"../../../Engine/Plugins/Experimental/CharacterFXEditor/BaseCharacterFXEditor/Binaries/Win64/UnrealEditor.modules" 778
"../../../Engine/Plugins/Experimental/ChaosUserDataPT/Binaries/Win64/UnrealEditor.modules" 779
"../../../Engine/Plugins/Experimental/ChaosNiagara/Binaries/Win64/UnrealEditor.modules" 780
"../../../Engine/Plugins/FX/Niagara/Binaries/Win64/UnrealEditor.modules" 781
"../../../Engine/Plugins/Experimental/CharacterAI/Binaries/Win64/UnrealEditor.modules" 782
"../../../Engine/Plugins/Experimental/BackChannel/Binaries/Win64/UnrealEditor.modules" 783
"../../../Engine/Plugins/Experimental/LocalizableMessage/Binaries/Win64/UnrealEditor.modules" 784
"../../../Engine/Plugins/Experimental/OpenImageDenoise/Binaries/Win64/UnrealEditor.modules" 785
"../../../Engine/Plugins/Experimental/PlatformCrypto/Binaries/Win64/UnrealEditor.modules" 786
"../../../Engine/Plugins/Experimental/SkeletalReduction/Binaries/Win64/UnrealEditor.modules" 787
"../../../Engine/Plugins/Experimental/StudioTelemetry/Binaries/Win64/UnrealEditor.modules" 788
"../../../Engine/Plugins/Compression/OodleNetwork/Binaries/Win64/UnrealEditor.modules" 789
"../../../Engine/Plugins/Importers/AlembicImporter/Binaries/Win64/UnrealEditor.modules" 790
"../../../Engine/Plugins/Runtime/GeometryCache/Binaries/Win64/UnrealEditor.modules" 791
"../../../Engine/Plugins/Cameras/CameraShakePreviewer/Binaries/Win64/UnrealEditor.modules" 792
"../../../Engine/Plugins/Cameras/GameplayCameras/Binaries/Win64/UnrealEditor.modules" 793
"../../../Engine/Plugins/MovieScene/TemplateSequence/Binaries/Win64/UnrealEditor.modules" 794
"../../../Engine/Plugins/Runtime/ActorLayerUtilities/Binaries/Win64/UnrealEditor.modules" 795
"../../../Engine/Plugins/Runtime/AndroidDeviceProfileSelector/Binaries/Win64/UnrealEditor.modules" 796
"../../../Engine/Plugins/Runtime/AndroidFileServer/Binaries/Win64/UnrealEditor.modules" 797
"../../../Engine/Plugins/Runtime/AndroidPermission/Binaries/Win64/UnrealEditor.modules" 798
"../../../Engine/Plugins/Runtime/AppleImageUtils/Binaries/Win64/UnrealEditor.modules" 799
"../../../Engine/Plugins/Runtime/ArchVisCharacter/Binaries/Win64/UnrealEditor.modules" 800
"../../../Engine/Plugins/Runtime/AssetTags/Binaries/Win64/UnrealEditor.modules" 801
"../../../Engine/Plugins/Runtime/ChunkDownloader/Binaries/Win64/UnrealEditor.modules" 802
"../../../Engine/Plugins/Runtime/CustomMeshComponent/Binaries/Win64/UnrealEditor.modules" 803
"../../../Engine/Plugins/Runtime/ExampleDeviceProfileSelector/Binaries/Win64/UnrealEditor.modules" 804
"../../../Engine/Plugins/Runtime/GooglePAD/Binaries/Win64/UnrealEditor.modules" 805
"../../../Engine/Plugins/Runtime/InputDebugging/Binaries/Win64/UnrealEditor.modules" 806
"../../../Engine/Plugins/Runtime/CableComponent/Binaries/Win64/UnrealEditor.modules" 807
"../../../Engine/Plugins/Runtime/MobilePatchingUtils/Binaries/Win64/UnrealEditor.modules" 808
"../../../Engine/Plugins/Runtime/MsQuic/Binaries/Win64/UnrealEditor.modules" 809
"../../../Engine/Plugins/Runtime/LocationServicesBPLibrary/Binaries/Win64/UnrealEditor.modules" 810
"../../../Engine/Plugins/Runtime/ResonanceAudio/Binaries/Win64/UnrealEditor.modules" 811
"../../../Engine/Plugins/Runtime/SoundFields/Binaries/Win64/UnrealEditor.modules" 812
"../../../Engine/Plugins/Runtime/Synthesis/Binaries/Win64/UnrealEditor.modules" 813
"../../../Engine/Plugins/Runtime/AudioSynesthesia/Binaries/Win64/UnrealEditor.modules" 814
"../../../Engine/Plugins/Runtime/WebMMoviePlayer/Binaries/Win64/UnrealEditor.modules" 815
"../../../Engine/Plugins/Media/WebMMedia/Binaries/Win64/UnrealEditor.modules" 816
"../../../Engine/Plugins/Runtime/WindowsDeviceProfileSelector/Binaries/Win64/UnrealEditor.modules" 817
"../../../Engine/Plugins/Runtime/WindowsMoviePlayer/Binaries/Win64/UnrealEditor.modules" 818
"../../../Engine/Plugins/Enterprise/DatasmithContent/Binaries/Win64/UnrealEditor.modules" 819
"../../../Engine/Plugins/Enterprise/GLTFExporter/Binaries/Win64/UnrealEditor.modules" 820
"../../../Engine/Plugins/Portal/LauncherChunkInstaller/Binaries/Win64/UnrealEditor.modules" 821
"../../../Engine/Plugins/Editor/BlueprintHeaderView/Binaries/Win64/UnrealEditor.modules" 822
"../../../Engine/Plugins/Editor/CryptoKeys/Binaries/Win64/UnrealEditor.modules" 823
"../../../Engine/Plugins/Editor/CurveEditorTools/Binaries/Win64/UnrealEditor.modules" 824
"../../../Engine/Plugins/Editor/EditorDebugTools/Binaries/Win64/UnrealEditor.modules" 825
"../../../Engine/Plugins/Editor/DataValidation/Binaries/Win64/UnrealEditor.modules" 826
"../../../Engine/Plugins/Editor/EngineAssetDefinitions/Binaries/Win64/UnrealEditor.modules" 827
"../../../Engine/Plugins/Editor/FacialAnimation/Binaries/Win64/UnrealEditor.modules" 828
"../../../Engine/Plugins/Editor/GameplayTagsEditor/Binaries/Win64/UnrealEditor.modules" 829
"../../../Engine/Plugins/Editor/GeometryMode/Binaries/Win64/UnrealEditor.modules" 830
"../../../Engine/Plugins/Editor/AssetManagerEditor/Binaries/Win64/UnrealEditor.modules" 831
"../../../Engine/Plugins/Editor/MaterialAnalyzer/Binaries/Win64/UnrealEditor.modules" 832
"../../../Engine/Plugins/Editor/PluginBrowser/Binaries/Win64/UnrealEditor.modules" 833
"../../../Engine/Plugins/Developer/PluginUtils/Binaries/Win64/UnrealEditor.modules" 834
"../../../Engine/Plugins/Editor/MobileLauncherProfileWizard/Binaries/Win64/UnrealEditor.modules" 835
"../../../Engine/Plugins/Editor/SequencerAnimTools/Binaries/Win64/UnrealEditor.modules" 836
"../../../Engine/Plugins/Editor/SpeedTreeImporter/Binaries/Win64/UnrealEditor.modules" 837
"../../../Engine/Plugins/Editor/UVEditor/Binaries/Win64/UnrealEditor.modules" 838
"../../../Engine/Plugins/Editor/WorldPartitionHLODUtilities/Binaries/Win64/UnrealEditor.modules" 839
"../../../Engine/Plugins/FX/NiagaraSimCaching/Binaries/Win64/UnrealEditor.modules" 840
"../../../Engine/Plugins/MovieScene/ActorSequence/Binaries/Win64/UnrealEditor.modules" 841
"../../../Engine/Plugins/Media/AndroidMedia/Binaries/Win64/UnrealEditor.modules" 842
"../../../Engine/Plugins/Media/ImgMedia/Binaries/Win64/UnrealEditor.modules" 843
"../../../Engine/Plugins/Media/MediaPlayerEditor/Binaries/Win64/UnrealEditor.modules" 844
"../../../Engine/Plugins/Media/MediaCompositing/Binaries/Win64/UnrealEditor.modules" 845
"../../../Engine/Plugins/Media/MediaPlate/Binaries/Win64/UnrealEditor.modules" 846
"../../../Engine/Plugins/Media/AvfMedia/Binaries/Win64/UnrealEditor.modules" 847
"../../../Engine/Plugins/Media/WmfMedia/Binaries/Win64/UnrealEditor.modules" 848
"../../../Engine/Plugins/Messaging/TcpMessaging/Binaries/Win64/UnrealEditor.modules" 849
"../../../Engine/Plugins/Messaging/UdpMessaging/Binaries/Win64/UnrealEditor.modules" 850
"../../../Engine/Plugins/Online/OnlineBase/Binaries/Win64/UnrealEditor.modules" 851
"../../../Engine/Plugins/Online/OnlineSubsystem/Binaries/Win64/UnrealEditor.modules" 852
"../../../Engine/Plugins/Online/OnlineSubsystemNull/Binaries/Win64/UnrealEditor.modules" 853
"../../../Engine/Plugins/Online/OnlineSubsystemUtils/Binaries/Win64/UnrealEditor.modules" 854
"../../../Engine/Plugins/Online/OnlineServices/Binaries/Win64/UnrealEditor.modules" 855
"../../../Engine/Plugins/AI/AISupport/Binaries/Win64/UnrealEditor.modules" 856
"../../../Engine/Plugins/2D/Paper2D/Binaries/Win64/UnrealEditor.modules" 857
"../../../Engine/Plugins/AI/EnvironmentQueryEditor/Binaries/Win64/UnrealEditor.modules" 858
"../../../Engine/Plugins/Tests/InterchangeTests/Binaries/Win64/UnrealEditor.modules" 859
"../../../Engine/Plugins/Developer/AnimationSharing/Binaries/Win64/UnrealEditor.modules" 860
"../../../Engine/Plugins/Runtime/SignificanceManager/Binaries/Win64/UnrealEditor.modules" 861
"../../../Engine/Plugins/Developer/CLionSourceCodeAccess/Binaries/Win64/UnrealEditor.modules" 862
"../../../Engine/Plugins/Developer/DumpGPUServices/Binaries/Win64/UnrealEditor.modules" 863
"../../../Engine/Plugins/Developer/N10XSourceCodeAccess/Binaries/Win64/UnrealEditor.modules" 864
"../../../Engine/Plugins/Developer/PropertyAccessNode/Binaries/Win64/UnrealEditor.modules" 865
"../../../Engine/Plugins/Developer/RenderDocPlugin/Binaries/Win64/UnrealEditor.modules" 866
"../../../Engine/Plugins/Developer/PlasticSourceControl/Binaries/Win64/UnrealEditor.modules" 867
"../../../Engine/Plugins/Developer/RiderSourceCodeAccess/Binaries/Win64/UnrealEditor.modules" 868
"../../../Engine/Plugins/Developer/TraceDataFiltering/Binaries/Win64/UnrealEditor.modules" 869
"../../../Engine/Plugins/Developer/TextureFormatOodle/Binaries/Win64/UnrealEditor.modules" 870
"../../../Engine/Plugins/Developer/UObjectPlugin/Binaries/Win64/UnrealEditor.modules" 871
"../../../Engine/Plugins/Developer/VisualStudioCodeSourceCodeAccess/Binaries/Win64/UnrealEditor.modules" 872
"../../../Engine/Plugins/Developer/VisualStudioSourceCodeAccess/Binaries/Win64/UnrealEditor.modules" 873
"../../../Engine/Plugins/Developer/PixWinPlugin/Binaries/Win64/UnrealEditor.modules" 874
"../../../Engine/Plugins/Runtime/Windows/XInputDevice/Binaries/Win64/UnrealEditor.modules" 875
"../../../Engine/Plugins/Editor/ObjectMixer/ObjectMixer/Binaries/Win64/UnrealEditor.modules" 876
"../../../Engine/Plugins/Editor/ObjectMixer/LightMixer/Binaries/Win64/UnrealEditor.modules" 877
"../../../Engine/Plugins/Editor/Localization/PortableObjectFileDataSource/Binaries/Win64/UnrealEditor.modules" 878
"../../../Engine/Plugins/Editor/ContentBrowser/ContentBrowserAssetDataSource/Binaries/Win64/UnrealEditor.modules" 879
"../../../Engine/Plugins/Editor/ContentBrowser/ContentBrowserClassDataSource/Binaries/Win64/UnrealEditor.modules" 880
"../../../Engine/Plugins/Marketplace/Developer/RiderLink/Binaries/Win64/UnrealEditor.modules" 881
"../../../Engine/Config/BaseSourceControlSettings.ini" 882
"../../../Engine/Content/Internationalization/icudt64l/coll/ucadata.icu" 883
"../../../Engine/Content/Internationalization/icudt64l/coll/en_US.res" 884
"../../../Engine/Content/Internationalization/icudt64l/coll/en.res" 885
"../../../Engine/Content/Internationalization/icudt64l/coll/root.res" 886
"../../../Engine/Content/Certificates/ThirdParty/cacert.pem" 887
"../../../Engine/Config/ConsoleVariables.ini" 888
"../../../Engine/Binaries/Win64/Android/UnrealEditor.modules" 889
"../../../Engine/Binaries/Win64/IOS/UnrealEditor.modules" 890
"../../../Engine/Binaries/Win64/Linux/UnrealEditor.modules" 891
"../../../Engine/Binaries/Win64/LinuxArm64/UnrealEditor.modules" 892
"../../../Engine/Content/Localization/Editor/en/Editor.locres" 893
"../../../Engine/Content/Localization/EditorTutorials/en/EditorTutorials.locres" 894
"../../../Engine/Content/Localization/Keywords/en/Keywords.locres" 895
"../../../Engine/Content/Localization/Category/en/Category.locres" 896
"../../../Engine/Content/Localization/ToolTips/en/ToolTips.locres" 897
"../../../Engine/Content/Localization/PropertyNames/en/PropertyNames.locres" 898
"../../../Engine/Content/Localization/Engine/en/Engine.locres" 899
"../../../Engine/Plugins/Online/OnlineSubsystem/Content/Localization/OnlineSubsystem/en/OnlineSubsystem.locres" 900
"../../../Engine/Plugins/Online/OnlineSubsystemUtils/Content/Localization/OnlineSubsystemUtils/en/OnlineSubsystemUtils.locres" 901
"../../../Engine/Plugins/Online/IOS/OnlineSubsystemIOS/Content/Localization/OnlineSubsystemIOS/en/OnlineSubsystemIOS.locres" 902
"../../../Engine/Plugins/Online/Android/OnlineSubsystemGooglePlay/Content/Localization/OnlineSubsystemGooglePlay/en/OnlineSubsystemGooglePlay.locres" 903
"../../../Engine/Content/Internationalization/icudt64l/en_AE.res" 904
"../../../Engine/Content/Internationalization/icudt64l/numberingSystems.res" 905
"../../../Engine/Content/Internationalization/icudt64l/curr/supplementalData.res" 906
"../../../Engine/Content/Internationalization/icudt64l/curr/en_AE.res" 907
"../../../Engine/Content/Internationalization/icudt64l/curr/pool.res" 908
"../../../Engine/Content/Internationalization/icudt64l/curr/en.res" 909
"../../../Engine/Content/Internationalization/icudt64l/curr/root.res" 910
"C:/Users/Admin/AppData/Local/UnrealEngine/Slate/Themes/INIGOMONTOYA.json" 911
"../../../Engine/Content/Internationalization/icudt64l/lang/af.res" 912
"../../../Engine/Content/Internationalization/icudt64l/region/af.res" 913
"../../../Engine/Content/Internationalization/icudt64l/lang/agq.res" 914
"../../../Engine/Content/Internationalization/icudt64l/region/agq.res" 915
"../../../Engine/Content/Internationalization/icudt64l/lang/ak.res" 916
"../../../Engine/Content/Internationalization/icudt64l/region/ak.res" 917
"../../../Engine/Content/Internationalization/icudt64l/lang/am.res" 918
"../../../Engine/Content/Internationalization/icudt64l/region/am.res" 919
"../../../Engine/Content/Internationalization/icudt64l/lang/ar.res" 920
"../../../Engine/Content/Internationalization/icudt64l/region/ar.res" 921
"../../../Engine/Content/Internationalization/icudt64l/region/ar_AE.res" 922
"../../../Engine/Content/Internationalization/icudt64l/lang/ar_EG.res" 923
"../../../Engine/Content/Internationalization/icudt64l/lang/ar_LY.res" 924
"../../../Engine/Content/Internationalization/icudt64l/region/ar_LY.res" 925
"../../../Engine/Content/Internationalization/icudt64l/lang/ar_SA.res" 926
"../../../Engine/Content/Internationalization/icudt64l/region/ar_SA.res" 927
"../../../Engine/Content/Internationalization/icudt64l/lang/as.res" 928
"../../../Engine/Content/Internationalization/icudt64l/region/as.res" 929
"../../../Engine/Content/Internationalization/icudt64l/lang/asa.res" 930
"../../../Engine/Content/Internationalization/icudt64l/region/asa.res" 931
"../../../Engine/Content/Internationalization/icudt64l/lang/ast.res" 932
"../../../Engine/Content/Internationalization/icudt64l/region/ast.res" 933
"../../../Engine/Content/Internationalization/icudt64l/lang/az.res" 934
"../../../Engine/Content/Internationalization/icudt64l/lang/az_Cyrl.res" 935
"../../../Engine/Content/Internationalization/icudt64l/lang/az_AZ.res" 936
"../../../Engine/Content/Internationalization/icudt64l/lang/az_Latn_AZ.res" 937
"../../../Engine/Content/Internationalization/icudt64l/lang/az_Latn.res" 938
"../../../Engine/Content/Internationalization/icudt64l/region/az_AZ.res" 939
"../../../Engine/Content/Internationalization/icudt64l/region/az_Latn_AZ.res" 940
"../../../Engine/Content/Internationalization/icudt64l/region/az_Latn.res" 941
"../../../Engine/Content/Internationalization/icudt64l/region/az.res" 942
"../../../Engine/Content/Internationalization/icudt64l/region/az_Cyrl.res" 943
"../../../Engine/Content/Internationalization/icudt64l/lang/bas.res" 944
"../../../Engine/Content/Internationalization/icudt64l/region/bas.res" 945
"../../../Engine/Content/Internationalization/icudt64l/lang/be.res" 946
"../../../Engine/Content/Internationalization/icudt64l/region/be.res" 947
"../../../Engine/Content/Internationalization/icudt64l/lang/bem.res" 948
"../../../Engine/Content/Internationalization/icudt64l/region/bem.res" 949
"../../../Engine/Content/Internationalization/icudt64l/lang/bez.res" 950
"../../../Engine/Content/Internationalization/icudt64l/region/bez.res" 951
"../../../Engine/Content/Internationalization/icudt64l/lang/bg.res" 952
"../../../Engine/Content/Internationalization/icudt64l/region/bg.res" 953
"../../../Engine/Content/Internationalization/icudt64l/lang/bm.res" 954
"../../../Engine/Content/Internationalization/icudt64l/region/bm.res" 955
"../../../Engine/Content/Internationalization/icudt64l/lang/bn.res" 956
"../../../Engine/Content/Internationalization/icudt64l/region/bn.res" 957
"../../../Engine/Content/Internationalization/icudt64l/lang/bn_IN.res" 958
"../../../Engine/Content/Internationalization/icudt64l/region/bn_IN.res" 959
"../../../Engine/Content/Internationalization/icudt64l/lang/bo.res" 960
"../../../Engine/Content/Internationalization/icudt64l/region/bo.res" 961
"../../../Engine/Content/Internationalization/icudt64l/region/bo_IN.res" 962
"../../../Engine/Content/Internationalization/icudt64l/lang/br.res" 963
"../../../Engine/Content/Internationalization/icudt64l/region/br.res" 964
"../../../Engine/Content/Internationalization/icudt64l/lang/brx.res" 965
"../../../Engine/Content/Internationalization/icudt64l/region/brx.res" 966
"../../../Engine/Content/Internationalization/icudt64l/lang/bs.res" 967
"../../../Engine/Content/Internationalization/icudt64l/lang/bs_Cyrl.res" 968
"../../../Engine/Content/Internationalization/icudt64l/lang/bs_BA.res" 969
"../../../Engine/Content/Internationalization/icudt64l/lang/bs_Latn_BA.res" 970
"../../../Engine/Content/Internationalization/icudt64l/lang/bs_Latn.res" 971
"../../../Engine/Content/Internationalization/icudt64l/region/bs_BA.res" 972
"../../../Engine/Content/Internationalization/icudt64l/region/bs_Latn_BA.res" 973
"../../../Engine/Content/Internationalization/icudt64l/region/bs_Latn.res" 974
"../../../Engine/Content/Internationalization/icudt64l/region/bs.res" 975
"../../../Engine/Content/Internationalization/icudt64l/region/bs_Cyrl.res" 976
"../../../Engine/Content/Internationalization/icudt64l/lang/ca.res" 977
"../../../Engine/Content/Internationalization/icudt64l/region/ca.res" 978
"../../../Engine/Content/Internationalization/icudt64l/lang/ccp.res" 979
"../../../Engine/Content/Internationalization/icudt64l/region/ccp.res" 980
"../../../Engine/Content/Internationalization/icudt64l/lang/ce.res" 981
"../../../Engine/Content/Internationalization/icudt64l/region/ce.res" 982
"../../../Engine/Content/Internationalization/icudt64l/lang/ceb.res" 983
"../../../Engine/Content/Internationalization/icudt64l/region/ceb.res" 984
"../../../Engine/Content/Internationalization/icudt64l/lang/cgg.res" 985
"../../../Engine/Content/Internationalization/icudt64l/region/cgg.res" 986
"../../../Engine/Content/Internationalization/icudt64l/lang/chr.res" 987
"../../../Engine/Content/Internationalization/icudt64l/region/chr.res" 988
"../../../Engine/Content/Internationalization/icudt64l/lang/ckb.res" 989
"../../../Engine/Content/Internationalization/icudt64l/region/ckb.res" 990
"../../../Engine/Content/Internationalization/icudt64l/lang/cs.res" 991
"../../../Engine/Content/Internationalization/icudt64l/region/cs.res" 992
"../../../Engine/Content/Internationalization/icudt64l/lang/cy.res" 993
"../../../Engine/Content/Internationalization/icudt64l/region/cy.res" 994
"../../../Engine/Content/Internationalization/icudt64l/lang/da.res" 995
"../../../Engine/Content/Internationalization/icudt64l/region/da.res" 996
"../../../Engine/Content/Internationalization/icudt64l/lang/dav.res" 997
"../../../Engine/Content/Internationalization/icudt64l/region/dav.res" 998
"../../../Engine/Content/Internationalization/icudt64l/lang/de.res" 999
"../../../Engine/Content/Internationalization/icudt64l/lang/de_AT.res" 1000
"../../../Engine/Content/Internationalization/icudt64l/region/de_AT.res" 1001
"../../../Engine/Content/Internationalization/icudt64l/region/de.res" 1002
"../../../Engine/Content/Internationalization/icudt64l/lang/de_CH.res" 1003
"../../../Engine/Content/Internationalization/icudt64l/region/de_CH.res" 1004
"../../../Engine/Content/Internationalization/icudt64l/lang/de_LU.res" 1005
"../../../Engine/Content/Internationalization/icudt64l/lang/dje.res" 1006
"../../../Engine/Content/Internationalization/icudt64l/region/dje.res" 1007
"../../../Engine/Content/Internationalization/icudt64l/lang/dsb.res" 1008
"../../../Engine/Content/Internationalization/icudt64l/region/dsb.res" 1009
"../../../Engine/Content/Internationalization/icudt64l/lang/dua.res" 1010
"../../../Engine/Content/Internationalization/icudt64l/region/dua.res" 1011
"../../../Engine/Content/Internationalization/icudt64l/lang/dyo.res" 1012
"../../../Engine/Content/Internationalization/icudt64l/region/dyo.res" 1013
"../../../Engine/Content/Internationalization/icudt64l/lang/dz.res" 1014
"../../../Engine/Content/Internationalization/icudt64l/region/dz.res" 1015
"../../../Engine/Content/Internationalization/icudt64l/lang/ebu.res" 1016
"../../../Engine/Content/Internationalization/icudt64l/region/ebu.res" 1017
"../../../Engine/Content/Internationalization/icudt64l/lang/ee.res" 1018
"../../../Engine/Content/Internationalization/icudt64l/region/ee.res" 1019
"../../../Engine/Content/Internationalization/icudt64l/lang/el.res" 1020
"../../../Engine/Content/Internationalization/icudt64l/region/el.res" 1021
"../../../Engine/Content/Internationalization/icudt64l/lang/en_001.res" 1022
"../../../Engine/Content/Internationalization/icudt64l/lang/en_150.res" 1023
"../../../Engine/Content/Internationalization/icudt64l/region/en_150.res" 1024
"../../../Engine/Content/Internationalization/icudt64l/lang/en_AG.res" 1025
"../../../Engine/Content/Internationalization/icudt64l/region/en_AG.res" 1026
"../../../Engine/Content/Internationalization/icudt64l/lang/en_AI.res" 1027
"../../../Engine/Content/Internationalization/icudt64l/region/en_AI.res" 1028
"../../../Engine/Content/Internationalization/icudt64l/lang/en_AT.res" 1029
"../../../Engine/Content/Internationalization/icudt64l/region/en_AT.res" 1030
"../../../Engine/Content/Internationalization/icudt64l/lang/en_AU.res" 1031
"../../../Engine/Content/Internationalization/icudt64l/region/en_AU.res" 1032
"../../../Engine/Content/Internationalization/icudt64l/lang/en_BB.res" 1033
"../../../Engine/Content/Internationalization/icudt64l/region/en_BB.res" 1034
"../../../Engine/Content/Internationalization/icudt64l/lang/en_BE.res" 1035
"../../../Engine/Content/Internationalization/icudt64l/region/en_BE.res" 1036
"../../../Engine/Content/Internationalization/icudt64l/lang/en_BM.res" 1037
"../../../Engine/Content/Internationalization/icudt64l/region/en_BM.res" 1038
"../../../Engine/Content/Internationalization/icudt64l/lang/en_BS.res" 1039
"../../../Engine/Content/Internationalization/icudt64l/region/en_BS.res" 1040
"../../../Engine/Content/Internationalization/icudt64l/lang/en_BW.res" 1041
"../../../Engine/Content/Internationalization/icudt64l/region/en_BW.res" 1042
"../../../Engine/Content/Internationalization/icudt64l/lang/en_BZ.res" 1043
"../../../Engine/Content/Internationalization/icudt64l/region/en_BZ.res" 1044
"../../../Engine/Content/Internationalization/icudt64l/lang/en_CA.res" 1045
"../../../Engine/Content/Internationalization/icudt64l/region/en_CA.res" 1046
"../../../Engine/Content/Internationalization/icudt64l/lang/en_CC.res" 1047
"../../../Engine/Content/Internationalization/icudt64l/region/en_CC.res" 1048
"../../../Engine/Content/Internationalization/icudt64l/lang/en_CH.res" 1049
"../../../Engine/Content/Internationalization/icudt64l/region/en_CH.res" 1050
"../../../Engine/Content/Internationalization/icudt64l/lang/en_CK.res" 1051
"../../../Engine/Content/Internationalization/icudt64l/region/en_CK.res" 1052
"../../../Engine/Content/Internationalization/icudt64l/lang/en_CM.res" 1053
"../../../Engine/Content/Internationalization/icudt64l/region/en_CM.res" 1054
"../../../Engine/Content/Internationalization/icudt64l/lang/en_CX.res" 1055
"../../../Engine/Content/Internationalization/icudt64l/region/en_CX.res" 1056
"../../../Engine/Content/Internationalization/icudt64l/lang/en_CY.res" 1057
"../../../Engine/Content/Internationalization/icudt64l/region/en_CY.res" 1058
"../../../Engine/Content/Internationalization/icudt64l/lang/en_DE.res" 1059
"../../../Engine/Content/Internationalization/icudt64l/region/en_DE.res" 1060
"../../../Engine/Content/Internationalization/icudt64l/lang/en_DG.res" 1061
"../../../Engine/Content/Internationalization/icudt64l/region/en_DG.res" 1062
"../../../Engine/Content/Internationalization/icudt64l/lang/en_DK.res" 1063
"../../../Engine/Content/Internationalization/icudt64l/region/en_DK.res" 1064
"../../../Engine/Content/Internationalization/icudt64l/lang/en_DM.res" 1065
"../../../Engine/Content/Internationalization/icudt64l/region/en_DM.res" 1066
"../../../Engine/Content/Internationalization/icudt64l/lang/en_ER.res" 1067
"../../../Engine/Content/Internationalization/icudt64l/region/en_ER.res" 1068
"../../../Engine/Content/Internationalization/icudt64l/lang/en_FI.res" 1069
"../../../Engine/Content/Internationalization/icudt64l/region/en_FI.res" 1070
"../../../Engine/Content/Internationalization/icudt64l/lang/en_FJ.res" 1071
"../../../Engine/Content/Internationalization/icudt64l/region/en_FJ.res" 1072
"../../../Engine/Content/Internationalization/icudt64l/lang/en_FK.res" 1073
"../../../Engine/Content/Internationalization/icudt64l/region/en_FK.res" 1074
"../../../Engine/Content/Internationalization/icudt64l/lang/en_FM.res" 1075
"../../../Engine/Content/Internationalization/icudt64l/region/en_FM.res" 1076
"../../../Engine/Content/Internationalization/icudt64l/lang/en_GB.res" 1077
"../../../Engine/Content/Internationalization/icudt64l/region/en_GB.res" 1078
"../../../Engine/Content/Internationalization/icudt64l/lang/en_GD.res" 1079
"../../../Engine/Content/Internationalization/icudt64l/region/en_GD.res" 1080
"../../../Engine/Content/Internationalization/icudt64l/lang/en_GG.res" 1081
"../../../Engine/Content/Internationalization/icudt64l/region/en_GG.res" 1082
"../../../Engine/Content/Internationalization/icudt64l/lang/en_GH.res" 1083
"../../../Engine/Content/Internationalization/icudt64l/region/en_GH.res" 1084
"../../../Engine/Content/Internationalization/icudt64l/lang/en_GI.res" 1085
"../../../Engine/Content/Internationalization/icudt64l/region/en_GI.res" 1086
"../../../Engine/Content/Internationalization/icudt64l/lang/en_GM.res" 1087
"../../../Engine/Content/Internationalization/icudt64l/region/en_GM.res" 1088
"../../../Engine/Content/Internationalization/icudt64l/lang/en_GY.res" 1089
"../../../Engine/Content/Internationalization/icudt64l/region/en_GY.res" 1090
"../../../Engine/Content/Internationalization/icudt64l/lang/en_HK.res" 1091
"../../../Engine/Content/Internationalization/icudt64l/region/en_HK.res" 1092
"../../../Engine/Content/Internationalization/icudt64l/lang/en_IE.res" 1093
"../../../Engine/Content/Internationalization/icudt64l/region/en_IE.res" 1094
"../../../Engine/Content/Internationalization/icudt64l/lang/en_IL.res" 1095
"../../../Engine/Content/Internationalization/icudt64l/region/en_IL.res" 1096
"../../../Engine/Content/Internationalization/icudt64l/lang/en_IM.res" 1097
"../../../Engine/Content/Internationalization/icudt64l/region/en_IM.res" 1098
"../../../Engine/Content/Internationalization/icudt64l/lang/en_IN.res" 1099
"../../../Engine/Content/Internationalization/icudt64l/region/en_IN.res" 1100
"../../../Engine/Content/Internationalization/icudt64l/lang/en_IO.res" 1101
"../../../Engine/Content/Internationalization/icudt64l/region/en_IO.res" 1102
"../../../Engine/Content/Internationalization/icudt64l/lang/en_JE.res" 1103
"../../../Engine/Content/Internationalization/icudt64l/region/en_JE.res" 1104
"../../../Engine/Content/Internationalization/icudt64l/lang/en_JM.res" 1105
"../../../Engine/Content/Internationalization/icudt64l/region/en_JM.res" 1106
"../../../Engine/Content/Internationalization/icudt64l/lang/en_KE.res" 1107
"../../../Engine/Content/Internationalization/icudt64l/region/en_KE.res" 1108
"../../../Engine/Content/Internationalization/icudt64l/lang/en_KI.res" 1109
"../../../Engine/Content/Internationalization/icudt64l/region/en_KI.res" 1110
"../../../Engine/Content/Internationalization/icudt64l/lang/en_KN.res" 1111
"../../../Engine/Content/Internationalization/icudt64l/region/en_KN.res" 1112
"../../../Engine/Content/Internationalization/icudt64l/lang/en_KY.res" 1113
"../../../Engine/Content/Internationalization/icudt64l/region/en_KY.res" 1114
"../../../Engine/Content/Internationalization/icudt64l/lang/en_LC.res" 1115
"../../../Engine/Content/Internationalization/icudt64l/region/en_LC.res" 1116
"../../../Engine/Content/Internationalization/icudt64l/lang/en_LR.res" 1117
"../../../Engine/Content/Internationalization/icudt64l/region/en_LR.res" 1118
"../../../Engine/Content/Internationalization/icudt64l/lang/en_LS.res" 1119
"../../../Engine/Content/Internationalization/icudt64l/region/en_LS.res" 1120
"../../../Engine/Content/Internationalization/icudt64l/lang/en_MG.res" 1121
"../../../Engine/Content/Internationalization/icudt64l/region/en_MG.res" 1122
"../../../Engine/Content/Internationalization/icudt64l/lang/en_MO.res" 1123
"../../../Engine/Content/Internationalization/icudt64l/region/en_MO.res" 1124
"../../../Engine/Content/Internationalization/icudt64l/lang/en_MS.res" 1125
"../../../Engine/Content/Internationalization/icudt64l/region/en_MS.res" 1126
"../../../Engine/Content/Internationalization/icudt64l/lang/en_MT.res" 1127
"../../../Engine/Content/Internationalization/icudt64l/region/en_MT.res" 1128
"../../../Engine/Content/Internationalization/icudt64l/lang/en_MU.res" 1129
"../../../Engine/Content/Internationalization/icudt64l/region/en_MU.res" 1130
"../../../Engine/Content/Internationalization/icudt64l/lang/en_MW.res" 1131
"../../../Engine/Content/Internationalization/icudt64l/region/en_MW.res" 1132
"../../../Engine/Content/Internationalization/icudt64l/lang/en_MY.res" 1133
"../../../Engine/Content/Internationalization/icudt64l/region/en_MY.res" 1134
"../../../Engine/Content/Internationalization/icudt64l/lang/en_NA.res" 1135
"../../../Engine/Content/Internationalization/icudt64l/region/en_NA.res" 1136
"../../../Engine/Content/Internationalization/icudt64l/lang/en_NF.res" 1137
"../../../Engine/Content/Internationalization/icudt64l/region/en_NF.res" 1138
"../../../Engine/Content/Internationalization/icudt64l/lang/en_NG.res" 1139
"../../../Engine/Content/Internationalization/icudt64l/region/en_NG.res" 1140
"../../../Engine/Content/Internationalization/icudt64l/lang/en_NL.res" 1141
"../../../Engine/Content/Internationalization/icudt64l/region/en_NL.res" 1142
"../../../Engine/Content/Internationalization/icudt64l/lang/en_NR.res" 1143
"../../../Engine/Content/Internationalization/icudt64l/region/en_NR.res" 1144
"../../../Engine/Content/Internationalization/icudt64l/lang/en_NU.res" 1145
"../../../Engine/Content/Internationalization/icudt64l/region/en_NU.res" 1146
"../../../Engine/Content/Internationalization/icudt64l/lang/en_NZ.res" 1147
"../../../Engine/Content/Internationalization/icudt64l/region/en_NZ.res" 1148
"../../../Engine/Content/Internationalization/icudt64l/lang/en_PG.res" 1149
"../../../Engine/Content/Internationalization/icudt64l/region/en_PG.res" 1150
"../../../Engine/Content/Internationalization/icudt64l/lang/en_PH.res" 1151
"../../../Engine/Content/Internationalization/icudt64l/region/en_PH.res" 1152
"../../../Engine/Content/Internationalization/icudt64l/lang/en_PK.res" 1153
"../../../Engine/Content/Internationalization/icudt64l/region/en_PK.res" 1154
"../../../Engine/Content/Internationalization/icudt64l/lang/en_PN.res" 1155
"../../../Engine/Content/Internationalization/icudt64l/region/en_PN.res" 1156
"../../../Engine/Content/Internationalization/icudt64l/lang/en_PW.res" 1157
"../../../Engine/Content/Internationalization/icudt64l/region/en_PW.res" 1158
"../../../Engine/Content/Internationalization/icudt64l/lang/en_RW.res" 1159
"../../../Engine/Content/Internationalization/icudt64l/region/en_RW.res" 1160
"../../../Engine/Content/Internationalization/icudt64l/lang/en_SB.res" 1161
"../../../Engine/Content/Internationalization/icudt64l/region/en_SB.res" 1162
"../../../Engine/Content/Internationalization/icudt64l/lang/en_SC.res" 1163
"../../../Engine/Content/Internationalization/icudt64l/region/en_SC.res" 1164
"../../../Engine/Content/Internationalization/icudt64l/lang/en_SD.res" 1165
"../../../Engine/Content/Internationalization/icudt64l/region/en_SD.res" 1166
"../../../Engine/Content/Internationalization/icudt64l/lang/en_SE.res" 1167
"../../../Engine/Content/Internationalization/icudt64l/region/en_SE.res" 1168
"../../../Engine/Content/Internationalization/icudt64l/lang/en_SG.res" 1169
"../../../Engine/Content/Internationalization/icudt64l/region/en_SG.res" 1170
"../../../Engine/Content/Internationalization/icudt64l/lang/en_SH.res" 1171
"../../../Engine/Content/Internationalization/icudt64l/region/en_SH.res" 1172
"../../../Engine/Content/Internationalization/icudt64l/lang/en_SI.res" 1173
"../../../Engine/Content/Internationalization/icudt64l/region/en_SI.res" 1174
"../../../Engine/Content/Internationalization/icudt64l/lang/en_SL.res" 1175
"../../../Engine/Content/Internationalization/icudt64l/region/en_SL.res" 1176
"../../../Engine/Content/Internationalization/icudt64l/lang/en_SS.res" 1177
"../../../Engine/Content/Internationalization/icudt64l/region/en_SS.res" 1178
"../../../Engine/Content/Internationalization/icudt64l/lang/en_SX.res" 1179
"../../../Engine/Content/Internationalization/icudt64l/region/en_SX.res" 1180
"../../../Engine/Content/Internationalization/icudt64l/lang/en_SZ.res" 1181
"../../../Engine/Content/Internationalization/icudt64l/region/en_SZ.res" 1182
"../../../Engine/Content/Internationalization/icudt64l/lang/en_TC.res" 1183
"../../../Engine/Content/Internationalization/icudt64l/region/en_TC.res" 1184
"../../../Engine/Content/Internationalization/icudt64l/lang/en_TK.res" 1185
"../../../Engine/Content/Internationalization/icudt64l/region/en_TK.res" 1186
"../../../Engine/Content/Internationalization/icudt64l/lang/en_TO.res" 1187
"../../../Engine/Content/Internationalization/icudt64l/region/en_TO.res" 1188
"../../../Engine/Content/Internationalization/icudt64l/lang/en_TT.res" 1189
"../../../Engine/Content/Internationalization/icudt64l/region/en_TT.res" 1190
"../../../Engine/Content/Internationalization/icudt64l/lang/en_TV.res" 1191
"../../../Engine/Content/Internationalization/icudt64l/region/en_TV.res" 1192
"../../../Engine/Content/Internationalization/icudt64l/lang/en_TZ.res" 1193
"../../../Engine/Content/Internationalization/icudt64l/region/en_TZ.res" 1194
"../../../Engine/Content/Internationalization/icudt64l/lang/en_UG.res" 1195
"../../../Engine/Content/Internationalization/icudt64l/region/en_UG.res" 1196
"../../../Engine/Content/Internationalization/icudt64l/lang/en_VC.res" 1197
"../../../Engine/Content/Internationalization/icudt64l/region/en_VC.res" 1198
"../../../Engine/Content/Internationalization/icudt64l/lang/en_VG.res" 1199
"../../../Engine/Content/Internationalization/icudt64l/region/en_VG.res" 1200
"../../../Engine/Content/Internationalization/icudt64l/lang/en_VU.res" 1201
"../../../Engine/Content/Internationalization/icudt64l/region/en_VU.res" 1202
"../../../Engine/Content/Internationalization/icudt64l/lang/en_WS.res" 1203
"../../../Engine/Content/Internationalization/icudt64l/region/en_WS.res" 1204
"../../../Engine/Content/Internationalization/icudt64l/lang/en_ZA.res" 1205
"../../../Engine/Content/Internationalization/icudt64l/region/en_ZA.res" 1206
"../../../Engine/Content/Internationalization/icudt64l/lang/en_ZM.res" 1207
"../../../Engine/Content/Internationalization/icudt64l/region/en_ZM.res" 1208
"../../../Engine/Content/Internationalization/icudt64l/lang/en_ZW.res" 1209
"../../../Engine/Content/Internationalization/icudt64l/region/en_ZW.res" 1210
"../../../Engine/Content/Internationalization/icudt64l/lang/eo.res" 1211
"../../../Engine/Content/Internationalization/icudt64l/region/eo.res" 1212
"../../../Engine/Content/Internationalization/icudt64l/lang/es.res" 1213
"../../../Engine/Content/Internationalization/icudt64l/lang/es_419.res" 1214
"../../../Engine/Content/Internationalization/icudt64l/region/es_419.res" 1215
"../../../Engine/Content/Internationalization/icudt64l/region/es.res" 1216
"../../../Engine/Content/Internationalization/icudt64l/lang/es_AR.res" 1217
"../../../Engine/Content/Internationalization/icudt64l/region/es_AR.res" 1218
"../../../Engine/Content/Internationalization/icudt64l/lang/es_BO.res" 1219
"../../../Engine/Content/Internationalization/icudt64l/region/es_BO.res" 1220
"../../../Engine/Content/Internationalization/icudt64l/lang/es_BR.res" 1221
"../../../Engine/Content/Internationalization/icudt64l/region/es_BR.res" 1222
"../../../Engine/Content/Internationalization/icudt64l/lang/es_BZ.res" 1223
"../../../Engine/Content/Internationalization/icudt64l/region/es_BZ.res" 1224
"../../../Engine/Content/Internationalization/icudt64l/lang/es_CL.res" 1225
"../../../Engine/Content/Internationalization/icudt64l/region/es_CL.res" 1226
"../../../Engine/Content/Internationalization/icudt64l/lang/es_CO.res" 1227
"../../../Engine/Content/Internationalization/icudt64l/region/es_CO.res" 1228
"../../../Engine/Content/Internationalization/icudt64l/lang/es_CR.res" 1229
"../../../Engine/Content/Internationalization/icudt64l/region/es_CR.res" 1230
"../../../Engine/Content/Internationalization/icudt64l/lang/es_CU.res" 1231
"../../../Engine/Content/Internationalization/icudt64l/region/es_CU.res" 1232
"../../../Engine/Content/Internationalization/icudt64l/lang/es_DO.res" 1233
"../../../Engine/Content/Internationalization/icudt64l/region/es_DO.res" 1234
"../../../Engine/Content/Internationalization/icudt64l/lang/es_EC.res" 1235
"../../../Engine/Content/Internationalization/icudt64l/region/es_EC.res" 1236
"../../../Engine/Content/Internationalization/icudt64l/lang/es_GT.res" 1237
"../../../Engine/Content/Internationalization/icudt64l/region/es_GT.res" 1238
"../../../Engine/Content/Internationalization/icudt64l/lang/es_HN.res" 1239
"../../../Engine/Content/Internationalization/icudt64l/region/es_HN.res" 1240
"../../../Engine/Content/Internationalization/icudt64l/lang/es_MX.res" 1241
"../../../Engine/Content/Internationalization/icudt64l/region/es_MX.res" 1242
"../../../Engine/Content/Internationalization/icudt64l/lang/es_NI.res" 1243
"../../../Engine/Content/Internationalization/icudt64l/region/es_NI.res" 1244
"../../../Engine/Content/Internationalization/icudt64l/lang/es_PA.res" 1245
"../../../Engine/Content/Internationalization/icudt64l/region/es_PA.res" 1246
"../../../Engine/Content/Internationalization/icudt64l/lang/es_PE.res" 1247
"../../../Engine/Content/Internationalization/icudt64l/region/es_PE.res" 1248
"../../../Engine/Content/Internationalization/icudt64l/lang/es_PR.res" 1249
"../../../Engine/Content/Internationalization/icudt64l/region/es_PR.res" 1250
"../../../Engine/Content/Internationalization/icudt64l/lang/es_PY.res" 1251
"../../../Engine/Content/Internationalization/icudt64l/region/es_PY.res" 1252
"../../../Engine/Content/Internationalization/icudt64l/lang/es_SV.res" 1253
"../../../Engine/Content/Internationalization/icudt64l/region/es_SV.res" 1254
"../../../Engine/Content/Internationalization/icudt64l/lang/es_US.res" 1255
"../../../Engine/Content/Internationalization/icudt64l/region/es_US.res" 1256
"../../../Engine/Content/Internationalization/icudt64l/lang/es_UY.res" 1257
"../../../Engine/Content/Internationalization/icudt64l/region/es_UY.res" 1258
"../../../Engine/Content/Internationalization/icudt64l/lang/es_VE.res" 1259
"../../../Engine/Content/Internationalization/icudt64l/region/es_VE.res" 1260
"../../../Engine/Content/Internationalization/icudt64l/lang/et.res" 1261
"../../../Engine/Content/Internationalization/icudt64l/region/et.res" 1262
"../../../Engine/Content/Internationalization/icudt64l/lang/eu.res" 1263
"../../../Engine/Content/Internationalization/icudt64l/region/eu.res" 1264
"../../../Engine/Content/Internationalization/icudt64l/lang/ewo.res" 1265
"../../../Engine/Content/Internationalization/icudt64l/region/ewo.res" 1266
"../../../Engine/Content/Internationalization/icudt64l/lang/fa.res" 1267
"../../../Engine/Content/Internationalization/icudt64l/lang/fa_AF.res" 1268
"../../../Engine/Content/Internationalization/icudt64l/region/fa_AF.res" 1269
"../../../Engine/Content/Internationalization/icudt64l/region/fa.res" 1270
"../../../Engine/Content/Internationalization/icudt64l/lang/ff.res" 1271
"../../../Engine/Content/Internationalization/icudt64l/lang/ff_Latn.res" 1272
"../../../Engine/Content/Internationalization/icudt64l/region/ff.res" 1273
"../../../Engine/Content/Internationalization/icudt64l/region/ff_Latn.res" 1274
"../../../Engine/Content/Internationalization/icudt64l/lang/ff_CM.res" 1275
"../../../Engine/Content/Internationalization/icudt64l/lang/ff_Latn_CM.res" 1276
"../../../Engine/Content/Internationalization/icudt64l/region/ff_CM.res" 1277
"../../../Engine/Content/Internationalization/icudt64l/region/ff_Latn_CM.res" 1278
"../../../Engine/Content/Internationalization/icudt64l/lang/ff_GN.res" 1279
"../../../Engine/Content/Internationalization/icudt64l/lang/ff_Latn_GN.res" 1280
"../../../Engine/Content/Internationalization/icudt64l/region/ff_GN.res" 1281
"../../../Engine/Content/Internationalization/icudt64l/region/ff_Latn_GN.res" 1282
"../../../Engine/Content/Internationalization/icudt64l/lang/ff_MR.res" 1283
"../../../Engine/Content/Internationalization/icudt64l/lang/ff_Latn_MR.res" 1284
"../../../Engine/Content/Internationalization/icudt64l/region/ff_MR.res" 1285
"../../../Engine/Content/Internationalization/icudt64l/region/ff_Latn_MR.res" 1286
"../../../Engine/Content/Internationalization/icudt64l/lang/ff_SN.res" 1287
"../../../Engine/Content/Internationalization/icudt64l/lang/ff_Latn_SN.res" 1288
"../../../Engine/Content/Internationalization/icudt64l/region/ff_SN.res" 1289
"../../../Engine/Content/Internationalization/icudt64l/region/ff_Latn_SN.res" 1290
"../../../Engine/Content/Internationalization/icudt64l/lang/fi.res" 1291
"../../../Engine/Content/Internationalization/icudt64l/region/fi.res" 1292
"../../../Engine/Content/Internationalization/icudt64l/lang/fil.res" 1293
"../../../Engine/Content/Internationalization/icudt64l/lang/fil_PH.res" 1294
"../../../Engine/Content/Internationalization/icudt64l/region/fil_PH.res" 1295
"../../../Engine/Content/Internationalization/icudt64l/region/fil.res" 1296
"../../../Engine/Content/Internationalization/icudt64l/lang/fo.res" 1297
"../../../Engine/Content/Internationalization/icudt64l/region/fo.res" 1298
"../../../Engine/Content/Internationalization/icudt64l/lang/fr.res" 1299
"../../../Engine/Content/Internationalization/icudt64l/lang/fr_BE.res" 1300
"../../../Engine/Content/Internationalization/icudt64l/region/fr_BE.res" 1301
"../../../Engine/Content/Internationalization/icudt64l/region/fr.res" 1302
"../../../Engine/Content/Internationalization/icudt64l/lang/fr_CA.res" 1303
"../../../Engine/Content/Internationalization/icudt64l/region/fr_CA.res" 1304
"../../../Engine/Content/Internationalization/icudt64l/lang/fr_CH.res" 1305
"../../../Engine/Content/Internationalization/icudt64l/lang/fur.res" 1306
"../../../Engine/Content/Internationalization/icudt64l/region/fur.res" 1307
"../../../Engine/Content/Internationalization/icudt64l/lang/fy.res" 1308
"../../../Engine/Content/Internationalization/icudt64l/region/fy.res" 1309
"../../../Engine/Content/Internationalization/icudt64l/lang/ga.res" 1310
"../../../Engine/Content/Internationalization/icudt64l/region/ga.res" 1311
"../../../Engine/Content/Internationalization/icudt64l/lang/gd.res" 1312
"../../../Engine/Content/Internationalization/icudt64l/region/gd.res" 1313
"../../../Engine/Content/Internationalization/icudt64l/lang/gl.res" 1314
"../../../Engine/Content/Internationalization/icudt64l/region/gl.res" 1315
"../../../Engine/Content/Internationalization/icudt64l/lang/gsw.res" 1316
"../../../Engine/Content/Internationalization/icudt64l/region/gsw.res" 1317
"../../../Engine/Content/Internationalization/icudt64l/lang/gu.res" 1318
"../../../Engine/Content/Internationalization/icudt64l/region/gu.res" 1319
"../../../Engine/Content/Internationalization/icudt64l/lang/guz.res" 1320
"../../../Engine/Content/Internationalization/icudt64l/region/guz.res" 1321
"../../../Engine/Content/Internationalization/icudt64l/lang/gv.res" 1322
"../../../Engine/Content/Internationalization/icudt64l/region/gv.res" 1323
"../../../Engine/Content/Internationalization/icudt64l/lang/ha.res" 1324
"../../../Engine/Content/Internationalization/icudt64l/region/ha.res" 1325
"../../../Engine/Content/Internationalization/icudt64l/lang/ha_NE.res" 1326
"../../../Engine/Content/Internationalization/icudt64l/region/ha_NE.res" 1327
"../../../Engine/Content/Internationalization/icudt64l/lang/haw.res" 1328
"../../../Engine/Content/Internationalization/icudt64l/region/haw.res" 1329
"../../../Engine/Content/Internationalization/icudt64l/lang/he.res" 1330
"../../../Engine/Content/Internationalization/icudt64l/lang/he_IL.res" 1331
"../../../Engine/Content/Internationalization/icudt64l/region/he_IL.res" 1332
"../../../Engine/Content/Internationalization/icudt64l/region/he.res" 1333
"../../../Engine/Content/Internationalization/icudt64l/lang/hi.res" 1334
"../../../Engine/Content/Internationalization/icudt64l/region/hi.res" 1335
"../../../Engine/Content/Internationalization/icudt64l/lang/hr.res" 1336
"../../../Engine/Content/Internationalization/icudt64l/region/hr.res" 1337
"../../../Engine/Content/Internationalization/icudt64l/lang/hsb.res" 1338
"../../../Engine/Content/Internationalization/icudt64l/region/hsb.res" 1339
"../../../Engine/Content/Internationalization/icudt64l/lang/hu.res" 1340
"../../../Engine/Content/Internationalization/icudt64l/region/hu.res" 1341
"../../../Engine/Content/Internationalization/icudt64l/lang/hy.res" 1342
"../../../Engine/Content/Internationalization/icudt64l/region/hy.res" 1343
"../../../Engine/Content/Internationalization/icudt64l/lang/ia.res" 1344
"../../../Engine/Content/Internationalization/icudt64l/region/ia.res" 1345
"../../../Engine/Content/Internationalization/icudt64l/lang/id.res" 1346
"../../../Engine/Content/Internationalization/icudt64l/lang/id_ID.res" 1347
"../../../Engine/Content/Internationalization/icudt64l/region/id_ID.res" 1348
"../../../Engine/Content/Internationalization/icudt64l/region/id.res" 1349
"../../../Engine/Content/Internationalization/icudt64l/lang/ig.res" 1350
"../../../Engine/Content/Internationalization/icudt64l/region/ig.res" 1351
"../../../Engine/Content/Internationalization/icudt64l/lang/ii.res" 1352
"../../../Engine/Content/Internationalization/icudt64l/region/ii.res" 1353
"../../../Engine/Content/Internationalization/icudt64l/lang/is.res" 1354
"../../../Engine/Content/Internationalization/icudt64l/region/is.res" 1355
"../../../Engine/Content/Internationalization/icudt64l/lang/it.res" 1356
"../../../Engine/Content/Internationalization/icudt64l/region/it.res" 1357
"../../../Engine/Content/Internationalization/icudt64l/lang/ja.res" 1358
"../../../Engine/Content/Internationalization/icudt64l/lang/ja_JP.res" 1359
"../../../Engine/Content/Internationalization/icudt64l/region/ja_JP.res" 1360
"../../../Engine/Content/Internationalization/icudt64l/region/ja.res" 1361
"../../../Engine/Content/Internationalization/icudt64l/lang/jgo.res" 1362
"../../../Engine/Content/Internationalization/icudt64l/region/jgo.res" 1363
"../../../Engine/Content/Internationalization/icudt64l/lang/jmc.res" 1364
"../../../Engine/Content/Internationalization/icudt64l/region/jmc.res" 1365
"../../../Engine/Content/Internationalization/icudt64l/lang/jv.res" 1366
"../../../Engine/Content/Internationalization/icudt64l/region/jv.res" 1367
"../../../Engine/Content/Internationalization/icudt64l/lang/ka.res" 1368
"../../../Engine/Content/Internationalization/icudt64l/region/ka.res" 1369
"../../../Engine/Content/Internationalization/icudt64l/lang/kab.res" 1370
"../../../Engine/Content/Internationalization/icudt64l/region/kab.res" 1371
"../../../Engine/Content/Internationalization/icudt64l/lang/kam.res" 1372
"../../../Engine/Content/Internationalization/icudt64l/region/kam.res" 1373
"../../../Engine/Content/Internationalization/icudt64l/lang/kde.res" 1374
"../../../Engine/Content/Internationalization/icudt64l/region/kde.res" 1375
"../../../Engine/Content/Internationalization/icudt64l/lang/kea.res" 1376
"../../../Engine/Content/Internationalization/icudt64l/region/kea.res" 1377
"../../../Engine/Content/Internationalization/icudt64l/lang/khq.res" 1378
"../../../Engine/Content/Internationalization/icudt64l/region/khq.res" 1379
"../../../Engine/Content/Internationalization/icudt64l/lang/ki.res" 1380
"../../../Engine/Content/Internationalization/icudt64l/region/ki.res" 1381
"../../../Engine/Content/Internationalization/icudt64l/lang/kk.res" 1382
"../../../Engine/Content/Internationalization/icudt64l/region/kk.res" 1383
"../../../Engine/Content/Internationalization/icudt64l/lang/kkj.res" 1384
"../../../Engine/Content/Internationalization/icudt64l/region/kkj.res" 1385
"../../../Engine/Content/Internationalization/icudt64l/lang/kl.res" 1386
"../../../Engine/Content/Internationalization/icudt64l/region/kl.res" 1387
"../../../Engine/Content/Internationalization/icudt64l/lang/kln.res" 1388
"../../../Engine/Content/Internationalization/icudt64l/region/kln.res" 1389
"../../../Engine/Content/Internationalization/icudt64l/lang/km.res" 1390
"../../../Engine/Content/Internationalization/icudt64l/region/km.res" 1391
"../../../Engine/Content/Internationalization/icudt64l/lang/kn.res" 1392
"../../../Engine/Content/Internationalization/icudt64l/region/kn.res" 1393
"../../../Engine/Content/Internationalization/icudt64l/lang/ko.res" 1394
"../../../Engine/Content/Internationalization/icudt64l/region/ko_KP.res" 1395
"../../../Engine/Content/Internationalization/icudt64l/region/ko.res" 1396
"../../../Engine/Content/Internationalization/icudt64l/lang/kok.res" 1397
"../../../Engine/Content/Internationalization/icudt64l/region/kok.res" 1398
"../../../Engine/Content/Internationalization/icudt64l/lang/ks.res" 1399
"../../../Engine/Content/Internationalization/icudt64l/region/ks.res" 1400
"../../../Engine/Content/Internationalization/icudt64l/lang/ksb.res" 1401
"../../../Engine/Content/Internationalization/icudt64l/region/ksb.res" 1402
"../../../Engine/Content/Internationalization/icudt64l/lang/ksf.res" 1403
"../../../Engine/Content/Internationalization/icudt64l/region/ksf.res" 1404
"../../../Engine/Content/Internationalization/icudt64l/lang/ksh.res" 1405
"../../../Engine/Content/Internationalization/icudt64l/region/ksh.res" 1406
"../../../Engine/Content/Internationalization/icudt64l/lang/ku.res" 1407
"../../../Engine/Content/Internationalization/icudt64l/region/ku.res" 1408
"../../../Engine/Content/Internationalization/icudt64l/lang/kw.res" 1409
"../../../Engine/Content/Internationalization/icudt64l/region/kw.res" 1410
"../../../Engine/Content/Internationalization/icudt64l/lang/ky.res" 1411
"../../../Engine/Content/Internationalization/icudt64l/region/ky.res" 1412
"../../../Engine/Content/Internationalization/icudt64l/lang/lag.res" 1413
"../../../Engine/Content/Internationalization/icudt64l/region/lag.res" 1414
"../../../Engine/Content/Internationalization/icudt64l/lang/lb.res" 1415
"../../../Engine/Content/Internationalization/icudt64l/region/lb.res" 1416
"../../../Engine/Content/Internationalization/icudt64l/lang/lg.res" 1417
"../../../Engine/Content/Internationalization/icudt64l/region/lg.res" 1418
"../../../Engine/Content/Internationalization/icudt64l/lang/lkt.res" 1419
"../../../Engine/Content/Internationalization/icudt64l/region/lkt.res" 1420
"../../../Engine/Content/Internationalization/icudt64l/lang/ln.res" 1421
"../../../Engine/Content/Internationalization/icudt64l/region/ln.res" 1422
"../../../Engine/Content/Internationalization/icudt64l/lang/lo.res" 1423
"../../../Engine/Content/Internationalization/icudt64l/region/lo.res" 1424
"../../../Engine/Content/Internationalization/icudt64l/lang/lrc.res" 1425
"../../../Engine/Content/Internationalization/icudt64l/region/lrc.res" 1426
"../../../Engine/Content/Internationalization/icudt64l/lang/lt.res" 1427
"../../../Engine/Content/Internationalization/icudt64l/region/lt.res" 1428
"../../../Engine/Content/Internationalization/icudt64l/lang/lu.res" 1429
"../../../Engine/Content/Internationalization/icudt64l/region/lu.res" 1430
"../../../Engine/Content/Internationalization/icudt64l/lang/luo.res" 1431
"../../../Engine/Content/Internationalization/icudt64l/region/luo.res" 1432
"../../../Engine/Content/Internationalization/icudt64l/lang/luy.res" 1433
"../../../Engine/Content/Internationalization/icudt64l/region/luy.res" 1434
"../../../Engine/Content/Internationalization/icudt64l/lang/lv.res" 1435
"../../../Engine/Content/Internationalization/icudt64l/region/lv.res" 1436
"../../../Engine/Content/Internationalization/icudt64l/lang/mas.res" 1437
"../../../Engine/Content/Internationalization/icudt64l/region/mas.res" 1438
"../../../Engine/Content/Internationalization/icudt64l/lang/mer.res" 1439
"../../../Engine/Content/Internationalization/icudt64l/region/mer.res" 1440
"../../../Engine/Content/Internationalization/icudt64l/lang/mfe.res" 1441
"../../../Engine/Content/Internationalization/icudt64l/region/mfe.res" 1442
"../../../Engine/Content/Internationalization/icudt64l/lang/mg.res" 1443
"../../../Engine/Content/Internationalization/icudt64l/region/mg.res" 1444
"../../../Engine/Content/Internationalization/icudt64l/lang/mgh.res" 1445
"../../../Engine/Content/Internationalization/icudt64l/region/mgh.res" 1446
"../../../Engine/Content/Internationalization/icudt64l/lang/mgo.res" 1447
"../../../Engine/Content/Internationalization/icudt64l/region/mgo.res" 1448
"../../../Engine/Content/Internationalization/icudt64l/lang/mi.res" 1449
"../../../Engine/Content/Internationalization/icudt64l/region/mi.res" 1450
"../../../Engine/Content/Internationalization/icudt64l/lang/mk.res" 1451
"../../../Engine/Content/Internationalization/icudt64l/region/mk.res" 1452
"../../../Engine/Content/Internationalization/icudt64l/lang/ml.res" 1453
"../../../Engine/Content/Internationalization/icudt64l/region/ml.res" 1454
"../../../Engine/Content/Internationalization/icudt64l/lang/mn.res" 1455
"../../../Engine/Content/Internationalization/icudt64l/region/mn.res" 1456
"../../../Engine/Content/Internationalization/icudt64l/lang/mr.res" 1457
"../../../Engine/Content/Internationalization/icudt64l/region/mr.res" 1458
"../../../Engine/Content/Internationalization/icudt64l/lang/ms.res" 1459
"../../../Engine/Content/Internationalization/icudt64l/region/ms.res" 1460
"../../../Engine/Content/Internationalization/icudt64l/lang/mt.res" 1461
"../../../Engine/Content/Internationalization/icudt64l/region/mt.res" 1462
"../../../Engine/Content/Internationalization/icudt64l/lang/mua.res" 1463
"../../../Engine/Content/Internationalization/icudt64l/region/mua.res" 1464
"../../../Engine/Content/Internationalization/icudt64l/lang/my.res" 1465
"../../../Engine/Content/Internationalization/icudt64l/region/my.res" 1466
"../../../Engine/Content/Internationalization/icudt64l/lang/mzn.res" 1467
"../../../Engine/Content/Internationalization/icudt64l/region/mzn.res" 1468
"../../../Engine/Content/Internationalization/icudt64l/lang/naq.res" 1469
"../../../Engine/Content/Internationalization/icudt64l/region/naq.res" 1470
"../../../Engine/Content/Internationalization/icudt64l/lang/nb.res" 1471
"../../../Engine/Content/Internationalization/icudt64l/lang/nb_NO.res" 1472
"../../../Engine/Content/Internationalization/icudt64l/region/nb_NO.res" 1473
"../../../Engine/Content/Internationalization/icudt64l/region/nb.res" 1474
"../../../Engine/Content/Internationalization/icudt64l/lang/nd.res" 1475
"../../../Engine/Content/Internationalization/icudt64l/region/nd.res" 1476
"../../../Engine/Content/Internationalization/icudt64l/lang/nds.res" 1477
"../../../Engine/Content/Internationalization/icudt64l/region/nds.res" 1478
"../../../Engine/Content/Internationalization/icudt64l/lang/ne.res" 1479
"../../../Engine/Content/Internationalization/icudt64l/region/ne.res" 1480
"../../../Engine/Content/Internationalization/icudt64l/lang/nl.res" 1481
"../../../Engine/Content/Internationalization/icudt64l/region/nl.res" 1482
"../../../Engine/Content/Internationalization/icudt64l/lang/nmg.res" 1483
"../../../Engine/Content/Internationalization/icudt64l/region/nmg.res" 1484
"../../../Engine/Content/Internationalization/icudt64l/lang/nn.res" 1485
"../../../Engine/Content/Internationalization/icudt64l/lang/nn_NO.res" 1486
"../../../Engine/Content/Internationalization/icudt64l/region/nn_NO.res" 1487
"../../../Engine/Content/Internationalization/icudt64l/region/nn.res" 1488
"../../../Engine/Content/Internationalization/icudt64l/lang/nnh.res" 1489
"../../../Engine/Content/Internationalization/icudt64l/region/nnh.res" 1490
"../../../Engine/Content/Internationalization/icudt64l/lang/nus.res" 1491
"../../../Engine/Content/Internationalization/icudt64l/region/nus.res" 1492
"../../../Engine/Content/Internationalization/icudt64l/lang/nyn.res" 1493
"../../../Engine/Content/Internationalization/icudt64l/region/nyn.res" 1494
"../../../Engine/Content/Internationalization/icudt64l/lang/om.res" 1495
"../../../Engine/Content/Internationalization/icudt64l/region/om.res" 1496
"../../../Engine/Content/Internationalization/icudt64l/lang/or.res" 1497
"../../../Engine/Content/Internationalization/icudt64l/region/or.res" 1498
"../../../Engine/Content/Internationalization/icudt64l/lang/os.res" 1499
"../../../Engine/Content/Internationalization/icudt64l/region/os.res" 1500
"../../../Engine/Content/Internationalization/icudt64l/lang/pa.res" 1501
"../../../Engine/Content/Internationalization/icudt64l/lang/pa_Arab.res" 1502
"../../../Engine/Content/Internationalization/icudt64l/lang/pa_PK.res" 1503
"../../../Engine/Content/Internationalization/icudt64l/lang/pa_Arab_PK.res" 1504
"../../../Engine/Content/Internationalization/icudt64l/region/pa_PK.res" 1505
"../../../Engine/Content/Internationalization/icudt64l/region/pa_Arab_PK.res" 1506
"../../../Engine/Content/Internationalization/icudt64l/region/pa_Arab.res" 1507
"../../../Engine/Content/Internationalization/icudt64l/lang/pa_Guru.res" 1508
"../../../Engine/Content/Internationalization/icudt64l/lang/pa_IN.res" 1509
"../../../Engine/Content/Internationalization/icudt64l/lang/pa_Guru_IN.res" 1510
"../../../Engine/Content/Internationalization/icudt64l/region/pa_IN.res" 1511
"../../../Engine/Content/Internationalization/icudt64l/region/pa_Guru_IN.res" 1512
"../../../Engine/Content/Internationalization/icudt64l/region/pa_Guru.res" 1513
"../../../Engine/Content/Internationalization/icudt64l/region/pa.res" 1514
"../../../Engine/Content/Internationalization/icudt64l/lang/pl.res" 1515
"../../../Engine/Content/Internationalization/icudt64l/region/pl.res" 1516
"../../../Engine/Content/Internationalization/icudt64l/lang/ps.res" 1517
"../../../Engine/Content/Internationalization/icudt64l/region/ps.res" 1518
"../../../Engine/Content/Internationalization/icudt64l/lang/ps_PK.res" 1519
"../../../Engine/Content/Internationalization/icudt64l/region/ps_PK.res" 1520
"../../../Engine/Content/Internationalization/icudt64l/lang/pt.res" 1521
"../../../Engine/Content/Internationalization/icudt64l/lang/pt_AO.res" 1522
"../../../Engine/Content/Internationalization/icudt64l/lang/pt_PT.res" 1523
"../../../Engine/Content/Internationalization/icudt64l/region/pt_AO.res" 1524
"../../../Engine/Content/Internationalization/icudt64l/region/pt_PT.res" 1525
"../../../Engine/Content/Internationalization/icudt64l/region/pt.res" 1526
"../../../Engine/Content/Internationalization/icudt64l/lang/pt_CH.res" 1527
"../../../Engine/Content/Internationalization/icudt64l/region/pt_CH.res" 1528
"../../../Engine/Content/Internationalization/icudt64l/lang/pt_CV.res" 1529
"../../../Engine/Content/Internationalization/icudt64l/region/pt_CV.res" 1530
"../../../Engine/Content/Internationalization/icudt64l/lang/pt_GQ.res" 1531
"../../../Engine/Content/Internationalization/icudt64l/region/pt_GQ.res" 1532
"../../../Engine/Content/Internationalization/icudt64l/lang/pt_GW.res" 1533
"../../../Engine/Content/Internationalization/icudt64l/region/pt_GW.res" 1534
"../../../Engine/Content/Internationalization/icudt64l/lang/pt_LU.res" 1535
"../../../Engine/Content/Internationalization/icudt64l/region/pt_LU.res" 1536
"../../../Engine/Content/Internationalization/icudt64l/lang/pt_MO.res" 1537
"../../../Engine/Content/Internationalization/icudt64l/region/pt_MO.res" 1538
"../../../Engine/Content/Internationalization/icudt64l/lang/pt_MZ.res" 1539
"../../../Engine/Content/Internationalization/icudt64l/region/pt_MZ.res" 1540
"../../../Engine/Content/Internationalization/icudt64l/lang/pt_ST.res" 1541
"../../../Engine/Content/Internationalization/icudt64l/region/pt_ST.res" 1542
"../../../Engine/Content/Internationalization/icudt64l/lang/pt_TL.res" 1543
"../../../Engine/Content/Internationalization/icudt64l/region/pt_TL.res" 1544
"../../../Engine/Content/Internationalization/icudt64l/lang/qu.res" 1545
"../../../Engine/Content/Internationalization/icudt64l/region/qu.res" 1546
"../../../Engine/Content/Internationalization/icudt64l/lang/rm.res" 1547
"../../../Engine/Content/Internationalization/icudt64l/region/rm.res" 1548
"../../../Engine/Content/Internationalization/icudt64l/lang/rn.res" 1549
"../../../Engine/Content/Internationalization/icudt64l/region/rn.res" 1550
"../../../Engine/Content/Internationalization/icudt64l/lang/ro.res" 1551
"../../../Engine/Content/Internationalization/icudt64l/lang/ro_MD.res" 1552
"../../../Engine/Content/Internationalization/icudt64l/region/ro_MD.res" 1553
"../../../Engine/Content/Internationalization/icudt64l/region/ro.res" 1554
"../../../Engine/Content/Internationalization/icudt64l/lang/rof.res" 1555
"../../../Engine/Content/Internationalization/icudt64l/region/rof.res" 1556
"../../../Engine/Content/Internationalization/icudt64l/lang/ru.res" 1557
"../../../Engine/Content/Internationalization/icudt64l/region/ru.res" 1558
"../../../Engine/Content/Internationalization/icudt64l/region/ru_UA.res" 1559
"../../../Engine/Content/Internationalization/icudt64l/lang/rw.res" 1560
"../../../Engine/Content/Internationalization/icudt64l/region/rw.res" 1561
"../../../Engine/Content/Internationalization/icudt64l/lang/rwk.res" 1562
"../../../Engine/Content/Internationalization/icudt64l/region/rwk.res" 1563
"../../../Engine/Content/Internationalization/icudt64l/lang/sah.res" 1564
"../../../Engine/Content/Internationalization/icudt64l/region/sah.res" 1565
"../../../Engine/Content/Internationalization/icudt64l/lang/saq.res" 1566
"../../../Engine/Content/Internationalization/icudt64l/region/saq.res" 1567
"../../../Engine/Content/Internationalization/icudt64l/lang/sbp.res" 1568
"../../../Engine/Content/Internationalization/icudt64l/region/sbp.res" 1569
"../../../Engine/Content/Internationalization/icudt64l/lang/sd.res" 1570
"../../../Engine/Content/Internationalization/icudt64l/region/sd.res" 1571
"../../../Engine/Content/Internationalization/icudt64l/lang/se.res" 1572
"../../../Engine/Content/Internationalization/icudt64l/lang/se_FI.res" 1573
"../../../Engine/Content/Internationalization/icudt64l/region/se_FI.res" 1574
"../../../Engine/Content/Internationalization/icudt64l/region/se.res" 1575
"../../../Engine/Content/Internationalization/icudt64l/lang/seh.res" 1576
"../../../Engine/Content/Internationalization/icudt64l/region/seh.res" 1577
"../../../Engine/Content/Internationalization/icudt64l/lang/ses.res" 1578
"../../../Engine/Content/Internationalization/icudt64l/region/ses.res" 1579
"../../../Engine/Content/Internationalization/icudt64l/lang/sg.res" 1580
"../../../Engine/Content/Internationalization/icudt64l/region/sg.res" 1581
"../../../Engine/Content/Internationalization/icudt64l/lang/shi.res" 1582
"../../../Engine/Content/Internationalization/icudt64l/lang/shi_Latn.res" 1583
"../../../Engine/Content/Internationalization/icudt64l/lang/shi_MA.res" 1584
"../../../Engine/Content/Internationalization/icudt64l/lang/shi_Tfng_MA.res" 1585
"../../../Engine/Content/Internationalization/icudt64l/lang/shi_Tfng.res" 1586
"../../../Engine/Content/Internationalization/icudt64l/region/shi_MA.res" 1587
"../../../Engine/Content/Internationalization/icudt64l/region/shi_Tfng_MA.res" 1588
"../../../Engine/Content/Internationalization/icudt64l/region/shi_Tfng.res" 1589
"../../../Engine/Content/Internationalization/icudt64l/region/shi.res" 1590
"../../../Engine/Content/Internationalization/icudt64l/region/shi_Latn.res" 1591
"../../../Engine/Content/Internationalization/icudt64l/lang/si.res" 1592
"../../../Engine/Content/Internationalization/icudt64l/region/si.res" 1593
"../../../Engine/Content/Internationalization/icudt64l/lang/sk.res" 1594
"../../../Engine/Content/Internationalization/icudt64l/region/sk.res" 1595
"../../../Engine/Content/Internationalization/icudt64l/lang/sl.res" 1596
"../../../Engine/Content/Internationalization/icudt64l/region/sl.res" 1597
"../../../Engine/Content/Internationalization/icudt64l/lang/smn.res" 1598
"../../../Engine/Content/Internationalization/icudt64l/region/smn.res" 1599
"../../../Engine/Content/Internationalization/icudt64l/lang/sn.res" 1600
"../../../Engine/Content/Internationalization/icudt64l/region/sn.res" 1601
"../../../Engine/Content/Internationalization/icudt64l/lang/so.res" 1602
"../../../Engine/Content/Internationalization/icudt64l/region/so.res" 1603
"../../../Engine/Content/Internationalization/icudt64l/lang/sq.res" 1604
"../../../Engine/Content/Internationalization/icudt64l/region/sq.res" 1605
"../../../Engine/Content/Internationalization/icudt64l/lang/sr.res" 1606
"../../../Engine/Content/Internationalization/icudt64l/lang/sr_Cyrl.res" 1607
"../../../Engine/Content/Internationalization/icudt64l/lang/sr_BA.res" 1608
"../../../Engine/Content/Internationalization/icudt64l/lang/sr_Cyrl_BA.res" 1609
"../../../Engine/Content/Internationalization/icudt64l/region/sr_BA.res" 1610
"../../../Engine/Content/Internationalization/icudt64l/region/sr_Cyrl_BA.res" 1611
"../../../Engine/Content/Internationalization/icudt64l/region/sr_Cyrl.res" 1612
"../../../Engine/Content/Internationalization/icudt64l/region/sr.res" 1613
"../../../Engine/Content/Internationalization/icudt64l/lang/sr_ME.res" 1614
"../../../Engine/Content/Internationalization/icudt64l/lang/sr_Latn_ME.res" 1615
"../../../Engine/Content/Internationalization/icudt64l/lang/sr_Latn.res" 1616
"../../../Engine/Content/Internationalization/icudt64l/region/sr_ME.res" 1617
"../../../Engine/Content/Internationalization/icudt64l/region/sr_Latn_ME.res" 1618
"../../../Engine/Content/Internationalization/icudt64l/region/sr_Latn.res" 1619
"../../../Engine/Content/Internationalization/icudt64l/lang/sr_Cyrl_ME.res" 1620
"../../../Engine/Content/Internationalization/icudt64l/region/sr_Cyrl_ME.res" 1621
"../../../Engine/Content/Internationalization/icudt64l/lang/sr_RS.res" 1622
"../../../Engine/Content/Internationalization/icudt64l/lang/sr_Cyrl_RS.res" 1623
"../../../Engine/Content/Internationalization/icudt64l/region/sr_RS.res" 1624
"../../../Engine/Content/Internationalization/icudt64l/region/sr_Cyrl_RS.res" 1625
"../../../Engine/Content/Internationalization/icudt64l/lang/sr_XK.res" 1626
"../../../Engine/Content/Internationalization/icudt64l/lang/sr_Cyrl_XK.res" 1627
"../../../Engine/Content/Internationalization/icudt64l/region/sr_XK.res" 1628
"../../../Engine/Content/Internationalization/icudt64l/region/sr_Cyrl_XK.res" 1629
"../../../Engine/Content/Internationalization/icudt64l/lang/sr_Latn_BA.res" 1630
"../../../Engine/Content/Internationalization/icudt64l/region/sr_Latn_BA.res" 1631
"../../../Engine/Content/Internationalization/icudt64l/lang/sr_Latn_RS.res" 1632
"../../../Engine/Content/Internationalization/icudt64l/region/sr_Latn_RS.res" 1633
"../../../Engine/Content/Internationalization/icudt64l/lang/sr_Latn_XK.res" 1634
"../../../Engine/Content/Internationalization/icudt64l/region/sr_Latn_XK.res" 1635
"../../../Engine/Content/Internationalization/icudt64l/lang/sv.res" 1636
"../../../Engine/Content/Internationalization/icudt64l/region/sv.res" 1637
"../../../Engine/Content/Internationalization/icudt64l/lang/sv_FI.res" 1638
"../../../Engine/Content/Internationalization/icudt64l/lang/sw.res" 1639
"../../../Engine/Content/Internationalization/icudt64l/lang/sw_CD.res" 1640
"../../../Engine/Content/Internationalization/icudt64l/region/sw_CD.res" 1641
"../../../Engine/Content/Internationalization/icudt64l/region/sw.res" 1642
"../../../Engine/Content/Internationalization/icudt64l/lang/sw_KE.res" 1643
"../../../Engine/Content/Internationalization/icudt64l/region/sw_KE.res" 1644
"../../../Engine/Content/Internationalization/icudt64l/lang/ta.res" 1645
"../../../Engine/Content/Internationalization/icudt64l/region/ta.res" 1646
"../../../Engine/Content/Internationalization/icudt64l/lang/te.res" 1647
"../../../Engine/Content/Internationalization/icudt64l/region/te.res" 1648
"../../../Engine/Content/Internationalization/icudt64l/lang/teo.res" 1649
"../../../Engine/Content/Internationalization/icudt64l/region/teo.res" 1650
"../../../Engine/Content/Internationalization/icudt64l/lang/tg.res" 1651
"../../../Engine/Content/Internationalization/icudt64l/region/tg.res" 1652
"../../../Engine/Content/Internationalization/icudt64l/lang/th.res" 1653
"../../../Engine/Content/Internationalization/icudt64l/lang/th_TH.res" 1654
"../../../Engine/Content/Internationalization/icudt64l/region/th_TH.res" 1655
"../../../Engine/Content/Internationalization/icudt64l/region/th.res" 1656
"../../../Engine/Content/Internationalization/icudt64l/lang/ti.res" 1657
"../../../Engine/Content/Internationalization/icudt64l/region/ti.res" 1658
"../../../Engine/Content/Internationalization/icudt64l/lang/tk.res" 1659
"../../../Engine/Content/Internationalization/icudt64l/region/tk.res" 1660
"../../../Engine/Content/Internationalization/icudt64l/lang/to.res" 1661
"../../../Engine/Content/Internationalization/icudt64l/region/to.res" 1662
"../../../Engine/Content/Internationalization/icudt64l/lang/tr.res" 1663
"../../../Engine/Content/Internationalization/icudt64l/region/tr.res" 1664
"../../../Engine/Content/Internationalization/icudt64l/lang/tt.res" 1665
"../../../Engine/Content/Internationalization/icudt64l/region/tt.res" 1666
"../../../Engine/Content/Internationalization/icudt64l/lang/twq.res" 1667
"../../../Engine/Content/Internationalization/icudt64l/region/twq.res" 1668
"../../../Engine/Content/Internationalization/icudt64l/lang/tzm.res" 1669
"../../../Engine/Content/Internationalization/icudt64l/region/tzm.res" 1670
"../../../Engine/Content/Internationalization/icudt64l/lang/ug.res" 1671
"../../../Engine/Content/Internationalization/icudt64l/region/ug.res" 1672
"../../../Engine/Content/Internationalization/icudt64l/lang/uk.res" 1673
"../../../Engine/Content/Internationalization/icudt64l/region/uk.res" 1674
"../../../Engine/Content/Internationalization/icudt64l/lang/ur.res" 1675
"../../../Engine/Content/Internationalization/icudt64l/lang/ur_IN.res" 1676
"../../../Engine/Content/Internationalization/icudt64l/region/ur_IN.res" 1677
"../../../Engine/Content/Internationalization/icudt64l/region/ur.res" 1678
"../../../Engine/Content/Internationalization/icudt64l/lang/uz.res" 1679
"../../../Engine/Content/Internationalization/icudt64l/lang/uz_Arab.res" 1680
"../../../Engine/Content/Internationalization/icudt64l/lang/uz_AF.res" 1681
"../../../Engine/Content/Internationalization/icudt64l/lang/uz_Arab_AF.res" 1682
"../../../Engine/Content/Internationalization/icudt64l/region/uz_AF.res" 1683
"../../../Engine/Content/Internationalization/icudt64l/region/uz_Arab_AF.res" 1684
"../../../Engine/Content/Internationalization/icudt64l/region/uz_Arab.res" 1685
"../../../Engine/Content/Internationalization/icudt64l/lang/uz_Cyrl.res" 1686
"../../../Engine/Content/Internationalization/icudt64l/lang/uz_UZ.res" 1687
"../../../Engine/Content/Internationalization/icudt64l/lang/uz_Latn_UZ.res" 1688
"../../../Engine/Content/Internationalization/icudt64l/lang/uz_Latn.res" 1689
"../../../Engine/Content/Internationalization/icudt64l/region/uz_UZ.res" 1690
"../../../Engine/Content/Internationalization/icudt64l/region/uz_Latn_UZ.res" 1691
"../../../Engine/Content/Internationalization/icudt64l/region/uz_Latn.res" 1692
"../../../Engine/Content/Internationalization/icudt64l/region/uz.res" 1693
"../../../Engine/Content/Internationalization/icudt64l/region/uz_Cyrl.res" 1694
"../../../Engine/Content/Internationalization/icudt64l/lang/vai.res" 1695
"../../../Engine/Content/Internationalization/icudt64l/lang/vai_Latn.res" 1696
"../../../Engine/Content/Internationalization/icudt64l/lang/vai_LR.res" 1697
"../../../Engine/Content/Internationalization/icudt64l/lang/vai_Vaii_LR.res" 1698
"../../../Engine/Content/Internationalization/icudt64l/lang/vai_Vaii.res" 1699
"../../../Engine/Content/Internationalization/icudt64l/region/vai_LR.res" 1700
"../../../Engine/Content/Internationalization/icudt64l/region/vai_Vaii_LR.res" 1701
"../../../Engine/Content/Internationalization/icudt64l/region/vai_Vaii.res" 1702
"../../../Engine/Content/Internationalization/icudt64l/region/vai.res" 1703
"../../../Engine/Content/Internationalization/icudt64l/region/vai_Latn.res" 1704
"../../../Engine/Content/Internationalization/icudt64l/lang/vi.res" 1705
"../../../Engine/Content/Internationalization/icudt64l/region/vi.res" 1706
"../../../Engine/Content/Internationalization/icudt64l/lang/vun.res" 1707
"../../../Engine/Content/Internationalization/icudt64l/region/vun.res" 1708
"../../../Engine/Content/Internationalization/icudt64l/lang/wae.res" 1709
"../../../Engine/Content/Internationalization/icudt64l/region/wae.res" 1710
"../../../Engine/Content/Internationalization/icudt64l/lang/wo.res" 1711
"../../../Engine/Content/Internationalization/icudt64l/region/wo.res" 1712
"../../../Engine/Content/Internationalization/icudt64l/lang/xh.res" 1713
"../../../Engine/Content/Internationalization/icudt64l/region/xh.res" 1714
"../../../Engine/Content/Internationalization/icudt64l/lang/xog.res" 1715
"../../../Engine/Content/Internationalization/icudt64l/region/xog.res" 1716
"../../../Engine/Content/Internationalization/icudt64l/lang/yav.res" 1717
"../../../Engine/Content/Internationalization/icudt64l/region/yav.res" 1718
"../../../Engine/Content/Internationalization/icudt64l/lang/yi.res" 1719
"../../../Engine/Content/Internationalization/icudt64l/region/yi.res" 1720
"../../../Engine/Content/Internationalization/icudt64l/lang/yo.res" 1721
"../../../Engine/Content/Internationalization/icudt64l/lang/yo_BJ.res" 1722
"../../../Engine/Content/Internationalization/icudt64l/region/yo_BJ.res" 1723
"../../../Engine/Content/Internationalization/icudt64l/region/yo.res" 1724
"../../../Engine/Content/Internationalization/icudt64l/lang/yue.res" 1725
"../../../Engine/Content/Internationalization/icudt64l/lang/yue_Hans.res" 1726
"../../../Engine/Content/Internationalization/icudt64l/lang/yue_CN.res" 1727
"../../../Engine/Content/Internationalization/icudt64l/lang/yue_Hans_CN.res" 1728
"../../../Engine/Content/Internationalization/icudt64l/region/yue_CN.res" 1729
"../../../Engine/Content/Internationalization/icudt64l/region/yue_Hans_CN.res" 1730
"../../../Engine/Content/Internationalization/icudt64l/region/yue_Hans.res" 1731
"../../../Engine/Content/Internationalization/icudt64l/lang/yue_Hant.res" 1732
"../../../Engine/Content/Internationalization/icudt64l/lang/yue_HK.res" 1733
"../../../Engine/Content/Internationalization/icudt64l/lang/yue_Hant_HK.res" 1734
"../../../Engine/Content/Internationalization/icudt64l/region/yue_HK.res" 1735
"../../../Engine/Content/Internationalization/icudt64l/region/yue_Hant_HK.res" 1736
"../../../Engine/Content/Internationalization/icudt64l/region/yue_Hant.res" 1737
"../../../Engine/Content/Internationalization/icudt64l/region/yue.res" 1738
"../../../Engine/Content/Internationalization/icudt64l/lang/zgh.res" 1739
"../../../Engine/Content/Internationalization/icudt64l/region/zgh.res" 1740
"../../../Engine/Content/Internationalization/icudt64l/lang/zh.res" 1741
"../../../Engine/Content/Internationalization/icudt64l/lang/zh_Hans.res" 1742
"../../../Engine/Content/Internationalization/icudt64l/lang/zh_CN.res" 1743
"../../../Engine/Content/Internationalization/icudt64l/lang/zh_Hans_CN.res" 1744
"../../../Engine/Content/Internationalization/icudt64l/region/zh_CN.res" 1745
"../../../Engine/Content/Internationalization/icudt64l/region/zh_Hans_CN.res" 1746
"../../../Engine/Content/Internationalization/icudt64l/region/zh_Hans.res" 1747
"../../../Engine/Content/Internationalization/icudt64l/region/zh.res" 1748
"../../../Engine/Content/Internationalization/icudt64l/lang/zh_HK.res" 1749
"../../../Engine/Content/Internationalization/icudt64l/lang/zh_Hant_HK.res" 1750
"../../../Engine/Content/Internationalization/icudt64l/lang/zh_Hant.res" 1751
"../../../Engine/Content/Internationalization/icudt64l/region/zh_HK.res" 1752
"../../../Engine/Content/Internationalization/icudt64l/region/zh_Hant_HK.res" 1753
"../../../Engine/Content/Internationalization/icudt64l/region/zh_Hant.res" 1754
"../../../Engine/Content/Internationalization/icudt64l/lang/zh_MO.res" 1755
"../../../Engine/Content/Internationalization/icudt64l/lang/zh_Hant_MO.res" 1756
"../../../Engine/Content/Internationalization/icudt64l/region/zh_MO.res" 1757
"../../../Engine/Content/Internationalization/icudt64l/region/zh_Hant_MO.res" 1758
"../../../Engine/Content/Internationalization/icudt64l/lang/zh_SG.res" 1759
"../../../Engine/Content/Internationalization/icudt64l/lang/zh_Hans_SG.res" 1760
"../../../Engine/Content/Internationalization/icudt64l/region/zh_SG.res" 1761
"../../../Engine/Content/Internationalization/icudt64l/region/zh_Hans_SG.res" 1762
"../../../Engine/Content/Internationalization/icudt64l/lang/zh_TW.res" 1763
"../../../Engine/Content/Internationalization/icudt64l/lang/zh_Hant_TW.res" 1764
"../../../Engine/Content/Internationalization/icudt64l/region/zh_TW.res" 1765
"../../../Engine/Content/Internationalization/icudt64l/region/zh_Hant_TW.res" 1766
"../../../Engine/Content/Internationalization/icudt64l/lang/zu.res" 1767
"../../../Engine/Content/Internationalization/icudt64l/region/zu.res" 1768
"../../../Engine/Content/Internationalization/icudt64l/lang/no.res" 1769
"../../../Engine/Content/Internationalization/icudt64l/lang/tl.res" 1770
"../../../Engine/Config/Android/DataDrivenPlatformInfo.ini" 1771
"../../../Engine/Config/IOS/DataDrivenPlatformInfo.ini" 1772
"../../../Engine/Config/Linux/DataDrivenPlatformInfo.ini" 1773
"../../../Engine/Config/LinuxArm64/DataDrivenPlatformInfo.ini" 1774
"../../../Engine/Config/Mac/DataDrivenPlatformInfo.ini" 1775
"../../../Engine/Config/TVOS/DataDrivenPlatformInfo.ini" 1776
"../../../Engine/Config/Unix/DataDrivenPlatformInfo.ini" 1777
"../../../Engine/Config/VulkanPC/DataDrivenPlatformInfo.ini" 1778
"../../../Engine/Config/Windows/DataDrivenPlatformInfo.ini" 1779
"../../../Engine/Platforms/VisionOS/Config/DataDrivenPlatformInfo.ini" 1780
"../../../Engine/DerivedDataCache/Compressed.ddp" 1781
"C:/Users/Admin/AppData/Local/UnrealEngine/5.4/Saved/Zen/zen.version" 1782
"C:/Users/Admin/AppData/Local/UnrealEngine/Common/Zen/Install/zen.version" 1783
"C:/Users/Admin/AppData/Local/UnrealEngine/Common/Zen/Install/zenserver.runcontext" 1784
"C:/Users/Admin/AppData/Local/UnrealEngine/Common/DerivedDataCache/TestData/0/TestData_4kb.dat" 1785
"C:/Users/Admin/AppData/Local/UnrealEngine/Common/DerivedDataCache/TestData/1/TestData_4kb.dat" 1786
"C:/Users/Admin/AppData/Local/UnrealEngine/Common/DerivedDataCache/TestData/0/TestData_8kb.dat" 1787
"C:/Users/Admin/AppData/Local/UnrealEngine/Common/DerivedDataCache/TestData/1/TestData_8kb.dat" 1788
"C:/Users/Admin/AppData/Local/UnrealEngine/Common/DerivedDataCache/TestData/0/TestData_16kb.dat" 1789
"C:/Users/Admin/AppData/Local/UnrealEngine/Common/DerivedDataCache/TestData/1/TestData_16kb.dat" 1790
"C:/Users/Admin/AppData/Local/UnrealEngine/Common/DerivedDataCache/TestData/0/TestData_64kb.dat" 1791
"C:/Users/Admin/AppData/Local/UnrealEngine/Common/DerivedDataCache/TestData/1/TestData_64kb.dat" 1792
"C:/Users/Admin/AppData/Local/UnrealEngine/Common/DerivedDataCache/TestData/0/TestData_128kb.dat" 1793
"C:/Users/Admin/AppData/Local/UnrealEngine/Common/DerivedDataCache/TestData/1/TestData_128kb.dat" 1794
"C:/Users/Admin/AppData/Local/UnrealEngine/Common/DerivedDataCache/TestData/0/TestData_256kb.dat" 1795
"C:/Users/Admin/AppData/Local/UnrealEngine/Common/DerivedDataCache/TestData/1/TestData_256kb.dat" 1796
"../../../../../../Users/Admin/Documents/Unreal Projects/ai-project/Intermediate/ShaderAutogen/PCD3D_SM5/AutogenShaderHeaders.ush" 1797
"../../../Engine/Plugins/FX/Niagara/Shaders/Private/NiagaraSpriteVertexFactory.ush" 1798
"../../../Engine/Shaders/Private/VertexFactoryCommon.ush" 1799
"../../../Engine/Shaders/Private/Common.ush" 1800
"../../../Engine/Shaders/Public/Platform.ush" 1801
"../../../Engine/Shaders/Public/FP16Math.ush" 1802
"../../../Engine/Shaders/Public/Platform/D3D/D3DCommon.ush" 1803
"../../../Engine/Shaders/Shared/HLSLReservedSpaces.h" 1804
"../../../Engine/Shaders/Public/BindlessResources.ush" 1805
"../../../Engine/Shaders/Public/OverloadMacros.ush" 1806
"../../../Engine/Shaders/Public/ShaderVersion.ush" 1807
"../../../Engine/Shaders/Private/PackUnpack.ush" 1808
"../../../Engine/Shaders/Private/GeneratedUniformBufferTypes.ush" 1809
"../../../Engine/Shaders/Private/Nanite/NanitePackedNaniteView.ush" 1810
"../../../Engine/Shaders/Private/HairStrands/HairStrandsVisibilityCommonStruct.ush" 1811
"../../../Engine/Shaders/Private/HairStrands/HairStrandsVoxelPageCommonStruct.ush" 1812
"../../../Engine/Shaders/Private/HairStrands/HairStrandsDeepShadowCommonStruct.ush" 1813
"../../../Engine/Shaders/Shared/LightSceneData.h" 1814
"../../../Engine/Shaders/Shared/HLSLTypeAliases.h" 1815
"../../../Engine/Shaders/Private/LargeWorldCoordinates.ush" 1816
"../../../Engine/Shaders/Private/DoubleFloat.ush" 1817
"../../../Engine/Shaders/Private/DoubleFloatOperations.ush" 1818
"../../../Engine/Shaders/Private/DoubleFloatVectorDefinition.ush" 1819
"../../../Engine/Shaders/Private/LWCOperations.ush" 1820
"../../../Engine/Shaders/Private/CommonViewUniformBuffer.ush" 1821
"../../../Engine/Shaders/Private/InstancedStereo.ush" 1822
"../../../Engine/Shaders/Private/Definitions.usf" 1823
"../../../Engine/Shaders/Private/AssertionMacros.ush" 1824
"../../../Engine/Shaders/Private/FastMath.ush" 1825
"../../../Engine/Shaders/Private/FastMathThirdParty.ush" 1826
"../../../Engine/Shaders/Private/Random.ush" 1827
"../../../Engine/Shaders/Private/SceneData.ush" 1828
"../../../Engine/Shaders/Private/OctahedralCommon.ush" 1829
"../../../Engine/Shaders/Private/WaveOpUtil.ush" 1830
"../../../Engine/Shaders/Shared/SceneDefinitions.h" 1831
"../../../Engine/Shaders/Private/SceneDataMobileLoader.ush" 1832
"../../../Engine/Shaders/Private/ParticleVertexFactoryCommon.ush" 1833
"../../../Engine/Plugins/FX/Niagara/Shaders/Private/NiagaraVFCommon.usf" 1834
"../../../Engine/Plugins/FX/Niagara/Shaders/Private/NiagaraVFParticleAccess.usf" 1835
"../../../Engine/Plugins/FX/Niagara/Shaders/Private/NiagaraParticleAccess.ush" 1836
"../../../Engine/Shaders/Private/VertexFactoryDefaultInterface.ush" 1837
"../../../Engine/Plugins/FX/Niagara/Shaders/Private/NiagaraRibbonVertexFactory.ush" 1838
"../../../Engine/Plugins/FX/Niagara/Shaders/Private/NiagaraMeshVertexFactory.ush" 1839
"../../../Engine/Plugins/FX/Niagara/Shaders/Private/NiagaraCommon.ush" 1840
"../../../Engine/Plugins/FX/Niagara/Shaders/Private/NiagaraMeshParticleUtils.ush" 1841
"../../../Engine/Shaders/Private/RayTracing/RayTracingCommon.ush" 1842
"../../../Engine/Shaders/Private/ShadingCommon.ush" 1843
"../../../Engine/Shaders/Shared/RayTracingDefinitions.h" 1844
"../../../Engine/Shaders/Shared/RayTracingPayloadType.h" 1845
"../../../Engine/Shaders/Shared/HLSLStaticAssert.h" 1846
"../../../Engine/Shaders/Private/RayTracing/RayTracingRayCone.ush" 1847
"../../../Engine/Shaders/Private/Substrate/Substrate.ush" 1848
"../../../Engine/Shaders/Private/ShadingEnergyConservation.ush" 1849
"../../../Engine/Shaders/Private/ShadingEnergyConservationTemplate.ush" 1850
"../../../Engine/Shaders/Private/BRDF.ush" 1851
"../../../Engine/Shaders/Private/ColorSpace.ush" 1852
"../../../Engine/Shaders/Private/DeferredShadingCommon.ush" 1853
"../../../Engine/Shaders/Private/LightAccumulator.ush" 1854
"../../../Engine/Shaders/Private/SceneTexturesCommon.ush" 1855
"../../../Engine/Shaders/Private/MonteCarlo.ush" 1856
"../../../Engine/Shaders/Private/GBufferHelpers.ush" 1857
"../../../Engine/Shaders/Private/SceneTextureParameters.ush" 1858
"C:/Users/Admin/Documents/Unreal Projects/ai-project/Intermediate/ShaderAutogen/PCD3D_SM5/AutogenShaderHeaders.ush" 1859
"../../../Engine/Shaders/Private/ParticipatingMediaCommon.ush" 1860
"../../../Engine/Shaders/Private/ThinFilmBSDF.ush" 1861
"../../../Engine/Shaders/Private/MortonCode.ush" 1862
"../../../Engine/Shaders/Private/SubsurfaceProfileCommon.ush" 1863
"../../../Engine/Shaders/Private/BurleyNormalizedSSSCommon.ush" 1864
"../../../Engine/Shaders/Private/GammaCorrectionCommon.ush" 1865
"../../../Engine/Shaders/Shared/SubstrateDefinitions.h" 1866
"../../../Engine/Shaders/Private/Substrate/SubstrateStatisticalOperators.ush" 1867
"../../../Engine/Shaders/Private/Substrate/SubstrateSubsurface.ush" 1868
"../../../Engine/Shaders/Private/TransmissionCommon.ush" 1869
"../../../Engine/Shaders/Private/RayTracing/RayTracingCommonMetal.ush" 1870
"../../../Engine/Shaders/Private/PositionReconstructionCommon.ush" 1871
"../../../Engine/Shaders/Private/RayTracing/TraceRayInline.ush" 1872
"../../../Engine/Shaders/Private/RayTracing/TraceRayInlineCommon.ush" 1873
"../../../Engine/Shaders/Private/RayTracing/TraceRayInlineVulkan.ush" 1874
"../../../Engine/Shaders/Private/RayTracing/TraceRayInlineMetal.ush" 1875
"../../../Engine/Shaders/Private/RayTracing/RayTracingHitGroupCommon.ush" 1876
"../../../Engine/Shaders/Shared/RayTracingBuiltInResources.h" 1877
"../../../Engine/Shaders/Private/Nanite/NaniteDataDecode.ush" 1878
"../../../Engine/Shaders/Private/BitPacking.ush" 1879
"../../../Engine/Shaders/Private/BitStreamReaderImplementation.ush" 1880
"../../../Engine/Shaders/Shared/NaniteDefinitions.h" 1881
"../../../Engine/Shaders/Private/Nanite/NaniteAttributeDecode.ush" 1882
"../../../Engine/Shaders/Private/Barycentrics.ush" 1883
"../../../Engine/Shaders/Private/DualNumber.ush" 1884
"../../../Engine/Shaders/Private/VectorFieldVisualizationVertexFactory.ush" 1885
"../../../Engine/Shaders/Private/Nanite/NaniteVertexFactory.ush" 1886
"../../../Engine/Shaders/Private/LightmapData.ush" 1887
"../../../Engine/Shaders/Private/SplineMeshCommon.ush" 1888
"../../../Engine/Shaders/Shared/SplineMeshShaderParams.h" 1889
"../../../Engine/Shaders/Private/Quaternion.ush" 1890
"../../../Engine/Shaders/Private/ShaderPrint.ush" 1891
"../../../Engine/Shaders/Private/ShaderPrintCommon.ush" 1892
"../../../Engine/Shaders/Private/MiniFontCommon.ush" 1893
"../../../Engine/Shaders/Private/Nanite/NaniteVertexDeformation.ush" 1894
"../../../Engine/Shaders/Private/ParticleSpriteVertexFactory.ush" 1895
"../../../Engine/Shaders/Private/ParticleGPUSpriteVertexFactory.ush" 1896
"../../../Engine/Shaders/Private/ParticleSimulationCommon.ush" 1897
"../../../Engine/Shaders/Private/ParticleBeamTrailVertexFactory.ush" 1898
"../../../Engine/Shaders/Private/MeshParticleVertexFactory.ush" 1899
"../../../Engine/Shaders/Private/LocalVertexFactory.ush" 1900
"../../../Engine/Shaders/Private/LocalVertexFactoryCommon.ush" 1901
"../../../Engine/Shaders/Private/GpuSkinCommon.ush" 1902
"../../../Engine/Shaders/Private/GpuSkinVertexFactory.ush" 1903
"../../../Engine/Shaders/Private/GeometryCollectionVertexFactory.ush" 1904
"../../../Engine/Shaders/Private/GeometryCacheVertexFactory.ush" 1905
"../../../Engine/Shaders/Private/LandscapeVertexFactory.ush" 1906
"../../../Engine/Plugins/Media/WmfMedia/Shaders/Private/MediaHardwareVideoDecoding.usf" 1907
"../../../Engine/Shaders/Private/ColorUtils.ush" 1908
"../../../Engine/Plugins/Media/ImgMedia/Shaders/Private/ExrSwizzler.usf" 1909
"../../../Engine/Plugins/FX/Niagara/Shaders/Private/Stateless/NiagaraStatelessSimulationExample1.usf" 1910
"../../../Engine/Plugins/FX/Niagara/Shaders/Private/Stateless/NiagaraStatelessSimulationTemplate.ush" 1911
"../../../Engine/Plugins/FX/Niagara/Shaders/Private/Stateless/NiagaraStatelessCommon.ush" 1912
"../../../Engine/Plugins/FX/Niagara/Shaders/Private/NiagaraQuaternionUtils.ush" 1913
"../../../Engine/Plugins/FX/Niagara/Shaders/Private/Stateless/NiagaraStatelessDistribution.ush" 1914
"../../../Engine/Plugins/FX/Niagara/Shaders/Private/Stateless/Modules/NiagaraStatelessModule_CalculateAccurateVelocity.ush" 1915
"../../../Engine/Plugins/FX/Niagara/Shaders/Private/Stateless/Modules/NiagaraStatelessModule_CameraOffset.ush" 1916
"../../../Engine/Plugins/FX/Niagara/Shaders/Private/Stateless/Modules/NiagaraStatelessModule_DynamicMaterialParameters.ush" 1917
"../../../Engine/Plugins/FX/Niagara/Shaders/Private/Stateless/Modules/NiagaraStatelessModule_InitializeParticle.ush" 1918
"../../../Engine/Plugins/FX/Niagara/Shaders/Private/Stateless/Modules/NiagaraStatelessModule_InitialMeshOrientation.ush" 1919
"../../../Engine/Plugins/FX/Niagara/Shaders/Private/Stateless/Modules/NiagaraStatelessModule_MeshIndex.ush" 1920
"../../../Engine/Plugins/FX/Niagara/Shaders/Private/Stateless/Modules/NiagaraStatelessModule_MeshRotationRate.ush" 1921
"../../../Engine/Plugins/FX/Niagara/Shaders/Private/Stateless/Modules/NiagaraStatelessModule_RotateAroundPoint.ush" 1922
"../../../Engine/Plugins/FX/Niagara/Shaders/Private/Stateless/Modules/NiagaraStatelessModule_ShapeLocation.ush" 1923
"../../../Engine/Plugins/FX/Niagara/Shaders/Private/Stateless/Modules/NiagaraStatelessModule_ScaleColor.ush" 1924
"../../../Engine/Plugins/FX/Niagara/Shaders/Private/Stateless/Modules/NiagaraStatelessModule_ScaleSpriteSize.ush" 1925
"../../../Engine/Plugins/FX/Niagara/Shaders/Private/Stateless/Modules/NiagaraStatelessModule_ScaleSpriteSizeBySpeed.ush" 1926
"../../../Engine/Plugins/FX/Niagara/Shaders/Private/Stateless/Modules/NiagaraStatelessModule_ScaleMeshSize.ush" 1927
"../../../Engine/Plugins/FX/Niagara/Shaders/Private/Stateless/Modules/NiagaraStatelessModule_ScaleMeshSizebySpeed.ush" 1928
"../../../Engine/Plugins/FX/Niagara/Shaders/Private/Stateless/Modules/NiagaraStatelessModule_SolveVelocitiesAndForces.ush" 1929
"../../../Engine/Plugins/FX/Niagara/Shaders/Private/Stateless/Modules/NiagaraStatelessModule_SpriteFacingAndAlignment.ush" 1930
"../../../Engine/Plugins/FX/Niagara/Shaders/Private/Stateless/Modules/NiagaraStatelessModule_SpriteRotationRate.ush" 1931
"../../../Engine/Plugins/FX/Niagara/Shaders/Private/Stateless/Modules/NiagaraStatelessModule_SubUVAnimation.ush" 1932
"../../../Engine/Plugins/FX/Niagara/Shaders/Private/Stateless/NiagaraStatelessSimulationDefault.usf" 1933
"../../../Engine/Plugins/FX/Niagara/Shaders/Private/NiagaraSVTToDenseBuffer.usf" 1934
"../../../Engine/Shaders/Private/SparseVolumeTexture/SparseVolumeTextureCommon.ush" 1935
"../../../Engine/Plugins/FX/Niagara/Shaders/Private/NiagaraFillIntBuffer.usf" 1936
"../../../Engine/Plugins/FX/Niagara/Shaders/Private/NiagaraComputeFreeIDs.usf" 1937
"../../../Engine/Plugins/FX/Niagara/Shaders/Private/NiagaraInitFreeIDBuffer.usf" 1938
"../../../Engine/Plugins/FX/Niagara/Shaders/Private/NiagaraEmitterInstanceShader.usf" 1939
"../../../Engine/Plugins/FX/Niagara/Shaders/Private/NiagaraShaderVersion.ush" 1940
"../../../Engine/Shaders/Private/DistanceField/GlobalDistanceFieldShared.ush" 1941
"../../../Engine/Plugins/FX/Niagara/Shaders/Private/NiagaraPhysicsCommon.ush" 1942
"../../../Engine/Plugins/FX/Niagara/Shaders/Private/Ribbons/NiagaraRibbonGenerateIndices.usf" 1943
"../../../Engine/Plugins/FX/Niagara/Shaders/Private/Ribbons/NiagaraRibbonCommon.ush" 1944
"../../../Engine/Plugins/FX/Niagara/Shaders/Private/Ribbons/NiagaraRibbonInitializeIndices.usf" 1945
"../../../Engine/Plugins/FX/Niagara/Shaders/Private/Ribbons/NiagaraRibbonRibbonUVParamCalculation.usf" 1946
"../../../Engine/Plugins/FX/Niagara/Shaders/Private/Ribbons/NiagaraRibbonVertexReductionFinalization.usf" 1947
"../../../Engine/Plugins/FX/Niagara/Shaders/Private/Ribbons/NiagaraRibbonVertexReductionPropagation.usf" 1948
"../../../Engine/Plugins/FX/Niagara/Shaders/Private/Ribbons/NiagaraRibbonVertexReductionInitialization.usf" 1949
"../../../Engine/Plugins/FX/Niagara/Shaders/Private/Ribbons/NiagaraRibbonSortParticles.usf" 1950
"../../../Engine/Plugins/FX/Niagara/Shaders/Private/NiagaraUpdateMeshGPUSceneInstances.usf" 1951
"../../../Engine/Shaders/Private/ComputeShaderUtils.ush" 1952
"../../../Engine/Shaders/Private/GPUScene/GPUSceneWriter.ush" 1953
"../../../Engine/Plugins/FX/Niagara/Shaders/Private/NiagaraGenerateMips.usf" 1954
"../../../Engine/Plugins/FX/Niagara/Shaders/Private/NiagaraDebugDraw.usf" 1955
"../../../Engine/Plugins/FX/Niagara/Shaders/Private/NiagaraDebugDraw.ush" 1956
"../../../Engine/Plugins/FX/Niagara/Shaders/Private/NiagaraVisualizeTexture.usf" 1957
"../../../Engine/Plugins/FX/Niagara/Shaders/Private/NiagaraClearCounts.usf" 1958
"../../../Engine/Plugins/FX/Niagara/Shaders/Private/NiagaraBatchedElements.usf" 1959
"../../../Engine/Plugins/FX/Niagara/Shaders/Private/NiagaraRayTracingShaders.usf" 1960
"../../../Engine/Plugins/FX/Niagara/Shaders/Private/NiagaraAsyncGpuTraceCommon.ush" 1961
"../../../Engine/Shaders/Private/HashTable.ush" 1962
"../../../Engine/Shaders/Private/Hash.ush" 1963
"../../../Engine/Shaders/Private/RayTracing/VFXTraceRay.ush" 1964
"../../../Engine/Plugins/FX/Niagara/Shaders/Private/NiagaraRayMarchingShaders.usf" 1965
"../../../Engine/Plugins/FX/Niagara/Shaders/Private/NiagaraRayTraceCollisionGroupShaders.usf" 1966
"../../../Engine/Plugins/FX/Niagara/Shaders/Private/NiagaraAsyncGpuTraceUtils.usf" 1967
"../../../Engine/Plugins/FX/Niagara/Shaders/Private/NiagaraSortKeyGen.usf" 1968
"../../../Engine/Plugins/FX/Niagara/Shaders/Private/NiagaraGPURayTracingTransforms.usf" 1969
"../../../Engine/Plugins/FX/Niagara/Shaders/Private/NiagaraDrawIndirectArgsGen.usf" 1970
"../../../Engine/Plugins/FX/Niagara/Shaders/Private/NiagaraDispatchIndirectArgsGen.usf" 1971
"../../../Engine/Plugins/Enterprise/GLTFExporter/Shaders/Private/SimpleTexture2DPS.usf" 1972
"../../../Engine/Shaders/Private/SimpleElementNormalMapPixelShader.usf" 1973
"../../../Engine/Shaders/Private/TranslucentLightingShaders.usf" 1974
"../../../Engine/Shaders/Private/SHCommon.ush" 1975
"../../../Engine/Shaders/Private/ShadowProjectionCommon.ush" 1976
"../../../Engine/Shaders/Private/CubemapCommon.ush" 1977
"../../../Engine/Shaders/Private/VectorFieldCompositeShaders.usf" 1978
"../../../Engine/Shaders/Private/UpdateTextureShaders.usf" 1979
"../../../Engine/Shaders/Private/StereoLayerShader.usf" 1980
"../../../Engine/Shaders/Private/SparseVolumeTexture/UpdateSparseVolumeTexture.usf" 1981
"../../../Engine/Shaders/Private/MorphTargets.usf" 1982
"../../../Engine/Shaders/Private/SimpleElementColorChannelMaskPixelShader.usf" 1983
"../../../Engine/Shaders/Private/SimpleElementHitProxyPixelShader.usf" 1984
"../../../Engine/Shaders/Private/SimpleElementPixelShader.usf" 1985
"../../../Engine/Shaders/Private/IESLightProfilesCommon.ush" 1986
"../../../Engine/Shaders/Private/SimpleElementVertexShader.usf" 1987
"../../../Engine/Shaders/Private/ScreenPixelShaderOES.usf" 1988
"../../../Engine/Shaders/Private/ScreenVertexShader.usf" 1989
"../../../Engine/Shaders/Private/ScreenPixelShader.usf" 1990
"../../../Engine/Shaders/Private/SSProfilePreIntegratedMobile.usf" 1991
"../../../Engine/Shaders/Private/SpecularProfile.usf" 1992
"../../../Engine/Shaders/Private/Nanite/NaniteStreaming.usf" 1993
"../../../Engine/Shaders/Private/Nanite/NaniteStreaming.ush" 1994
"../../../Engine/Shaders/Private/Nanite/NaniteTranscode.usf" 1995
"../../../Engine/Shaders/Private/VolumetricLightmapStreaming.usf" 1996
"../../../Engine/Shaders/Private/PhysicsFieldReset.usf" 1997
"../../../Engine/Shaders/Private/PhysicsFieldBuilder.usf" 1998
"../../../Engine/Shaders/Private/PhysicsFieldEval.ush" 1999
"../../../Engine/Shaders/Private/ParticleSortKeyGen.usf" 2000
"../../../Engine/Shaders/Private/ParticleBoundsShader.usf" 2001
"../../../Engine/Shaders/Private/ParticleSimVisualizeShader.usf" 2002
"../../../Engine/Shaders/Private/ParticleInjectionShader.usf" 2003
"../../../Engine/Shaders/Private/ParticleSimulationShader.usf" 2004
"../../../Engine/Shaders/Private/ParticleCurveInjectionShader.usf" 2005
"../../../Engine/Shaders/Private/CopyUIntBuffer.usf" 2006
"../../../Engine/Shaders/Private/RadixSortShaders.usf" 2007
"../../../Engine/Shaders/Private/RecomputeTangentsPerVertexPass.usf" 2008
"../../../Engine/Shaders/Private/RecomputeTangentsCommon.ush" 2009
"../../../Engine/Shaders/Private/RecomputeTangentsPerTrianglePass.usf" 2010
"../../../Engine/Shaders/Private/GpuSkinCacheComputeShader.usf" 2011
"../../../Engine/Shaders/Private/HeightFieldAtlasManagement.usf" 2012
"../../../Engine/Shaders/Private/LandscapePhysicalMaterial.usf" 2013
"../../../Engine/Shaders/Private/MaterialTemplate.ush" 2014
"../../../Engine/Shaders/Private/WorldSpaceMath.ush" 2015
"../../../Engine/Shaders/Private/EyeAdaptationCommon.ush" 2016
"../../../Engine/Shaders/Private/SobolRandom.ush" 2017
"../../../Engine/Shaders/Private/DepthOfFieldCommon.ush" 2018
"../../../Engine/Shaders/Private/CircleDOFCommon.ush" 2019
"../../../Engine/Shaders/Private/PhysicsFieldSampler.ush" 2020
"../../../Engine/Shaders/Private/PhysicsFieldShared.ush" 2021
"../../../Engine/Shaders/Private/HairShadingCommon.ush" 2022
"../../../Engine/Shaders/Private/HairStrands/HairCardsAttributeCommon.ush" 2023
"../../../Engine/Shaders/Shared/HairStrandsDefinitions.h" 2024
"../../../Engine/Shaders/Private/HairStrands/HairStrandsVertexFactoryCommon.ush" 2025
"../../../Engine/Shaders/Private/HairStrands/HairStrandsPack.ush" 2026
"../../../Engine/Shaders/Private/HairStrands/HairStrandsAttributeCommon.ush" 2027
"../../../Engine/Shaders/Private/HairStrands/HairStrandsAttributeTemplate.ush" 2028
"../../../Engine/Shaders/Shared/EnvironmentComponentsFlags.h" 2029
"../../../Engine/Shaders/Private/SpeedTreeCommon.ush" 2030
"../../../Engine/Shaders/Private/VirtualTextureCommon.ush" 2031
"../../../Engine/Shaders/Private/MaterialTexture.ush" 2032
"../../../Engine/Shaders/Private/MinMaterialTexCoords.ush" 2033
"../../../Engine/Shaders/Private/SkyAtmosphereCommon.ush" 2034
"../../../Engine/Shaders/Private/SingleLayerWaterCommon.ush" 2035
"../../../Engine/Shaders/Private/TextureSampling.ush" 2036
"../../../Engine/Shaders/Private/PaniniProjection.ush" 2037
"../../../Engine/Shaders/Private/DBufferNormalReprojection.ush" 2038
"../../../Engine/Shaders/Private/Substrate/SubstrateTree.ush" 2039
"../../../Engine/Shaders/Private/Substrate/SubstrateEvaluation.ush" 2040
"../../../Engine/Shaders/Private/Substrate/Glint/GlintThirdParty.ush" 2041
"../../../Engine/Shaders/Private/BlueNoise.ush" 2042
"../../../Engine/Shaders/Private/ShadingModels.ush" 2043
"../../../Engine/Shaders/Private/CapsuleLight.ush" 2044
"../../../Engine/Shaders/Private/RectLight.ush" 2045
"../../../Engine/Shaders/Private/LightData.ush" 2046
"../../../Engine/Shaders/Shared/LightDefinitions.h" 2047
"../../../Engine/Shaders/Private/AreaLightCommon.ush" 2048
"../../../Engine/Shaders/Private/HairBsdf.ush" 2049
"../../../Engine/Shaders/Private/MobileGGX.ush" 2050
"../../../Engine/Shaders/Private/ShadingModelsSampling.ush" 2051
"../../../Engine/Shaders/Private/HairStrands/HairBsdfSample.ush" 2052
"../../../Engine/Shaders/Private/HairStrands/HairStrandsCommon.ush" 2053
"../../../Engine/Shaders/Private/HairStrands/HairStrandsDeepTransmittanceCommon.ush" 2054
"../../../Engine/Shaders/Private/HairStrands/HairStrandsDeepTransmittanceDualScattering.ush" 2055
"../../../Engine/Shaders/Private/HairStrands/HairStrandsEnvironmentLightingCommon.ush" 2056
"../../../Engine/Shaders/Private/Substrate/SubstrateLegacyConversion.ush" 2057
"../../../Engine/Shaders/Private/DBufferDecalShared.ush" 2058
"../../../Engine/Shaders/Private/LandscapeGrassWeight.usf" 2059
"../../../Engine/Shaders/Private/Landscape/LandscapeLayersWeightmapsPS.usf" 2060
"../../../Engine/Shaders/Private/Landscape/LandscapeLayersHeightmapsPS.usf" 2061
"../../../Engine/Shaders/Private/Landscape/LandscapeCommon.ush" 2062
"../../../Engine/Shaders/Private/LandscapeLayersCS.usf" 2063
"../../../Engine/Shaders/Private/LandscapeLayersPS.usf" 2064
"../../../Engine/Shaders/Private/LandscapeLayersVS.usf" 2065
"../../../Engine/Shaders/Private/Landscape/LandscapeCulling.usf" 2066
"../../../Engine/Shaders/Private/Nanite/NaniteHZBCull.ush" 2067
"../../../Engine/Shaders/Private/Landscape/LandscapeMergeTexturesPS.usf" 2068
"../../../Engine/Shaders/Private/WideCustomResolveShaders.usf" 2069
"../../../Engine/Shaders/Private/WideCustomResolve_Wide.ush" 2070
"../../../Engine/Shaders/Private/WideCustomResolve_Wider.ush" 2071
"../../../Engine/Shaders/Private/WideCustomResolve_Widest.ush" 2072
"../../../Engine/Shaders/Private/WaterInfoTextureBlur.usf" 2073
"../../../Engine/Shaders/Private/WaterInfoTextureMerge.usf" 2074
"../../../Engine/Shaders/Private/PageTableUpdate.usf" 2075
"../../../Engine/Shaders/Private/VirtualTextureCompress.usf" 2076
"../../../Engine/Shaders/Private/BlockCompressionCommon.ush" 2077
"../../../Engine/Shaders/Private/BCCompressionCommon.ush" 2078
"../../../Engine/Shaders/Private/ETCCompressionCommon.ush" 2079
"../../../Engine/Shaders/Private/VirtualTextureMaterial.usf" 2080
"../../../Engine/Shaders/Private/PixelShaderOutputCommon.ush" 2081
"../../../Engine/Shaders/Private/ShaderOutputCommon.ush" 2082
"../../../Engine/Shaders/Private/VolumetricRenderTarget.usf" 2083
"../../../Engine/Shaders/Private/VolumetricFogVoxelization.usf" 2084
"../../../Engine/Shaders/Private/VolumetricCloudMaterialPixelCommon.ush" 2085
"../../../Engine/Shaders/Private/VolumetricFogLightFunction.usf" 2086
"../../../Engine/Shaders/Private/LightFunctionCommon.ush" 2087
"../../../Engine/Shaders/Private/VolumetricFog.usf" 2088
"../../../Engine/Shaders/Private/DeferredLightingCommon.ush" 2089
"../../../Engine/Shaders/Private/DynamicLightingCommon.ush" 2090
"../../../Engine/Shaders/Private/CapsuleLightIntegrate.ush" 2091
"../../../Engine/Shaders/Private/CapsuleLightSampling.ush" 2092
"../../../Engine/Shaders/Private/RectLightIntegrate.ush" 2093
"../../../Engine/Shaders/Private/ScreenSpaceShadowRayCast.ush" 2094
"../../../Engine/Shaders/Private/LightFunctionAtlas/LightFunctionAtlasCommon.usf" 2095
"../../../Engine/Shaders/Private/HeterogeneousVolumes/HeterogeneousVolumesAdaptiveVolumetricShadowMapSampling.ush" 2096
"../../../Engine/Shaders/Private/HeterogeneousVolumes/HeterogeneousVolumesAdaptiveVolumetricShadowMapUtils.ush" 2097
"../../../Engine/Shaders/Private/HeterogeneousVolumes/HeterogeneousVolumesRayMarchingUtils.ush" 2098
"../../../Engine/Shaders/Private/HeterogeneousVolumes/HeterogeneousVolumesRayMarchingTypes.ush" 2099
"../../../Engine/Shaders/Private/PathTracing/Utilities/PathTracingRandomSequence.ush" 2100
"../../../Engine/Shaders/Private/HeterogeneousVolumes/HeterogeneousVolumesTracingUtils.ush" 2101
"../../../Engine/Shaders/Private/VelocityCommon.ush" 2102
"../../../Engine/Shaders/Private/HeterogeneousVolumes/HeterogeneousVolumesTransmittanceVolumeUtils.ush" 2103
"../../../Engine/Shaders/Private/ForwardShadowingCommon.ush" 2104
"../../../Engine/Shaders/Private/ShadowFilteringCommon.ush" 2105
"../../../Engine/Shaders/Private/PixelQuadMessagePassing.ush" 2106
"../../../Engine/Shaders/Private/VolumeLightingCommon.ush" 2107
"../../../Engine/Shaders/Private/VolumeLightingCommonSampling.ush" 2108
"../../../Engine/Shaders/Private/Lumen/LumenTranslucencyVolumeShared.ush" 2109
"../../../Engine/Shaders/Private/Lumen/LumenRadianceCacheInterpolation.ush" 2110
"../../../Engine/Shaders/Private/HeightFogCommon.ush" 2111
"../../../Engine/Shaders/Private/LightGridCommon.ush" 2112
"../../../Engine/Shaders/Private/DistanceFieldAOShared.ush" 2113
"../../../Engine/Shaders/Private/VolumetricLightmapShared.ush" 2114
"../../../Engine/Shaders/Private/ReflectionEnvironmentShared.ush" 2115
"../../../Engine/Shaders/Private/LightDataUniforms.ush" 2116
"../../../Engine/Shaders/Private/VirtualShadowMaps/VirtualShadowMapProjectionCommon.ush" 2117
"../../../Engine/Shaders/Private/VirtualShadowMaps/VirtualShadowMapPageAccessCommon.ush" 2118
"../../../Engine/Shaders/Shared/VirtualShadowMapDefinitions.h" 2119
"../../../Engine/Shaders/Private/VirtualShadowMaps/VirtualShadowMapProjectionStructs.ush" 2120
"../../../Engine/Shaders/Private/LocalFogVolumes/LocalFogVolumeCommon.ush" 2121
"../../../Engine/Shaders/Private/VolumetricCloudCommon.ush" 2122
"../../../Engine/Shaders/Private/VolumetricCloud.usf" 2123
"../../../Engine/Shaders/Private/ColorMap.ush" 2124
"../../../Engine/Shaders/Private/VisualizeVolumetricLightmap.usf" 2125
"../../../Engine/Shaders/Private/VirtualShadowMaps/VirtualShadowMapProjectionComposite.usf" 2126
"../../../Engine/Shaders/Private/LightShaderParameters.ush" 2127
"../../../Engine/Shaders/Private/VirtualShadowMaps/VirtualShadowMapMaskBitsCommon.ush" 2128
"../../../Engine/Shaders/Private/VirtualShadowMaps/VirtualShadowMapLightGrid.ush" 2129
"../../../Engine/Shaders/Private/VirtualShadowMaps/VirtualShadowMapProjection.usf" 2130
"../../../Engine/Shaders/Private/HairStrands/HairStrandsVisibilityCommon.ush" 2131
"../../../Engine/Shaders/Private/Visualization.ush" 2132
"../../../Engine/Shaders/Private/VirtualShadowMaps/VirtualShadowMapProjectionFilter.ush" 2133
"../../../Engine/Shaders/Private/VirtualShadowMaps/VirtualShadowMapProjectionDirectional.ush" 2134
"../../../Engine/Shaders/Private/VirtualShadowMaps/VirtualShadowMapSMRTCommon.ush" 2135
"../../../Engine/Shaders/Private/VirtualShadowMaps/VirtualShadowMapSMRTTemplate.ush" 2136
"../../../Engine/Shaders/Private/VirtualShadowMaps/VirtualShadowMapProjectionSpot.ush" 2137
"../../../Engine/Shaders/Private/VirtualShadowMaps/VirtualShadowMapTransmissionCommon.ush" 2138
"../../../Engine/Shaders/Private/HairStrands/HairStrandsVoxelPageCommon.ush" 2139
"../../../Engine/Shaders/Private/HairStrands/HairStrandsVoxelPageTraversal.ush" 2140
"../../../Engine/Shaders/Private/VirtualShadowMaps/VirtualShadowMapCacheLoadBalancer.usf" 2141
"../../../Engine/Shaders/Private/VirtualShadowMaps/VirtualShadowMapPageCacheCommon.ush" 2142
"../../../Engine/Shaders/Private/VirtualShadowMaps/VirtualShadowMapCacheInvalidation.ush" 2143
"../../../Engine/Shaders/Private/VirtualShadowMaps/VirtualShadowMapPageOverlap.ush" 2144
"../../../Engine/Shaders/Private/ScreenSpaceDenoise/SSDDefinitions.ush" 2145
"../../../Engine/Shaders/Private/InstanceCulling/InstanceCullingLoadBalancer.ush" 2146
"../../../Engine/Shaders/Private/VirtualShadowMaps/VirtualShadowMapCopyStats.usf" 2147
"../../../Engine/Shaders/Private/VirtualShadowMaps/VirtualShadowMapStats.ush" 2148
"../../../Engine/Shaders/Private/VirtualShadowMaps/VirtualShadowMapPhysicalPageManagement.usf" 2149
"../../../Engine/Shaders/Private/ReductionCommon.ush" 2150
"../../../Engine/Shaders/Private/GPUMessaging.ush" 2151
"../../../Engine/Shaders/Private/ThreadGroupPrefixSum.ush" 2152
"../../../Engine/Shaders/Private/VirtualShadowMaps/VirtualShadowMapBuildPerPageDrawCommands.usf" 2153
"../../../Engine/Shaders/Private/Nanite/NaniteCullingCommon.ush" 2154
"../../../Engine/Shaders/Private/Nanite/NaniteCulling.ush" 2155
"../../../Engine/Shaders/Private/Nanite/NaniteHierarchyTraversalCommon.ush" 2156
"../../../Engine/Shaders/Private/InstanceCulling/InstanceCullingCommon.ush" 2157
"../../../Engine/Shaders/Private/VirtualShadowMaps/VirtualShadowMapPrintStats.usf" 2158
"../../../Engine/Shaders/Private/VirtualShadowMaps/VirtualShadowMapDebug.usf" 2159
"../../../Engine/Shaders/Private/VirtualShadowMaps/VirtualShadowMapPageManagement.usf" 2160
"../../../Engine/Shaders/Private/VirtualShadowMaps/VirtualShadowMapPageMarking.usf" 2161
"../../../Engine/Shaders/Shared/SingleLayerWaterDefinitions.h" 2162
"../../../Engine/Shaders/Private/HairStrands/HairStrandsTileCommon.ush" 2163
"../../../Engine/Shaders/Private/VariableRateShading/VRSShadingRatePreview.usf" 2164
"../../../Engine/Shaders/Private/VariableRateShading/VRSShadingRateCommon.ush" 2165
"../../../Engine/Shaders/Private/VariableRateShading/VRSShadingRateCombine.usf" 2166
"../../../Engine/Shaders/Private/VariableRateShading/VRSShadingRateFoveated.usf" 2167
"../../../Engine/Shaders/Private/VariableRateShading/VRSShadingRateReproject.usf" 2168
"../../../Engine/Shaders/Private/VariableRateShading/VRSShadingRateCalculate.usf" 2169
"../../../Engine/Shaders/Private/TranslucencyUpsampling.usf" 2170
"../../../Engine/Shaders/Private/ScreenPass.ush" 2171
"../../../Engine/Shaders/Private/ComposeSeparateTranslucency.usf" 2172
"../../../Engine/Shaders/Private/SeparateTranslucency.ush" 2173
"../../../Engine/Shaders/Private/TranslucentLightInjectionShaders.usf" 2174
"../../../Engine/Shaders/Private/TranslucentShadowDepthShaders.usf" 2175
"../../../Engine/Shaders/Private/ShadowDepthCommon.ush" 2176
"../../../Engine/Shaders/Private/RayTracing/RayTracingTest.usf" 2177
"../../../Engine/Shaders/Private/PostProcessSubsurfaceTile.usf" 2178
"../../../Engine/Shaders/Private/Substrate/SubstrateVisualize.usf" 2179
"../../../Engine/Shaders/Private/Substrate/SubstrateTile.ush" 2180
"../../../Engine/Shaders/Private/SkyLightingDiffuseShared.ush" 2181
"../../../Engine/Shaders/Private/SkyLightingShared.ush" 2182
"../../../Engine/Shaders/Private/ClearCoatCommon.ush" 2183
"../../../Engine/Shaders/Private/ReflectionEnvironmentComposite.ush" 2184
"../../../Engine/Shaders/Private/Substrate/SubstrateLightingCommon.ush" 2185
"../../../Engine/Shaders/Private/Substrate/SubstrateRoughRefraction.usf" 2186
"../../../Engine/Shaders/Private/PathTracing/Material/PathTracingFresnel.ush" 2187
"../../../Engine/Shaders/Private/PathTracing/Material/PathTracingGlossy.ush" 2188
"../../../Engine/Shaders/Private/Substrate/SubstrateTile.usf" 2189
"../../../Engine/Shaders/Private/Substrate/SubstrateMaterialClassification.usf" 2190
"../../../Engine/Shaders/Private/Substrate/SubstrateDBuffer.usf" 2191
"../../../Engine/Shaders/Private/SplineMeshSceneTexture.usf" 2192
"../../../Engine/Shaders/Private/SparseVolumeTexture/VisualizeSparseVolumeTexture.usf" 2193
"../../../Engine/Shaders/Private/SkyAtmosphere.usf" 2194
"../../../Engine/Shaders/Private/CopyDepthTexture.usf" 2195
"../../../Engine/Shaders/Private/SingleLayerWaterComposite.usf" 2196
"../../../Engine/Shaders/Private/ScreenSpaceShadows.usf" 2197
"../../../Engine/Shaders/Private/bend_sss_gpu.ush" 2198
"../../../Engine/Shaders/Private/ShadowFactorsUpsampleCommon.ush" 2199
"../../../Engine/Shaders/Private/ShadowProjectionVertexShader.usf" 2200
"../../../Engine/Shaders/Private/ShadowProjectionPixelShader.usf" 2201
"../../../Engine/Shaders/Private/ShadowPercentageCloserFiltering.ush" 2202
"../../../Engine/Shaders/Private/TransmissionThickness.ush" 2203
"../../../Engine/Shaders/Private/CopyShadowMaps.usf" 2204
"../../../Engine/Shaders/Private/ShadowDepthPixelShader.usf" 2205
"../../../Engine/Shaders/Private/ShadowDepthVertexShader.usf" 2206
"../../../Engine/Shaders/Private/ShadingEnergyConservationTable.usf" 2207
"../../../Engine/Shaders/Shared/PathTracingDefinitions.h" 2208
"../../../Engine/Shaders/Private/ShadingFurnaceTest.usf" 2209
"../../../Engine/Shaders/Private/Substrate/SubstrateDeferredLighting.ush" 2210
"../../../Engine/Shaders/Private/ShaderPrintDraw.usf" 2211
"../../../Engine/Shaders/Private/ShaderPrintDrawPrimitive.usf" 2212
"../../../Engine/Shaders/Private/DefaultSSRTiles.usf" 2213
"../../../Engine/Shaders/Private/ScreenSpaceReflectionTileCommons.ush" 2214
"../../../Engine/Shaders/Private/SSRT/SSRTDiffuseIndirect.usf" 2215
"../../../Engine/Shaders/Private/SSRT/SSRTRayCast.ush" 2216
"../../../Engine/Shaders/Private/SSRT/SSRTTileClassificationBuffer.ush" 2217
"../../../Engine/Shaders/Private/SSRT/SSRTReflections.usf" 2218
"../../../Engine/Shaders/Private/ScreenSpaceDenoise/SSDPublic.ush" 2219
"../../../Engine/Shaders/Private/SSRT/SSRTTileClassification.usf" 2220
"../../../Engine/Shaders/Private/SSRT/SSRTPrevFrameReduction.usf" 2221
"../../../Engine/Shaders/Private/ScreenSpaceDenoise/SSDComposeHarmonics.usf" 2222
"../../../Engine/Shaders/Private/ScreenSpaceDenoise/SSDPublicHarmonics.ush" 2223
"../../../Engine/Shaders/Private/ScreenSpaceDenoise/SSDSignalFramework.ush" 2224
"../../../Engine/Shaders/Private/ScreenSpaceDenoise/SSDCommon.ush" 2225
"../../../Engine/Shaders/Private/SphericalGaussian.ush" 2226
"../../../Engine/Shaders/Public/WaveBroadcastIntrinsics.ush" 2227
"../../../Engine/Shaders/Private/ScreenSpaceDenoise/SSDMetadata.ush" 2228
"../../../Engine/Shaders/Private/ScreenSpaceDenoise/SSDSignalCore.ush" 2229
"../../../Engine/Shaders/Private/ScreenSpaceDenoise/DenoisingCommon.ush" 2230
"../../../Engine/Shaders/Private/ScreenSpaceDenoise/SSDSignalArray.ush" 2231
"../../../Engine/Shaders/Private/ScreenSpaceDenoise/SSDSignalBufferEncoding.ush" 2232
"../../../Engine/Shaders/Private/ScreenSpaceDenoise/SSDPublicBufferEncoding.ush" 2233
"../../../Engine/Shaders/Private/Lumen/LumenBufferEncoding.ush" 2234
"../../../Engine/Shaders/Private/ScreenSpaceDenoise/SSDTemporalAccumulation.usf" 2235
"../../../Engine/Shaders/Private/ScreenSpaceDenoise/SSDSpatialKernel.ush" 2236
"../../../Engine/Shaders/Private/ScreenSpaceDenoise/SSDSignalAccumulatorArray.ush" 2237
"../../../Engine/Shaders/Private/ScreenSpaceDenoise/SSDSignalAccumulator.ush" 2238
"../../../Engine/Shaders/Private/ScreenSpaceDenoise/SSDSignalCompression.ush" 2239
"../../../Engine/Shaders/Private/ScreenSpaceDenoise/SSDSpatialAccumulation.usf" 2240
"../../../Engine/Shaders/Private/ScreenSpaceDenoise/SSDInjest.usf" 2241
"../../../Engine/Shaders/Private/ScreenSpaceDenoise/SSDCompressMetadata.usf" 2242
"../../../Engine/Shaders/Private/DownsampleDepthPixelShader.usf" 2243
"../../../Engine/Shaders/Private/ScreenPass.usf" 2244
"../../../Engine/Shaders/Private/HZB.usf" 2245
"../../../Engine/Shaders/Private/OcclusionFeedbackShaders.usf" 2246
"../../../Engine/Shaders/Private/HZBOcclusion.usf" 2247
"../../../Engine/Shaders/Private/OcclusionQueryPixelShader.usf" 2248
"../../../Engine/Shaders/Private/OcclusionQueryVertexShader.usf" 2249
"../../../Engine/Shaders/Private/HitProxyPixelShader.usf" 2250
"../../../Engine/Shaders/Private/HitProxyVertexShader.usf" 2251
"../../../Engine/Shaders/Private/SceneCulling/SceneCullingDebugRender.usf" 2252
"../../../Engine/Shaders/Private/SceneCulling/SceneCulling.ush" 2253
"../../../Engine/Shaders/Shared/SceneCullingDefinitions.h" 2254
"../../../Engine/Shaders/Private/SceneCulling/SceneCullingBuildExplicitBounds.usf" 2255
"../../../Engine/Shaders/Private/SceneCapturePixelShader.usf" 2256
"../../../Engine/Shaders/Private/RTWriteMaskDecode.usf" 2257
"../../../Engine/Shaders/Private/ReflectionEnvironmentShaders.usf" 2258
"../../../Engine/Shaders/Private/RectLightAtlas.usf" 2259
"../../../Engine/Shaders/Private/RayTracing/TraceRayInlineStatistics.usf" 2260
"../../../Engine/Shaders/Private/RayTracing/CompositeSkyLightPS.usf" 2261
"../../../Engine/Shaders/Private/RayTracing/GenerateSkyLightVisibilityRaysCS.usf" 2262
"../../../Engine/Shaders/Private/RayTracing/RayTracingSkyLightCommon.ush" 2263
"../../../Engine/Shaders/Private/RayTracing/SkyLightVisibilityRaysData.ush" 2264
"../../../Engine/Shaders/Private/Raytracing/RaytracingSkylightRGS.usf" 2265
"../../../Engine/Shaders/Private/HairStrands/HairStrandsRaytracing.ush" 2266
"../../../Engine/Shaders/Private/Raytracing/RayTracingSkyLightEvaluation.ush" 2267
"../../../Engine/Shaders/Private/Raytracing/RayTracingDeferredShadingCommon.ush" 2268
"../../../Engine/Shaders/Private/RayTracing/RayTracingOcclusionRGS.usf" 2269
"../../../Engine/Shaders/Private/RayTracing/RayTracingDirectionalLight.ush" 2270
"../../../Engine/Shaders/Private/RayTracing/RayTracingRectLight.ush" 2271
"../../../Engine/Shaders/Private/RayTracing/RayTracingSphereLight.ush" 2272
"../../../Engine/Shaders/Private/RayTracing/RayTracingCapsuleLight.ush" 2273
"../../../Engine/Shaders/Private/RayTracing/RayTracingPrimaryRays.usf" 2274
"../../../Engine/Shaders/Shared/RayTracingTypes.h" 2275
"../../../Engine/Shaders/Private/RayTracing/RayTracingLightingCommon.ush" 2276
"../../../Engine/Shaders/Private/RayTracing/RayTracingLightCullingCommon.ush" 2277
"../../../Engine/Shaders/Private/RayTracing/RayTracingMaterialDefaultHitShaders.usf" 2278
"../../../Engine/Shaders/Private/RayTracing/RayTracingMaterialHitShaders.usf" 2279
"../../../Engine/Shaders/Private/RayTracing/RayTracingShaderUtils.ush" 2280
"../../../Engine/Shaders/Private/RayTracing/RayTracingCalcInterpolants.ush" 2281
"../../../Engine/Shaders/Private/LightmapCommon.ush" 2282
"../../../Engine/Shaders/Private/Lumen/LumenHardwareRayTracingPayloadCommon.ush" 2283
"../../../Engine/Shaders/Shared/LumenDefinitions.h" 2284
"../../../Engine/Shaders/Private/Substrate/SubstrateExport.ush" 2285
"../../../Engine/Shaders/Private/RayTracing/RayTracingLightingMS.usf" 2286
"../../../Engine/Shaders/Private/RayTracing/RayTracingLightFunctionCommon.ush" 2287
"../../../Engine/Shaders/Private/RayTracing/RayTracingBuildLightGrid.usf" 2288
"../../../Engine/Shaders/Private/Raytracing/RayTracingInstanceBufferUtil.usf" 2289
"../../../Engine/Shaders/Private/RayTracing/RayTracingDynamicMesh.usf" 2290
"../../../Engine/Shaders/Private/RayTracing/RayTracingDefaultDecalHitShader.usf" 2291
"../../../Engine/Shaders/Private/RayTracing/RayTracingDecalMaterialShader.usf" 2292
"../../../Engine/Shaders/Private/PathTracing/PathTracingShaderUtils.ush" 2293
"../../../Engine/Shaders/Private/PathTracing/PathTracingCommon.ush" 2294
"../../../Engine/Shaders/Private/PathTracing/Material/PathTracingMaterialCommon.ush" 2295
"../../../Engine/Shaders/Private/RayTracing/RayTracingBuildDecalGrid.usf" 2296
"../../../Engine/Shaders/Private/RayTracing/RayTracingDebugHitStatsUtils.usf" 2297
"../../../Engine/Shaders/Private/RayTracing/RayTracingDebugInstanceOverlap.usf" 2298
"../../../Engine/Shaders/Private/RayTracing/RayTracingDebugPicking.usf" 2299
"../../../Engine/Shaders/Private/RayTracing/RayTracingDebugUtils.ush" 2300
"../../../Engine/Shaders/Shared/RayTracingDebugTypes.h" 2301
"../../../Engine/Shaders/Private/RayTracing/RayTracingDebugTraversal.usf" 2302
"../../../Engine/Shaders/Private/RayTracing/RayTracingDeferredMaterials.ush" 2303
"../../../Engine/Shaders/Shared/ThirdParty/AMD/ags_shader_intrinsics_dx12.h" 2304
"../../../Engine/Shaders/Shared/RayTracingDebugDefinitions.h" 2305
"../../../Engine/Shaders/Private/RayTracing/RayTracingDebugHitStatsCHS.usf" 2306
"../../../Engine/Shaders/Private/RayTracing/RayTracingDebugHitStats.usf" 2307
"../../../Engine/Shaders/Private/RayTracing/RayTracingDebugMS.usf" 2308
"../../../Engine/Shaders/Private/RayTracing/RayTracingDebugCHS.usf" 2309
"../../../Engine/Shaders/Private/RayTracing/RayTracingDebug.usf" 2310
"../../../Engine/Shaders/Private/RayTracing/RayTracingBuiltInShaders.usf" 2311
"../../../Engine/Shaders/Private/RayTracing/RayTracingBarycentrics.usf" 2312
"../../../Engine/Shaders/Private/RayTracing/RayTracingAmbientOcclusionRGS.usf" 2313
"../../../Engine/Shaders/Private/VisualizeShadingModels.usf" 2314
"../../../Engine/Shaders/Private/PostProcessCommon.ush" 2315
"../../../Engine/Shaders/Private/MotionBlur/VisualizeMotionVectors.usf" 2316
"../../../Engine/Shaders/Private/TemporalSuperResolution/TSRVisualize.usf" 2317
"../../../Engine/Shaders/Private/TemporalSuperResolution/TSRCommon.ush" 2318
"../../../Engine/Shaders/Public/DualPixelVectorization.ush" 2319
"../../../Engine/Shaders/Private/TemporalSuperResolution/TSRResolveHistory.usf" 2320
"../../../Engine/Shaders/Private/TemporalSuperResolution/TSRConvolutionNetwork.ush" 2321
"../../../Engine/Shaders/Public/LaneVectorization.ush" 2322
"../../../Engine/Shaders/Private/TemporalSuperResolution/TSRUpdateHistory.usf" 2323
"../../../Engine/Shaders/Private/TemporalSuperResolution/TSRSpatialAntiAliasing.usf" 2324
"../../../Engine/Shaders/Private/TemporalSuperResolution/TSRRejectShading.usf" 2325
"../../../Engine/Shaders/Private/TemporalSuperResolution/TSRShadingAnalysis.ush" 2326
"../../../Engine/Shaders/Private/TemporalSuperResolution/TSRConvolutionNetworkPass.ush" 2327
"../../../Engine/Shaders/Private/TemporalSuperResolution/TSRDecimateHistory.usf" 2328
"../../../Engine/Shaders/Private/TemporalSuperResolution/TSRDilateVelocity.usf" 2329
"../../../Engine/Shaders/Private/MotionBlur/MotionBlurVelocityFlatten.ush" 2330
"../../../Engine/Shaders/Private/MotionBlur/MotionBlurCommon.ush" 2331
"../../../Engine/Shaders/Private/TemporalSuperResolution/TSRClearPrevTextures.usf" 2332
"../../../Engine/Shaders/Private/TemporalSuperResolution/TSRMeasureFlickeringLuma.usf" 2333
"../../../Engine/Shaders/Private/TemporalAA.usf" 2334
"../../../Engine/Shaders/Private/FilterPixelShader.usf" 2335
"../../../Engine/Shaders/Private/FilterVertexShader.usf" 2336
"../../../Engine/Shaders/Private/PostProcessVisualizeBuffer.usf" 2337
"../../../Engine/Shaders/Private/PostProcessVisualizeLocalExposure.usf" 2338
"../../../Engine/Shaders/Private/PostProcessHistogramCommon.ush" 2339
"../../../Engine/Shaders/Private/TonemapCommon.ush" 2340
"../../../Engine/Shaders/Private/ACES.ush" 2341
"../../../Engine/Shaders/Private/PostProcessVisualizeLevelInstance.usf" 2342
"../../../Engine/Shaders/Private/PostProcessVisualizeHDR.usf" 2343
"../../../Engine/Shaders/Private/ShaderComplexityApplyPixelShader.usf" 2344
"../../../Engine/Shaders/Private/QuadOverdraw.ush" 2345
"../../../Engine/Shaders/Private/PostProcessUpscale.usf" 2346
"../../../Engine/Shaders/Private/PostProcessTonemap.usf" 2347
"../../../Engine/Shaders/Private/PostProcessing/FilmGrainPackConstants.usf" 2348
"../../../Engine/Shaders/Private/PostProcessing/FilmGrainReduce.usf" 2349
"../../../Engine/Shaders/Private/PostProcessTestImage.usf" 2350
"../../../Engine/Shaders/Private/PostProcessSubsurface.usf" 2351
"../../../Engine/Shaders/Private/SeparableSSS.ush" 2352
"../../../Engine/Shaders/Private/SubsurfaceBurleyNormalized.ush" 2353
"../../../Engine/Shaders/Private/PostProcessSelectionOutline.usf" 2354
"../../../Engine/Shaders/Private/PostProcessPixelProjectedReflectionMobile.usf" 2355
"../../../Engine/Shaders/Private/MotionBlur/MotionBlurVisualize.usf" 2356
"../../../Engine/Shaders/Private/MotionBlur/MotionBlurApply.usf" 2357
"../../../Engine/Shaders/Private/MotionBlur/MotionBlurFilterTileClassify.usf" 2358
"../../../Engine/Shaders/Private/MotionBlur/MotionBlurTileScatter.usf" 2359
"../../../Engine/Shaders/Private/MotionBlur/MotionBlurTileGather.usf" 2360
"../../../Engine/Shaders/Private/MotionBlur/MotionBlurVelocityFlatten.usf" 2361
"../../../Engine/Shaders/Private/PostProcessMobile.usf" 2362
"../../../Engine/Shaders/Private/PostProcessMitchellNetravali.usf" 2363
"../../../Engine/Shaders/Private/PostProcessMaterialShaders.usf" 2364
"../../../Engine/Shaders/Private/NeuralPostProcessCommon.usf" 2365
"../../../Engine/Shaders/Private/PostProcessLocalExposure.usf" 2366
"../../../Engine/Shaders/Private/PostProcessLensFlares.usf" 2367
"../../../Engine/Shaders/Private/PostProcessGBufferHints.usf" 2368
"../../../Engine/Shaders/Private/PostProcessHMD.usf" 2369
"../../../Engine/Shaders/Private/Histogram.usf" 2370
"../../../Engine/Shaders/Private/PostProcessHistogramReduce.usf" 2371
"../../../Engine/Shaders/Private/PostProcessHistogram.usf" 2372
"../../../Engine/Shaders/Private/Bloom/BloomFinalizeApplyConstants.usf" 2373
"../../../Engine/Shaders/Private/Bloom/BloomCommon.ush" 2374
"../../../Engine/Shaders/Private/Bloom/BloomResizeKernel.usf" 2375
"../../../Engine/Shaders/Private/Bloom/BloomDownsampleKernel.usf" 2376
"../../../Engine/Shaders/Private/Bloom/BloomClampKernel.usf" 2377
"../../../Engine/Shaders/Private/Bloom/BloomPackKernelConstants.usf" 2378
"../../../Engine/Shaders/Private/Bloom/BloomSumScatterDispersionEnergy.usf" 2379
"../../../Engine/Shaders/Private/Bloom/BloomReduceKernelSurvey.usf" 2380
"../../../Engine/Shaders/Private/Bloom/BloomSurveyKernelCenterEnergy.usf" 2381
"../../../Engine/Shaders/Private/Bloom/BloomSurveyMaxScatterDispersion.usf" 2382
"../../../Engine/Shaders/Private/Bloom/BloomFindKernelCenter.usf" 2383
"../../../Engine/Shaders/Private/PostProcessEyeAdaptation.usf" 2384
"../../../Engine/Shaders/Private/TranslucencyVolumeCommon.ush" 2385
"../../../Engine/Shaders/Private/PostProcessDownsample.usf" 2386
"../../../Engine/Shaders/Private/PostProcessDOF.usf" 2387
"../../../Engine/Shaders/Private/PostProcessDeviceEncodingOnly.usf" 2388
"../../../Engine/Shaders/Private/PostProcessCompositePrimitives.usf" 2389
"../../../Engine/Shaders/Private/PostProcessCombineLUTs.usf" 2390
"../../../Engine/Shaders/Private/PostProcessVisualizeDOF.usf" 2391
"../../../Engine/Shaders/Private/PostProcessBloom.usf" 2392
"../../../Engine/Shaders/Private/PostProcessAmbientOcclusionMobile.usf" 2393
"../../../Engine/Shaders/Private/PostProcessAmbientOcclusionCommon.ush" 2394
"../../../Engine/Shaders/Private/FXAAShader.usf" 2395
"../../../Engine/Shaders/Private/Fxaa3_11.ush" 2396
"../../../Engine/Shaders/Private/DiaphragmDOF/DOFRecombine.usf" 2397
"../../../Engine/Shaders/Private/DiaphragmDOF/DOFCommon.ush" 2398
"../../../Engine/Shaders/Private/DiaphragmDOF/DOFHybridScatterPixelShader.usf" 2399
"../../../Engine/Shaders/Private/DiaphragmDOF/DOFHybridScatterCommon.ush" 2400
"../../../Engine/Shaders/Private/DiaphragmDOF/DOFHybridScatterVertexShader.usf" 2401
"../../../Engine/Shaders/Private/DiaphragmDOF/DOFPostfiltering.usf" 2402
"../../../Engine/Shaders/Private/DiaphragmDOF/DOFGatherTileSuggest.ush" 2403
"../../../Engine/Shaders/Private/DiaphragmDOF/DOFCocTileCommon.ush" 2404
"../../../Engine/Shaders/Private/DiaphragmDOF/DOFGatherPass.usf" 2405
"../../../Engine/Shaders/Private/DiaphragmDOF/DOFGatherCommon.ush" 2406
"../../../Engine/Shaders/Private/DiaphragmDOF/DOFGatherAccumulator.ush" 2407
"../../../Engine/Shaders/Private/DiaphragmDOF/DOFGatherKernel.ush" 2408
"../../../Engine/Shaders/Private/DiaphragmDOF/DOFBokehLUT.usf" 2409
"../../../Engine/Shaders/Private/DiaphragmDOF/DOFHybridScatterCompilation.usf" 2410
"../../../Engine/Shaders/Private/DiaphragmDOF/DOFReduce.usf" 2411
"../../../Engine/Shaders/Private/DiaphragmDOF/DOFDownsample.ush" 2412
"../../../Engine/Shaders/Private/DiaphragmDOF/DOFHybridScatterCompilation.ush" 2413
"../../../Engine/Shaders/Private/DiaphragmDOF/DOFDownsample.usf" 2414
"../../../Engine/Shaders/Private/DiaphragmDOF/DOFCocTileDilate.usf" 2415
"../../../Engine/Shaders/Private/DiaphragmDOF/DOFCocTileFlatten.usf" 2416
"../../../Engine/Shaders/Private/DiaphragmDOF/DOFSetup.usf" 2417
"../../../Engine/Shaders/Private/Tools/DebugAlphaChannel.usf" 2418
"../../../Engine/Shaders/Private/PlanarReflectionShaders.usf" 2419
"../../../Engine/Shaders/Private/PlanarReflectionShared.ush" 2420
"../../../Engine/Shaders/Private/PhysicsFieldVisualizer.usf" 2421
"../../../Engine/Shaders/Private/PathTracing/PathTracingSpatialTemporalDenoising.usf" 2422
"../../../Engine/Shaders/Private/ColorDifference.ush" 2423
"../../../Engine/Shaders/Private/PathTracing/PathTracingCompositingPixelShader.usf" 2424
"../../../Engine/Shaders/Private/PathTracing/PathTracingAdaptiveUtils.ush" 2425
"../../../Engine/Shaders/Private/PathTracing/PathTracingDefaultHitShader.usf" 2426
"../../../Engine/Shaders/Private/PathTracing/PathTracingGPULightmassMaterialHitShader.usf" 2427
"../../../Engine/Shaders/Private/PathTracing/PathTracingMaterialHitShader.usf" 2428
"../../../Engine/Shaders/Private/PathTracing/PathTracingLightingMissShader.usf" 2429
"../../../Engine/Shaders/Private/PathTracing/PathTracingMissShader.usf" 2430
"../../../Engine/Shaders/Private/PathTracing/PathTracingAdaptiveStart.usf" 2431
"../../../Engine/Shaders/Private/PathTracing/PathTracingBuildAdaptiveError.usf" 2432
"../../../Engine/Shaders/Private/PathTracing/PathTracingBuildAtmosphereLUT.usf" 2433
"../../../Engine/Shaders/Private/PathTracing/Volume/PathTracingAtmosphereCommon.ush" 2434
"../../../Engine/Shaders/Private/PathTracing/PathTracingSwizzleScanlines.usf" 2435
"../../../Engine/Shaders/Private/PathTracing/PathTracingInitExtinctionCoefficient.usf" 2436
"../../../Engine/Shaders/Private/PathTracing/PathTracing.usf" 2437
"../../../Engine/Shaders/Private/PathTracing/PathTracingCore.ush" 2438
"../../../Engine/Shaders/Private/HeterogeneousVolumes/HeterogeneousVolumesVoxelGridTypes.ush" 2439
"../../../Engine/Shaders/Private/RayTracing/RayTracingDecalGrid.ush" 2440
"../../../Engine/Shaders/Private/PathTracing/Utilities/PathTracingRIS.ush" 2441
"../../../Engine/Shaders/Private/PathTracing/Light/PathTracingLightSampling.ush" 2442
"../../../Engine/Shaders/Private/PathTracing/Light/PathTracingLightCommon.ush" 2443
"../../../Engine/Shaders/Private/PathTracing/Light/PathTracingDirectionalLight.ush" 2444
"../../../Engine/Shaders/Private/PathTracing/Light/PathTracingPointLight.ush" 2445
"../../../Engine/Shaders/Private/PathTracing/Light/PathTracingCapsuleLight.ush" 2446
"../../../Engine/Shaders/Private/PathTracing/Light/PathTracingRectLight.ush" 2447
"../../../Engine/Shaders/Private/PathTracing/Light/PathTracingSkyLight.ush" 2448
"../../../Engine/Shaders/Private/PathTracing/Light/PathTracingLightGrid.ush" 2449
"../../../Engine/Shaders/Private/PathTracing/Material/PathTracingMaterialSampling.ush" 2450
"../../../Engine/Shaders/Private/PathTracing/Material/PathTracingLambert.ush" 2451
"../../../Engine/Shaders/Private/PathTracing/Material/PathTracingSubstrate.ush" 2452
"../../../Engine/Shaders/Private/PathTracing/Material/PathTracingSubstrateCommon.ush" 2453
"../../../Engine/Shaders/Private/PathTracing/Material/PathTracingSubstrateSolidGlass.ush" 2454
"../../../Engine/Shaders/Private/PathTracing/Material/PathTracingSubstrateThinGlass.ush" 2455
"../../../Engine/Shaders/Private/PathTracing/Material/PathTracingSolidGlass.ush" 2456
"../../../Engine/Shaders/Private/PathTracing/Material/PathTracingEnergyConservation.ush" 2457
"../../../Engine/Shaders/Private/PathTracing/Material/PathTracingThinGlass.ush" 2458
"../../../Engine/Shaders/Private/PathTracing/Material/PathTracingDefaultLit.ush" 2459
"../../../Engine/Shaders/Private/PathTracing/Material/PathTracingClearCoat.ush" 2460
"../../../Engine/Shaders/Private/PathTracing/Material/PathTracingTwoSidedFoliage.ush" 2461
"../../../Engine/Shaders/Private/PathTracing/Material/PathTracingCloth.ush" 2462
"../../../Engine/Shaders/Private/PathTracing/Material/PathTracingSubsurfaceProfile.ush" 2463
"../../../Engine/Shaders/Private/PathTracing/Material/PathTracingEye.ush" 2464
"../../../Engine/Shaders/Private/PathTracing/Material/PathTracingHair.ush" 2465
"../../../Engine/Shaders/Private/PathTracing/Material/PathTracingMedium.ush" 2466
"../../../Engine/Shaders/Private/PathTracing/Volume/PathTracingVolume.ush" 2467
"../../../Engine/Shaders/Private/PathTracing/Volume/PathTracingVolumeCommon.ush" 2468
"../../../Engine/Shaders/Private/PathTracing/Volume/PathTracingAtmosphere.ush" 2469
"../../../Engine/Shaders/Private/PathTracing/Volume/PathTracingFog.ush" 2470
"../../../Engine/Shaders/Private/PathTracing/Volume/PathTracingHeterogeneousVolumes.ush" 2471
"../../../Engine/Shaders/Private/HeterogeneousVolumes/HeterogeneousVolumesVoxelGridTraversal.ush" 2472
"../../../Engine/Shaders/Private/HeterogeneousVolumes/HeterogeneousVolumesVoxelGridUtils.ush" 2473
"../../../Engine/Shaders/Private/HeterogeneousVolumes/HeterogeneousVolumesFrustumVoxelGridUtils.ush" 2474
"../../../Engine/Shaders/Private/PathTracing/Volume/PathTracingVolumeSampling.ush" 2475
"../../../Engine/Shaders/Private/PathTracing/PathTracingBuildLightGrid.usf" 2476
"../../../Engine/Shaders/Private/PathTracing/PathTracingSkylightMISCompensation.usf" 2477
"../../../Engine/Shaders/Private/PathTracing/PathTracingSkylightPrepare.usf" 2478
"../../../Engine/Shaders/Private/OIT/OITSorting.usf" 2479
"../../../Engine/Shaders/Private/OITCombine.usf" 2480
"../../../Engine/Shaders/Private/OITCommon.ush" 2481
"../../../Engine/Shaders/Private/Nanite/Voxel/RasterizeBricks.usf" 2482
"../../../Engine/Shaders/Private/Nanite/Voxel/Brick.ush" 2483
"../../../Engine/Shaders/Private/Nanite/Voxel/Voxel.ush" 2484
"../../../Engine/Shaders/Private/Nanite/Voxel/ScatterBricks.usf" 2485
"../../../Engine/Shaders/Private/Nanite/Voxel/TileBricks.usf" 2486
"../../../Engine/Shaders/Private/Nanite/Voxel/AutoVoxel.usf" 2487
"../../../Engine/Shaders/Private/Nanite/NaniteDebugViews.usf" 2488
"../../../Engine/Shaders/Private/Nanite/NaniteDepthDecode.usf" 2489
"../../../Engine/Shaders/Private/HTileEncoding.ush" 2490
"../../../Engine/Shaders/Private/Nanite/NaniteVisualize.usf" 2491
"../../../Engine/Shaders/Private/Nanite/NaniteStreamOut.usf" 2492
"../../../Engine/Shaders/Private/Nanite/NaniteHierarchyTraversal.ush" 2493
"../../../Engine/Shaders/Private/Nanite/NaniteShadeBinning.usf" 2494
"../../../Engine/Shaders/Private/Nanite/NaniteShadeCommon.ush" 2495
"../../../Engine/Shaders/Private/Nanite/NaniteFastClear.usf" 2496
"../../../Engine/Shaders/Private/Nanite/NaniteMaterialCulling.usf" 2497
"../../../Engine/Shaders/Private/Nanite/NaniteExportGBuffer.usf" 2498
"../../../Engine/Shaders/Private/Nanite/NaniteClusterCulling.usf" 2499
"../../../Engine/Shaders/Private/Nanite/NanitePrintStats.usf" 2500
"../../../Engine/Shaders/Private/Nanite/NaniteRasterizer.usf" 2501
"../../../Engine/Shaders/Private/Nanite/NaniteRasterizationCommon.ush" 2502
"../../../Engine/Shaders/Private/Nanite/NaniteRasterizer.ush" 2503
"../../../Engine/Shaders/Private/Nanite/NaniteWritePixel.ush" 2504
"../../../Engine/Shaders/Private/Nanite/NaniteTessellation.ush" 2505
"../../../Engine/Shaders/Private/WorkDistribution.ush" 2506
"../../../Engine/Shaders/Private/Nanite/NaniteDice.ush" 2507
"../../../Engine/Shaders/Private/Nanite/NaniteSplit.usf" 2508
"../../../Engine/Shaders/Private/Nanite/NaniteRasterBinning.usf" 2509
"../../../Engine/Shaders/Private/Nanite/NaniteInstanceCulling.usf" 2510
"../../../Engine/Shaders/Private/Nanite/NaniteImposter.ush" 2511
"../../../Engine/Shaders/Private/Nanite/NaniteInstanceHierarchyCulling.usf" 2512
"../../../Engine/Shaders/Private/Nanite/NanitePrimitiveFilter.usf" 2513
"../../../Engine/Shaders/Private/Nanite/NaniteRasterClear.usf" 2514
"../../../Engine/Shaders/Private/Nanite/NaniteDepthExport.usf" 2515
"../../../Engine/Shaders/Private/Nanite/NaniteEmitShadow.usf" 2516
"../../../Engine/Shaders/Private/MobileDeferredUtils.usf" 2517
"../../../Engine/Shaders/Private/MobileLocalLightsBuffer.usf" 2518
"../../../Engine/Shaders/Private/MobileLightingCommon.ush" 2519
"../../../Engine/Shaders/Private/MobileFog.usf" 2520
"../../../Engine/Shaders/Private/DistortApplyScreenPS.usf" 2521
"../../../Engine/Shaders/Private/MobileDeferredShading.usf" 2522
"../../../Engine/Shaders/Private/MobileBasePassPixelShader.usf" 2523
"../../../Engine/Shaders/Private/MobileBasePassCommon.ush" 2524
"../../../Engine/Shaders/Private/BasePassCommon.ush" 2525
"../../../Engine/Shaders/Private/ShadingModelsMaterial.ush" 2526
"../../../Engine/Shaders/Private/ThinTranslucentCommon.ush" 2527
"../../../Engine/Shaders/Private/SingleLayerWaterShading.ush" 2528
"../../../Engine/Shaders/Private/DistortionCommon.ush" 2529
"../../../Engine/Shaders/Private/Substrate/SubstrateMobileForwardLighting.ush" 2530
"../../../Engine/Shaders/Private/MobileBasePassVertexShader.usf" 2531
"../../../Engine/Shaders/Private/ManyLights/ManyLightsRayTracing.usf" 2532
"../../../Engine/Shaders/Private/DistanceField/GlobalDistanceFieldUtils.ush" 2533
"../../../Engine/Shaders/Private/Lumen/LumenScreenTracing.ush" 2534
"../../../Engine/Shaders/Private/Lumen/LumenMaterial.ush" 2535
"../../../Engine/Shaders/Private/Lumen/LumenPosition.ush" 2536
"../../../Engine/Shaders/Private/ManyLights/ManyLights.ush" 2537
"../../../Engine/Shaders/Private/ManyLights/ManyLightsRayTracing.ush" 2538
"../../../Engine/Shaders/Private/ManyLights/ManyLightsHardwareRayTracing.usf" 2539
"../../../Engine/Shaders/Private/Lumen/LumenHardwareRayTracingCommon.ush" 2540
"../../../Engine/Shaders/Private/RayTracing/RayTracingReflectionEnvironment.ush" 2541
"../../../Engine/Shaders/Private/Lumen/LumenHardwareRayTracingPlatformCommon.ush" 2542
"../../../Engine/Shaders/Private/Lumen/LumenReflectionsCombine.ush" 2543
"../../../Engine/Shaders/Private/Lumen/LumenTracingCommon.ush" 2544
"../../../Engine/Shaders/Private/Lumen/SurfaceCache/LumenSurfaceCacheSampling.ush" 2545
"../../../Engine/Shaders/Private/Lumen/SurfaceCache/LumenSurfaceCache.ush" 2546
"../../../Engine/Shaders/Private/Lumen/LumenCardCommon.ush" 2547
"../../../Engine/Shaders/Private/ManyLights/ManyLightsDenoiserSpatial.usf" 2548
"../../../Engine/Shaders/Private/ManyLights/ManyLightsDenoiserTemporal.usf" 2549
"../../../Engine/Shaders/Private/ManyLights/ManyLightsShading.usf" 2550
"../../../Engine/Shaders/Private/ManyLights/ManyLightsResolve.usf" 2551
"../../../Engine/Shaders/Private/ManyLights/ManyLights.usf" 2552
"../../../Engine/Shaders/Private/ManyLights/ManyLightsSampling.usf" 2553
"../../../Engine/Shaders/Private/Lumen/LumenVisualizeRadianceCache.usf" 2554
"../../../Engine/Shaders/Private/Lumen/LumenRadianceCacheCommon.ush" 2555
"../../../Engine/Shaders/Private/Lumen/LumenVisualizeHardwareRayTracing.usf" 2556
"../../../Engine/Shaders/Private/Lumen/LumenVisualize.ush" 2557
"../../../Engine/Shaders/Private/Lumen/LumenHairTracing.ush" 2558
"../../../Engine/Shaders/Private/Lumen/LumenVisualize.usf" 2559
"../../../Engine/Shaders/Private/Lumen/LumenSoftwareRayTracing.ush" 2560
"../../../Engine/Shaders/Private/DistanceField/GlobalDistanceFieldObjectGrid.ush" 2561
"../../../Engine/Shaders/Private/DistanceFieldLightingShared.ush" 2562
"../../../Engine/Shaders/Private/Lumen/LumenVisualizeTraces.ush" 2563
"../../../Engine/Shaders/Private/Lumen/LumenTranslucencyVolumeLighting.usf" 2564
"../../../Engine/Shaders/Private/Lumen/LumenRadianceCacheMarkCommon.ush" 2565
"../../../Engine/Shaders/Private/Lumen/LumenTranslucencyVolumeLightingShared.ush" 2566
"../../../Engine/Shaders/Private/Lumen/LumenScreenProbeCommon.ush" 2567
"../../../Engine/Shaders/Private/Lumen/LumenTranslucencyVolumeHardwareRayTracing.usf" 2568
"../../../Engine/Shaders/Private/Lumen/LumenTranslucencyRadianceCacheMarkShaders.usf" 2569
"../../../Engine/Shaders/Private/Lumen/SurfaceCache/LumenSurfaceCacheFeedback.usf" 2570
"../../../Engine/Shaders/Private/Lumen/SurfaceCache/LumenSurfaceCache.usf" 2571
"../../../Engine/Shaders/Private/Lumen/LumenShortRangeAOHardwareRayTracing.usf" 2572
"../../../Engine/Shaders/Private/Lumen/LumenScreenSpaceBentNormal.usf" 2573
"../../../Engine/Shaders/Private/Lumen/LumenScreenProbeTracing.usf" 2574
"../../../Engine/Shaders/Private/Lumen/LumenScreenProbeTracingCommon.ush" 2575
"../../../Engine/Shaders/Private/Lumen/LumenScreenProbeImportanceSampling.usf" 2576
"../../../Engine/Shaders/Private/Lumen/LumenScreenProbeImportanceSamplingShared.ush" 2577
"../../../Engine/Shaders/Private/Lumen/LumenScreenProbeHardwareRayTracing.usf" 2578
"../../../Engine/Shaders/Private/Lumen/LumenDenoising.usf" 2579
"../../../Engine/Shaders/Private/Lumen/LumenScreenProbeGather.usf" 2580
"../../../Engine/Shaders/Private/Lumen/LumenScreenSpaceBentNormal.ush" 2581
"../../../Engine/Shaders/Private/Lumen/LumenScreenProbeLightSampling.usf" 2582
"../../../Engine/Shaders/Private/Lumen/LumenScreenProbeFiltering.usf" 2583
"../../../Engine/Shaders/Private/Lumen/LumenSceneLighting.usf" 2584
"../../../Engine/Shaders/Private/Lumen/LumenCardTile.ush" 2585
"../../../Engine/Shaders/Private/Lumen/LumenSceneLighting.ush" 2586
"../../../Engine/Shaders/Private/Lumen/Radiosity/LumenRadiosity.ush" 2587
"../../../Engine/Shaders/Private/Lumen/LumenSceneLightingDebug.usf" 2588
"../../../Engine/Shaders/Private/Lumen/LumenScene.usf" 2589
"../../../Engine/Shaders/Private/Lumen/LumenSceneDirectLightingHardwareRayTracing.usf" 2590
"../../../Engine/Shaders/Private/Lumen/LumenReflectionCommon.ush" 2591
"../../../Engine/Shaders/Private/Lumen/LumenSceneDirectLighting.ush" 2592
"../../../Engine/Shaders/Private/Lumen/LumenSceneDirectLightingSoftwareRayTracing.usf" 2593
"../../../Engine/Shaders/Private/DistanceFieldShadowingShared.ush" 2594
"../../../Engine/Shaders/Private/Lumen/LumenSceneDirectLightingPerLightShadowCommon.ush" 2595
"../../../Engine/Shaders/Private/Lumen/LumenSceneDirectLightingShadowMask.usf" 2596
"../../../Engine/Shaders/Private/Lumen/LumenSceneDirectLighting.usf" 2597
"../../../Engine/Shaders/Private/Lumen/LumenSceneDirectLightingCulling.usf" 2598
"../../../Engine/Shaders/Private/Lumen/LumenCardComputeShader.usf" 2599
"../../../Engine/Shaders/Private/Lumen/LumenCardPixelShader.usf" 2600
"../../../Engine/Shaders/Private/Lumen/LumenCardVertexShader.usf" 2601
"../../../Engine/Shaders/Private/Lumen/LumenReSTIRGather.usf" 2602
"../../../Engine/Shaders/Private/Lumen/LumenReflectionTracing.usf" 2603
"../../../Engine/Shaders/Private/Lumen/LumenReflections.usf" 2604
"../../../Engine/Shaders/Private/Lumen/LumenReflectionHardwareRayTracing.usf" 2605
"../../../Engine/Shaders/Private/Lumen/Radiosity/LumenVisualizeRadiosityProbes.usf" 2606
"../../../Engine/Shaders/Private/Lumen/Radiosity/LumenRadiosity.usf" 2607
"../../../Engine/Shaders/Private/RayTracing/RayGenUtils.ush" 2608
"../../../Engine/Shaders/Private/Lumen/Radiosity/LumenRadiosityHardwareRayTracing.usf" 2609
"../../../Engine/Shaders/Private/Lumen/Radiosity/LumenRadiosityCulling.usf" 2610
"../../../Engine/Shaders/Private/Lumen/LumenRadianceCacheHardwareRayTracing.usf" 2611
"../../../Engine/Shaders/Private/Lumen/LumenRadianceCacheTracingCommon.ush" 2612
"../../../Engine/Shaders/Private/Lumen/LumenRadianceCache.usf" 2613
"../../../Engine/Shaders/Private/Lumen/LumenRadianceCacheUpdate.ush" 2614
"../../../Engine/Shaders/Private/Lumen/LumenRadianceCacheDebug.usf" 2615
"../../../Engine/Shaders/Private/Lumen/LumenRadianceCacheUpdate.usf" 2616
"../../../Engine/Shaders/Private/Lumen/LumenMeshSDFCulling.usf" 2617
"../../../Engine/Shaders/Private/HybridIndirectLighting.ush" 2618
"../../../Engine/Shaders/Private/MeshDistanceFieldCommon.ush" 2619
"../../../Engine/Shaders/Private/Lumen/LumenIrradianceFieldGather.usf" 2620
"../../../Engine/Shaders/Private/Lumen/LumenHardwareRayTracingMaterials.usf" 2621
"../../../Engine/Shaders/Private/Lumen/LumenFrontLayerTranslucency.usf" 2622
"../../../Engine/Shaders/Private/LocalFogVolumes/LocalFogVolumeSplat.usf" 2623
"../../../Engine/Shaders/Private/LocalFogVolumes/LocalFogVolumeTiledCulling.usf" 2624
"../../../Engine/Shaders/Private/LightShaftShader.usf" 2625
"../../../Engine/Shaders/Private/StationaryLightOverlapShaders.usf" 2626
"../../../Engine/Shaders/Private/DeferredLightPixelShaders.usf" 2627
"../../../Engine/Shaders/Private/HairStrands/HairStrandsVisibilityUtils.ush" 2628
"../../../Engine/Shaders/Private/DeferredLightVertexShaders.usf" 2629
"../../../Engine/Shaders/Private/LightMapDensityShader.usf" 2630
"../../../Engine/Shaders/Private/LightGridInjection.usf" 2631
"../../../Engine/Shaders/Private/LightFunctionPixelShader.usf" 2632
"../../../Engine/Shaders/Private/LightFunctionVertexShader.usf" 2633
"../../../Engine/Shaders/Private/LightFunctionAtlas/LightFunctionAtlasRender.usf" 2634
"../../../Engine/Shaders/Private/InstanceCulling/InstanceCullingOcclusionQuery.usf" 2635
"../../../Engine/Shaders/Private/InstanceCulling/BuildInstanceDrawCommands.usf" 2636
"../../../Engine/Shaders/Private/InstanceCulling/InstanceCompactionCommon.ush" 2637
"../../../Engine/Shaders/Private/SceneDataMobileWriter.ush" 2638
"../../../Engine/Shaders/Private/InstanceCulling/CompactVisibleInstances.usf" 2639
"../../../Engine/Shaders/Private/ReflectionEnvironmentPixelShader.usf" 2640
"../../../Engine/Shaders/Private/AmbientCubemapComposite.usf" 2641
"../../../Engine/Shaders/Private/DiffuseIndirectComposite.usf" 2642
"../../../Engine/Shaders/Private/IESAtlas.usf" 2643
"../../../Engine/Shaders/Private/HeterogeneousVolumes/HeterogeneousVolumesVoxelGridShadows.usf" 2644
"../../../Engine/Shaders/Private/HeterogeneousVolumes/HeterogeneousVolumesVoxelGridRenderingUtils.ush" 2645
"../../../Engine/Shaders/Private/HeterogeneousVolumes/HeterogeneousVolumesLightingUtils.ush" 2646
"../../../Engine/Shaders/Private/HeterogeneousVolumes/HeterogeneousVolumesVoxelGridRendering.usf" 2647
"../../../Engine/Shaders/Private/HeterogeneousVolumes/HeterogeneousVolumesVoxelGridPipeline.usf" 2648
"../../../Engine/Shaders/Private/HeterogeneousVolumes/HeterogeneousVolumesMaterialBakingPipeline.usf" 2649
"../../../Engine/Shaders/Private/HeterogeneousVolumes/HeterogeneousVolumesLiveShadingUtils.ush" 2650
"../../../Engine/Shaders/Private/HeterogeneousVolumes/HeterogeneousVolumesFrustumVoxelGrid.usf" 2651
"../../../Engine/Shaders/Private/HeterogeneousVolumes/HeterogeneousVolumesSparseVoxelPipeline.usf" 2652
"../../../Engine/Shaders/Private/HeterogeneousVolumes/HeterogeneousVolumesSparseVoxelUtils.ush" 2653
"../../../Engine/Shaders/Private/HeterogeneousVolumes/HeterogeneousVolumesSparseVoxelUniformBufferUtils.ush" 2654
"../../../Engine/Shaders/Private/HeterogeneousVolumes/HeterogeneousVolumesPreshadingPipeline.usf" 2655
"../../../Engine/Shaders/Private/HeterogeneousVolumes/HeterogeneousVolumesLiveShadingShadows.usf" 2656
"../../../Engine/Shaders/Private/HeterogeneousVolumes/HeterogeneousVolumesLiveShadingPipeline.usf" 2657
"../../../Engine/Shaders/Private/HeterogeneousVolumes/HeterogeneousVolumesHardwareRayTracing.usf" 2658
"../../../Engine/Shaders/Private/HeterogeneousVolumes/HeterogeneousVolumesComposite.usf" 2659
"../../../Engine/Shaders/Private/HdrCustomResolveShaders.usf" 2660
"../../../Engine/Shaders/Private/HairStrands/HairStrandsVoxelRasterCompute.usf" 2661
"../../../Engine/Shaders/Private/Matrices.ush" 2662
"../../../Engine/Shaders/Private/HairStrands/HairStrandsAABBCommon.ush" 2663
"../../../Engine/Shaders/Private/HairStrands/HairStrandsClusterCommon.ush" 2664
"../../../Engine/Shaders/Private/HairStrands/HairStrandsRaytracingGeometry.usf" 2665
"../../../Engine/Shaders/Private/HairStrands/HairStrandsHitProxy.usf" 2666
"../../../Engine/Shaders/Private/HairStrands/HairStrandsVisibilityRasterComputeNaive.usf" 2667
"../../../Engine/Shaders/Private/HairStrands/HairStrandsVisibilityRasterHW.usf" 2668
"../../../Engine/Shaders/Private/HairStrands/HairStrandsVisibilityRasterCompute.usf" 2669
"../../../Engine/Shaders/Private/HairStrands/HairStrandsVisibilityRasterClassification.usf" 2670
"../../../Engine/Shaders/Private/HairStrands/HairStrandsCoverage.usf" 2671
"../../../Engine/Shaders/Private/HairStrands/HairStrandsVisibilityDepthPS.usf" 2672
"../../../Engine/Shaders/Private/HairStrands/HairStrandsVisibilityTransmittanceDepthPS.usf" 2673
"../../../Engine/Shaders/Private/HairStrands/HairStrandsVisibilityFillOpaqueDepthPS.usf" 2674
"../../../Engine/Shaders/Private/HairStrands/HairStrandsVisibilityCompactionComputeRaster.usf" 2675
"../../../Engine/Shaders/Private/HairStrands/HairStrandsVisibilityCompaction.usf" 2676
"../../../Engine/Shaders/Private/HairStrands/HairStrandsVisibilityCopyIndirectArg.usf" 2677
"../../../Engine/Shaders/Private/HairStrands/HairStrandsVisibilityClearPS.usf" 2678
"../../../Engine/Shaders/Private/HairStrands/HairStrandsVisibilityPS.usf" 2679
"../../../Engine/Shaders/Private/HairStrands/HairStrandsVisibilityVS.usf" 2680
"../../../Engine/Shaders/Private/HairStrands/HairStrandsVelocity.usf" 2681
"../../../Engine/Shaders/Private/HairStrands/HairStrandsDebug.usf" 2682
"../../../Engine/Shaders/Private/HairStrands/HairStrandsBindingCommon.ush" 2683
"../../../Engine/Shaders/Private/HairStrands/HairStrandsDeepShadowCommon.ush" 2684
"../../../Engine/Shaders/Private/HairStrands/HairStrandsDebugCommonStruct.ush" 2685
"../../../Engine/Shaders/Private/HairStrands/HairStrandsVisibilityComputeSampleCoverage.usf" 2686
"../../../Engine/Shaders/Private/HairStrands/HairStrandsMaterialPS.usf" 2687
"../../../Engine/Shaders/Private/HairStrands/HairStrandsMaterialCommon.ush" 2688
"../../../Engine/Shaders/Private/HairStrands/HairStrandsMaterialVS.usf" 2689
"../../../Engine/Shaders/Private/HairStrands/HairStrandsLightSample.usf" 2690
"../../../Engine/Shaders/Private/HairStrands/HairStrandsMesh.usf" 2691
"../../../Engine/Shaders/Private/HairStrands/HairStrandsDeepShadowMask.usf" 2692
"../../../Engine/Shaders/Private/HairStrands/HairStrandsDeepTransmittanceMask.usf" 2693
"../../../Engine/Shaders/Private/HairStrands/HairStrandsVisibilityTile.usf" 2694
"../../../Engine/Shaders/Private/HairStrands/HairStrandsDeepShadowPS.usf" 2695
"../../../Engine/Shaders/Private/HairStrands/HairStrandsDeepShadowVS.usf" 2696
"../../../Engine/Shaders/Private/HairStrands/HairStrandsAABB.usf" 2697
"../../../Engine/Shaders/Private/HairStrands/HairStrandsLUT.usf" 2698
"../../../Engine/Shaders/Private/HairStrands/HairStrandsForwardRaster.usf" 2699
"../../../Engine/Shaders/Private/HairStrands/HairStrandsForwardCulling.usf" 2700
"../../../Engine/Shaders/Private/HairStrands/HairStrandsEnvironmentLighting.usf" 2701
"../../../Engine/Shaders/Private/HairStrands/HairStrandsEnvironmentAO.usf" 2702
"../../../Engine/Shaders/Private/HairStrands/HairStrandsDeepShadowAllocation.usf" 2703
"../../../Engine/Shaders/Private/HairStrands/HairStrandsVoxelDebug.usf" 2704
"../../../Engine/Shaders/Private/HairStrands/HairStrandsComposition.usf" 2705
"../../../Engine/Shaders/Private/HairStrands/HairStrandsGBufferCommon.ush" 2706
"../../../Engine/Shaders/Private/GPUScene/GPUSceneDataManagement.usf" 2707
"../../../Engine/Shaders/Private/GPUSceneDebugRender.usf" 2708
"../../../Engine/Shaders/Private/GPUFastFourierTransform.usf" 2709
"../../../Engine/Shaders/Private/GPUFastFourierTransform2DCore.ush" 2710
"../../../Engine/Shaders/Private/GPUFastFourierTransformCore.ush" 2711
"../../../Engine/Shaders/Private/GPUBenchmark.usf" 2712
"../../../Engine/Shaders/Private/DistanceField/GlobalDistanceFieldDebug.usf" 2713
"../../../Engine/Shaders/Private/DistanceField/GlobalDistanceFieldUpdate.ush" 2714
"../../../Engine/Shaders/Private/DistanceField/GlobalDistanceFieldMip.usf" 2715
"../../../Engine/Shaders/Private/DistanceField/GlobalDistanceField.usf" 2716
"../../../Engine/Shaders/Private/DistanceField/GlobalDistanceFieldCompositeObjects.usf" 2717
"../../../Engine/Shaders/Private/DistanceField/GlobalDistanceFieldHeightfields.usf" 2718
"../../../Engine/Shaders/Private/HeightfieldLightingShared.ush" 2719
"../../../Engine/Shaders/Private/GenerateConservativeDepth.usf" 2720
"../../../Engine/Shaders/Private/HeightFogPixelShader.usf" 2721
"../../../Engine/Shaders/Private/HeightFogVertexShader.usf" 2722
"../../../Engine/Shaders/Private/DistortFiltering.usf" 2723
"../../../Engine/Shaders/Private/DistortAccumulatePS.usf" 2724
"../../../Engine/Shaders/Private/DistortAccumulateVS.usf" 2725
"../../../Engine/Shaders/Private/DistanceFieldVisualization.usf" 2726
"../../../Engine/Shaders/Private/DistanceFieldStreaming.usf" 2727
"../../../Engine/Shaders/Private/DistanceFieldShadowing.usf" 2728
"../../../Engine/Shaders/Private/DistanceFieldScreenGridLighting.usf" 2729
"../../../Engine/Shaders/Private/DistanceFieldObjectCulling.usf" 2730
"../../../Engine/Shaders/Private/DistanceFieldLightingPost.usf" 2731
"../../../Engine/Shaders/Private/DitheredTransitionStencil.usf" 2732
"../../../Engine/Shaders/Private/CopyDepthTextureCS.usf" 2733
"../../../Engine/Shaders/Private/DeferredDecal.usf" 2734
"../../../Engine/Shaders/Private/DecalCommon.ush" 2735
"../../../Engine/Shaders/Private/DebugViewModeVertexShader.usf" 2736
"../../../Engine/Shaders/Private/DebugViewModeCommon.ush" 2737
"../../../Engine/Shaders/Private/DebugViewModePixelShader.usf" 2738
"../../../Engine/Shaders/Private/DebugProbes.usf" 2739
"../../../Engine/Shaders/Private/MeshDecals.usf" 2740
"../../../Engine/Shaders/Private/PostProcessAmbientOcclusion.usf" 2741
"../../../Engine/Shaders/Private/ClusteredDeferredShadingPixelShader.usf" 2742
"../../../Engine/Shaders/Private/ClusteredDeferredShadingVertexShader.usf" 2743
"../../../Engine/Shaders/Private/CapsuleShadowShaders.usf" 2744
"../../../Engine/Shaders/Private/BasePassPixelShader.usf" 2745
"../../../Engine/Shaders/Private/ForwardLightingCommon.ush" 2746
"../../../Engine/Shaders/Private/Substrate/SubstrateForwardLighting.ush" 2747
"../../../Engine/Shaders/Private/ComputeShaderOutputCommon.ush" 2748
"../../../Engine/Shaders/Private/BasePassVertexShader.usf" 2749
"../../../Engine/Shaders/Private/BasePassVertexCommon.ush" 2750
"../../../Engine/Shaders/Private/SimpleElementVolumeTexturePreviewPixelShader.usf" 2751
"../../../Engine/Shaders/Private/SimpleElementTexture2DPreviewPixelShader.usf" 2752
"../../../Engine/Shaders/Private/meshpaintdilatepixelshader.usf" 2753
"../../../Engine/Shaders/Private/meshpaintdilatevertexshader.usf" 2754
"../../../Engine/Shaders/Private/MeshPaintPixelShader.usf" 2755
"../../../Engine/Shaders/Private/MeshPaintVertexShader.usf" 2756
"../../../Engine/Shaders/Private/SlateElementPixelShader.usf" 2757
"../../../Engine/Shaders/Private/SlateShaderCommon.ush" 2758
"../../../Engine/Shaders/Private/CompositeUIPixelShader.usf" 2759
"../../../Engine/Shaders/Private/ColorDeficiency.ush" 2760
"../../../Engine/Shaders/Private/SlateMaskingShader.usf" 2761
"../../../Engine/Shaders/Private/SlatePostProcessColorDeficiencyPixelShader.usf" 2762
"../../../Engine/Shaders/Private/SlatePostProcessPixelShader.usf" 2763
"../../../Engine/Shaders/Private/SlateVertexShader.usf" 2764
"../../../Engine/Shaders/Private/Tools/VisualizeTexture.usf" 2765
"../../../Engine/Shaders/Private/ByteBuffer.usf" 2766
"../../../Engine/Shaders/Private/ShaderBundleDispatch.usf" 2767
"../../../Engine/Shaders/Private/ResolveVertexShader.usf" 2768
"../../../Engine/Shaders/Private/ResolvePixelShader.usf" 2769
"../../../Engine/Shaders/Private/Tools/SetupIndirectArgs.usf" 2770
"../../../Engine/Shaders/Private/ClearReplacementShaders.usf" 2771
"../../../Engine/Shaders/Private/Tools/DrawTexture.usf" 2772
"../../../Engine/Shaders/Private/RayTracing/RayTracingValidation.usf" 2773
"../../../Engine/Shaders/Private/RenderGraphUtilities.usf" 2774
"../../../Engine/Shaders/Private/OneColorShader.usf" 2775
"../../../Engine/Shaders/Private/OculusShaders.usf" 2776
"../../../Engine/Shaders/Private/MediaShaders.usf" 2777
"../../../Engine/Shaders/Private/GPUMessaging.usf" 2778
"../../../Engine/Shaders/Private/Tools/GPUDebugCrashUtils.usf" 2779
"../../../Engine/Shaders/Private/NullPixelShader.usf" 2780
"../../../Engine/Shaders/Private/ComputeGenerateMips.usf" 2781
"../../../Engine/Shaders/Private/Tools/DumpTexture.usf" 2782
"../../../Engine/Shaders/Private/CopyTextureShaders.usf" 2783
"../../../Engine/Shaders/Private/Tools/FullscreenVertexShader.usf" 2784
"../../../Engine/Shaders/Private/RayTracing/RayTracingDispatchDesc.usf" 2785
"../../../Engine/Shaders/Private/Bink.usf" 2786
"../../../Engine/Shaders/Private/VelocityShader.usf" 2787
"../../../Engine/Shaders/Private/DepthOnlyPixelShader.usf" 2788
"../../../Engine/Shaders/Private/PositionOnlyDepthVertexShader.usf" 2789
"../../../Engine/Shaders/Private/DepthOnlyVertexShader.usf" 2790
"../../../Engine/Shaders/Private/AnisotropyPassShader.usf" 2791
"C:/Users/Admin/Documents/Unreal Projects/ai-project/Content/StarterContent/Textures/T_Wood_Walnut_D.uasset" 2792
"C:/Users/Admin/Documents/Unreal Projects/ai-project/Content/StarterContent/Textures/T_Wood_Pine_N.uasset" 2793
"C:/Users/Admin/Documents/Unreal Projects/ai-project/Content/StarterContent/Textures/T_Wood_Walnut_N.uasset" 2794
"C:/Users/Admin/Documents/Unreal Projects/ai-project/Content/StarterContent/Textures/T_Wood_Pine_D.uasset" 2795
"C:/Users/Admin/Documents/Unreal Projects/ai-project/Content/StarterContent/Textures/T_Wood_Oak_D.uasset" 2796
"C:/Users/Admin/Documents/Unreal Projects/ai-project/Content/StarterContent/Textures/T_Wood_Oak_N.uasset" 2797
"C:/Users/Admin/Documents/Unreal Projects/ai-project/Content/StarterContent/Textures/T_Wood_Floor_Walnut_N.uasset" 2798
"C:/Users/Admin/Documents/Unreal Projects/ai-project/Content/StarterContent/Textures/T_Wood_Floor_Walnut_M.uasset" 2799
"C:/Users/Admin/Documents/Unreal Projects/ai-project/Content/StarterContent/Textures/T_Wood_Floor_Walnut_D.uasset" 2800
"C:/Users/Admin/Documents/Unreal Projects/ai-project/Content/StarterContent/Textures/T_Water_N.uasset" 2801
"C:/Users/Admin/Documents/Unreal Projects/ai-project/Content/StarterContent/Textures/T_Tech_Panel_N.uasset" 2802
"C:/Users/Admin/Documents/Unreal Projects/ai-project/Content/StarterContent/Textures/T_Water_M.uasset" 2803
"C:/Users/Admin/Documents/Unreal Projects/ai-project/Content/StarterContent/Textures/T_Tech_Panel_M.uasset" 2804
"C:/Users/Admin/Documents/Unreal Projects/ai-project/Content/StarterContent/Textures/T_Tech_Hex_Tile_N.uasset" 2805
"C:/Users/Admin/Documents/Unreal Projects/ai-project/Content/StarterContent/Textures/T_Tech_Hex_Tile_M.uasset" 2806
"C:/Users/Admin/Documents/Unreal Projects/ai-project/Content/StarterContent/Textures/T_Tech_Dot_N.uasset" 2807
"C:/Users/Admin/Documents/Unreal Projects/ai-project/Content/StarterContent/Textures/T_Tech_Dot_M.uasset" 2808
"C:/Users/Admin/Documents/Unreal Projects/ai-project/Content/StarterContent/Textures/T_TableRound_N.uasset" 2809
"C:/Users/Admin/Documents/Unreal Projects/ai-project/Content/StarterContent/Textures/T_TableRound_M.uasset" 2810
"C:/Users/Admin/Documents/Unreal Projects/ai-project/Content/StarterContent/Textures/T_Statue_N.uasset" 2811
"C:/Users/Admin/Documents/Unreal Projects/ai-project/Content/StarterContent/Textures/T_Statue_M.uasset" 2812
"C:/Users/Admin/Documents/Unreal Projects/ai-project/Content/StarterContent/Textures/T_Spark_Core.uasset" 2813
"C:/Users/Admin/Documents/Unreal Projects/ai-project/Content/StarterContent/Textures/T_Smoke_Tiled_D.uasset" 2814
"C:/Users/Admin/Documents/Unreal Projects/ai-project/Content/StarterContent/Textures/T_Smoke_SubUV.uasset" 2815
"C:/Users/Admin/Documents/Unreal Projects/ai-project/Content/StarterContent/Textures/T_Single_Tile_N.uasset" 2816
"C:/Users/Admin/Documents/Unreal Projects/ai-project/Content/StarterContent/Textures/T_Shelf_N.uasset" 2817
"C:/Users/Admin/Documents/Unreal Projects/ai-project/Content/StarterContent/Textures/T_Shelf_M.uasset" 2818
"C:/Users/Admin/Documents/Unreal Projects/ai-project/Content/StarterContent/Textures/T_Rock_Smooth_Granite_D.uasset" 2819
"C:/Users/Admin/Documents/Unreal Projects/ai-project/Content/StarterContent/Textures/T_Rock_Slate_N.uasset" 2820
"C:/Users/Admin/Documents/Unreal Projects/ai-project/Content/StarterContent/Textures/T_Rock_Slate_D.uasset" 2821
"C:/Users/Admin/Documents/Unreal Projects/ai-project/Content/StarterContent/Textures/T_Rock_Sandstone_N.uasset" 2822
"C:/Users/Admin/Documents/Unreal Projects/ai-project/Content/StarterContent/Textures/T_Rock_Sandstone_D.uasset" 2823
"C:/Users/Admin/Documents/Unreal Projects/ai-project/Content/StarterContent/Textures/T_Rock_Marble_Polished_D.uasset" 2824
"C:/Users/Admin/Documents/Unreal Projects/ai-project/Content/StarterContent/Textures/T_Rock_Basalt_N.uasset" 2825
"C:/Users/Admin/Documents/Unreal Projects/ai-project/Content/StarterContent/Textures/T_Rock_Basalt_D.uasset" 2826
"C:/Users/Admin/Documents/Unreal Projects/ai-project/Content/StarterContent/Textures/T_RockMesh_N.uasset" 2827
"C:/Users/Admin/Documents/Unreal Projects/ai-project/Content/StarterContent/Textures/T_RockMesh_M.uasset" 2828
"C:/Users/Admin/Documents/Unreal Projects/ai-project/Content/StarterContent/Textures/T_Perlin_Noise_M.uasset" 2829
"C:/Users/Admin/Documents/Unreal Projects/ai-project/Content/StarterContent/Textures/T_Metal_Steel_N.uasset" 2830
"C:/Users/Admin/Documents/Unreal Projects/ai-project/Content/StarterContent/Textures/T_Metal_Steel_D.uasset" 2831
"C:/Users/Admin/Documents/Unreal Projects/ai-project/Content/StarterContent/Textures/T_Metal_Rust_N.uasset" 2832
"C:/Users/Admin/Documents/Unreal Projects/ai-project/Content/StarterContent/Textures/T_Metal_Rust_D.uasset" 2833
"C:/Users/Admin/Documents/Unreal Projects/ai-project/Content/StarterContent/Textures/T_Metal_Gold_N.uasset" 2834
"C:/Users/Admin/Documents/Unreal Projects/ai-project/Content/StarterContent/Textures/T_Metal_Gold_D.uasset" 2835
"C:/Users/Admin/Documents/Unreal Projects/ai-project/Content/StarterContent/Textures/T_Metal_Copper_D.uasset" 2836
"C:/Users/Admin/Documents/Unreal Projects/ai-project/Content/StarterContent/Textures/T_Metal_Aluminum_D.uasset" 2837
"C:/Users/Admin/Documents/Unreal Projects/ai-project/Content/StarterContent/Textures/T_MacroVariation.uasset" 2838
"C:/Users/Admin/Documents/Unreal Projects/ai-project/Content/StarterContent/Textures/T_Lamp_N.uasset" 2839
"C:/Users/Admin/Documents/Unreal Projects/ai-project/Content/StarterContent/Textures/T_Lamp_M.uasset" 2840
"C:/Users/Admin/Documents/Unreal Projects/ai-project/Content/StarterContent/Textures/T_Ground_Moss_N.uasset" 2841
"C:/Users/Admin/Documents/Unreal Projects/ai-project/Content/StarterContent/Textures/T_ground_Moss_D.uasset" 2842
"C:/Users/Admin/Documents/Unreal Projects/ai-project/Content/StarterContent/Textures/T_Ground_Gravel_N.uasset" 2843
"C:/Users/Admin/Documents/Unreal Projects/ai-project/Content/StarterContent/Textures/T_Ground_Gravel_D.uasset" 2844
"C:/Users/Admin/Documents/Unreal Projects/ai-project/Content/StarterContent/Textures/T_Ground_Grass_N.uasset" 2845
"C:/Users/Admin/Documents/Unreal Projects/ai-project/Content/StarterContent/Textures/T_Gradinet_01.uasset" 2846
"C:/Users/Admin/Documents/Unreal Projects/ai-project/Content/StarterContent/Textures/T_Ground_Grass_D.uasset" 2847
"C:/Users/Admin/Documents/Unreal Projects/ai-project/Content/StarterContent/Textures/T_Frame_N.uasset" 2848
"C:/Users/Admin/Documents/Unreal Projects/ai-project/Content/StarterContent/Textures/T_Frame_M.uasset" 2849
"C:/Users/Admin/Documents/Unreal Projects/ai-project/Content/StarterContent/Textures/T_Fire_Tiled_D.uasset" 2850
"C:/Users/Admin/Documents/Unreal Projects/ai-project/Content/StarterContent/Textures/T_Explosion_SubUV.uasset" 2851
"C:/Users/Admin/Documents/Unreal Projects/ai-project/Content/StarterContent/Textures/T_Dust_Particle_D.uasset" 2852
"C:/Users/Admin/Documents/Unreal Projects/ai-project/Content/StarterContent/Textures/T_Door_N.uasset" 2853
"C:/Users/Admin/Documents/Unreal Projects/ai-project/Content/StarterContent/Textures/T_Fire_SubUV.uasset" 2854
"C:/Users/Admin/Documents/Unreal Projects/ai-project/Content/StarterContent/Textures/T_Door_M.uasset" 2855
"C:/Users/Admin/Documents/Unreal Projects/ai-project/Content/StarterContent/Textures/T_Detail_Rocky_N.uasset" 2856
"C:/Users/Admin/Documents/Unreal Projects/ai-project/Content/StarterContent/Textures/T_Concrete_Tiles_Variation_M.uasset" 2857
"C:/Users/Admin/Documents/Unreal Projects/ai-project/Content/StarterContent/Textures/T_Concrete_Tiles_N.uasset" 2858
"C:/Users/Admin/Documents/Unreal Projects/ai-project/Content/StarterContent/Textures/T_Concrete_Tiles_M.uasset" 2859
"C:/Users/Admin/Documents/Unreal Projects/ai-project/Content/StarterContent/Textures/T_Concrete_Poured_N.uasset" 2860
"C:/Users/Admin/Documents/Unreal Projects/ai-project/Content/StarterContent/Textures/T_Concrete_Tiles_D.uasset" 2861
"C:/Users/Admin/Documents/Unreal Projects/ai-project/Content/StarterContent/Textures/T_Concrete_Poured_D.uasset" 2862
"C:/Users/Admin/Documents/Unreal Projects/ai-project/Content/StarterContent/Textures/T_Concrete_Panels_N.uasset" 2863
"C:/Users/Admin/Documents/Unreal Projects/ai-project/Content/StarterContent/Textures/T_Concrete_Panels_D.uasset" 2864
"C:/Users/Admin/Documents/Unreal Projects/ai-project/Content/StarterContent/Textures/T_Concrete_Grime_D.uasset" 2865
"C:/Users/Admin/Documents/Unreal Projects/ai-project/Content/StarterContent/Textures/T_CobbleStone_Smooth_N.uasset" 2866
"C:/Users/Admin/Documents/Unreal Projects/ai-project/Content/StarterContent/Textures/T_CobbleStone_Smooth_M.uasset" 2867
"C:/Users/Admin/Documents/Unreal Projects/ai-project/Content/StarterContent/Textures/T_CobbleStone_Smooth_D.uasset" 2868
"C:/Users/Admin/Documents/Unreal Projects/ai-project/Content/StarterContent/Textures/T_CobbleStone_Rough_D.uasset" 2869
"C:/Users/Admin/Documents/Unreal Projects/ai-project/Content/StarterContent/Textures/T_CobbleStone_Pebble_N.uasset" 2870
"C:/Users/Admin/Documents/Unreal Projects/ai-project/Content/StarterContent/Textures/T_CobbleStone_Rough_N.uasset" 2871
"C:/Users/Admin/Documents/Unreal Projects/ai-project/Content/StarterContent/Textures/T_CobbleStone_Pebble_D.uasset" 2872
"C:/Users/Admin/Documents/Unreal Projects/ai-project/Content/StarterContent/Textures/T_CobbleStone_Pebble_M.uasset" 2873
"C:/Users/Admin/Documents/Unreal Projects/ai-project/Content/StarterContent/Textures/T_Checker_Noise_M.uasset" 2874
"C:/Users/Admin/Documents/Unreal Projects/ai-project/Content/StarterContent/Textures/T_Chair_N.uasset" 2875
"C:/Users/Admin/Documents/Unreal Projects/ai-project/Content/StarterContent/Textures/T_Chair_M.uasset" 2876
"C:/Users/Admin/Documents/Unreal Projects/ai-project/Content/StarterContent/Textures/T_Ceramic_Tile_N.uasset" 2877
"C:/Users/Admin/Documents/Unreal Projects/ai-project/Content/StarterContent/Textures/T_Ceramic_Tile_M.uasset" 2878
"C:/Users/Admin/Documents/Unreal Projects/ai-project/Content/StarterContent/Textures/T_Bush_N.uasset" 2879
"C:/Users/Admin/Documents/Unreal Projects/ai-project/Content/StarterContent/Textures/T_Bush_D.uasset" 2880
"C:/Users/Admin/Documents/Unreal Projects/ai-project/Content/StarterContent/Textures/T_Burst_M.uasset" 2881
"C:/Users/Admin/Documents/Unreal Projects/ai-project/Content/StarterContent/Textures/T_Brick_Hewn_Stone_M.uasset" 2882
"C:/Users/Admin/Documents/Unreal Projects/ai-project/Content/StarterContent/Textures/T_Brick_Hewn_Stone_D.uasset" 2883
"C:/Users/Admin/Documents/Unreal Projects/ai-project/Content/StarterContent/Textures/T_Brick_Hewn_Stone_N.uasset" 2884
"C:/Users/Admin/Documents/Unreal Projects/ai-project/Content/StarterContent/Textures/T_Brick_Cut_Stone_D.uasset" 2885
"C:/Users/Admin/Documents/Unreal Projects/ai-project/Content/StarterContent/Textures/T_Brick_Clay_Old_N.uasset" 2886
"C:/Users/Admin/Documents/Unreal Projects/ai-project/Content/StarterContent/Textures/T_Brick_Cut_Stone_N.uasset" 2887
"C:/Users/Admin/Documents/Unreal Projects/ai-project/Content/StarterContent/Textures/T_Brick_Clay_Old_D.uasset" 2888
"C:/Users/Admin/Documents/Unreal Projects/ai-project/Content/StarterContent/Textures/T_Brick_Clay_New_N.uasset" 2889
"C:/Users/Admin/Documents/Unreal Projects/ai-project/Content/StarterContent/Textures/T_Brick_Clay_New_M.uasset" 2890
"C:/Users/Admin/Documents/Unreal Projects/ai-project/Content/StarterContent/Textures/T_Brick_Clay_New_D.uasset" 2891
"C:/Users/Admin/Documents/Unreal Projects/ai-project/Content/StarterContent/Textures/T_Brick_Clay_Beveled_M.uasset" 2892
"C:/Users/Admin/Documents/Unreal Projects/ai-project/Content/StarterContent/Textures/T_Brick_Clay_Beveled_N.uasset" 2893
"C:/Users/Admin/Documents/Unreal Projects/ai-project/Content/StarterContent/Textures/T_Brick_Clay_Beveled_D.uasset" 2894
"C:/Users/Admin/Documents/Unreal Projects/ai-project/Content/StarterContent/Shapes/Shape_WideCapsule.uasset" 2895
"C:/Users/Admin/Documents/Unreal Projects/ai-project/Content/StarterContent/Shapes/Shape_Wedge_B.uasset" 2896
"C:/Users/Admin/Documents/Unreal Projects/ai-project/Content/StarterContent/Shapes/Shape_Wedge_A.uasset" 2897
"C:/Users/Admin/Documents/Unreal Projects/ai-project/Content/StarterContent/Shapes/Shape_Tube.uasset" 2898
"C:/Users/Admin/Documents/Unreal Projects/ai-project/Content/StarterContent/Shapes/Shape_Trim_90_Out.uasset" 2899
"C:/Users/Admin/Documents/Unreal Projects/ai-project/Content/StarterContent/Shapes/Shape_TriPyramid.uasset" 2900
"C:/Users/Admin/Documents/Unreal Projects/ai-project/Content/StarterContent/Shapes/Shape_Trim_90_In.uasset" 2901
"C:/Users/Admin/Documents/Unreal Projects/ai-project/Content/StarterContent/Shapes/Shape_Trim.uasset" 2902
"C:/Users/Admin/Documents/Unreal Projects/ai-project/Content/StarterContent/Shapes/Shape_Torus.uasset" 2903
"C:/Users/Admin/Documents/Unreal Projects/ai-project/Content/StarterContent/Shapes/Shape_Sphere.uasset" 2904
"C:/Users/Admin/Documents/Unreal Projects/ai-project/Content/StarterContent/Shapes/Shape_QuadPyramid.uasset" 2905
"C:/Users/Admin/Documents/Unreal Projects/ai-project/Content/StarterContent/Shapes/Shape_Plane.uasset" 2906
"C:/Users/Admin/Documents/Unreal Projects/ai-project/Content/StarterContent/Shapes/Shape_Pipe_90.uasset" 2907
"C:/Users/Admin/Documents/Unreal Projects/ai-project/Content/StarterContent/Shapes/Shape_Pipe.uasset" 2908
"C:/Users/Admin/Documents/Unreal Projects/ai-project/Content/StarterContent/Shapes/Shape_NarrowCapsule.uasset" 2909
"C:/Users/Admin/Documents/Unreal Projects/ai-project/Content/StarterContent/Props/SM_WindowFrame.uasset" 2910
"C:/Users/Admin/Documents/Unreal Projects/ai-project/Content/StarterContent/Shapes/Shape_Pipe_180.uasset" 2911
"C:/Users/Admin/Documents/Unreal Projects/ai-project/Content/StarterContent/Props/SM_TableRound.uasset" 2912
"C:/Users/Admin/Documents/Unreal Projects/ai-project/Content/StarterContent/Shapes/Shape_Cone.uasset" 2913
"C:/Users/Admin/Documents/Unreal Projects/ai-project/Content/StarterContent/Shapes/Shape_Cube.uasset" 2914
"C:/Users/Admin/Documents/Unreal Projects/ai-project/Content/StarterContent/Shapes/Shape_Cylinder.uasset" 2915
"C:/Users/Admin/Documents/Unreal Projects/ai-project/Content/StarterContent/Props/SM_Statue.uasset" 2916
"C:/Users/Admin/Documents/Unreal Projects/ai-project/Content/StarterContent/Props/SM_Stairs.uasset" 2917
"C:/Users/Admin/Documents/Unreal Projects/ai-project/Content/StarterContent/Props/SM_Shelf.uasset" 2918
"C:/Users/Admin/Documents/Unreal Projects/ai-project/Content/StarterContent/Props/SM_Rock.uasset" 2919
"C:/Users/Admin/Documents/Unreal Projects/ai-project/Content/StarterContent/Props/SM_PillarFrame300.uasset" 2920
"C:/Users/Admin/Documents/Unreal Projects/ai-project/Content/StarterContent/Props/SM_PillarFrame.uasset" 2921
"C:/Users/Admin/Documents/Unreal Projects/ai-project/Content/StarterContent/Props/SM_Lamp_Ceiling.uasset" 2922
"C:/Users/Admin/Documents/Unreal Projects/ai-project/Content/StarterContent/Props/SM_GlassWindow.uasset" 2923
"C:/Users/Admin/Documents/Unreal Projects/ai-project/Content/StarterContent/Props/SM_Lamp_Wall.uasset" 2924
"C:/Users/Admin/Documents/Unreal Projects/ai-project/Content/StarterContent/Props/SM_DoorFrame.uasset" 2925
"C:/Users/Admin/Documents/Unreal Projects/ai-project/Content/StarterContent/Props/SM_Door.uasset" 2926
"C:/Users/Admin/Documents/Unreal Projects/ai-project/Content/StarterContent/Props/SM_Chair.uasset" 2927
"C:/Users/Admin/Documents/Unreal Projects/ai-project/Content/StarterContent/Props/SM_Bush.uasset" 2928
"C:/Users/Admin/Documents/Unreal Projects/ai-project/Content/StarterContent/Props/MaterialSphere.uasset" 2929
"C:/Users/Admin/Documents/Unreal Projects/ai-project/Content/StarterContent/Props/SM_CornerFrame.uasset" 2930
"C:/Users/Admin/Documents/Unreal Projects/ai-project/Content/StarterContent/Props/SM_Couch.uasset" 2931
"C:/Users/Admin/Documents/Unreal Projects/ai-project/Content/StarterContent/Particles/P_Sparks.uasset" 2932
"C:/Users/Admin/Documents/Unreal Projects/ai-project/Content/StarterContent/Particles/P_Steam_Lit.uasset" 2933
"C:/Users/Admin/Documents/Unreal Projects/ai-project/Content/StarterContent/Particles/P_Explosion.uasset" 2934
"C:/Users/Admin/Documents/Unreal Projects/ai-project/Content/StarterContent/Particles/P_Ambient_Dust.uasset" 2935
"C:/Users/Admin/Documents/Unreal Projects/ai-project/Content/StarterContent/Materials/M_Wood_Walnut.uasset" 2936
"C:/Users/Admin/Documents/Unreal Projects/ai-project/Content/StarterContent/Particles/P_Fire.uasset" 2937
"C:/Users/Admin/Documents/Unreal Projects/ai-project/Content/StarterContent/Materials/M_Wood_Pine.uasset" 2938
"C:/Users/Admin/Documents/Unreal Projects/ai-project/Content/StarterContent/Particles/P_Smoke.uasset" 2939
"C:/Users/Admin/Documents/Unreal Projects/ai-project/Content/StarterContent/Materials/M_Wood_Floor_Walnut_Worn.uasset" 2940
"C:/Users/Admin/Documents/Unreal Projects/ai-project/Content/StarterContent/Materials/M_Wood_Floor_Walnut_Polished.uasset" 2941
"C:/Users/Admin/Documents/Unreal Projects/ai-project/Content/StarterContent/Materials/M_Water_Ocean.uasset" 2942
"C:/Users/Admin/Documents/Unreal Projects/ai-project/Content/StarterContent/Materials/M_Wood_Oak.uasset" 2943
"C:/Users/Admin/Documents/Unreal Projects/ai-project/Content/StarterContent/Materials/M_Tech_Panel.uasset" 2944
"C:/Users/Admin/Documents/Unreal Projects/ai-project/Content/StarterContent/Materials/M_Tech_Hex_Tile_Pulse.uasset" 2945
"C:/Users/Admin/Documents/Unreal Projects/ai-project/Content/StarterContent/Materials/M_Tech_Hex_Tile.uasset" 2946
"C:/Users/Admin/Documents/Unreal Projects/ai-project/Content/StarterContent/Materials/M_Tech_Checker_Dot.uasset" 2947
"C:/Users/Admin/Documents/Unreal Projects/ai-project/Content/StarterContent/Materials/M_Rock_Sandstone.uasset" 2948
"C:/Users/Admin/Documents/Unreal Projects/ai-project/Content/StarterContent/Materials/M_Rock_Basalt.uasset" 2949
"C:/Users/Admin/Documents/Unreal Projects/ai-project/Content/StarterContent/Materials/M_Rock_Marble_Polished.uasset" 2950
"C:/Users/Admin/Documents/Unreal Projects/ai-project/Content/StarterContent/Materials/M_Metal_Steel.uasset" 2951
"C:/Users/Admin/Documents/Unreal Projects/ai-project/Content/StarterContent/Materials/M_Metal_Rust.uasset" 2952
"C:/Users/Admin/Documents/Unreal Projects/ai-project/Content/StarterContent/Materials/M_Rock_Slate.uasset" 2953
"C:/Users/Admin/Documents/Unreal Projects/ai-project/Content/StarterContent/Materials/M_Metal_Gold.uasset" 2954
"C:/Users/Admin/Documents/Unreal Projects/ai-project/Content/StarterContent/Materials/M_Metal_Copper.uasset" 2955
"C:/Users/Admin/Documents/Unreal Projects/ai-project/Content/StarterContent/Materials/M_Metal_Burnished_Steel.uasset" 2956
"C:/Users/Admin/Documents/Unreal Projects/ai-project/Content/StarterContent/Materials/M_Water_Lake.uasset" 2957
"C:/Users/Admin/Documents/Unreal Projects/ai-project/Content/StarterContent/Materials/M_Metal_Chrome.uasset" 2958
"C:/Users/Admin/Documents/Unreal Projects/ai-project/Content/StarterContent/Materials/M_Metal_Brushed_Nickel.uasset" 2959
"C:/Users/Admin/Documents/Unreal Projects/ai-project/Content/StarterContent/Materials/M_Ground_Moss.uasset" 2960
"C:/Users/Admin/Documents/Unreal Projects/ai-project/Content/StarterContent/Materials/M_Ground_Grass.uasset" 2961
"C:/Users/Admin/Documents/Unreal Projects/ai-project/Content/StarterContent/Materials/M_Glass.uasset" 2962
"C:/Users/Admin/Documents/Unreal Projects/ai-project/Content/StarterContent/Materials/M_Concrete_Tiles.uasset" 2963
"C:/Users/Admin/Documents/Unreal Projects/ai-project/Content/StarterContent/Materials/M_Concrete_Panels.uasset" 2964
"C:/Users/Admin/Documents/Unreal Projects/ai-project/Content/StarterContent/Materials/M_Concrete_Poured.uasset" 2965
"C:/Users/Admin/Documents/Unreal Projects/ai-project/Content/StarterContent/Materials/M_Ground_Gravel.uasset" 2966
"C:/Users/Admin/Documents/Unreal Projects/ai-project/Content/StarterContent/Materials/M_CobbleStone_Smooth.uasset" 2967
"C:/Users/Admin/Documents/Unreal Projects/ai-project/Content/StarterContent/Materials/M_CobbleStone_Rough.uasset" 2968
"C:/Users/Admin/Documents/Unreal Projects/ai-project/Content/StarterContent/Materials/M_CobbleStone_Pebble.uasset" 2969
"C:/Users/Admin/Documents/Unreal Projects/ai-project/Content/StarterContent/Materials/M_Ceramic_Tile_Checker.uasset" 2970
"C:/Users/Admin/Documents/Unreal Projects/ai-project/Content/StarterContent/Materials/M_Brick_Hewn_Stone.uasset" 2971
"C:/Users/Admin/Documents/Unreal Projects/ai-project/Content/StarterContent/Materials/M_Brick_Cut_Stone.uasset" 2972
"C:/Users/Admin/Documents/Unreal Projects/ai-project/Content/StarterContent/Materials/M_Brick_Clay_New.uasset" 2973
"C:/Users/Admin/Documents/Unreal Projects/ai-project/Content/StarterContent/Materials/M_Brick_Clay_Old.uasset" 2974
"C:/Users/Admin/Documents/Unreal Projects/ai-project/Content/StarterContent/Materials/M_ColorGrid_LowSpec.uasset" 2975
"C:/Users/Admin/Documents/Unreal Projects/ai-project/Content/StarterContent/Materials/M_Brick_Clay_Beveled.uasset" 2976
"C:/Users/Admin/Documents/Unreal Projects/ai-project/Content/StarterContent/Materials/M_Basic_Wall.uasset" 2977
"C:/Users/Admin/Documents/Unreal Projects/ai-project/Content/StarterContent/Materials/M_Basic_Floor.uasset" 2978
"C:/Users/Admin/Documents/Unreal Projects/ai-project/Content/StarterContent/Materials/M_AssetPlatform.uasset" 2979
"C:/Users/Admin/Documents/Unreal Projects/ai-project/Content/StarterContent/Maps/StarterMap_BuiltData.uasset" 2980
"C:/Users/Admin/Documents/Unreal Projects/ai-project/Content/StarterContent/Maps/StarterMap.umap" 2981
"C:/Users/Admin/Documents/Unreal Projects/ai-project/Content/StarterContent/Maps/Minimal_Default.umap" 2982
"C:/Users/Admin/Documents/Unreal Projects/ai-project/Content/StarterContent/Maps/Advanced_Lighting.umap" 2983
"C:/Users/Admin/Documents/Unreal Projects/ai-project/Content/StarterContent/Maps/Minimal_Default_BuiltData.uasset" 2984
"C:/Users/Admin/Documents/Unreal Projects/ai-project/Content/StarterContent/Blueprints/Blueprint_Effect_Steam.uasset" 2985
"C:/Users/Admin/Documents/Unreal Projects/ai-project/Content/StarterContent/Maps/Advanced_Lighting_BuiltData.uasset" 2986
"C:/Users/Admin/Documents/Unreal Projects/ai-project/Content/StarterContent/Blueprints/Blueprint_WallSconce.uasset" 2987
"C:/Users/Admin/Documents/Unreal Projects/ai-project/Content/StarterContent/Blueprints/BP_LightStudio.uasset" 2988
"C:/Users/Admin/Documents/Unreal Projects/ai-project/Content/StarterContent/Blueprints/Blueprint_Effect_Sparks.uasset" 2989
"C:/Users/Admin/Documents/Unreal Projects/ai-project/Content/StarterContent/Materials/M_Concrete_Grime.uasset" 2990
"C:/Users/Admin/Documents/Unreal Projects/ai-project/Content/StarterContent/Blueprints/Blueprint_Effect_Smoke.uasset" 2991
"C:/Users/Admin/Documents/Unreal Projects/ai-project/Content/StarterContent/Blueprints/Blueprint_Effect_Explosion.uasset" 2992
"C:/Users/Admin/Documents/Unreal Projects/ai-project/Content/StarterContent/Blueprints/Blueprint_CeilingLight.uasset" 2993
"C:/Users/Admin/Documents/Unreal Projects/ai-project/Content/StarterContent/Blueprints/Blueprint_Effect_Fire.uasset" 2994
"C:/Users/Admin/Documents/Unreal Projects/ai-project/Content/StarterContent/Audio/Steam01_Cue.uasset" 2995
"C:/Users/Admin/Documents/Unreal Projects/ai-project/Content/StarterContent/Audio/Starter_Wind06.uasset" 2996
"C:/Users/Admin/Documents/Unreal Projects/ai-project/Content/StarterContent/Audio/Starter_Wind05.uasset" 2997
"C:/Users/Admin/Documents/Unreal Projects/ai-project/Content/StarterContent/Audio/Starter_Music_Cue.uasset" 2998
"C:/Users/Admin/Documents/Unreal Projects/ai-project/Content/StarterContent/Audio/Steam01.uasset" 2999
"C:/Users/Admin/Documents/Unreal Projects/ai-project/Content/StarterContent/HDRI/HDRI_Epic_Courtyard_Daylight.uasset" 3000
"C:/Users/Admin/Documents/Unreal Projects/ai-project/Content/StarterContent/Audio/Starter_Music01.uasset" 3001
"C:/Users/Admin/Documents/Unreal Projects/ai-project/Content/StarterContent/Audio/Starter_Birds01.uasset" 3002
"C:/Users/Admin/Documents/Unreal Projects/ai-project/Content/StarterContent/Audio/Starter_Background_Cue.uasset" 3003
"C:/Users/Admin/Documents/Unreal Projects/ai-project/Content/StarterContent/Audio/Smoke01_Cue.uasset" 3004
"C:/Users/Admin/Documents/Unreal Projects/ai-project/Content/StarterContent/Audio/Light02_Cue.uasset" 3005
"C:/Users/Admin/Documents/Unreal Projects/ai-project/Content/StarterContent/Audio/Light02.uasset" 3006
"C:/Users/Admin/Documents/Unreal Projects/ai-project/Content/StarterContent/Audio/Light01_Cue.uasset" 3007
"C:/Users/Admin/Documents/Unreal Projects/ai-project/Content/StarterContent/Audio/Smoke01.uasset" 3008
"C:/Users/Admin/Documents/Unreal Projects/ai-project/Content/StarterContent/Audio/Light01.uasset" 3009
"C:/Users/Admin/Documents/Unreal Projects/ai-project/Content/StarterContent/Audio/Fire_Sparks01_Cue.uasset" 3010
"C:/Users/Admin/Documents/Unreal Projects/ai-project/Content/StarterContent/Audio/Fire_Sparks01.uasset" 3011
"C:/Users/Admin/Documents/Unreal Projects/ai-project/Content/StarterContent/Audio/Fire01.uasset" 3012
"C:/Users/Admin/Documents/Unreal Projects/ai-project/Content/StarterContent/Audio/Explosion_Cue.uasset" 3013
"C:/Users/Admin/Documents/Unreal Projects/ai-project/Content/StarterContent/Audio/Explosion02.uasset" 3014
"C:/Users/Admin/Documents/Unreal Projects/ai-project/Content/StarterContent/Audio/Fire01_Cue.uasset" 3015
"C:/Users/Admin/Documents/Unreal Projects/ai-project/Content/StarterContent/Audio/Collapse_Cue.uasset" 3016
"C:/Users/Admin/Documents/Unreal Projects/ai-project/Content/StarterContent/Audio/Collapse02.uasset" 3017
"C:/Users/Admin/Documents/Unreal Projects/ai-project/Content/StarterContent/Architecture/Wall_Window_400x400.uasset" 3018
"C:/Users/Admin/Documents/Unreal Projects/ai-project/Content/StarterContent/Audio/Collapse01.uasset" 3019
"C:/Users/Admin/Documents/Unreal Projects/ai-project/Content/StarterContent/Architecture/Wall_Window_400x300.uasset" 3020
"C:/Users/Admin/Documents/Unreal Projects/ai-project/Content/StarterContent/Architecture/Wall_Door_400x400.uasset" 3021
"C:/Users/Admin/Documents/Unreal Projects/ai-project/Content/StarterContent/Architecture/Wall_Door_400x300.uasset" 3022
"C:/Users/Admin/Documents/Unreal Projects/ai-project/Content/StarterContent/Architecture/Wall_500x500.uasset" 3023
"C:/Users/Admin/Documents/Unreal Projects/ai-project/Content/StarterContent/Architecture/Wall_400x400.uasset" 3024
"C:/Users/Admin/Documents/Unreal Projects/ai-project/Content/StarterContent/Architecture/Wall_400x300.uasset" 3025
"C:/Users/Admin/Documents/Unreal Projects/ai-project/Content/StarterContent/Architecture/Wall_400x200.uasset" 3026
"C:/Users/Admin/Documents/Unreal Projects/ai-project/Content/StarterContent/Audio/Explosion01.uasset" 3027
"C:/Users/Admin/Documents/Unreal Projects/ai-project/Content/StarterContent/Architecture/SM_AssetPlatform.uasset" 3028
"C:/Users/Admin/Documents/Unreal Projects/ai-project/Content/StarterContent/Architecture/Pillar_50x500.uasset" 3029
"C:/Users/Admin/Documents/Unreal Projects/ai-project/Content/Maps/TestLevel.umap" 3030
"C:/Users/Admin/Documents/Unreal Projects/ai-project/Content/StarterContent/Architecture/Floor_400x400.uasset" 3031
"C:/Users/Admin/Documents/Unreal Projects/ai-project/Content/StarterContent/Props/Materials/M_TableRound.uasset" 3032
"C:/Users/Admin/Documents/Unreal Projects/ai-project/Content/StarterContent/Props/Materials/M_StatueGlass.uasset" 3033
"C:/Users/Admin/Documents/Unreal Projects/ai-project/Content/StarterContent/Props/Materials/M_Statue.uasset" 3034
"C:/Users/Admin/Documents/Unreal Projects/ai-project/Content/StarterContent/Props/Materials/M_Shelf.uasset" 3035
"C:/Users/Admin/Documents/Unreal Projects/ai-project/Content/StarterContent/Props/Materials/M_Lamp.uasset" 3036
"C:/Users/Admin/Documents/Unreal Projects/ai-project/Content/StarterContent/Props/Materials/M_Rock.uasset" 3037
"C:/Users/Admin/Documents/Unreal Projects/ai-project/Content/StarterContent/Props/Materials/M_Frame.uasset" 3038
"C:/Users/Admin/Documents/Unreal Projects/ai-project/Content/StarterContent/Props/Materials/M_Door.uasset" 3039
"C:/Users/Admin/Documents/Unreal Projects/ai-project/Content/StarterContent/Props/Materials/M_Chair.uasset" 3040
"C:/Users/Admin/Documents/Unreal Projects/ai-project/Content/StarterContent/Props/Materials/M_Bush.uasset" 3041
"C:/Users/Admin/Documents/Unreal Projects/ai-project/Content/StarterContent/Particles/Materials/M_Spark.uasset" 3042
"C:/Users/Admin/Documents/Unreal Projects/ai-project/Content/StarterContent/Particles/Materials/M_smoke_subUV.uasset" 3043
"C:/Users/Admin/Documents/Unreal Projects/ai-project/Content/StarterContent/Particles/Materials/M_radial_ramp.uasset" 3044
"C:/Users/Admin/Documents/Unreal Projects/ai-project/Content/StarterContent/Particles/Materials/M_Radial_Gradient.uasset" 3045
"C:/Users/Admin/Documents/Unreal Projects/ai-project/Content/StarterContent/Particles/Materials/M_Heat_Distortion.uasset" 3046
"C:/Users/Admin/Documents/Unreal Projects/ai-project/Content/StarterContent/Particles/Materials/m_flare_01.uasset" 3047
"C:/Users/Admin/Documents/Unreal Projects/ai-project/Content/StarterContent/Particles/Materials/M_Fire_SubUV.uasset" 3048
"C:/Users/Admin/Documents/Unreal Projects/ai-project/Content/StarterContent/Particles/Materials/M_explosion_subUV.uasset" 3049
"C:/Users/Admin/Documents/Unreal Projects/ai-project/Content/StarterContent/Particles/Materials/M_Dust_Particle.uasset" 3050
"C:/Users/Admin/Documents/Unreal Projects/ai-project/Content/StarterContent/Particles/Materials/M_Burst.uasset" 3051
"C:/Users/Admin/Documents/Unreal Projects/ai-project/Content/StarterContent/Blueprints/Assets/SunlightColorLUT.uasset" 3052
"C:/Users/Admin/Documents/Unreal Projects/ai-project/Content/StarterContent/Blueprints/Assets/SM_Arrows.uasset" 3053
"C:/Users/Admin/Documents/Unreal Projects/ai-project/Content/StarterContent/Blueprints/Assets/Skybox.uasset" 3054
"C:/Users/Admin/Documents/Unreal Projects/ai-project/Content/StarterContent/Blueprints/Assets/M_LightStage_Skybox_Master.uasset" 3055
"C:/Users/Admin/Documents/Unreal Projects/ai-project/Content/StarterContent/Blueprints/Assets/M_LightStage_Skybox_HDRI.uasset" 3056
"C:/Users/Admin/Documents/Unreal Projects/ai-project/Content/StarterContent/Blueprints/Assets/M_LightStage_Skybox_Black.uasset" 3057
"C:/Users/Admin/Documents/Unreal Projects/ai-project/Content/StarterContent/Blueprints/Assets/M_LightStage_Arrows.uasset" 3058
"C:/Users/Admin/Documents/Unreal Projects/ai-project/Content/StarterContent/Blueprints/Assets/FogBrightnessLUT.uasset" 3059
"C:/Users/Admin/Documents/Unreal Projects/ai-project/Content/Goals/Prisoner/Controller/C_PrisonerController.uasset" 3060
"C:/Users/Admin/Documents/Unreal Projects/ai-project/Content/Goals/Prisoner/Actions/A_Snitch.uasset" 3061
"C:/Users/Admin/Documents/Unreal Projects/ai-project/Content/Goals/Guard/Actions/A_Attack.uasset" 3062
"C:/Users/Admin/Documents/Unreal Projects/ai-project/Content/AI/FM_States/FS_Patrol.uasset" 3063
"C:/Users/Admin/Documents/Unreal Projects/ai-project/Content/AI/FM_States/FS_RangedAttack.uasset" 3064
"C:/Users/Admin/Documents/Unreal Projects/ai-project/Content/AI/FM_States/FS_CloseAttack.uasset" 3065
"../../../Engine/Content/EditorResources/S_Actor.uasset" 3066
"../../../../../../Users/Admin/Documents/Unreal Projects/ai-project/Intermediate/ShaderAutogen/PCD3D_SM6/AutogenShaderHeaders.ush" 3067
"../../../Engine/Content/EditorResources/S_BoxReflectionCapture.uasset" 3068
"../../../Engine/Content/EngineResources/DefaultTexture.uasset" 3069
"../../../Engine/Content/EngineResources/DefaultTextureCube.uasset" 3070
"../../../Engine/Content/EngineResources/DefaultVolumeTexture.uasset" 3071
"../../../Engine/Content/EngineResources/DefaultVolumeTexture2D.uasset" 3072
"../../../Engine/Content/EngineFonts/RobotoDistanceField.uasset" 3073
"../../../Engine/Content/EngineMaterials/DefaultTextMaterialOpaque.uasset" 3074
"../../../Engine/Content/Functions/Engine_MaterialFunctions01/Shading/PowerToRoughness.uasset" 3075
"../../../Engine/Content/Functions/Engine_MaterialFunctions01/Shading/ConvertFromDiffSpec.uasset" 3076
"../../../Engine/Content/EngineMaterials/WorldGridMaterial.uasset" 3077
"../../../Engine/Content/Functions/Engine_MaterialFunctions01/Opacity/CameraDepthFade.uasset" 3078
"../../../Engine/Content/EngineMaterials/T_Default_Material_Grid_M.uasset" 3079
"../../../Engine/Content/EngineMaterials/T_Default_Material_Grid_N.uasset" 3080
"../../../Engine/Content/EngineMaterials/DefaultDeferredDecalMaterial.uasset" 3081
"../../../Engine/Content/EngineMaterials/DefaultDiffuse.uasset" 3082
"../../../Engine/Content/EngineMaterials/DefaultLightFunctionMaterial.uasset" 3083
"../../../Engine/Content/EngineMaterials/DefaultPostProcessMaterial.uasset" 3084
"../../../Engine/Content/Functions/Engine_MaterialFunctions02/Utility/BreakOutFloat2Components.uasset" 3085
"../../../Engine/Content/EditorResources/S_Trigger.uasset" 3086
"../../../Engine/Content/EditorResources/S_TriggerBox.uasset" 3087
"../../../Engine/Content/EditorResources/S_TriggerCapsule.uasset" 3088
"../../../Engine/Content/EditorResources/S_TriggerSphere.uasset" 3089
"../../../Engine/Content/EngineDamageTypes/DmgTypeBP_Environmental.uasset" 3090
"../../../Engine/Content/EngineSky/VolumetricClouds/m_SimpleVolumetricCloud_Inst.uasset" 3091
"../../../Engine/Content/EngineSky/VolumetricClouds/m_SimpleVolumetricCloud.uasset" 3092
"../../../Engine/Content/Functions/Engine_MaterialFunctions02/Utility/MakeFloat2.uasset" 3093
"../../../Engine/Content/EngineSky/VolumetricClouds/CloudGradientTexture.uasset" 3094
"../../../Engine/Content/EngineSky/VolumetricClouds/CloudWeatherTexture.uasset" 3095
"../../../Engine/Content/EngineSky/VolumetricClouds/T_VolumeNoiseErosion32.uasset" 3096
"../../../Engine/Content/EngineSky/VolumetricClouds/T_NoiseErosion.uasset" 3097
"../../../Engine/Content/EngineSky/VolumetricClouds/T_VolumeNoiseShape64.uasset" 3098
"../../../Engine/Content/EngineSky/VolumetricClouds/T_NoiseShape64.uasset" 3099
"../../../Engine/Content/EngineMeshes/Sphere.uasset" 3100
"../../../Engine/Content/EngineResources/WhiteSquareTexture.uasset" 3101
"../../../Engine/Content/EngineResources/GradientTexture0.uasset" 3102
"../../../Engine/Content/EngineResources/Black.uasset" 3103
"../../../Engine/Content/EngineMaterials/Widget3DPassThrough_Translucent.uasset" 3104
"../../../Engine/Content/EngineMaterials/Widget3DPassThrough.uasset" 3105
"../../../Engine/Content/EngineMaterials/Widget3DPassThrough_Translucent_OneSided.uasset" 3106
"../../../Engine/Content/EngineMaterials/Widget3DPassThrough_Opaque.uasset" 3107
"../../../Engine/Content/EngineMaterials/Widget3DPassThrough_Opaque_OneSided.uasset" 3108
"../../../Engine/Content/EngineMaterials/Widget3DPassThrough_Masked.uasset" 3109
"../../../Engine/Content/EngineMaterials/Widget3DPassThrough_Masked_OneSided.uasset" 3110
"../../../Engine/Content/VREditor/ViewportInteractionAssetContainerData.uasset" 3111
"../../../Engine/Content/VREditor/SnapGrid/SnapGridMaterial.uasset" 3112
"../../../Engine/Content/Functions/Engine_MaterialFunctions02/Math/Transform3x3Matrix.uasset" 3113
"../../../Engine/Content/Functions/Engine_MaterialFunctions02/Utility/BreakOutFloat3Components.uasset" 3114
"../../../Engine/Content/Functions/Engine_MaterialFunctions02/SplitComponents.uasset" 3115
"../../../Engine/Content/Functions/Engine_MaterialFunctions02/Utility/MakeFloat3.uasset" 3116
"../../../Engine/Content/VREditor/TransformGizmo/TransformGizmoMaterial_Inst.uasset" 3117
"../../../Engine/Content/VREditor/TransformGizmo/TransformGizmoMaterial.uasset" 3118
"../../../Engine/Content/VREditor/LaserPointer/VR_LaserPower_01.uasset" 3119
"../../../Engine/Content/VREditor/TransformGizmo/TranslucentTransformGizmoMaterial_Inst.uasset" 3120
"../../../Engine/Content/VREditor/TransformGizmo/TranslucentTransformGizmoMaterial.uasset" 3121
"../../../Engine/Content/VREditor/SnapGrid/SnapGridPlaneMesh.uasset" 3122
"../../../Engine/Content/VREditor/Sounds/UI/Drop_Item_From_ContentBrowser.uasset" 3123
"../../../Engine/Content/VREditor/Sounds/UI/Gizmo_Handle_Clicked.uasset" 3124
"../../../Engine/Content/VREditor/Sounds/UI/Object_PickUp.uasset" 3125
"../../../Engine/Content/VREditor/Sounds/UI/Object_Snaps_To_Another_Actor.uasset" 3126
"../../../Engine/Content/VREditor/Sounds/UI/Object_Snaps_To_Grid.uasset" 3127
"../../../Engine/Content/VREditor/Sounds/UI/Scaling_Down.uasset" 3128
"../../../Engine/Content/VREditor/Sounds/UI/Scaling_Up.uasset" 3129
"../../../Engine/Content/VREditor/Sounds/UI/Selection_Changes.uasset" 3130
"../../../Engine/Content/VREditor/TransformGizmo/PlaneTranslationHandle.uasset" 3131
"../../../Engine/Content/VREditor/TransformGizmo/RotationHandleFull.uasset" 3132
"../../../Engine/Content/VREditor/TransformGizmo/RotationHandleIndicator.uasset" 3133
"../../../Engine/Content/VREditor/TransformGizmo/RotationHandleQuarter.uasset" 3134
"../../../Engine/Content/VREditor/TransformGizmo/StartRotationHandleIndicator.uasset" 3135
"../../../Engine/Content/VREditor/TransformGizmo/TransformGizmoFreeRotation.uasset" 3136
"../../../Engine/Content/VREditor/TransformGizmo/TranslateArrowHandle.uasset" 3137
"../../../Engine/Content/VREditor/TransformGizmo/UniformScaleHandle.uasset" 3138
"../../../Engine/Content/VREditor/TransformGizmo/BoundingBoxCorner.uasset" 3139
"../../../Engine/Content/VREditor/TransformGizmo/BoundingBoxEdge.uasset" 3140
"../../../Engine/Content/VREditor/TransformGizmo/SM_Sequencer_Node.uasset" 3141
"../../../Engine/Content/VREditor/TransformGizmo/Main.uasset" 3142
"../../../Engine/Content/VREditor/TransformGizmo/Xray.uasset" 3143
"../../../Engine/Content/EditorResources/S_Solver.uasset" 3144
"../../../Engine/Content/EngineDebugMaterials/VolumeToRender.uasset" 3145
"../../../Engine/Content/EngineDebugMaterials/M_VolumeRenderSphereTracePP.uasset" 3146
"../../../Engine/Content/Functions/Engine_MaterialFunctions02/Utility/CameraDirectionVector.uasset" 3147
"../../../Engine/Content/EditorMeshes/Camera/SM_CraneRig_Base.uasset" 3148
"../../../Engine/Content/EditorMaterials/Camera/MI_CineMat_Rig.uasset" 3149
"../../../Engine/Content/EditorMaterials/Camera/CineMat.uasset" 3150
"../../../Engine/Content/EditorMeshes/Camera/SM_CraneRig_Arm.uasset" 3151
"../../../Engine/Content/EditorMeshes/Camera/SM_CraneRig_Mount.uasset" 3152
"../../../Engine/Content/EditorMeshes/Camera/SM_CraneRig_Body.uasset" 3153
"../../../Engine/Content/EditorMeshes/Camera/SM_RailRig_Track.uasset" 3154
"../../../Engine/Content/EditorMeshes/Camera/SM_RailRig_Mount.uasset" 3155
"../../../Engine/Content/ArtTools/RenderToTexture/Meshes/S_1_Unit_Plane.uasset" 3156
"../../../Engine/Content/EngineDebugMaterials/M_SimpleUnlitTranslucent.uasset" 3157
"../../../Engine/Content/EngineFonts/Roboto.uasset" 3158
"../../../Engine/Content/EngineFonts/Faces/DroidSansFallback.uasset" 3159
"../../../Engine/Content/EngineFonts/Faces/RobotoBold.uasset" 3160
"../../../Engine/Content/EngineFonts/Faces/RobotoBoldItalic.uasset" 3161
"../../../Engine/Content/EngineFonts/Faces/RobotoItalic.uasset" 3162
"../../../Engine/Content/EngineFonts/Faces/RobotoLight.uasset" 3163
"../../../Engine/Content/EngineFonts/Faces/RobotoRegular.uasset" 3164
"../../../Engine/Content/EditorMaterials/ParticleSystems/PSysThumbnail_NoImage.uasset" 3165
"../../../Engine/Content/EditorMaterials/ParticleSystems/PSysThumbnail_OOD.uasset" 3166
"../../../Engine/Content/EditorLandscapeResources/SplineEditorMesh.uasset" 3167
"../../../Engine/Content/EditorLandscapeResources/SplineEditorMeshMat.uasset" 3168
"../../../Engine/Content/EditorLandscapeResources/DataLayer.uasset" 3169
"../../Plugins/Animation/ACLPlugin/Content/ACLAnimBoneCompressionSettings.uasset" 3170
"../../../Engine/Content/Animation/DefaultRecorderBoneCompression.uasset" 3171
"../../Plugins/Animation/ACLPlugin/Content/ACLAnimCurveCompressionSettings.uasset" 3172
"../../../Engine/Content/Animation/DefaultVariableFrameStrippingSettings.uasset" 3173
"../../Plugins/Animation/ControlRig/Content/Controls/ControlRigXRayMaterial.uasset" 3174
"../../Plugins/Animation/ControlRig/Content/Controls/DefaultGizmoLibraryNormalized.uasset" 3175
"../../Plugins/Animation/ControlRig/Content/M_Manip.uasset" 3176
"../../../Engine/Content/Functions/Engine_MaterialFunctions02/WorldPositionOffset/CameraOffset.uasset" 3177
"../../Plugins/Interchange/Runtime/Content/gltf/MaterialBodies/MF_Default_Body.uasset" 3178
"../../Plugins/Interchange/Runtime/Content/gltf/MaterialFunctions/MF_BaseColor.uasset" 3179
"../../Plugins/Interchange/Runtime/Content/gltf/Textures/T_White_srgb.uasset" 3180
"../../Plugins/Interchange/Runtime/Content/gltf/MaterialFunctions/MF_Emissive.uasset" 3181
"../../Plugins/Interchange/Runtime/Content/gltf/MaterialFunctions/MF_IOR.uasset" 3182
"../../Plugins/Interchange/Runtime/Content/gltf/MaterialFunctions/MF_Iridescence.uasset" 3183
"../../Plugins/Interchange/Runtime/Content/Functions/MF_Iridescence.uasset" 3184
"../../../Engine/Content/Functions/Engine_MaterialFunctions03/Math/RemapValueRange.uasset" 3185
"../../Plugins/Interchange/Runtime/Content/Utilities/New_LUT.uasset" 3186
"../../Plugins/Interchange/Runtime/Content/gltf/MaterialFunctions/MF_MetallicRoughness.uasset" 3187
"../../Plugins/Interchange/Runtime/Content/gltf/Textures/T_White_Linear.uasset" 3188
"../../Plugins/Interchange/Runtime/Content/gltf/MaterialFunctions/MF_Normals.uasset" 3189
"../../Plugins/Interchange/Runtime/Content/gltf/MaterialFunctions/MF_RotateNormals_TS.uasset" 3190
"../../Plugins/Interchange/Runtime/Content/gltf/Textures/T_Generic_N.uasset" 3191
"../../Plugins/Interchange/Runtime/Content/gltf/MaterialFunctions/MF_Occlusion.uasset" 3192
"../../Plugins/Interchange/Runtime/Content/gltf/MaterialFunctions/MF_Specular.uasset" 3193
"../../Plugins/Interchange/Runtime/Content/gltf/MaterialFunctions/MF_TransformUVs.uasset" 3194
"../../Plugins/Interchange/Runtime/Content/gltf/MaterialFunctions/MF_RotateV2.uasset" 3195
"../../Plugins/Interchange/Runtime/Content/gltf/MaterialBodies/MF_Unlit_Body.uasset" 3196
"../../Plugins/Interchange/Runtime/Content/gltf/MaterialBodies/MF_ClearCoat_Body.uasset" 3197
"../../Plugins/Interchange/Runtime/Content/gltf/MaterialFunctions/MF_Clearcoat.uasset" 3198
"../../../Engine/Content/Functions/Engine_MaterialFunctions01/Texturing/FlattenNormal.uasset" 3199
"../../Plugins/Interchange/Runtime/Content/gltf/MaterialBodies/MF_Sheen_Body.uasset" 3200
"../../Plugins/Interchange/Runtime/Content/gltf/MaterialFunctions/MF_Sheen.uasset" 3201
"../../Plugins/Interchange/Runtime/Content/gltf/MaterialBodies/MF_Transmission_Body.uasset" 3202
"../../Plugins/Interchange/Runtime/Content/gltf/MaterialFunctions/MF_Fresnel_DS.uasset" 3203
"../../Plugins/Interchange/Runtime/Content/gltf/MaterialFunctions/MF_Temporal_Blur.uasset" 3204
"../../../Engine/Content/Functions/Engine_MaterialFunctions02/Texturing/ScreenAlignedPixelToPixelUVs.uasset" 3205
"../../../Engine/Content/EngineMaterials/Good64x64TilingNoiseHighFreq.uasset" 3206
"../../Plugins/Interchange/Runtime/Content/gltf/MaterialFunctions/MF_Transmission.uasset" 3207
"../../Plugins/Interchange/Runtime/Content/gltf/MaterialBodies/MF_SpecularGlossiness_Body.uasset" 3208
"../../Plugins/Interchange/Runtime/Content/gltf/MaterialFunctions/MF_DiffuseSpecGloss.uasset" 3209
"../../Plugins/Interchange/Runtime/Content/gltf/MaterialFunctions/MF_SpecGlossToMetalRoughness.uasset" 3210
"../../Plugins/Interchange/Runtime/Content/gltf/MaterialFunctions/MF_PerceivedBrightness.uasset" 3211
"../../../Engine/Content/Functions/Engine_MaterialFunctions02/Math/AddComponents.uasset" 3212
"../../Plugins/2D/Paper2D/Content/MaskedUnlitSpriteMaterial.uasset" 3213
"../../Plugins/2D/Paper2D/Content/DefaultSpriteMaterial.uasset" 3214
"../../Plugins/2D/Paper2D/Content/PlaceholderTextures/DummySpriteTexture.uasset" 3215
"../../Plugins/2D/Paper2D/Content/OpaqueUnlitSpriteMaterial.uasset" 3216
"../../Plugins/2D/Paper2D/Content/DefaultPaperTerrainMaterial.uasset" 3217
"../../Plugins/2D/Paper2D/Content/DummySprite.uasset" 3218
"../../../../../../Users/Admin/Documents/Unreal Projects/ai-project/Content/ThirdPerson/Blueprints/BP_ThirdPersonCharacter.uasset" 3219
"../../../../../../Users/Admin/Documents/Unreal Projects/ai-project/Content/Characters/Mannequins/Animations/ABP_Manny.uasset" 3220
"../../../../../../Users/Admin/Documents/Unreal Projects/ai-project/Content/Characters/Mannequins/Animations/Manny/MM_Fall_Loop.uasset" 3221
"../../../Engine/Content/Animation/DefaultAnimBoneCompressionSettings.uasset" 3222
"../../../Engine/Content/Animation/DefaultAnimCurveCompressionSettings.uasset" 3223
"../../../../../../Users/Admin/Documents/Unreal Projects/ai-project/Content/Characters/Mannequins/Meshes/SK_Mannequin.uasset" 3224
"../../../../../../Users/Admin/Documents/Unreal Projects/ai-project/Content/Characters/Mannequins/Animations/Manny/MM_Idle.uasset" 3225
"../../../../../../Users/Admin/Documents/Unreal Projects/ai-project/Content/Characters/Mannequins/Animations/Manny/MM_Jump.uasset" 3226
"../../../../../../Users/Admin/Documents/Unreal Projects/ai-project/Content/Characters/Mannequins/Animations/Manny/MM_Land.uasset" 3227
"../../../../../../Users/Admin/Documents/Unreal Projects/ai-project/Content/Characters/Mannequins/Animations/Manny/BS_MM_WalkRun.uasset" 3228
"../../../../../../Users/Admin/Documents/Unreal Projects/ai-project/Content/Characters/Mannequins/Animations/Manny/MM_Run_Fwd.uasset" 3229
"../../../../../../Users/Admin/Documents/Unreal Projects/ai-project/Content/Characters/Mannequins/Animations/Manny/MM_Walk_Fwd.uasset" 3230
"../../../../../../Users/Admin/Documents/Unreal Projects/ai-project/Content/Characters/Mannequins/Animations/Manny/MM_Walk_InPlace.uasset" 3231
"../../../../../../Users/Admin/Documents/Unreal Projects/ai-project/Content/Characters/Mannequins/Rigs/CR_Mannequin_BasicFootIK.uasset" 3232
"../../Plugins/Animation/ControlRig/Content/Controls/DefaultGizmoLibrary.uasset" 3233
"../../../../../../Users/Admin/Documents/Unreal Projects/ai-project/Content/Anim/AM_QuinnAttack.uasset" 3234
"../../../../../../Users/Admin/Documents/Unreal Projects/ai-project/Content/Anim/QuinnnZombie_Attack.uasset" 3235
"../../../../../../Users/Admin/Documents/Unreal Projects/ai-project/Content/Anim/MN_QuinnAttack_Impact.uasset" 3236
"../../../../../../Users/Admin/Documents/Unreal Projects/ai-project/Content/Anim/MNW_ComboWIndow.uasset" 3237
"../../../../../../Users/Admin/Documents/Unreal Projects/ai-project/Content/Anim/NS_SImpleAttack.uasset" 3238
"../../../../../../Users/Admin/Documents/Unreal Projects/ai-project/Content/Anim/Guard/AM_BackHit.uasset" 3239
"../../../../../../Users/Admin/Documents/Unreal Projects/ai-project/Content/Anim/Guard/Guard_HitReact_Back.uasset" 3240
"../../../../../../Users/Admin/Documents/Unreal Projects/ai-project/Content/Characters/Guard/character__1__Skeleton.uasset" 3241
"../../../../../../Users/Admin/Documents/Unreal Projects/ai-project/Content/Anim/Guard/AM_FrontHit.uasset" 3242
"../../../../../../Users/Admin/Documents/Unreal Projects/ai-project/Content/Anim/Guard/Guard_HitReact_Left.uasset" 3243
"../../../../../../Users/Admin/Documents/Unreal Projects/ai-project/Content/ExternalAssets/sounds/VOXReac_HitReaction_HA_MaleCharVoc_01.uasset" 3244
"../../../../../../Users/Admin/Documents/Unreal Projects/ai-project/Content/ExternalAssets/sounds/VOXReac_HitReaction_HA_MaleCharVoc_04.uasset" 3245
"../../../../../../Users/Admin/Documents/Unreal Projects/ai-project/Content/ExternalAssets/sounds/VOXReac_HitReaction_HA_MaleCharVoc_31.uasset" 3246
"../../../../../../Users/Admin/Documents/Unreal Projects/ai-project/Content/ExternalAssets/sounds/VOXReac_HitReaction_HA_MaleCharVoc_36.uasset" 3247
"../../../Engine/Content/EditorBlueprintResources/StandardMacros.uasset" 3248
"../../../../../../Users/Admin/Documents/Unreal Projects/ai-project/Content/Characters/Mannequins/Materials/Functions/CA_Mannequin.uasset" 3249
"../../../../../../Users/Admin/Documents/Unreal Projects/ai-project/Content/Characters/Mannequins/Materials/Functions/ChromaticCurve.uasset" 3250
"../../../../../../Users/Admin/Documents/Unreal Projects/ai-project/Content/DataTables/BT_InventoryItemDatabase.uasset" 3251
"../../../../../../Users/Admin/Documents/Unreal Projects/ai-project/Content/ExternalAssets/FBX_format_food/advocado-half_pit.uasset" 3252
"../../../../../../Users/Admin/Documents/Unreal Projects/ai-project/Content/ExternalAssets/FBX_format_food/colormap.uasset" 3253
"../../../../../../Users/Admin/Documents/Unreal Projects/ai-project/Content/ExternalAssets/FBX_format_food/colormap_ncl1_1.uasset" 3254
"../../../../../../Users/Admin/Documents/Unreal Projects/ai-project/Content/ExternalAssets/FBX_format_food/cauliflower_cauliflower.uasset" 3255
"../../../../../../Users/Admin/Documents/Unreal Projects/ai-project/Content/ExternalAssets/FBX_format_food/utensil-fork_utensil-fork.uasset" 3256
"../../../../../../Users/Admin/Documents/Unreal Projects/ai-project/Content/ExternalAssets/FBX_format_graveyard/brick-wall-curve.uasset" 3257
"../../../../../../Users/Admin/Documents/Unreal Projects/ai-project/Content/ExternalAssets/FBX_format_graveyard/colormap.uasset" 3258
"../../../../../../Users/Admin/Documents/Unreal Projects/ai-project/Content/ExternalAssets/FBX_format_graveyard/colormap_ncl1_1.uasset" 3259
"../../../../../../Users/Admin/Documents/Unreal Projects/ai-project/Content/ExternalAssets/FBX_format_graveyard/shovel_shovel.uasset" 3260
"../../../../../../Users/Admin/Documents/Unreal Projects/ai-project/Content/ExternalAssets/icons/genericItem_color_001.uasset" 3261
"../../../../../../Users/Admin/Documents/Unreal Projects/ai-project/Content/ExternalAssets/icons/genericItem_color_005.uasset" 3262
"../../../../../../Users/Admin/Documents/Unreal Projects/ai-project/Content/ExternalAssets/icons/genericItem_color_015.uasset" 3263
"../../../../../../Users/Admin/Documents/Unreal Projects/ai-project/Content/ExternalAssets/icons/genericItem_color_022.uasset" 3264
"../../../../../../Users/Admin/Documents/Unreal Projects/ai-project/Content/ExternalAssets/icons/genericItem_color_088.uasset" 3265
"../../../../../../Users/Admin/Documents/Unreal Projects/ai-project/Content/ExternalAssets/icons/genericItem_color_089.uasset" 3266
"../../../../../../Users/Admin/Documents/Unreal Projects/ai-project/Content/ExternalAssets/icons/genericItem_color_096.uasset" 3267
"../../../../../../Users/Admin/Documents/Unreal Projects/ai-project/Content/ExternalAssets/icons/genericItem_color_101.uasset" 3268
"../../../../../../Users/Admin/Documents/Unreal Projects/ai-project/Content/ExternalAssets/icons/genericItem_color_104.uasset" 3269
"../../../../../../Users/Admin/Documents/Unreal Projects/ai-project/Content/ExternalAssets/icons/genericItem_color_122.uasset" 3270
"../../../../../../Users/Admin/Documents/Unreal Projects/ai-project/Content/ExternalAssets/icons/genericItem_color_129.uasset" 3271
"../../../../../../Users/Admin/Documents/Unreal Projects/ai-project/Content/ExternalAssets/icons/genericItem_color_130.uasset" 3272
"../../../../../../Users/Admin/Documents/Unreal Projects/ai-project/Content/ExternalAssets/icons/genericItem_color_131.uasset" 3273
"../../../../../../Users/Admin/Documents/Unreal Projects/ai-project/Content/ExternalAssets/icons/genericItem_color_133.uasset" 3274
"../../../../../../Users/Admin/Documents/Unreal Projects/ai-project/Content/ExternalAssets/icons/genericItem_color_151.uasset" 3275
"../../../../../../Users/Admin/Documents/Unreal Projects/ai-project/Content/ExternalAssets/icons/genericItem_color_154.uasset" 3276
"../../../../../../Users/Admin/Documents/Unreal Projects/ai-project/Content/ExternalAssets/icons/genericItem_color_155.uasset" 3277
"../../../../../../Users/Admin/Documents/Unreal Projects/ai-project/Content/ExternalAssets/icons/genericItem_color_156.uasset" 3278
"../../../../../../Users/Admin/Documents/Unreal Projects/ai-project/Content/ExternalAssets/icons/genericItem_color_159.uasset" 3279
"../../../../../../Users/Admin/Documents/Unreal Projects/ai-project/Content/ExternalAssets/icons/genericItem_color_161.uasset" 3280
"../../../../../../Users/Admin/Documents/Unreal Projects/ai-project/Content/ExternalAssets/Prsion/SM_Batton_T_Batton_0.uasset" 3281
"../../../../../../Users/Admin/Documents/Unreal Projects/ai-project/Content/ExternalAssets/Prsion/T_Batton.uasset" 3282
"../../Plugins/Interchange/Runtime/Content/gltf/MaterialInstances/MI_Default_Opaque_DS.uasset" 3283
"../../Plugins/Interchange/Runtime/Content/gltf/M_Default.uasset" 3284
"../../../../../../Users/Admin/Documents/Unreal Projects/ai-project/Content/ExternalAssets/Prsion/baton_texture_0.uasset" 3285
"../../../../../../Users/Admin/Documents/Unreal Projects/ai-project/Content/ExternalAssets/Prsion/baton_texture_1.uasset" 3286
"../../../../../../Users/Admin/Documents/Unreal Projects/ai-project/Content/ExternalAssets/Prsion/baton_texture_2.uasset" 3287
"../../../../../../Users/Admin/Documents/Unreal Projects/ai-project/Content/ExternalAssets/Prsion/SM_Key.uasset" 3288
"../../../../../../Users/Admin/Documents/Unreal Projects/ai-project/Content/ExternalAssets/Prsion/M_Metal.uasset" 3289
"../../../../../../Users/Admin/Documents/Unreal Projects/ai-project/Content/ExternalAssets/Prsion/SM_MetalFork.uasset" 3290
"../../../../../../Users/Admin/Documents/Unreal Projects/ai-project/Content/ExternalAssets/Prsion/SM_MetalKnife.uasset" 3291
"../../../../../../Users/Admin/Documents/Unreal Projects/ai-project/Content/ExternalAssets/Prsion/SM_MetalSpoon.uasset" 3292
"../../../../../../Users/Admin/Documents/Unreal Projects/ai-project/Content/ExternalAssets/Prsion/SM_MetalTray.uasset" 3293
"../../../../../../Users/Admin/Documents/Unreal Projects/ai-project/Content/ExternalAssets/Prsion/M_MetalFoodTray.uasset" 3294
"../../../../../../Users/Admin/Documents/Unreal Projects/ai-project/Content/ExternalAssets/Prsion/metal_food_tray_texture_0.uasset" 3295
"../../../../../../Users/Admin/Documents/Unreal Projects/ai-project/Content/ExternalAssets/Prsion/metal_food_tray_texture_1.uasset" 3296
"../../../../../../Users/Admin/Documents/Unreal Projects/ai-project/Content/ExternalAssets/Prsion/metal_food_tray_texture_2.uasset" 3297
"../../../../../../Users/Admin/Documents/Unreal Projects/ai-project/Content/ExternalAssets/Prsion/SM_MoltPlastic.uasset" 3298
"../../../../../../Users/Admin/Documents/Unreal Projects/ai-project/Content/ExternalAssets/Prsion/asteroid_001.uasset" 3299
"../../../../../../Users/Admin/Documents/Unreal Projects/ai-project/Content/ExternalAssets/Prsion/ps1_style_low_poly_asteroids_texture_0.uasset" 3300
"../../../../../../Users/Admin/Documents/Unreal Projects/ai-project/Content/ExternalAssets/Prsion/SM_PlasticKey.uasset" 3301
"../../../../../../Users/Admin/Documents/Unreal Projects/ai-project/Content/ExternalAssets/Prsion/material.uasset" 3302
"../../../../../../Users/Admin/Documents/Unreal Projects/ai-project/Content/ExternalAssets/Prsion/rusted_medieval_key_texture_0.uasset" 3303
"../../../../../../Users/Admin/Documents/Unreal Projects/ai-project/Content/ExternalAssets/Prsion/rusted_medieval_key_texture_1.uasset" 3304
"../../../../../../Users/Admin/Documents/Unreal Projects/ai-project/Content/ExternalAssets/Prsion/rusted_medieval_key_texture_2.uasset" 3305
"../../../../../../Users/Admin/Documents/Unreal Projects/ai-project/Content/RamsterZ_FreeAnims_Volume1/Demo/Floors_and_Walls/Mesh/1M_Cube.uasset" 3306
"../../../../../../Users/Admin/Documents/Unreal Projects/ai-project/Content/RamsterZ_FreeAnims_Volume1/Demo/Floors_and_Walls/Materials/m_CubeMaterial.uasset" 3307
"../../../../../../Users/Admin/Documents/Unreal Projects/ai-project/Content/DataTables/DT_NewCraftingBD.uasset" 3308
"../../../../../../Users/Admin/Documents/Unreal Projects/ai-project/Content/ThirdPerson/Input/Actions/IA_Attack.uasset" 3309
"../../../../../../Users/Admin/Documents/Unreal Projects/ai-project/Content/ThirdPerson/Input/Actions/IA_Jump.uasset" 3310
"../../../../../../Users/Admin/Documents/Unreal Projects/ai-project/Content/ThirdPerson/Input/Actions/IA_Look.uasset" 3311
"../../../../../../Users/Admin/Documents/Unreal Projects/ai-project/Content/ThirdPerson/Input/Actions/IA_Move.uasset" 3312
"../../../../../../Users/Admin/Documents/Unreal Projects/ai-project/Content/ThirdPerson/Input/Actions/IA_Take.uasset" 3313
"../../../../../../Users/Admin/Documents/Unreal Projects/ai-project/Content/ThirdPerson/Input/Actions/IA_ToggleCM.uasset" 3314
"../../../../../../Users/Admin/Documents/Unreal Projects/ai-project/Content/ThirdPerson/Input/Actions/IA_ToggleInventory.uasset" 3315
"../../../../../../Users/Admin/Documents/Unreal Projects/ai-project/Content/ThirdPerson/Input/IMC_Attack.uasset" 3316
"../../../../../../Users/Admin/Documents/Unreal Projects/ai-project/Content/ThirdPerson/Input/IMC_CraftingMenu.uasset" 3317
"../../../../../../Users/Admin/Documents/Unreal Projects/ai-project/Content/ThirdPerson/Input/IMC_Default.uasset" 3318
"../../../../../../Users/Admin/Documents/Unreal Projects/ai-project/Content/ThirdPerson/Input/Actions/IA_ChangeViewQ.uasset" 3319
"../../../../../../Users/Admin/Documents/Unreal Projects/ai-project/Content/ThirdPerson/Input/IMC_Interactions.uasset" 3320
"../../../../../../Users/Admin/Documents/Unreal Projects/ai-project/Content/Characters/Mannequins/Meshes/SKM_Quinn_Simple.uasset" 3321
"../../../../../../Users/Admin/Documents/Unreal Projects/ai-project/Content/Characters/Mannequins/Materials/Instances/Quinn/MI_Quinn_01.uasset" 3322
"../../../../../../Users/Admin/Documents/Unreal Projects/ai-project/Content/Characters/Mannequins/Materials/M_Mannequin.uasset" 3323
"../../../../../../Users/Admin/Documents/Unreal Projects/ai-project/Content/Characters/Mannequins/Materials/Functions/MF_Diffraction.uasset" 3324
"../../../../../../Users/Admin/Documents/Unreal Projects/ai-project/Content/Characters/Mannequins/Materials/Functions/MF_logo3layers.uasset" 3325
"../../../Engine/Content/Functions/Engine_MaterialFunctions01/Texturing/ScaleUVsByCenter.uasset" 3326
"../../../../../../Users/Admin/Documents/Unreal Projects/ai-project/Content/Characters/Mannequins/Textures/Shared/T_UE_Logo_M.uasset" 3327
"../../../../../../Users/Admin/Documents/Unreal Projects/ai-project/Content/Characters/Mannequins/Materials/Functions/ML_BaseColorFallOff.uasset" 3328
"../../../../../../Users/Admin/Documents/Unreal Projects/ai-project/Content/Characters/Mannequins/Textures/Manny/T_Manny_01_ASAOPMASK_MSK.uasset" 3329
"../../../../../../Users/Admin/Documents/Unreal Projects/ai-project/Content/Characters/Mannequins/Textures/Manny/T_Manny_01_BN.uasset" 3330
"../../../../../../Users/Admin/Documents/Unreal Projects/ai-project/Content/Characters/Mannequins/Textures/Manny/T_Manny_01_CCRCCPlastic_MSK.uasset" 3331
"../../../../../../Users/Admin/Documents/Unreal Projects/ai-project/Content/Characters/Mannequins/Textures/Manny/T_Manny_01_D.uasset" 3332
"../../../../../../Users/Admin/Documents/Unreal Projects/ai-project/Content/Characters/Mannequins/Textures/Manny/T_Manny_01_MSR_MSK.uasset" 3333
"../../../../../../Users/Admin/Documents/Unreal Projects/ai-project/Content/Characters/Mannequins/Textures/Manny/T_Manny_01_N.uasset" 3334
"../../../../../../Users/Admin/Documents/Unreal Projects/ai-project/Content/Characters/Mannequins/Textures/Manny/T_Manny_01_Tan.uasset" 3335
"../../../../../../Users/Admin/Documents/Unreal Projects/ai-project/Content/Characters/Mannequins/Textures/Quinn/T_Quinn_01_ASAOMASK_MSK.uasset" 3336
"../../../../../../Users/Admin/Documents/Unreal Projects/ai-project/Content/Characters/Mannequins/Textures/Quinn/T_Quinn_01_CCRCCPlastic_MSK.uasset" 3337
"../../../../../../Users/Admin/Documents/Unreal Projects/ai-project/Content/Characters/Mannequins/Textures/Quinn/T_Quinn_01ID_BN.uasset" 3338
"../../../../../../Users/Admin/Documents/Unreal Projects/ai-project/Content/Characters/Mannequins/Textures/Quinn/T_Quinn_01ID_D.uasset" 3339
"../../../../../../Users/Admin/Documents/Unreal Projects/ai-project/Content/Characters/Mannequins/Textures/Quinn/T_Quinn_01ID_MSR_MSK.uasset" 3340
"../../../../../../Users/Admin/Documents/Unreal Projects/ai-project/Content/Characters/Mannequins/Textures/Quinn/T_Quinn_01ID_N.uasset" 3341
"../../../../../../Users/Admin/Documents/Unreal Projects/ai-project/Content/Characters/Mannequins/Textures/Quinn/T_Quinn_01ID_Tan.uasset" 3342
"../../../../../../Users/Admin/Documents/Unreal Projects/ai-project/Content/Characters/Mannequins/Materials/Instances/Quinn/MI_Quinn_02.uasset" 3343
"../../../../../../Users/Admin/Documents/Unreal Projects/ai-project/Content/Characters/Mannequins/Textures/Quinn/T_Quinn_02_ASAOMASK_MSK.uasset" 3344
"../../../../../../Users/Admin/Documents/Unreal Projects/ai-project/Content/Characters/Mannequins/Textures/Quinn/T_Quinn_02_CCRCCPlastic_MSK.uasset" 3345
"../../../../../../Users/Admin/Documents/Unreal Projects/ai-project/Content/Characters/Mannequins/Textures/Quinn/T_Quinn_02ID_BN.uasset" 3346
"../../../../../../Users/Admin/Documents/Unreal Projects/ai-project/Content/Characters/Mannequins/Textures/Quinn/T_Quinn_02ID_D.uasset" 3347
"../../../../../../Users/Admin/Documents/Unreal Projects/ai-project/Content/Characters/Mannequins/Textures/Quinn/T_Quinn_02ID_MSR_MSK.uasset" 3348
"../../../../../../Users/Admin/Documents/Unreal Projects/ai-project/Content/Characters/Mannequins/Textures/Quinn/T_Quinn_02ID_N.uasset" 3349
"../../../../../../Users/Admin/Documents/Unreal Projects/ai-project/Content/Characters/Mannequins/Textures/Quinn/T_Quinn_02ID_Tan.uasset" 3350
"../../../../../../Users/Admin/Documents/Unreal Projects/ai-project/Content/Characters/Mannequins/Rigs/PA_Mannequin.uasset" 3351
"../../../../../../Users/Admin/Documents/Unreal Projects/ai-project/Content/ExternalAssets/FBX_format_food/advocado-half_advocado-half.uasset" 3352
"../../../../../../Users/Admin/Documents/Unreal Projects/ai-project/Content/ExternalAssets/sounds/MOVEActv_MediumHeavy_HA_WHOOSH_04.uasset" 3353
"../../../../../../Users/Admin/Documents/Unreal Projects/ai-project/Content/ExternalAssets/sounds/MOVEActv_MediumHeavy_HA_WHOOSH_09.uasset" 3354
"../../../../../../Users/Admin/Documents/Unreal Projects/ai-project/Content/ExternalAssets/sounds/MOVEActv_MediumHeavy_HA_WHOOSH_17.uasset" 3355
"../../../../../../Users/Admin/Documents/Unreal Projects/ai-project/Content/UI/WBP_CraftMenu.uasset" 3356
"../../../../../../Users/Admin/Documents/Unreal Projects/ai-project/Content/UI/WBP_Inventory.uasset" 3357
"../../../../../../Users/Admin/Documents/Unreal Projects/ai-project/Content/UI/WBP_InventoryItem.uasset" 3358
"../../../../../../Users/Admin/Documents/Unreal Projects/ai-project/Content/UI/WD_DSc.uasset" 3359
"../../../../../../Users/Admin/Documents/Unreal Projects/ai-project/Content/UI/WBP_CraftMenuItems.uasset" 3360
"../../../../../../Users/Admin/Documents/Unreal Projects/ai-project/Content/UI/WB_CraftMenuToolTip.uasset" 3361
"../../../../../../Users/Admin/Documents/Unreal Projects/ai-project/Content/UI/WB_CraftMenuToolTipBox.uasset" 3362
"../../../../../../Users/Admin/Documents/Unreal Projects/ai-project/Content/ExternalAssets/sounds/PrisonSounds/hey/RBS_Heys.uasset" 3363
"../../../../../../Users/Admin/Documents/Unreal Projects/ai-project/Content/ExternalAssets/sounds/PrisonSounds/hey/345083__metrostock99__hey-very-low-4.uasset" 3364
"../../../../../../Users/Admin/Documents/Unreal Projects/ai-project/Content/ExternalAssets/sounds/PrisonSounds/hey/345431__artmasterrich__male_heyyy_01.uasset" 3365
"../../../../../../Users/Admin/Documents/Unreal Projects/ai-project/Content/ExternalAssets/sounds/PrisonSounds/hey/545949__waveletaudio__game-character-hey-loud.uasset" 3366
"../../../Engine/Content/BasicShapes/BasicShapeMaterial.uasset" 3367
"../../../Engine/Content/EditorMaterials/Dataflow/DataflowVertexMaterial.uasset" 3368
"../../Plugins/Editor/SpeedTreeImporter/Content/SpeedTree9/SpeedTreeMaster.uasset" 3369
"../../../Engine/Content/Functions/Engine_MaterialFunctions02/ObjectLocalBounds.uasset" 3370
"../../../Engine/Content/Functions/Engine_MaterialFunctions02/SafeNormalize.uasset" 3371
"../../../Engine/Content/Functions/Engine_MaterialFunctions02/Utility/VectorLength.uasset" 3372
"../../../Engine/Content/Functions/Engine_MaterialFunctions02/UVs/BoundingBoxBased_0-1_UVW.uasset" 3373
"../../../Engine/Content/Functions/Engine_MaterialFunctions02/WorldPositionOffset/ObjectScale.uasset" 3374
"../../Plugins/Editor/SpeedTreeImporter/Content/SpeedTree9/SpeedTreeBranchMotion.uasset" 3375
"../../Plugins/Editor/SpeedTreeImporter/Content/SpeedTree9/SpeedTreeWindMotion.uasset" 3376
"../../Plugins/Editor/SpeedTreeImporter/Content/SpeedTree9/game_wind_noise.uasset" 3377
"../../Plugins/Editor/SpeedTreeImporter/Content/SpeedTree9/UnpackDirection.uasset" 3378
"../../Plugins/Editor/SpeedTreeImporter/Content/SpeedTree9/UnpackInteger3.uasset" 3379
"../../Plugins/Editor/SpeedTreeImporter/Content/SpeedTree9/SpeedTreeCameraFacing.uasset" 3380
"../../Plugins/Editor/SpeedTreeImporter/Content/SpeedTree9/SpeedTreeWind.uasset" 3381
"../../Plugins/Editor/SpeedTreeImporter/Content/SpeedTree9/Empty.uasset" 3382
"../../Plugins/Editor/SpeedTreeImporter/Content/SpeedTree9/EmptyNormal.uasset" 3383
"../../Plugins/Editor/SpeedTreeImporter/Content/SpeedTree9/SpeedTreeBillboardMaster.uasset" 3384
"../../Plugins/Editor/SpeedTreeImporter/Content/SpeedTree9/SpeedTreeBillboard.uasset" 3385
"../../Plugins/Media/MediaPlate/Content/SM_MediaPlateScreen.uasset" 3386
"../../../Engine/Intermediate/ProjectFiles/PrimaryProjectPath.txt" 3387
"C:/Users/Admin/AppData/Local/UnrealEngine/Editor/UInteractiveToolsPresetCollectionAsset_DefaultCollection.json" 3388
"../../../Engine/Content/EngineMaterials/NaniteHiddenSectionMaterial.uasset" 3389
"../../../Engine/Content/EngineMaterials/RemoveSurfaceMaterial.uasset" 3390
"../../../Engine/Content/EngineDebugMaterials/DebugMeshMaterial.uasset" 3391
"../../../Engine/Content/EngineMaterials/EmissiveMeshMaterial.uasset" 3392
"../../../Engine/Content/EngineMaterials/DefaultWhiteGrid_Low.uasset" 3393
"../../../Engine/Content/EngineMaterials/M_InvalidLightmapSettings.uasset" 3394
"../../../Engine/Content/EngineMaterials/InvalidLightmapSettings.uasset" 3395
"../../../Engine/Content/EngineMaterials/GizmoMaterial.uasset" 3396
"../../../Engine/Content/EngineMaterials/PhAT_JointLimitMaterial.uasset" 3397
"../../../Engine/Content/EngineMaterials/FlattenMaterial.uasset" 3398
"../../../Engine/Content/EngineMaterials/BaseFlattenDiffuseMap.uasset" 3399
"../../../Engine/Content/EngineMaterials/BaseFlattenEmissiveMap.uasset" 3400
"../../../Engine/Content/EngineMaterials/BaseFlattenGrayscaleMap.uasset" 3401
"../../../Engine/Content/EngineMaterials/BaseFlattenLinearColor.uasset" 3402
"../../../Engine/Content/EngineMaterials/BaseFlattenNormalMap.uasset" 3403
"../../../Engine/Content/Functions/Engine_MaterialFunctions02/PivotPainter2/Black_1x1_EXR_Texture.uasset" 3404
"../../../Engine/Content/EngineMaterials/FlattenMaterial_VT.uasset" 3405
"../../../Engine/Content/EngineMaterials/BaseFlattenDiffuseMap_VT.uasset" 3406
"../../../Engine/Content/EngineMaterials/BaseFlattenEmissiveMap_VT.uasset" 3407
"../../../Engine/Content/EngineMaterials/BaseFlattenGrayscaleMap_VT.uasset" 3408
"../../../Engine/Content/EngineMaterials/BaseFlattenLinearColor_VT.uasset" 3409
"../../../Engine/Content/EngineMaterials/BaseFlattenNormalMap_VT.uasset" 3410
"../../../Engine/Content/EngineMaterials/Black_1x1_EXR_Texture_VT.uasset" 3411
"../../../Engine/Content/EngineMaterials/FlattenMaterial_WS_Normal_VT.uasset" 3412
"../../../Engine/Content/EngineMaterials/DefaultBokeh.uasset" 3413
"../../../Engine/Content/EngineMaterials/MiniFont.uasset" 3414
"../../../Engine/Content/EngineMaterials/WeightMapPlaceholderTexture.uasset" 3415
"../../../Engine/Content/EngineMaterials/WeightMapArrayPlaceholderTexture.uasset" 3416
"../../../Engine/Content/EngineMaterials/DefaultWhiteGrid.uasset" 3417
"../../../Engine/Content/EngineMaterials/PreintegratedSkinBRDF.uasset" 3418
"../../../Engine/Content/EngineMaterials/DefaultPhysicalMaterial.uasset" 3419
"../../../Engine/Content/EngineMaterials/DefaultDestructiblePhysicalMaterial.uasset" 3420
"../../Plugins/Runtime/MeshModelingToolset/Content/Materials/M_DynamicMeshComponentVtxColor.uasset" 3421
"../../Plugins/FX/Niagara/Content/ParameterDefinitions/SpriteRenderer.uasset" 3422
"../../Plugins/FX/Niagara/Content/ParameterDefinitions/RibbonRenderer.uasset" 3423
"../../Plugins/FX/Niagara/Content/ParameterDefinitions/MeshRenderer.uasset" 3424
"../../Plugins/FX/Niagara/Content/ParameterDefinitions/LightRenderer.uasset" 3425
"../../Plugins/FX/Niagara/Content/ParameterDefinitions/DecalRenderer.uasset" 3426
"../../Plugins/FX/Niagara/Content/ParameterDefinitions/CoreParameters.uasset" 3427
"../../../Engine/Content/BasicShapes/Cube.uasset" 3428
"../../../Engine/Content/BasicShapes/Sphere.uasset" 3429
"../../../Engine/Content/EngineMaterials/DefaultMaterial.uasset" 3430
"../../../Engine/Content/BasicShapes/Cylinder.uasset" 3431
"../../../Engine/Content/BasicShapes/Cone.uasset" 3432
"../../../Engine/Content/BasicShapes/Plane.uasset" 3433
"../../../Engine/Content/EditorResources/SequenceRecorder/Countdown.uasset" 3434
"../../../Engine/Content/EditorResources/SequenceRecorder/RecordingIndicator.uasset" 3435
"../../../Engine/Content/EditorMaterials/PhAT_UnselectedMaterial.uasset" 3436
"../../../Engine/Content/EditorMaterials/PhAT_NoCollisionMaterial.uasset" 3437
"../../../Engine/Content/EditorLandscapeResources/DefaultAlphaTexture.uasset" 3438
"../../../Engine/Content/EditorResources/S_Terrain.uasset" 3439
"C:/Users/Admin/Documents/Unreal Projects/ai-project/Intermediate/ShaderAutogen/PCD3D_SM6/AutogenShaderHeaders.ush" 3440
"../../../Engine/Plugins/Interchange/Runtime/Content/Functions/MX_ThinFilmBSDF.uasset" 3441
"../../../Engine/Plugins/Interchange/Runtime/Content/Functions/MX_MeasuredEDF.uasset" 3442
"../../../Engine/Plugins/Interchange/Runtime/Content/Functions/MX_ConductorBSDF.uasset" 3443
"../../../Engine/Plugins/Interchange/Runtime/Content/Functions/MX_SubsurfaceBSDF.uasset" 3444
"../../../Engine/Plugins/Interchange/Runtime/Content/Functions/MX_TranslucentBSDF.uasset" 3445
"../../../Engine/Plugins/Interchange/Runtime/Content/Functions/MX_GeneralizedSchlickBSDF.uasset" 3446
"../../../Engine/Plugins/Animation/ControlRig/Content/Controls/ControlRigGizmoMaterial.uasset" 3447
"../../../Engine/Plugins/Interchange/Runtime/Content/Functions/MX_AnisotropicVDF.uasset" 3448
"../../../Engine/Plugins/Interchange/Runtime/Content/Functions/MX_AbsorptionVDF.uasset" 3449
"../../../Engine/Plugins/Interchange/Runtime/Content/Functions/MX_DielectricBSDF.uasset" 3450
"../../../Engine/Plugins/Interchange/Runtime/Content/Functions/MX_SheenBSDF.uasset" 3451
"../../../Engine/Plugins/Interchange/Runtime/Content/Functions/MX_ConicalEDF.uasset" 3452
"../../../Engine/Plugins/Interchange/Runtime/Content/Functions/MX_UniformEDF.uasset" 3453
"../../../Engine/Plugins/Interchange/Runtime/Content/Functions/MX_BurleyDiffuseBSDF.uasset" 3454
"../../../Engine/Plugins/Interchange/Runtime/Content/Pipelines/DefaultSceneLevelPipeline.uasset" 3455
"../../../Engine/Plugins/Interchange/Runtime/Content/Functions/MX_OrenNayarBSDF.uasset" 3456
"../../../Engine/Plugins/Interchange/Runtime/Content/Functions/MX_SurfaceUnlit.uasset" 3457
"../../../Engine/Plugins/Interchange/Runtime/Content/Pipelines/DefaultGLTFSceneAssetsPipeline.uasset" 3458
"../../../Engine/Plugins/Interchange/Runtime/Content/Functions/MX_UsdPreviewSurface.uasset" 3459
"../../../Engine/Plugins/Interchange/Runtime/Content/Pipelines/DefaultMaterialPipeline.uasset" 3460
"../../../Engine/Plugins/Interchange/Runtime/Content/Pipelines/DefaultSceneAssetsPipeline.uasset" 3461
"../../../Engine/Plugins/Interchange/Runtime/Content/Pipelines/DefaultGLTFAssetsPipeline.uasset" 3462
"../../../Engine/Plugins/Interchange/Runtime/Content/Pipelines/DefaultAssetsPipeline.uasset" 3463
"../../../Engine/Plugins/Interchange/Runtime/Content/Pipelines/DefaultMaterialXPipeline.uasset" 3464
"../../../Engine/Content/EngineSounds/Master.uasset" 3465
"../../../Engine/Content/EngineMaterials/STBlueNoise_vec2_128x128x64.uasset" 3466
"../../../Engine/Content/EngineMaterials/STBlueNoise_scalar_128x128x64.uasset" 3467
"../../../Engine/Content/EngineDebugMaterials/DebugEditorMaterial.uasset" 3468
"../../../Engine/Content/EngineMaterials/DefaultBloomKernel.uasset" 3469
"../../../Engine/Plugins/Interchange/Runtime/Content/Pipelines/DefaultGLTFPipeline.uasset" 3470
"../../../Engine/Plugins/Interchange/Runtime/Content/Pipelines/DefaultTexturePipeline.uasset" 3471
"../../../Engine/Content/EngineResources/FilmGrains/Marcie_Grain_v3_128_M2_000.uasset" 3472
"../../../Engine/Content/EditorResources/BSPVertex.uasset" 3473
"C:/Users/Admin/Documents/Unreal Projects/ai-project/Content/Maps/Kitchen.umap" 3474
"C:/Users/Admin/Documents/Unreal Projects/ai-project/Content/Maps/Kit.umap" 3475
"C:/Users/Admin/Documents/Unreal Projects/ai-project/Content/__ExternalObjects__/VehicleTemplate/Maps/VehicleOffroadExampleMap/E/QY/BWIOH8DIKNFMOEFU99E2KD.uasset" 3476
"C:/Users/Admin/Documents/Unreal Projects/ai-project/Content/__ExternalObjects__/VehicleTemplate/Maps/VehicleOffroadExampleMap/D/RE/TT0PNWXRJG2FZF8C4J0AEQ.uasset" 3477
"C:/Users/Admin/Documents/Unreal Projects/ai-project/Content/__ExternalObjects__/VehicleTemplate/Maps/VehicleOffroadExampleMap/C/3R/45DCKE3RQWYS2QXLFFGWXK.uasset" 3478
"C:/Users/Admin/Documents/Unreal Projects/ai-project/Content/__ExternalObjects__/VehicleTemplate/Maps/VehicleOffroadExampleMap/8/KP/UJKIIP0UWRL5P345SHLOEJ.uasset" 3479
"C:/Users/Admin/Documents/Unreal Projects/ai-project/Content/__ExternalObjects__/VehicleTemplate/Maps/VehicleOffroadExampleMap/7/I9/SX4BRTOLSHZ4SO97WG9F6S.uasset" 3480
"C:/Users/Admin/Documents/Unreal Projects/ai-project/Content/__ExternalObjects__/VehicleTemplate/Maps/VehicleOffroadExampleMap/7/0W/5MFYIXWW8GWPA7IC4GN3FB.uasset" 3481
"C:/Users/Admin/Documents/Unreal Projects/ai-project/Content/__ExternalObjects__/VehicleTemplate/Maps/VehicleOffroadExampleMap/5/9C/C2H18IMFHO7GCAKJAJEWR1.uasset" 3482
"C:/Users/Admin/Documents/Unreal Projects/ai-project/Content/__ExternalObjects__/VehicleTemplate/Maps/VehicleOffroadExampleMap/3/O1/ZU68OYX8E9GSPKN55UURZO.uasset" 3483
"C:/Users/Admin/Documents/Unreal Projects/ai-project/Content/__ExternalObjects__/VehicleTemplate/Maps/VehicleExampleMap/8/HH/AY6CLBSAHJ7OA3GAJGYOOZ.uasset" 3484
"C:/Users/Admin/Documents/Unreal Projects/ai-project/Content/__ExternalObjects__/VehicleTemplate/Maps/VehicleExampleMap/7/BV/OUXRJD33RXC9NIDYKFJB62.uasset" 3485
"C:/Users/Admin/Documents/Unreal Projects/ai-project/Content/__ExternalObjects__/VehicleTemplate/Maps/VehicleExampleMap/5/BP/7ZZR3F8VA42X0Y8GY9FR5F.uasset" 3486
"C:/Users/Admin/Documents/Unreal Projects/ai-project/Content/__ExternalObjects__/VehicleTemplate/Maps/VehicleExampleMap/3/XY/OU7YANIF0KNUVHCR6XLSE7.uasset" 3487
"C:/Users/Admin/Documents/Unreal Projects/ai-project/Content/__ExternalObjects__/VehicleTemplate/Maps/VehicleExampleMap/1/XO/X6RBKU252RP7CZ9VXF9MR1.uasset" 3488
"C:/Users/Admin/Documents/Unreal Projects/ai-project/Content/__ExternalObjects__/VehicleTemplate/Maps/VehicleExampleMap/0/IW/DAKW2A6SCQ6ZK9Q92M368D.uasset" 3489
"C:/Users/Admin/Documents/Unreal Projects/ai-project/Content/__ExternalObjects__/LocomotionAnimPack/Demo/ThirdPerson/Maps/ThirdPersonMap/C/6X/ICGFY0W7MJC8LGMNIT4193.uasset" 3490
"C:/Users/Admin/Documents/Unreal Projects/ai-project/Content/__ExternalObjects__/LocomotionAnimPack/Demo/ThirdPerson/Maps/ThirdPersonMap/A/EM/4JHW1I5Y6E1MFKTABNG03B.uasset" 3491
"C:/Users/Admin/Documents/Unreal Projects/ai-project/Content/__ExternalObjects__/LocomotionAnimPack/Demo/ThirdPerson/Maps/ThirdPersonMap/4/NI/Q3UHBMX8S7HBIUQ5FG7O4U.uasset" 3492
"C:/Users/Admin/Documents/Unreal Projects/ai-project/Content/__ExternalObjects__/LocomotionAnimPack/Demo/ThirdPerson/Maps/ThirdPersonMap/2/HD/X5E1ZKMQEWDCWVEB54J32Y.uasset" 3493
"C:/Users/Admin/Documents/Unreal Projects/ai-project/Content/UI/WBP_VolumeSlider.uasset" 3494
"C:/Users/Admin/Documents/Unreal Projects/ai-project/Content/UI/WBP_Visual.uasset" 3495
"C:/Users/Admin/Documents/Unreal Projects/ai-project/Content/UI/WBP_Health.uasset" 3496
"C:/Users/Admin/Documents/Unreal Projects/ai-project/Content/UI/NewBlueprint.uasset" 3497
"C:/Users/Admin/Documents/Unreal Projects/ai-project/Content/UI/BP_MenuUI.uasset" 3498
"C:/Users/Admin/Documents/Unreal Projects/ai-project/Content/ThirdPerson/Maps/ThirdPersonMap_BuiltData.uasset" 3499
"C:/Users/Admin/Documents/Unreal Projects/ai-project/Content/ThirdPerson/Input/Actions/IA_ChangeViewE.uasset" 3500
"C:/Users/Admin/Documents/Unreal Projects/ai-project/Content/ThirdPerson/Blueprints/S_WorldState.uasset" 3501
"C:/Users/Admin/Documents/Unreal Projects/ai-project/Content/ThirdPerson/Blueprints/NewCurveBase.uasset" 3502
"C:/Users/Admin/Documents/Unreal Projects/ai-project/Content/ThirdPerson/Blueprints/A_Clock.uasset" 3503
"C:/Users/Admin/Documents/Unreal Projects/ai-project/Content/StarterContent/Architecture/texture_door.uasset" 3504
"C:/Users/Admin/Documents/Unreal Projects/ai-project/Content/StarterContent/Architecture/texture_1.uasset" 3505
"C:/Users/Admin/Documents/Unreal Projects/ai-project/Content/RamsterZ_FreeAnims_Volume1/Demo/Mannequin/Character/Textures/UE4_Mannequin__normals.uasset" 3506
"C:/Users/Admin/Documents/Unreal Projects/ai-project/Content/RamsterZ_FreeAnims_Volume1/Demo/Mannequin/Character/Textures/UE4_Mannequin_MAT_MASKA.uasset" 3507
"C:/Users/Admin/Documents/Unreal Projects/ai-project/Content/RamsterZ_FreeAnims_Volume1/Demo/Mannequin/Character/Textures/UE4_LOGO_CARD.uasset" 3508
"C:/Users/Admin/Documents/Unreal Projects/ai-project/Content/RamsterZ_FreeAnims_Volume1/Demo/Mannequin/Character/Textures/UE4Man_Logo_N.uasset" 3509
"C:/Users/Admin/Documents/Unreal Projects/ai-project/Content/RamsterZ_FreeAnims_Volume1/Demo/Mannequin/Character/Mesh/UE4_Mannequin_Skeleton.uasset" 3510
"C:/Users/Admin/Documents/Unreal Projects/ai-project/Content/RamsterZ_FreeAnims_Volume1/Demo/Mannequin/Character/Mesh/SK_Mannequin_PhysicsAsset.uasset" 3511
"../../../../../../Users/Admin/Documents/Unreal Projects/ai-project/Content/StarterContent/Audio/Steam01.uasset" 3512
"C:/Users/Admin/Documents/Unreal Projects/ai-project/Content/RamsterZ_FreeAnims_Volume1/Demo/Mannequin/Character/Materials/MaterialLayers/T_ML_Rubber_Blue_01_D.uasset" 3513
"C:/Users/Admin/Documents/Unreal Projects/ai-project/Content/RamsterZ_FreeAnims_Volume1/Demo/Mannequin/Character/Materials/MaterialLayers/T_ML_Rubber_Blue_01_N.uasset" 3514
"../../../../../../Users/Admin/Documents/Unreal Projects/ai-project/Content/StarterContent/Audio/Starter_Wind06.uasset" 3515
"C:/Users/Admin/Documents/Unreal Projects/ai-project/Content/RamsterZ_FreeAnims_Volume1/Demo/Mannequin/Character/Materials/MaterialLayers/T_ML_Aluminum01_N.uasset" 3516
"../../../../../../Users/Admin/Documents/Unreal Projects/ai-project/Content/StarterContent/Audio/Starter_Wind05.uasset" 3517
"C:/Users/Admin/Documents/Unreal Projects/ai-project/Content/RamsterZ_FreeAnims_Volume1/Demo/Mannequin/Character/Materials/MaterialLayers/T_ML_Aluminum01.uasset" 3518
"../../../../../../Users/Admin/Documents/Unreal Projects/ai-project/Content/StarterContent/Audio/Starter_Music01.uasset" 3519
"C:/Users/Admin/Documents/Unreal Projects/ai-project/Content/RamsterZ_FreeAnims_Volume1/Demo/Mannequin/Character/Materials/MaterialLayers/ML_Plastic_Shiny_Beige.uasset" 3520
"C:/Users/Admin/Documents/Unreal Projects/ai-project/Content/RamsterZ_FreeAnims_Volume1/Demo/Floors_and_Walls/Materials/m_PropMaterial.uasset" 3521
"../../../../../../Users/Admin/Documents/Unreal Projects/ai-project/Content/StarterContent/Audio/Starter_Birds01.uasset" 3522
"C:/Users/Admin/Documents/Unreal Projects/ai-project/Content/Maps/mansion_map_img__1_.uasset" 3523
"C:/Users/Admin/Documents/Unreal Projects/ai-project/Content/LevelPrototyping/Textures/T_GridChecker_A.uasset" 3524
"../../../../../../Users/Admin/Documents/Unreal Projects/ai-project/Content/StarterContent/Audio/Smoke01.uasset" 3525
"C:/Users/Admin/Documents/Unreal Projects/ai-project/Content/LevelPrototyping/Materials/M_Solid.uasset" 3526
"C:/Users/Admin/Documents/Unreal Projects/ai-project/Content/Interface_And_Item_Sounds/WAV/Special_Powerup_10.uasset" 3527
"../../../../../../Users/Admin/Documents/Unreal Projects/ai-project/Content/StarterContent/Audio/Light02.uasset" 3528
"C:/Users/Admin/Documents/Unreal Projects/ai-project/Content/Interface_And_Item_Sounds/WAV/Special_Powerup_08.uasset" 3529
"C:/Users/Admin/Documents/Unreal Projects/ai-project/Content/Interface_And_Item_Sounds/WAV/Special_Powerup_09.uasset" 3530
"../../../../../../Users/Admin/Documents/Unreal Projects/ai-project/Content/StarterContent/Audio/Light01.uasset" 3531
"C:/Users/Admin/Documents/Unreal Projects/ai-project/Content/Interface_And_Item_Sounds/WAV/Special_Powerup_06.uasset" 3532
"C:/Users/Admin/Documents/Unreal Projects/ai-project/Content/Interface_And_Item_Sounds/WAV/Special_Powerup_07.uasset" 3533
"../../../../../../Users/Admin/Documents/Unreal Projects/ai-project/Content/StarterContent/Audio/Fire_Sparks01.uasset" 3534
"C:/Users/Admin/Documents/Unreal Projects/ai-project/Content/Interface_And_Item_Sounds/WAV/Special_Powerup_04.uasset" 3535
"C:/Users/Admin/Documents/Unreal Projects/ai-project/Content/Interface_And_Item_Sounds/WAV/Special_Powerup_05.uasset" 3536
"../../../../../../Users/Admin/Documents/Unreal Projects/ai-project/Content/StarterContent/Audio/Fire01.uasset" 3537
"C:/Users/Admin/Documents/Unreal Projects/ai-project/Content/Interface_And_Item_Sounds/WAV/Special_Powerup_03.uasset" 3538
"C:/Users/Admin/Documents/Unreal Projects/ai-project/Content/Interface_And_Item_Sounds/WAV/Special_Powerup_02.uasset" 3539
"../../../../../../Users/Admin/Documents/Unreal Projects/ai-project/Content/StarterContent/Audio/Explosion01.uasset" 3540
"../../../../../../Users/Admin/Documents/Unreal Projects/ai-project/Content/StarterContent/Audio/Explosion02.uasset" 3541
"C:/Users/Admin/Documents/Unreal Projects/ai-project/Content/Interface_And_Item_Sounds/WAV/Special_Musical_05.uasset" 3542
"C:/Users/Admin/Documents/Unreal Projects/ai-project/Content/Interface_And_Item_Sounds/WAV/Special_Musical_04.uasset" 3543
"C:/Users/Admin/Documents/Unreal Projects/ai-project/Content/Interface_And_Item_Sounds/WAV/Special_Powerup_01.uasset" 3544
"../../../../../../Users/Admin/Documents/Unreal Projects/ai-project/Content/StarterContent/Audio/Collapse01.uasset" 3545
"../../../../../../Users/Admin/Documents/Unreal Projects/ai-project/Content/StarterContent/Audio/Collapse02.uasset" 3546
"C:/Users/Admin/Documents/Unreal Projects/ai-project/Content/Interface_And_Item_Sounds/WAV/Special_Musical_03.uasset" 3547
"C:/Users/Admin/Documents/Unreal Projects/ai-project/Content/Interface_And_Item_Sounds/WAV/Special_Musical_01.uasset" 3548
"C:/Users/Admin/Documents/Unreal Projects/ai-project/Content/Interface_And_Item_Sounds/WAV/Special_Musical_02.uasset" 3549
"C:/Users/Admin/Documents/Unreal Projects/ai-project/Content/Interface_And_Item_Sounds/WAV/Ringtone_01.uasset" 3550
"C:/Users/Admin/Documents/Unreal Projects/ai-project/Content/Interface_And_Item_Sounds/WAV/Pop_10.uasset" 3551
"C:/Users/Admin/Documents/Unreal Projects/ai-project/Content/Interface_And_Item_Sounds/WAV/Pop_09.uasset" 3552
"C:/Users/Admin/Documents/Unreal Projects/ai-project/Content/Interface_And_Item_Sounds/WAV/Pop_08.uasset" 3553
"C:/Users/Admin/Documents/Unreal Projects/ai-project/Content/Interface_And_Item_Sounds/WAV/Pop_07.uasset" 3554
"C:/Users/Admin/Documents/Unreal Projects/ai-project/Content/Interface_And_Item_Sounds/WAV/Pop_06.uasset" 3555
"C:/Users/Admin/Documents/Unreal Projects/ai-project/Content/Interface_And_Item_Sounds/WAV/Pop_05.uasset" 3556
"C:/Users/Admin/Documents/Unreal Projects/ai-project/Content/Interface_And_Item_Sounds/WAV/Pop_04.uasset" 3557
"C:/Users/Admin/Documents/Unreal Projects/ai-project/Content/Interface_And_Item_Sounds/WAV/Pop_03.uasset" 3558
"C:/Users/Admin/Documents/Unreal Projects/ai-project/Content/Interface_And_Item_Sounds/WAV/Pop_02.uasset" 3559
"C:/Users/Admin/Documents/Unreal Projects/ai-project/Content/Interface_And_Item_Sounds/WAV/Pop_01.uasset" 3560
"C:/Users/Admin/Documents/Unreal Projects/ai-project/Content/Interface_And_Item_Sounds/WAV/Musical_Click_10.uasset" 3561
"C:/Users/Admin/Documents/Unreal Projects/ai-project/Content/Interface_And_Item_Sounds/WAV/Musical_Click_09.uasset" 3562
"C:/Users/Admin/Documents/Unreal Projects/ai-project/Content/Interface_And_Item_Sounds/WAV/Musical_Click_08.uasset" 3563
"C:/Users/Admin/Documents/Unreal Projects/ai-project/Content/Interface_And_Item_Sounds/WAV/Musical_Click_07.uasset" 3564
"C:/Users/Admin/Documents/Unreal Projects/ai-project/Content/Interface_And_Item_Sounds/WAV/Musical_Click_06.uasset" 3565
"C:/Users/Admin/Documents/Unreal Projects/ai-project/Content/Interface_And_Item_Sounds/WAV/Musical_Click_05.uasset" 3566
"../../../../../../Users/Admin/Documents/Unreal Projects/ai-project/Content/Interface_And_Item_Sounds/WAV/Special_Powerup_10.uasset" 3567
"C:/Users/Admin/Documents/Unreal Projects/ai-project/Content/Interface_And_Item_Sounds/WAV/Musical_Click_04.uasset" 3568
"../../../../../../Users/Admin/Documents/Unreal Projects/ai-project/Content/Interface_And_Item_Sounds/WAV/Special_Powerup_09.uasset" 3569
"C:/Users/Admin/Documents/Unreal Projects/ai-project/Content/Interface_And_Item_Sounds/WAV/Musical_Click_03.uasset" 3570
"../../../../../../Users/Admin/Documents/Unreal Projects/ai-project/Content/Interface_And_Item_Sounds/WAV/Special_Powerup_08.uasset" 3571
"C:/Users/Admin/Documents/Unreal Projects/ai-project/Content/Interface_And_Item_Sounds/WAV/Musical_Click_02.uasset" 3572
"../../../../../../Users/Admin/Documents/Unreal Projects/ai-project/Content/Interface_And_Item_Sounds/WAV/Special_Powerup_07.uasset" 3573
"C:/Users/Admin/Documents/Unreal Projects/ai-project/Content/Interface_And_Item_Sounds/WAV/Musical_Click_01.uasset" 3574
"../../../../../../Users/Admin/Documents/Unreal Projects/ai-project/Content/Interface_And_Item_Sounds/WAV/Special_Powerup_06.uasset" 3575
"C:/Users/Admin/Documents/Unreal Projects/ai-project/Content/Interface_And_Item_Sounds/WAV/Item_Sell_Purchase_05.uasset" 3576
"../../../../../../Users/Admin/Documents/Unreal Projects/ai-project/Content/Interface_And_Item_Sounds/WAV/Special_Powerup_05.uasset" 3577
"C:/Users/Admin/Documents/Unreal Projects/ai-project/Content/Interface_And_Item_Sounds/WAV/Item_Sell_Purchase_04.uasset" 3578
"../../../../../../Users/Admin/Documents/Unreal Projects/ai-project/Content/Interface_And_Item_Sounds/WAV/Special_Powerup_04.uasset" 3579
"C:/Users/Admin/Documents/Unreal Projects/ai-project/Content/Interface_And_Item_Sounds/WAV/Item_Sell_Purchase_03.uasset" 3580
"../../../../../../Users/Admin/Documents/Unreal Projects/ai-project/Content/Interface_And_Item_Sounds/WAV/Special_Powerup_03.uasset" 3581
"C:/Users/Admin/Documents/Unreal Projects/ai-project/Content/Interface_And_Item_Sounds/WAV/Item_Sell_Purchase_02.uasset" 3582
"../../../../../../Users/Admin/Documents/Unreal Projects/ai-project/Content/Interface_And_Item_Sounds/WAV/Special_Powerup_02.uasset" 3583
"C:/Users/Admin/Documents/Unreal Projects/ai-project/Content/Interface_And_Item_Sounds/WAV/Item_Sell_Purchase_01.uasset" 3584
"../../../../../../Users/Admin/Documents/Unreal Projects/ai-project/Content/Interface_And_Item_Sounds/WAV/Special_Powerup_01.uasset" 3585
"C:/Users/Admin/Documents/Unreal Projects/ai-project/Content/Interface_And_Item_Sounds/WAV/Gong_03.uasset" 3586
"../../../../../../Users/Admin/Documents/Unreal Projects/ai-project/Content/Interface_And_Item_Sounds/WAV/Special_Musical_05.uasset" 3587
"C:/Users/Admin/Documents/Unreal Projects/ai-project/Content/Interface_And_Item_Sounds/WAV/Gong_02.uasset" 3588
"../../../../../../Users/Admin/Documents/Unreal Projects/ai-project/Content/Interface_And_Item_Sounds/WAV/Special_Musical_04.uasset" 3589
"C:/Users/Admin/Documents/Unreal Projects/ai-project/Content/Interface_And_Item_Sounds/WAV/Gong_01.uasset" 3590
"../../../../../../Users/Admin/Documents/Unreal Projects/ai-project/Content/Interface_And_Item_Sounds/WAV/Special_Musical_03.uasset" 3591
"C:/Users/Admin/Documents/Unreal Projects/ai-project/Content/Interface_And_Item_Sounds/WAV/Futuristic_Click_11.uasset" 3592
"../../../../../../Users/Admin/Documents/Unreal Projects/ai-project/Content/Interface_And_Item_Sounds/WAV/Special_Musical_02.uasset" 3593
"C:/Users/Admin/Documents/Unreal Projects/ai-project/Content/Interface_And_Item_Sounds/WAV/Futuristic_Click_10.uasset" 3594
"../../../../../../Users/Admin/Documents/Unreal Projects/ai-project/Content/Interface_And_Item_Sounds/WAV/Special_Musical_01.uasset" 3595
"C:/Users/Admin/Documents/Unreal Projects/ai-project/Content/Interface_And_Item_Sounds/WAV/Futuristic_Click_09.uasset" 3596
"../../../../../../Users/Admin/Documents/Unreal Projects/ai-project/Content/Interface_And_Item_Sounds/WAV/Ringtone_01.uasset" 3597
"C:/Users/Admin/Documents/Unreal Projects/ai-project/Content/Interface_And_Item_Sounds/WAV/Futuristic_Click_08.uasset" 3598
"../../../../../../Users/Admin/Documents/Unreal Projects/ai-project/Content/Interface_And_Item_Sounds/WAV/Pop_10.uasset" 3599
"C:/Users/Admin/Documents/Unreal Projects/ai-project/Content/Interface_And_Item_Sounds/WAV/Futuristic_Click_07.uasset" 3600
"../../../../../../Users/Admin/Documents/Unreal Projects/ai-project/Content/Interface_And_Item_Sounds/WAV/Pop_09.uasset" 3601
"C:/Users/Admin/Documents/Unreal Projects/ai-project/Content/Interface_And_Item_Sounds/WAV/Futuristic_Click_06.uasset" 3602
"../../../../../../Users/Admin/Documents/Unreal Projects/ai-project/Content/Interface_And_Item_Sounds/WAV/Pop_08.uasset" 3603
"C:/Users/Admin/Documents/Unreal Projects/ai-project/Content/Interface_And_Item_Sounds/WAV/Futuristic_Click_05.uasset" 3604
"../../../../../../Users/Admin/Documents/Unreal Projects/ai-project/Content/Interface_And_Item_Sounds/WAV/Pop_07.uasset" 3605
"C:/Users/Admin/Documents/Unreal Projects/ai-project/Content/Interface_And_Item_Sounds/WAV/Futuristic_Click_04.uasset" 3606
"../../../../../../Users/Admin/Documents/Unreal Projects/ai-project/Content/Interface_And_Item_Sounds/WAV/Pop_06.uasset" 3607
"C:/Users/Admin/Documents/Unreal Projects/ai-project/Content/Interface_And_Item_Sounds/WAV/Futuristic_Click_03.uasset" 3608
"../../../../../../Users/Admin/Documents/Unreal Projects/ai-project/Content/Interface_And_Item_Sounds/WAV/Pop_05.uasset" 3609
"C:/Users/Admin/Documents/Unreal Projects/ai-project/Content/Interface_And_Item_Sounds/WAV/Futuristic_Click_02.uasset" 3610
"../../../../../../Users/Admin/Documents/Unreal Projects/ai-project/Content/Interface_And_Item_Sounds/WAV/Pop_04.uasset" 3611
"C:/Users/Admin/Documents/Unreal Projects/ai-project/Content/Interface_And_Item_Sounds/WAV/Futuristic_Click_01.uasset" 3612
"../../../../../../Users/Admin/Documents/Unreal Projects/ai-project/Content/Interface_And_Item_Sounds/WAV/Pop_03.uasset" 3613
"C:/Users/Admin/Documents/Unreal Projects/ai-project/Content/Interface_And_Item_Sounds/WAV/Futuristic_Alarm_01.uasset" 3614
"../../../../../../Users/Admin/Documents/Unreal Projects/ai-project/Content/Interface_And_Item_Sounds/WAV/Pop_02.uasset" 3615
"C:/Users/Admin/Documents/Unreal Projects/ai-project/Content/Interface_And_Item_Sounds/WAV/Flick_Switch_05.uasset" 3616
"../../../../../../Users/Admin/Documents/Unreal Projects/ai-project/Content/Interface_And_Item_Sounds/WAV/Pop_01.uasset" 3617
"C:/Users/Admin/Documents/Unreal Projects/ai-project/Content/Interface_And_Item_Sounds/WAV/Flick_Switch_04.uasset" 3618
"../../../../../../Users/Admin/Documents/Unreal Projects/ai-project/Content/Interface_And_Item_Sounds/WAV/Musical_Click_10.uasset" 3619
"C:/Users/Admin/Documents/Unreal Projects/ai-project/Content/Interface_And_Item_Sounds/WAV/Flick_Switch_03.uasset" 3620
"../../../../../../Users/Admin/Documents/Unreal Projects/ai-project/Content/Interface_And_Item_Sounds/WAV/Musical_Click_09.uasset" 3621
"C:/Users/Admin/Documents/Unreal Projects/ai-project/Content/Interface_And_Item_Sounds/WAV/Flick_Switch_02.uasset" 3622
"../../../../../../Users/Admin/Documents/Unreal Projects/ai-project/Content/Interface_And_Item_Sounds/WAV/Musical_Click_08.uasset" 3623
"C:/Users/Admin/Documents/Unreal Projects/ai-project/Content/Interface_And_Item_Sounds/WAV/Flick_Switch_01.uasset" 3624
"../../../../../../Users/Admin/Documents/Unreal Projects/ai-project/Content/Interface_And_Item_Sounds/WAV/Musical_Click_07.uasset" 3625
"C:/Users/Admin/Documents/Unreal Projects/ai-project/Content/Interface_And_Item_Sounds/WAV/Error_Buzz_05.uasset" 3626
"../../../../../../Users/Admin/Documents/Unreal Projects/ai-project/Content/Interface_And_Item_Sounds/WAV/Musical_Click_06.uasset" 3627
"C:/Users/Admin/Documents/Unreal Projects/ai-project/Content/Interface_And_Item_Sounds/WAV/Error_Buzz_04.uasset" 3628
"../../../../../../Users/Admin/Documents/Unreal Projects/ai-project/Content/Interface_And_Item_Sounds/WAV/Musical_Click_05.uasset" 3629
"C:/Users/Admin/Documents/Unreal Projects/ai-project/Content/Interface_And_Item_Sounds/WAV/Error_Buzz_03.uasset" 3630
"../../../../../../Users/Admin/Documents/Unreal Projects/ai-project/Content/Interface_And_Item_Sounds/WAV/Musical_Click_04.uasset" 3631
"C:/Users/Admin/Documents/Unreal Projects/ai-project/Content/Interface_And_Item_Sounds/WAV/Error_Buzz_02.uasset" 3632
"../../../../../../Users/Admin/Documents/Unreal Projects/ai-project/Content/Interface_And_Item_Sounds/WAV/Musical_Click_03.uasset" 3633
"C:/Users/Admin/Documents/Unreal Projects/ai-project/Content/Interface_And_Item_Sounds/WAV/Error_Buzz_01.uasset" 3634
"../../../../../../Users/Admin/Documents/Unreal Projects/ai-project/Content/Interface_And_Item_Sounds/WAV/Musical_Click_02.uasset" 3635
"C:/Users/Admin/Documents/Unreal Projects/ai-project/Content/Interface_And_Item_Sounds/WAV/Discordant_GameOver_Musical_Short.uasset" 3636
"../../../../../../Users/Admin/Documents/Unreal Projects/ai-project/Content/Interface_And_Item_Sounds/WAV/Musical_Click_01.uasset" 3637
"C:/Users/Admin/Documents/Unreal Projects/ai-project/Content/Interface_And_Item_Sounds/WAV/Discordant_GameOver_Musical_Long.uasset" 3638
"../../../../../../Users/Admin/Documents/Unreal Projects/ai-project/Content/Interface_And_Item_Sounds/WAV/Item_Sell_Purchase_05.uasset" 3639
"C:/Users/Admin/Documents/Unreal Projects/ai-project/Content/Interface_And_Item_Sounds/WAV/Coins_15.uasset" 3640
"../../../../../../Users/Admin/Documents/Unreal Projects/ai-project/Content/Interface_And_Item_Sounds/WAV/Item_Sell_Purchase_04.uasset" 3641
"C:/Users/Admin/Documents/Unreal Projects/ai-project/Content/Interface_And_Item_Sounds/WAV/Coins_14.uasset" 3642
"../../../../../../Users/Admin/Documents/Unreal Projects/ai-project/Content/Interface_And_Item_Sounds/WAV/Item_Sell_Purchase_03.uasset" 3643
"C:/Users/Admin/Documents/Unreal Projects/ai-project/Content/Interface_And_Item_Sounds/WAV/Coins_13.uasset" 3644
"../../../../../../Users/Admin/Documents/Unreal Projects/ai-project/Content/Interface_And_Item_Sounds/WAV/Item_Sell_Purchase_02.uasset" 3645
"C:/Users/Admin/Documents/Unreal Projects/ai-project/Content/Interface_And_Item_Sounds/WAV/Coins_12.uasset" 3646
"../../../../../../Users/Admin/Documents/Unreal Projects/ai-project/Content/Interface_And_Item_Sounds/WAV/Item_Sell_Purchase_01.uasset" 3647
"C:/Users/Admin/Documents/Unreal Projects/ai-project/Content/Interface_And_Item_Sounds/WAV/Coins_11.uasset" 3648
"../../../../../../Users/Admin/Documents/Unreal Projects/ai-project/Content/Interface_And_Item_Sounds/WAV/Gong_03.uasset" 3649
"C:/Users/Admin/Documents/Unreal Projects/ai-project/Content/Interface_And_Item_Sounds/WAV/Coins_10.uasset" 3650
"../../../../../../Users/Admin/Documents/Unreal Projects/ai-project/Content/Interface_And_Item_Sounds/WAV/Gong_02.uasset" 3651
"C:/Users/Admin/Documents/Unreal Projects/ai-project/Content/Interface_And_Item_Sounds/WAV/Coins_09.uasset" 3652
"../../../../../../Users/Admin/Documents/Unreal Projects/ai-project/Content/Interface_And_Item_Sounds/WAV/Gong_01.uasset" 3653
"C:/Users/Admin/Documents/Unreal Projects/ai-project/Content/Interface_And_Item_Sounds/WAV/Coins_08.uasset" 3654
"../../../../../../Users/Admin/Documents/Unreal Projects/ai-project/Content/Interface_And_Item_Sounds/WAV/Futuristic_Click_11.uasset" 3655
"C:/Users/Admin/Documents/Unreal Projects/ai-project/Content/Interface_And_Item_Sounds/WAV/Coins_07.uasset" 3656
"../../../../../../Users/Admin/Documents/Unreal Projects/ai-project/Content/Interface_And_Item_Sounds/WAV/Futuristic_Click_10.uasset" 3657
"C:/Users/Admin/Documents/Unreal Projects/ai-project/Content/Interface_And_Item_Sounds/WAV/Coins_06.uasset" 3658
"../../../../../../Users/Admin/Documents/Unreal Projects/ai-project/Content/Interface_And_Item_Sounds/WAV/Futuristic_Click_09.uasset" 3659
"C:/Users/Admin/Documents/Unreal Projects/ai-project/Content/Interface_And_Item_Sounds/WAV/Coins_05.uasset" 3660
"../../../../../../Users/Admin/Documents/Unreal Projects/ai-project/Content/Interface_And_Item_Sounds/WAV/Futuristic_Click_08.uasset" 3661
"C:/Users/Admin/Documents/Unreal Projects/ai-project/Content/Interface_And_Item_Sounds/WAV/Coins_04.uasset" 3662
"../../../../../../Users/Admin/Documents/Unreal Projects/ai-project/Content/Interface_And_Item_Sounds/WAV/Futuristic_Click_07.uasset" 3663
"C:/Users/Admin/Documents/Unreal Projects/ai-project/Content/Interface_And_Item_Sounds/WAV/Coins_03.uasset" 3664
"../../../../../../Users/Admin/Documents/Unreal Projects/ai-project/Content/Interface_And_Item_Sounds/WAV/Futuristic_Click_06.uasset" 3665
"C:/Users/Admin/Documents/Unreal Projects/ai-project/Content/Interface_And_Item_Sounds/WAV/Coins_02.uasset" 3666
"../../../../../../Users/Admin/Documents/Unreal Projects/ai-project/Content/Interface_And_Item_Sounds/WAV/Futuristic_Click_05.uasset" 3667
"C:/Users/Admin/Documents/Unreal Projects/ai-project/Content/Interface_And_Item_Sounds/WAV/Coins_01.uasset" 3668
"../../../../../../Users/Admin/Documents/Unreal Projects/ai-project/Content/Interface_And_Item_Sounds/WAV/Futuristic_Click_04.uasset" 3669
"C:/Users/Admin/Documents/Unreal Projects/ai-project/Content/Interface_And_Item_Sounds/WAV/Click_11.uasset" 3670
"../../../../../../Users/Admin/Documents/Unreal Projects/ai-project/Content/Interface_And_Item_Sounds/WAV/Futuristic_Click_03.uasset" 3671
"C:/Users/Admin/Documents/Unreal Projects/ai-project/Content/Interface_And_Item_Sounds/WAV/Click_10.uasset" 3672
"../../../../../../Users/Admin/Documents/Unreal Projects/ai-project/Content/Interface_And_Item_Sounds/WAV/Futuristic_Click_02.uasset" 3673
"C:/Users/Admin/Documents/Unreal Projects/ai-project/Content/Interface_And_Item_Sounds/WAV/Click_09.uasset" 3674
"../../../../../../Users/Admin/Documents/Unreal Projects/ai-project/Content/Interface_And_Item_Sounds/WAV/Futuristic_Click_01.uasset" 3675
"C:/Users/Admin/Documents/Unreal Projects/ai-project/Content/Interface_And_Item_Sounds/WAV/Click_08.uasset" 3676
"../../../../../../Users/Admin/Documents/Unreal Projects/ai-project/Content/Interface_And_Item_Sounds/WAV/Futuristic_Alarm_01.uasset" 3677
"C:/Users/Admin/Documents/Unreal Projects/ai-project/Content/Interface_And_Item_Sounds/WAV/Click_07.uasset" 3678
"../../../../../../Users/Admin/Documents/Unreal Projects/ai-project/Content/Interface_And_Item_Sounds/WAV/Flick_Switch_05.uasset" 3679
"C:/Users/Admin/Documents/Unreal Projects/ai-project/Content/Interface_And_Item_Sounds/WAV/Click_06.uasset" 3680
"../../../../../../Users/Admin/Documents/Unreal Projects/ai-project/Content/Interface_And_Item_Sounds/WAV/Flick_Switch_04.uasset" 3681
"C:/Users/Admin/Documents/Unreal Projects/ai-project/Content/Interface_And_Item_Sounds/WAV/Click_05.uasset" 3682
"../../../../../../Users/Admin/Documents/Unreal Projects/ai-project/Content/Interface_And_Item_Sounds/WAV/Flick_Switch_03.uasset" 3683
"C:/Users/Admin/Documents/Unreal Projects/ai-project/Content/Interface_And_Item_Sounds/WAV/Click_04.uasset" 3684
"../../../../../../Users/Admin/Documents/Unreal Projects/ai-project/Content/Interface_And_Item_Sounds/WAV/Flick_Switch_02.uasset" 3685
"C:/Users/Admin/Documents/Unreal Projects/ai-project/Content/Interface_And_Item_Sounds/WAV/Click_03.uasset" 3686
"../../../../../../Users/Admin/Documents/Unreal Projects/ai-project/Content/Interface_And_Item_Sounds/WAV/Flick_Switch_01.uasset" 3687
"C:/Users/Admin/Documents/Unreal Projects/ai-project/Content/Interface_And_Item_Sounds/WAV/Click_02.uasset" 3688
"../../../../../../Users/Admin/Documents/Unreal Projects/ai-project/Content/Interface_And_Item_Sounds/WAV/Error_Buzz_05.uasset" 3689
"C:/Users/Admin/Documents/Unreal Projects/ai-project/Content/Interface_And_Item_Sounds/WAV/Click_01.uasset" 3690
"../../../../../../Users/Admin/Documents/Unreal Projects/ai-project/Content/Interface_And_Item_Sounds/WAV/Error_Buzz_04.uasset" 3691
"C:/Users/Admin/Documents/Unreal Projects/ai-project/Content/Interface_And_Item_Sounds/WAV/Cartoon_Falling_05.uasset" 3692
"../../../../../../Users/Admin/Documents/Unreal Projects/ai-project/Content/Interface_And_Item_Sounds/WAV/Error_Buzz_03.uasset" 3693
"C:/Users/Admin/Documents/Unreal Projects/ai-project/Content/Interface_And_Item_Sounds/WAV/Cartoon_Falling_04.uasset" 3694
"../../../../../../Users/Admin/Documents/Unreal Projects/ai-project/Content/Interface_And_Item_Sounds/WAV/Error_Buzz_02.uasset" 3695
"C:/Users/Admin/Documents/Unreal Projects/ai-project/Content/Interface_And_Item_Sounds/WAV/Cartoon_Falling_03.uasset" 3696
"../../../../../../Users/Admin/Documents/Unreal Projects/ai-project/Content/Interface_And_Item_Sounds/WAV/Error_Buzz_01.uasset" 3697
"C:/Users/Admin/Documents/Unreal Projects/ai-project/Content/Interface_And_Item_Sounds/WAV/Cartoon_Falling_02.uasset" 3698
"../../../../../../Users/Admin/Documents/Unreal Projects/ai-project/Content/Interface_And_Item_Sounds/WAV/Discordant_GameOver_Musical_Short.uasset" 3699
"C:/Users/Admin/Documents/Unreal Projects/ai-project/Content/Interface_And_Item_Sounds/WAV/Cartoon_Falling_01.uasset" 3700
"../../../../../../Users/Admin/Documents/Unreal Projects/ai-project/Content/Interface_And_Item_Sounds/WAV/Discordant_GameOver_Musical_Long.uasset" 3701
"C:/Users/Admin/Documents/Unreal Projects/ai-project/Content/Interface_And_Item_Sounds/WAV/Bar_Filling_02.uasset" 3702
"../../../../../../Users/Admin/Documents/Unreal Projects/ai-project/Content/Interface_And_Item_Sounds/WAV/Coins_15.uasset" 3703
"C:/Users/Admin/Documents/Unreal Projects/ai-project/Content/Interface_And_Item_Sounds/WAV/Bar_Filling_01.uasset" 3704
"../../../../../../Users/Admin/Documents/Unreal Projects/ai-project/Content/Interface_And_Item_Sounds/WAV/Coins_14.uasset" 3705
"C:/Users/Admin/Documents/Unreal Projects/ai-project/Content/Interface_And_Item_Sounds/WAV/Back_Click_11.uasset" 3706
"../../../../../../Users/Admin/Documents/Unreal Projects/ai-project/Content/Interface_And_Item_Sounds/WAV/Coins_13.uasset" 3707
"C:/Users/Admin/Documents/Unreal Projects/ai-project/Content/Interface_And_Item_Sounds/WAV/Back_Click_10.uasset" 3708
"../../../../../../Users/Admin/Documents/Unreal Projects/ai-project/Content/Interface_And_Item_Sounds/WAV/Coins_12.uasset" 3709
"C:/Users/Admin/Documents/Unreal Projects/ai-project/Content/Interface_And_Item_Sounds/WAV/Back_Click_09.uasset" 3710
"../../../../../../Users/Admin/Documents/Unreal Projects/ai-project/Content/Interface_And_Item_Sounds/WAV/Coins_11.uasset" 3711
"C:/Users/Admin/Documents/Unreal Projects/ai-project/Content/Interface_And_Item_Sounds/WAV/Back_Click_08.uasset" 3712
"../../../../../../Users/Admin/Documents/Unreal Projects/ai-project/Content/Interface_And_Item_Sounds/WAV/Coins_10.uasset" 3713
"C:/Users/Admin/Documents/Unreal Projects/ai-project/Content/Interface_And_Item_Sounds/WAV/Back_Click_07.uasset" 3714
"../../../../../../Users/Admin/Documents/Unreal Projects/ai-project/Content/Interface_And_Item_Sounds/WAV/Coins_09.uasset" 3715
"C:/Users/Admin/Documents/Unreal Projects/ai-project/Content/Interface_And_Item_Sounds/WAV/Back_Click_06.uasset" 3716
"../../../../../../Users/Admin/Documents/Unreal Projects/ai-project/Content/Interface_And_Item_Sounds/WAV/Coins_08.uasset" 3717
"C:/Users/Admin/Documents/Unreal Projects/ai-project/Content/Interface_And_Item_Sounds/WAV/Back_Click_05.uasset" 3718
"../../../../../../Users/Admin/Documents/Unreal Projects/ai-project/Content/Interface_And_Item_Sounds/WAV/Coins_07.uasset" 3719
"C:/Users/Admin/Documents/Unreal Projects/ai-project/Content/Interface_And_Item_Sounds/WAV/Back_Click_04.uasset" 3720
"../../../../../../Users/Admin/Documents/Unreal Projects/ai-project/Content/Interface_And_Item_Sounds/WAV/Coins_06.uasset" 3721
"C:/Users/Admin/Documents/Unreal Projects/ai-project/Content/Interface_And_Item_Sounds/WAV/Back_Click_03.uasset" 3722
"../../../../../../Users/Admin/Documents/Unreal Projects/ai-project/Content/Interface_And_Item_Sounds/WAV/Coins_05.uasset" 3723
"C:/Users/Admin/Documents/Unreal Projects/ai-project/Content/Interface_And_Item_Sounds/WAV/Back_Click_02.uasset" 3724
"../../../../../../Users/Admin/Documents/Unreal Projects/ai-project/Content/Interface_And_Item_Sounds/WAV/Coins_04.uasset" 3725
"C:/Users/Admin/Documents/Unreal Projects/ai-project/Content/Interface_And_Item_Sounds/WAV/Back_Click_01.uasset" 3726
"../../../../../../Users/Admin/Documents/Unreal Projects/ai-project/Content/Interface_And_Item_Sounds/WAV/Coins_03.uasset" 3727
"C:/Users/Admin/Documents/Unreal Projects/ai-project/Content/Interface_And_Item_Sounds/WAV/Abstract_Pop_05.uasset" 3728
"../../../../../../Users/Admin/Documents/Unreal Projects/ai-project/Content/Interface_And_Item_Sounds/WAV/Coins_02.uasset" 3729
"C:/Users/Admin/Documents/Unreal Projects/ai-project/Content/Interface_And_Item_Sounds/WAV/Abstract_Pop_04.uasset" 3730
"../../../../../../Users/Admin/Documents/Unreal Projects/ai-project/Content/Interface_And_Item_Sounds/WAV/Coins_01.uasset" 3731
"C:/Users/Admin/Documents/Unreal Projects/ai-project/Content/Interface_And_Item_Sounds/WAV/Abstract_Pop_03.uasset" 3732
"../../../../../../Users/Admin/Documents/Unreal Projects/ai-project/Content/Interface_And_Item_Sounds/WAV/Click_11.uasset" 3733
"C:/Users/Admin/Documents/Unreal Projects/ai-project/Content/Interface_And_Item_Sounds/WAV/Abstract_Pop_02.uasset" 3734
"../../../../../../Users/Admin/Documents/Unreal Projects/ai-project/Content/Interface_And_Item_Sounds/WAV/Click_10.uasset" 3735
"C:/Users/Admin/Documents/Unreal Projects/ai-project/Content/Interface_And_Item_Sounds/WAV/Abstract_Pop_01.uasset" 3736
"../../../../../../Users/Admin/Documents/Unreal Projects/ai-project/Content/Interface_And_Item_Sounds/WAV/Click_09.uasset" 3737
"C:/Users/Admin/Documents/Unreal Projects/ai-project/Content/Goals/Prisoner/Goals/G_ShowerActivity.uasset" 3738
"../../../../../../Users/Admin/Documents/Unreal Projects/ai-project/Content/Interface_And_Item_Sounds/WAV/Click_08.uasset" 3739
"C:/Users/Admin/Documents/Unreal Projects/ai-project/Content/Goals/Prisoner/Goals/G_Routine.uasset" 3740
"../../../../../../Users/Admin/Documents/Unreal Projects/ai-project/Content/Interface_And_Item_Sounds/WAV/Click_07.uasset" 3741
"C:/Users/Admin/Documents/Unreal Projects/ai-project/Content/Goals/Prisoner/Goals/G_FreetimeActity.uasset" 3742
"../../../../../../Users/Admin/Documents/Unreal Projects/ai-project/Content/Interface_And_Item_Sounds/WAV/Click_06.uasset" 3743
"C:/Users/Admin/Documents/Unreal Projects/ai-project/Content/Goals/Prisoner/Goals/G_ExerciseActivity.uasset" 3744
"../../../../../../Users/Admin/Documents/Unreal Projects/ai-project/Content/Interface_And_Item_Sounds/WAV/Click_05.uasset" 3745
"C:/Users/Admin/Documents/Unreal Projects/ai-project/Content/Goals/Prisoner/Blackboard/BB_Prisoner.uasset" 3746
"../../../../../../Users/Admin/Documents/Unreal Projects/ai-project/Content/Interface_And_Item_Sounds/WAV/Click_04.uasset" 3747
"C:/Users/Admin/Documents/Unreal Projects/ai-project/Content/Goals/Prisoner/Blackboard/BB_Inmate.uasset" 3748
"../../../../../../Users/Admin/Documents/Unreal Projects/ai-project/Content/Interface_And_Item_Sounds/WAV/Click_03.uasset" 3749
"C:/Users/Admin/Documents/Unreal Projects/ai-project/Content/Goals/Prisoner/Actions/A_Shower.uasset" 3750
"../../../../../../Users/Admin/Documents/Unreal Projects/ai-project/Content/Interface_And_Item_Sounds/WAV/Click_02.uasset" 3751
"C:/Users/Admin/Documents/Unreal Projects/ai-project/Content/Goals/Prisoner/Actions/A_RandomAction.uasset" 3752
"../../../../../../Users/Admin/Documents/Unreal Projects/ai-project/Content/Interface_And_Item_Sounds/WAV/Click_01.uasset" 3753
"C:/Users/Admin/Documents/Unreal Projects/ai-project/Content/Goals/Prisoner/Actions/A_Exercise.uasset" 3754
"../../../../../../Users/Admin/Documents/Unreal Projects/ai-project/Content/Interface_And_Item_Sounds/WAV/Cartoon_Falling_05.uasset" 3755
"C:/Users/Admin/Documents/Unreal Projects/ai-project/Content/Goals/Guard/Goals/testgoal.uasset" 3756
"../../../../../../Users/Admin/Documents/Unreal Projects/ai-project/Content/Interface_And_Item_Sounds/WAV/Cartoon_Falling_04.uasset" 3757
"C:/Users/Admin/Documents/Unreal Projects/ai-project/Content/Goals/Guard/Goals/G_Investigate.uasset" 3758
"../../../../../../Users/Admin/Documents/Unreal Projects/ai-project/Content/Interface_And_Item_Sounds/WAV/Cartoon_Falling_03.uasset" 3759
"C:/Users/Admin/Documents/Unreal Projects/ai-project/Content/Goals/Guard/Goals/G_Enforcement.uasset" 3760
"../../../../../../Users/Admin/Documents/Unreal Projects/ai-project/Content/Interface_And_Item_Sounds/WAV/Cartoon_Falling_02.uasset" 3761
"C:/Users/Admin/Documents/Unreal Projects/ai-project/Content/Goals/Guard/Blackboard/TreeOthers/TS_HuntPlaywer.uasset" 3762
"../../../../../../Users/Admin/Documents/Unreal Projects/ai-project/Content/Interface_And_Item_Sounds/WAV/Cartoon_Falling_01.uasset" 3763
"C:/Users/Admin/Documents/Unreal Projects/ai-project/Content/Goals/Guard/Blackboard/TreeOthers/TS_FollowRoutine.uasset" 3764
"../../../../../../Users/Admin/Documents/Unreal Projects/ai-project/Content/Interface_And_Item_Sounds/WAV/Bar_Filling_02.uasset" 3765
"C:/Users/Admin/Documents/Unreal Projects/ai-project/Content/Goals/Guard/Blackboard/TreeOthers/TS_Enforcement.uasset" 3766
"../../../../../../Users/Admin/Documents/Unreal Projects/ai-project/Content/Interface_And_Item_Sounds/WAV/Bar_Filling_01.uasset" 3767
"C:/Users/Admin/Documents/Unreal Projects/ai-project/Content/Goals/Guard/Blackboard/BT_Blackboard.uasset" 3768
"../../../../../../Users/Admin/Documents/Unreal Projects/ai-project/Content/Interface_And_Item_Sounds/WAV/Back_Click_11.uasset" 3769
"C:/Users/Admin/Documents/Unreal Projects/ai-project/Content/Goals/Guard/Actions/A_Investigate.uasset" 3770
"../../../../../../Users/Admin/Documents/Unreal Projects/ai-project/Content/Interface_And_Item_Sounds/WAV/Back_Click_10.uasset" 3771
"C:/Users/Admin/Documents/Unreal Projects/ai-project/Content/Goals/Guard/Actions/A_GoToTarget.uasset" 3772
"../../../../../../Users/Admin/Documents/Unreal Projects/ai-project/Content/Interface_And_Item_Sounds/WAV/Back_Click_09.uasset" 3773
"C:/Users/Admin/Documents/Unreal Projects/ai-project/Content/Goals/Guard/Actions/A_AimAndFire.uasset" 3774
"../../../../../../Users/Admin/Documents/Unreal Projects/ai-project/Content/Interface_And_Item_Sounds/WAV/Back_Click_08.uasset" 3775
"C:/Users/Admin/Documents/Unreal Projects/ai-project/Content/Goals/ghost/goals/G_PossessSmartObject.uasset" 3776
"../../../../../../Users/Admin/Documents/Unreal Projects/ai-project/Content/Interface_And_Item_Sounds/WAV/Back_Click_07.uasset" 3777
"C:/Users/Admin/Documents/Unreal Projects/ai-project/Content/Goals/ghost/goals/G_PossessDoll.uasset" 3778
"../../../../../../Users/Admin/Documents/Unreal Projects/ai-project/Content/Interface_And_Item_Sounds/WAV/Back_Click_06.uasset" 3779
"C:/Users/Admin/Documents/Unreal Projects/ai-project/Content/Goals/ghost/goals/G_Escape.uasset" 3780
"../../../../../../Users/Admin/Documents/Unreal Projects/ai-project/Content/Interface_And_Item_Sounds/WAV/Back_Click_05.uasset" 3781
"C:/Users/Admin/Documents/Unreal Projects/ai-project/Content/Goals/ghost/actions/A_ThrowObjectAttack.uasset" 3782
"../../../../../../Users/Admin/Documents/Unreal Projects/ai-project/Content/Interface_And_Item_Sounds/WAV/Back_Click_04.uasset" 3783
"C:/Users/Admin/Documents/Unreal Projects/ai-project/Content/Goals/ghost/actions/A_GhostlyRangedAttack.uasset" 3784
"../../../../../../Users/Admin/Documents/Unreal Projects/ai-project/Content/Interface_And_Item_Sounds/WAV/Back_Click_03.uasset" 3785
"C:/Users/Admin/Documents/Unreal Projects/ai-project/Content/Goals/G_FollowRoutine.uasset" 3786
"../../../../../../Users/Admin/Documents/Unreal Projects/ai-project/Content/Interface_And_Item_Sounds/WAV/Back_Click_02.uasset" 3787
"C:/Users/Admin/Documents/Unreal Projects/ai-project/Content/ExternalAssets/sounds/PrisonSounds/hey/RBS_A.uasset" 3788
"../../../../../../Users/Admin/Documents/Unreal Projects/ai-project/Content/Interface_And_Item_Sounds/WAV/Back_Click_01.uasset" 3789
"C:/Users/Admin/Documents/Unreal Projects/ai-project/Content/ExternalAssets/sounds/PrisonSounds/817398__chaos-kid__coach-whistle.uasset" 3790
"../../../../../../Users/Admin/Documents/Unreal Projects/ai-project/Content/Interface_And_Item_Sounds/WAV/Abstract_Pop_05.uasset" 3791
"C:/Users/Admin/Documents/Unreal Projects/ai-project/Content/ExternalAssets/sounds/PrisonSounds/738598__randomrecord19__alarm-12.uasset" 3792
"../../../../../../Users/Admin/Documents/Unreal Projects/ai-project/Content/Interface_And_Item_Sounds/WAV/Abstract_Pop_04.uasset" 3793
"C:/Users/Admin/Documents/Unreal Projects/ai-project/Content/ExternalAssets/sounds/PrisonSounds/345815__vendarro__alarm-no.uasset" 3794
"../../../../../../Users/Admin/Documents/Unreal Projects/ai-project/Content/Interface_And_Item_Sounds/WAV/Abstract_Pop_03.uasset" 3795
"C:/Users/Admin/Documents/Unreal Projects/ai-project/Content/ExternalAssets/sounds/PrisonSounds/218318__splicesound__referee-whistle-blow-gymnasium.uasset" 3796
"../../../../../../Users/Admin/Documents/Unreal Projects/ai-project/Content/Interface_And_Item_Sounds/WAV/Abstract_Pop_02.uasset" 3797
"C:/Users/Admin/Documents/Unreal Projects/ai-project/Content/ExternalAssets/sounds/Door/Unlock.uasset" 3798
"../../../../../../Users/Admin/Documents/Unreal Projects/ai-project/Content/Interface_And_Item_Sounds/WAV/Abstract_Pop_01.uasset" 3799
"C:/Users/Admin/Documents/Unreal Projects/ai-project/Content/ExternalAssets/sounds/Door/Lock.uasset" 3800
"C:/Users/Admin/Documents/Unreal Projects/ai-project/Content/ExternalAssets/sounds/VOXReac_Anger_HA_MaleCharVoc_11.uasset" 3801
"C:/Users/Admin/Documents/Unreal Projects/ai-project/Content/ExternalAssets/sounds/VOXEfrt_Attack_HA_MaleCharVoc_83.uasset" 3802
"C:/Users/Admin/Documents/Unreal Projects/ai-project/Content/ExternalAssets/sounds/VOXEfrt_Attack_HA_MaleCharVoc_59.uasset" 3803
"C:/Users/Admin/Documents/Unreal Projects/ai-project/Content/ExternalAssets/sounds/VOXEfrt_Attack_HA_MaleCharVoc_21.uasset" 3804
"C:/Users/Admin/Documents/Unreal Projects/ai-project/Content/ExternalAssets/sounds/VOXEfrt_Attack_HA_MaleCharVoc_110.uasset" 3805
"C:/Users/Admin/Documents/Unreal Projects/ai-project/Content/ExternalAssets/sounds/VOXEfrt_Attack_HA_MaleCharVoc_104.uasset" 3806
"C:/Users/Admin/Documents/Unreal Projects/ai-project/Content/ExternalAssets/sounds/VOXEfrt_Attack_HA_MaleCharVoc_03.uasset" 3807
"C:/Users/Admin/Documents/Unreal Projects/ai-project/Content/ExternalAssets/icons/genericItem_color_163.uasset" 3808
"C:/Users/Admin/Documents/Unreal Projects/ai-project/Content/ExternalAssets/icons/genericItem_color_162.uasset" 3809
"C:/Users/Admin/Documents/Unreal Projects/ai-project/Content/ExternalAssets/icons/genericItem_color_160.uasset" 3810
"C:/Users/Admin/Documents/Unreal Projects/ai-project/Content/ExternalAssets/icons/genericItem_color_158.uasset" 3811
"C:/Users/Admin/Documents/Unreal Projects/ai-project/Content/ExternalAssets/icons/genericItem_color_157.uasset" 3812
"C:/Users/Admin/Documents/Unreal Projects/ai-project/Content/ExternalAssets/icons/genericItem_color_153.uasset" 3813
"C:/Users/Admin/Documents/Unreal Projects/ai-project/Content/ExternalAssets/icons/genericItem_color_152.uasset" 3814
"C:/Users/Admin/Documents/Unreal Projects/ai-project/Content/ExternalAssets/icons/genericItem_color_150.uasset" 3815
"C:/Users/Admin/Documents/Unreal Projects/ai-project/Content/ExternalAssets/icons/genericItem_color_149.uasset" 3816
"C:/Users/Admin/Documents/Unreal Projects/ai-project/Content/ExternalAssets/icons/genericItem_color_148.uasset" 3817
"C:/Users/Admin/Documents/Unreal Projects/ai-project/Content/ExternalAssets/icons/genericItem_color_147.uasset" 3818
"C:/Users/Admin/Documents/Unreal Projects/ai-project/Content/ExternalAssets/icons/genericItem_color_146.uasset" 3819
"C:/Users/Admin/Documents/Unreal Projects/ai-project/Content/ExternalAssets/icons/genericItem_color_145.uasset" 3820
"C:/Users/Admin/Documents/Unreal Projects/ai-project/Content/ExternalAssets/icons/genericItem_color_144.uasset" 3821
"C:/Users/Admin/Documents/Unreal Projects/ai-project/Content/ExternalAssets/icons/genericItem_color_143.uasset" 3822
"C:/Users/Admin/Documents/Unreal Projects/ai-project/Content/ExternalAssets/icons/genericItem_color_142.uasset" 3823
"C:/Users/Admin/Documents/Unreal Projects/ai-project/Content/ExternalAssets/icons/genericItem_color_141.uasset" 3824
"C:/Users/Admin/Documents/Unreal Projects/ai-project/Content/ExternalAssets/icons/genericItem_color_140.uasset" 3825
"C:/Users/Admin/Documents/Unreal Projects/ai-project/Content/ExternalAssets/icons/genericItem_color_139.uasset" 3826
"C:/Users/Admin/Documents/Unreal Projects/ai-project/Content/ExternalAssets/icons/genericItem_color_138.uasset" 3827
"C:/Users/Admin/Documents/Unreal Projects/ai-project/Content/ExternalAssets/icons/genericItem_color_137.uasset" 3828
"C:/Users/Admin/Documents/Unreal Projects/ai-project/Content/ExternalAssets/icons/genericItem_color_136.uasset" 3829
"C:/Users/Admin/Documents/Unreal Projects/ai-project/Content/ExternalAssets/icons/genericItem_color_135.uasset" 3830
"C:/Users/Admin/Documents/Unreal Projects/ai-project/Content/ExternalAssets/icons/genericItem_color_134.uasset" 3831
"C:/Users/Admin/Documents/Unreal Projects/ai-project/Content/ExternalAssets/icons/genericItem_color_132.uasset" 3832
"C:/Users/Admin/Documents/Unreal Projects/ai-project/Content/ExternalAssets/icons/genericItem_color_128.uasset" 3833
"C:/Users/Admin/Documents/Unreal Projects/ai-project/Content/ExternalAssets/icons/genericItem_color_127.uasset" 3834
"C:/Users/Admin/Documents/Unreal Projects/ai-project/Content/ExternalAssets/icons/genericItem_color_126.uasset" 3835
"C:/Users/Admin/Documents/Unreal Projects/ai-project/Content/ExternalAssets/icons/genericItem_color_125.uasset" 3836
"C:/Users/Admin/Documents/Unreal Projects/ai-project/Content/ExternalAssets/icons/genericItem_color_124.uasset" 3837
"C:/Users/Admin/Documents/Unreal Projects/ai-project/Content/ExternalAssets/icons/genericItem_color_123.uasset" 3838
"C:/Users/Admin/Documents/Unreal Projects/ai-project/Content/ExternalAssets/icons/genericItem_color_121.uasset" 3839
"C:/Users/Admin/Documents/Unreal Projects/ai-project/Content/ExternalAssets/icons/genericItem_color_120.uasset" 3840
"C:/Users/Admin/Documents/Unreal Projects/ai-project/Content/ExternalAssets/icons/genericItem_color_119.uasset" 3841
"C:/Users/Admin/Documents/Unreal Projects/ai-project/Content/ExternalAssets/icons/genericItem_color_118.uasset" 3842
"C:/Users/Admin/Documents/Unreal Projects/ai-project/Content/ExternalAssets/icons/genericItem_color_117.uasset" 3843
"C:/Users/Admin/Documents/Unreal Projects/ai-project/Content/ExternalAssets/icons/genericItem_color_116.uasset" 3844
"C:/Users/Admin/Documents/Unreal Projects/ai-project/Content/ExternalAssets/icons/genericItem_color_115.uasset" 3845
"C:/Users/Admin/Documents/Unreal Projects/ai-project/Content/ExternalAssets/icons/genericItem_color_114.uasset" 3846
"C:/Users/Admin/Documents/Unreal Projects/ai-project/Content/ExternalAssets/icons/genericItem_color_113.uasset" 3847
"C:/Users/Admin/Documents/Unreal Projects/ai-project/Content/ExternalAssets/icons/genericItem_color_112.uasset" 3848
"C:/Users/Admin/Documents/Unreal Projects/ai-project/Content/ExternalAssets/icons/genericItem_color_111.uasset" 3849
"C:/Users/Admin/Documents/Unreal Projects/ai-project/Content/ExternalAssets/icons/genericItem_color_110.uasset" 3850
"C:/Users/Admin/Documents/Unreal Projects/ai-project/Content/ExternalAssets/icons/genericItem_color_109.uasset" 3851
"C:/Users/Admin/Documents/Unreal Projects/ai-project/Content/ExternalAssets/icons/genericItem_color_108.uasset" 3852
"C:/Users/Admin/Documents/Unreal Projects/ai-project/Content/ExternalAssets/icons/genericItem_color_107.uasset" 3853
"C:/Users/Admin/Documents/Unreal Projects/ai-project/Content/ExternalAssets/icons/genericItem_color_106.uasset" 3854
"C:/Users/Admin/Documents/Unreal Projects/ai-project/Content/ExternalAssets/icons/genericItem_color_105.uasset" 3855
"C:/Users/Admin/Documents/Unreal Projects/ai-project/Content/ExternalAssets/icons/genericItem_color_103.uasset" 3856
"C:/Users/Admin/Documents/Unreal Projects/ai-project/Content/ExternalAssets/icons/genericItem_color_102.uasset" 3857
"C:/Users/Admin/Documents/Unreal Projects/ai-project/Content/ExternalAssets/icons/genericItem_color_100.uasset" 3858
"C:/Users/Admin/Documents/Unreal Projects/ai-project/Content/ExternalAssets/icons/genericItem_color_099.uasset" 3859
"C:/Users/Admin/Documents/Unreal Projects/ai-project/Content/ExternalAssets/icons/genericItem_color_098.uasset" 3860
"C:/Users/Admin/Documents/Unreal Projects/ai-project/Content/ExternalAssets/icons/genericItem_color_097.uasset" 3861
"C:/Users/Admin/Documents/Unreal Projects/ai-project/Content/ExternalAssets/icons/genericItem_color_095.uasset" 3862
"C:/Users/Admin/Documents/Unreal Projects/ai-project/Content/ExternalAssets/icons/genericItem_color_094.uasset" 3863
"C:/Users/Admin/Documents/Unreal Projects/ai-project/Content/ExternalAssets/icons/genericItem_color_093.uasset" 3864
"C:/Users/Admin/Documents/Unreal Projects/ai-project/Content/ExternalAssets/icons/genericItem_color_092.uasset" 3865
"C:/Users/Admin/Documents/Unreal Projects/ai-project/Content/ExternalAssets/icons/genericItem_color_091.uasset" 3866
"C:/Users/Admin/Documents/Unreal Projects/ai-project/Content/ExternalAssets/icons/genericItem_color_090.uasset" 3867
"C:/Users/Admin/Documents/Unreal Projects/ai-project/Content/ExternalAssets/icons/genericItem_color_087.uasset" 3868
"C:/Users/Admin/Documents/Unreal Projects/ai-project/Content/ExternalAssets/icons/genericItem_color_086.uasset" 3869
"C:/Users/Admin/Documents/Unreal Projects/ai-project/Content/ExternalAssets/icons/genericItem_color_085.uasset" 3870
"C:/Users/Admin/Documents/Unreal Projects/ai-project/Content/ExternalAssets/icons/genericItem_color_084.uasset" 3871
"C:/Users/Admin/Documents/Unreal Projects/ai-project/Content/ExternalAssets/icons/genericItem_color_083.uasset" 3872
"C:/Users/Admin/Documents/Unreal Projects/ai-project/Content/ExternalAssets/icons/genericItem_color_082.uasset" 3873
"C:/Users/Admin/Documents/Unreal Projects/ai-project/Content/ExternalAssets/icons/genericItem_color_081.uasset" 3874
"C:/Users/Admin/Documents/Unreal Projects/ai-project/Content/ExternalAssets/icons/genericItem_color_080.uasset" 3875
"C:/Users/Admin/Documents/Unreal Projects/ai-project/Content/ExternalAssets/icons/genericItem_color_079.uasset" 3876
"C:/Users/Admin/Documents/Unreal Projects/ai-project/Content/ExternalAssets/icons/genericItem_color_078.uasset" 3877
"C:/Users/Admin/Documents/Unreal Projects/ai-project/Content/ExternalAssets/icons/genericItem_color_077.uasset" 3878
"C:/Users/Admin/Documents/Unreal Projects/ai-project/Content/ExternalAssets/icons/genericItem_color_076.uasset" 3879
"C:/Users/Admin/Documents/Unreal Projects/ai-project/Content/ExternalAssets/icons/genericItem_color_075.uasset" 3880
"C:/Users/Admin/Documents/Unreal Projects/ai-project/Content/ExternalAssets/icons/genericItem_color_074.uasset" 3881
"C:/Users/Admin/Documents/Unreal Projects/ai-project/Content/ExternalAssets/icons/genericItem_color_073.uasset" 3882
"C:/Users/Admin/Documents/Unreal Projects/ai-project/Content/ExternalAssets/icons/genericItem_color_072.uasset" 3883
"C:/Users/Admin/Documents/Unreal Projects/ai-project/Content/ExternalAssets/icons/genericItem_color_071.uasset" 3884
"C:/Users/Admin/Documents/Unreal Projects/ai-project/Content/ExternalAssets/icons/genericItem_color_070.uasset" 3885
"C:/Users/Admin/Documents/Unreal Projects/ai-project/Content/ExternalAssets/icons/genericItem_color_069.uasset" 3886
"C:/Users/Admin/Documents/Unreal Projects/ai-project/Content/ExternalAssets/icons/genericItem_color_068.uasset" 3887
"C:/Users/Admin/Documents/Unreal Projects/ai-project/Content/ExternalAssets/icons/genericItem_color_067.uasset" 3888
"C:/Users/Admin/Documents/Unreal Projects/ai-project/Content/ExternalAssets/icons/genericItem_color_066.uasset" 3889
"C:/Users/Admin/Documents/Unreal Projects/ai-project/Content/ExternalAssets/icons/genericItem_color_065.uasset" 3890
"C:/Users/Admin/Documents/Unreal Projects/ai-project/Content/ExternalAssets/icons/genericItem_color_064.uasset" 3891
"C:/Users/Admin/Documents/Unreal Projects/ai-project/Content/ExternalAssets/icons/genericItem_color_063.uasset" 3892
"C:/Users/Admin/Documents/Unreal Projects/ai-project/Content/ExternalAssets/icons/genericItem_color_062.uasset" 3893
"C:/Users/Admin/Documents/Unreal Projects/ai-project/Content/ExternalAssets/icons/genericItem_color_061.uasset" 3894
"C:/Users/Admin/Documents/Unreal Projects/ai-project/Content/ExternalAssets/icons/genericItem_color_060.uasset" 3895
"C:/Users/Admin/Documents/Unreal Projects/ai-project/Content/ExternalAssets/icons/genericItem_color_059.uasset" 3896
"C:/Users/Admin/Documents/Unreal Projects/ai-project/Content/ExternalAssets/icons/genericItem_color_058.uasset" 3897
"C:/Users/Admin/Documents/Unreal Projects/ai-project/Content/ExternalAssets/icons/genericItem_color_057.uasset" 3898
"C:/Users/Admin/Documents/Unreal Projects/ai-project/Content/ExternalAssets/icons/genericItem_color_056.uasset" 3899
"C:/Users/Admin/Documents/Unreal Projects/ai-project/Content/ExternalAssets/icons/genericItem_color_055.uasset" 3900
"C:/Users/Admin/Documents/Unreal Projects/ai-project/Content/ExternalAssets/icons/genericItem_color_054.uasset" 3901
"C:/Users/Admin/Documents/Unreal Projects/ai-project/Content/ExternalAssets/icons/genericItem_color_053.uasset" 3902
"C:/Users/Admin/Documents/Unreal Projects/ai-project/Content/ExternalAssets/icons/genericItem_color_052.uasset" 3903
"C:/Users/Admin/Documents/Unreal Projects/ai-project/Content/ExternalAssets/icons/genericItem_color_051.uasset" 3904
"C:/Users/Admin/Documents/Unreal Projects/ai-project/Content/ExternalAssets/icons/genericItem_color_050.uasset" 3905
"C:/Users/Admin/Documents/Unreal Projects/ai-project/Content/ExternalAssets/icons/genericItem_color_049.uasset" 3906
"C:/Users/Admin/Documents/Unreal Projects/ai-project/Content/ExternalAssets/icons/genericItem_color_048.uasset" 3907
"C:/Users/Admin/Documents/Unreal Projects/ai-project/Content/ExternalAssets/icons/genericItem_color_047.uasset" 3908
"C:/Users/Admin/Documents/Unreal Projects/ai-project/Content/ExternalAssets/icons/genericItem_color_046.uasset" 3909
"C:/Users/Admin/Documents/Unreal Projects/ai-project/Content/ExternalAssets/icons/genericItem_color_045.uasset" 3910
"C:/Users/Admin/Documents/Unreal Projects/ai-project/Content/ExternalAssets/icons/genericItem_color_044.uasset" 3911
"C:/Users/Admin/Documents/Unreal Projects/ai-project/Content/ExternalAssets/icons/genericItem_color_043.uasset" 3912
"C:/Users/Admin/Documents/Unreal Projects/ai-project/Content/ExternalAssets/icons/genericItem_color_042.uasset" 3913
"C:/Users/Admin/Documents/Unreal Projects/ai-project/Content/ExternalAssets/icons/genericItem_color_041.uasset" 3914
"C:/Users/Admin/Documents/Unreal Projects/ai-project/Content/ExternalAssets/icons/genericItem_color_040.uasset" 3915
"C:/Users/Admin/Documents/Unreal Projects/ai-project/Content/ExternalAssets/icons/genericItem_color_039.uasset" 3916
"C:/Users/Admin/Documents/Unreal Projects/ai-project/Content/ExternalAssets/icons/genericItem_color_038.uasset" 3917
"C:/Users/Admin/Documents/Unreal Projects/ai-project/Content/ExternalAssets/icons/genericItem_color_037.uasset" 3918
"C:/Users/Admin/Documents/Unreal Projects/ai-project/Content/ExternalAssets/icons/genericItem_color_036.uasset" 3919
"C:/Users/Admin/Documents/Unreal Projects/ai-project/Content/ExternalAssets/icons/genericItem_color_035.uasset" 3920
"C:/Users/Admin/Documents/Unreal Projects/ai-project/Content/ExternalAssets/icons/genericItem_color_034.uasset" 3921
"C:/Users/Admin/Documents/Unreal Projects/ai-project/Content/ExternalAssets/icons/genericItem_color_033.uasset" 3922
"C:/Users/Admin/Documents/Unreal Projects/ai-project/Content/ExternalAssets/icons/genericItem_color_032.uasset" 3923
"C:/Users/Admin/Documents/Unreal Projects/ai-project/Content/ExternalAssets/icons/genericItem_color_031.uasset" 3924
"C:/Users/Admin/Documents/Unreal Projects/ai-project/Content/ExternalAssets/icons/genericItem_color_030.uasset" 3925
"C:/Users/Admin/Documents/Unreal Projects/ai-project/Content/ExternalAssets/icons/genericItem_color_029.uasset" 3926
"C:/Users/Admin/Documents/Unreal Projects/ai-project/Content/ExternalAssets/icons/genericItem_color_028.uasset" 3927
"C:/Users/Admin/Documents/Unreal Projects/ai-project/Content/ExternalAssets/icons/genericItem_color_027.uasset" 3928
"C:/Users/Admin/Documents/Unreal Projects/ai-project/Content/ExternalAssets/icons/genericItem_color_026.uasset" 3929
"C:/Users/Admin/Documents/Unreal Projects/ai-project/Content/ExternalAssets/icons/genericItem_color_025.uasset" 3930
"C:/Users/Admin/Documents/Unreal Projects/ai-project/Content/ExternalAssets/icons/genericItem_color_024.uasset" 3931
"C:/Users/Admin/Documents/Unreal Projects/ai-project/Content/ExternalAssets/icons/genericItem_color_023.uasset" 3932
"C:/Users/Admin/Documents/Unreal Projects/ai-project/Content/ExternalAssets/icons/genericItem_color_021.uasset" 3933
"C:/Users/Admin/Documents/Unreal Projects/ai-project/Content/ExternalAssets/icons/genericItem_color_020.uasset" 3934
"C:/Users/Admin/Documents/Unreal Projects/ai-project/Content/ExternalAssets/icons/genericItem_color_019.uasset" 3935
"C:/Users/Admin/Documents/Unreal Projects/ai-project/Content/ExternalAssets/icons/genericItem_color_018.uasset" 3936
"C:/Users/Admin/Documents/Unreal Projects/ai-project/Content/ExternalAssets/icons/genericItem_color_017.uasset" 3937
"C:/Users/Admin/Documents/Unreal Projects/ai-project/Content/ExternalAssets/icons/genericItem_color_016.uasset" 3938
"C:/Users/Admin/Documents/Unreal Projects/ai-project/Content/ExternalAssets/icons/genericItem_color_014.uasset" 3939
"C:/Users/Admin/Documents/Unreal Projects/ai-project/Content/ExternalAssets/icons/genericItem_color_013.uasset" 3940
"C:/Users/Admin/Documents/Unreal Projects/ai-project/Content/ExternalAssets/icons/genericItem_color_012.uasset" 3941
"C:/Users/Admin/Documents/Unreal Projects/ai-project/Content/ExternalAssets/icons/genericItem_color_011.uasset" 3942
"C:/Users/Admin/Documents/Unreal Projects/ai-project/Content/ExternalAssets/icons/genericItem_color_010.uasset" 3943
"C:/Users/Admin/Documents/Unreal Projects/ai-project/Content/ExternalAssets/icons/genericItem_color_009.uasset" 3944
"C:/Users/Admin/Documents/Unreal Projects/ai-project/Content/ExternalAssets/icons/genericItem_color_008.uasset" 3945
"C:/Users/Admin/Documents/Unreal Projects/ai-project/Content/ExternalAssets/icons/genericItem_color_007.uasset" 3946
"C:/Users/Admin/Documents/Unreal Projects/ai-project/Content/ExternalAssets/icons/genericItem_color_006.uasset" 3947
"C:/Users/Admin/Documents/Unreal Projects/ai-project/Content/ExternalAssets/icons/genericItem_color_004.uasset" 3948
"C:/Users/Admin/Documents/Unreal Projects/ai-project/Content/ExternalAssets/icons/genericItem_color_003.uasset" 3949
"C:/Users/Admin/Documents/Unreal Projects/ai-project/Content/ExternalAssets/icons/genericItem_color_002.uasset" 3950
"C:/Users/Admin/Documents/Unreal Projects/ai-project/Content/ExternalAssets/fonts/VCR_OSD_MONO_1_001.uasset" 3951
"C:/Users/Admin/Documents/Unreal Projects/ai-project/Content/ExternalAssets/FBX_format_graveyard/Textures/colormap.uasset" 3952
"C:/Users/Admin/Documents/Unreal Projects/ai-project/Content/ExternalAssets/FBX_format_furni/_defaultMat.uasset" 3953
"C:/Users/Admin/Documents/Unreal Projects/ai-project/Content/ExternalAssets/FBX_format_furni/woodDark.uasset" 3954
"C:/Users/Admin/Documents/Unreal Projects/ai-project/Content/ExternalAssets/FBX_format_furni/wood.uasset" 3955
"C:/Users/Admin/Documents/Unreal Projects/ai-project/Content/ExternalAssets/FBX_format_furni/plant.uasset" 3956
"C:/Users/Admin/Documents/Unreal Projects/ai-project/Content/ExternalAssets/FBX_format_furni/metalMedium.uasset" 3957
"C:/Users/Admin/Documents/Unreal Projects/ai-project/Content/ExternalAssets/FBX_format_furni/metalLight.uasset" 3958
"C:/Users/Admin/Documents/Unreal Projects/ai-project/Content/ExternalAssets/FBX_format_furni/metalDark.uasset" 3959
"C:/Users/Admin/Documents/Unreal Projects/ai-project/Content/ExternalAssets/FBX_format_furni/metal.uasset" 3960
"C:/Users/Admin/Documents/Unreal Projects/ai-project/Content/ExternalAssets/FBX_format_furni/lamp.uasset" 3961
"C:/Users/Admin/Documents/Unreal Projects/ai-project/Content/ExternalAssets/FBX_format_furni/glass.uasset" 3962
"C:/Users/Admin/Documents/Unreal Projects/ai-project/Content/ExternalAssets/FBX_format_furni/fur.uasset" 3963
"C:/Users/Admin/Documents/Unreal Projects/ai-project/Content/ExternalAssets/FBX_format_furni/carpetWhite.uasset" 3964
"C:/Users/Admin/Documents/Unreal Projects/ai-project/Content/ExternalAssets/FBX_format_furni/carpetDarker.uasset" 3965
"C:/Users/Admin/Documents/Unreal Projects/ai-project/Content/ExternalAssets/FBX_format_furni/carpetBlue.uasset" 3966
"C:/Users/Admin/Documents/Unreal Projects/ai-project/Content/ExternalAssets/FBX_format_furni/carpet.uasset" 3967
"C:/Users/Admin/Documents/Unreal Projects/ai-project/Content/ExternalAssets/FBX_format_food/Textures/colormap.uasset" 3968
"C:/Users/Admin/Documents/Unreal Projects/ai-project/Content/ExternalAssets/FBX_format_food/glass.uasset" 3969
"C:/Users/Admin/Documents/Unreal Projects/ai-project/Content/ExternalAssets/Characters/FBX_format/torso_Skeleton.uasset" 3970
"C:/Users/Admin/Documents/Unreal Projects/ai-project/Content/ExternalAssets/Characters/FBX_format/torso_PhysicsAsset.uasset" 3971
"C:/Users/Admin/Documents/Unreal Projects/ai-project/Content/ExternalAssets/Characters/FBX_format/texture-i_ncl1_1.uasset" 3972
"C:/Users/Admin/Documents/Unreal Projects/ai-project/Content/ExternalAssets/Characters/FBX_format/texture-h_ncl1_1.uasset" 3973
"C:/Users/Admin/Documents/Unreal Projects/ai-project/Content/ExternalAssets/Characters/FBX_format/texture-g_ncl1_1.uasset" 3974
"C:/Users/Admin/Documents/Unreal Projects/ai-project/Content/ExternalAssets/Characters/FBX_format/texture-f_ncl1_1.uasset" 3975
"C:/Users/Admin/Documents/Unreal Projects/ai-project/Content/ExternalAssets/Characters/FBX_format/texture-e_ncl1_1.uasset" 3976
"C:/Users/Admin/Documents/Unreal Projects/ai-project/Content/ExternalAssets/Characters/FBX_format/texture-d_ncl1_1.uasset" 3977
"C:/Users/Admin/Documents/Unreal Projects/ai-project/Content/ExternalAssets/Characters/FBX_format/texture-c_ncl1_1.uasset" 3978
"C:/Users/Admin/Documents/Unreal Projects/ai-project/Content/ExternalAssets/Characters/FBX_format/texture-b_ncl1_1.uasset" 3979
"C:/Users/Admin/Documents/Unreal Projects/ai-project/Content/ExternalAssets/Characters/FBX_format/texture-a_ncl1_1.uasset" 3980
"C:/Users/Admin/Documents/Unreal Projects/ai-project/Content/ExternalAssets/Characters/FBX_format/leg-right_Skeleton.uasset" 3981
"C:/Users/Admin/Documents/Unreal Projects/ai-project/Content/ExternalAssets/Characters/FBX_format/leg-right_PhysicsAsset.uasset" 3982
"C:/Users/Admin/Documents/Unreal Projects/ai-project/Content/ExternalAssets/Characters/FBX_format/leg-left_Skeleton.uasset" 3983
"C:/Users/Admin/Documents/Unreal Projects/ai-project/Content/ExternalAssets/Characters/FBX_format/leg-left_PhysicsAsset.uasset" 3984
"C:/Users/Admin/Documents/Unreal Projects/ai-project/Content/ExternalAssets/Characters/TEX_texture-r.uasset" 3985
"C:/Users/Admin/Documents/Unreal Projects/ai-project/Content/ExternalAssets/Characters/TEX_texture-q.uasset" 3986
"C:/Users/Admin/Documents/Unreal Projects/ai-project/Content/ExternalAssets/Characters/TEX_texture-p.uasset" 3987
"C:/Users/Admin/Documents/Unreal Projects/ai-project/Content/ExternalAssets/Characters/TEX_texture-o.uasset" 3988
"C:/Users/Admin/Documents/Unreal Projects/ai-project/Content/ExternalAssets/Characters/TEX_texture-n.uasset" 3989
"C:/Users/Admin/Documents/Unreal Projects/ai-project/Content/ExternalAssets/Characters/TEX_texture-m.uasset" 3990
"C:/Users/Admin/Documents/Unreal Projects/ai-project/Content/ExternalAssets/Characters/TEX_texture-l.uasset" 3991
"C:/Users/Admin/Documents/Unreal Projects/ai-project/Content/ExternalAssets/Characters/TEX_texture-k.uasset" 3992
"C:/Users/Admin/Documents/Unreal Projects/ai-project/Content/ExternalAssets/Characters/TEX_texture-j.uasset" 3993
"C:/Users/Admin/Documents/Unreal Projects/ai-project/Content/ExternalAssets/Characters/TEX_texture-i.uasset" 3994
"C:/Users/Admin/Documents/Unreal Projects/ai-project/Content/ExternalAssets/Characters/TEX_texture-h.uasset" 3995
"C:/Users/Admin/Documents/Unreal Projects/ai-project/Content/ExternalAssets/Characters/TEX_texture-g.uasset" 3996
"C:/Users/Admin/Documents/Unreal Projects/ai-project/Content/ExternalAssets/Characters/TEX_texture-f.uasset" 3997
"C:/Users/Admin/Documents/Unreal Projects/ai-project/Content/ExternalAssets/Characters/TEX_texture-e.uasset" 3998
"C:/Users/Admin/Documents/Unreal Projects/ai-project/Content/ExternalAssets/Characters/TEX_texture-d.uasset" 3999
"C:/Users/Admin/Documents/Unreal Projects/ai-project/Content/ExternalAssets/Characters/TEX_texture-c.uasset" 4000
"C:/Users/Admin/Documents/Unreal Projects/ai-project/Content/ExternalAssets/Characters/TEX_texture-b.uasset" 4001
"C:/Users/Admin/Documents/Unreal Projects/ai-project/Content/ExternalAssets/Characters/TEX_texture-a.uasset" 4002
"C:/Users/Admin/Documents/Unreal Projects/ai-project/Content/DetectiveAnimations/Demo/Mannequins/Textures/Shared/T_UE_Logo_M.uasset" 4003
"C:/Users/Admin/Documents/Unreal Projects/ai-project/Content/DetectiveAnimations/Demo/Mannequins/Textures/Quinn/T_Quinn_02_CCRCCPlastic_MSK.uasset" 4004
"C:/Users/Admin/Documents/Unreal Projects/ai-project/Content/DetectiveAnimations/Demo/Mannequins/Textures/Quinn/T_Quinn_02_ASAOMASK_MSK.uasset" 4005
"C:/Users/Admin/Documents/Unreal Projects/ai-project/Content/DetectiveAnimations/Demo/Mannequins/Textures/Quinn/T_Quinn_02ID_Tan.uasset" 4006
"C:/Users/Admin/Documents/Unreal Projects/ai-project/Content/DetectiveAnimations/Demo/Mannequins/Textures/Quinn/T_Quinn_02ID_N.uasset" 4007
"C:/Users/Admin/Documents/Unreal Projects/ai-project/Content/DetectiveAnimations/Demo/Mannequins/Textures/Quinn/T_Quinn_02ID_MSR_MSK.uasset" 4008
"C:/Users/Admin/Documents/Unreal Projects/ai-project/Content/DetectiveAnimations/Demo/Mannequins/Textures/Quinn/T_Quinn_02ID_D.uasset" 4009
"C:/Users/Admin/Documents/Unreal Projects/ai-project/Content/DetectiveAnimations/Demo/Mannequins/Textures/Quinn/T_Quinn_02ID_BN.uasset" 4010
"C:/Users/Admin/Documents/Unreal Projects/ai-project/Content/DetectiveAnimations/Demo/Mannequins/Textures/Quinn/T_Quinn_01_CCRCCPlastic_MSK.uasset" 4011
"C:/Users/Admin/Documents/Unreal Projects/ai-project/Content/DetectiveAnimations/Demo/Mannequins/Textures/Quinn/T_Quinn_01_ASAOMASK_MSK.uasset" 4012
"C:/Users/Admin/Documents/Unreal Projects/ai-project/Content/DetectiveAnimations/Demo/Mannequins/Textures/Quinn/T_Quinn_01ID_Tan.uasset" 4013
"C:/Users/Admin/Documents/Unreal Projects/ai-project/Content/DetectiveAnimations/Demo/Mannequins/Textures/Quinn/T_Quinn_01ID_N.uasset" 4014
"C:/Users/Admin/Documents/Unreal Projects/ai-project/Content/DetectiveAnimations/Demo/Mannequins/Textures/Quinn/T_Quinn_01ID_MSR_MSK.uasset" 4015
"C:/Users/Admin/Documents/Unreal Projects/ai-project/Content/DetectiveAnimations/Demo/Mannequins/Textures/Quinn/T_Quinn_01ID_D.uasset" 4016
"C:/Users/Admin/Documents/Unreal Projects/ai-project/Content/DetectiveAnimations/Demo/Mannequins/Textures/Quinn/T_Quinn_01ID_BN.uasset" 4017
"C:/Users/Admin/Documents/Unreal Projects/ai-project/Content/DetectiveAnimations/Demo/Mannequins/Textures/Manny/T_Manny_02_Tan.uasset" 4018
"C:/Users/Admin/Documents/Unreal Projects/ai-project/Content/DetectiveAnimations/Demo/Mannequins/Textures/Manny/T_Manny_02_N.uasset" 4019
"C:/Users/Admin/Documents/Unreal Projects/ai-project/Content/DetectiveAnimations/Demo/Mannequins/Textures/Manny/T_Manny_02_MSR_MSK.uasset" 4020
"C:/Users/Admin/Documents/Unreal Projects/ai-project/Content/DetectiveAnimations/Demo/Mannequins/Textures/Manny/T_Manny_02_D.uasset" 4021
"C:/Users/Admin/Documents/Unreal Projects/ai-project/Content/DetectiveAnimations/Demo/Mannequins/Textures/Manny/T_Manny_02_CCRCCPlastic_MSK.uasset" 4022
"C:/Users/Admin/Documents/Unreal Projects/ai-project/Content/DetectiveAnimations/Demo/Mannequins/Textures/Manny/T_Manny_02_BN.uasset" 4023
"C:/Users/Admin/Documents/Unreal Projects/ai-project/Content/DetectiveAnimations/Demo/Mannequins/Textures/Manny/T_Manny_02_ASAOPMASK_MSK.uasset" 4024
"C:/Users/Admin/Documents/Unreal Projects/ai-project/Content/DetectiveAnimations/Demo/Mannequins/Textures/Manny/T_Manny_01_Tan.uasset" 4025
"C:/Users/Admin/Documents/Unreal Projects/ai-project/Content/DetectiveAnimations/Demo/Mannequins/Textures/Manny/T_Manny_01_D.uasset" 4026
"C:/Users/Admin/Documents/Unreal Projects/ai-project/Content/DetectiveAnimations/Demo/Mannequins/Textures/Manny/T_Manny_01_N.uasset" 4027
"C:/Users/Admin/Documents/Unreal Projects/ai-project/Content/DetectiveAnimations/Demo/Mannequins/Textures/Manny/T_Manny_01_MSR_MSK.uasset" 4028
"C:/Users/Admin/Documents/Unreal Projects/ai-project/Content/DetectiveAnimations/Demo/Mannequins/Textures/Manny/T_Manny_01_CCRCCPlastic_MSK.uasset" 4029
"C:/Users/Admin/Documents/Unreal Projects/ai-project/Content/DetectiveAnimations/Demo/Mannequins/Textures/Manny/T_Manny_01_BN.uasset" 4030
"C:/Users/Admin/Documents/Unreal Projects/ai-project/Content/DetectiveAnimations/Demo/Mannequins/Textures/Manny/T_Manny_01_ASAOPMASK_MSK.uasset" 4031
"C:/Users/Admin/Documents/Unreal Projects/ai-project/Content/DetectiveAnimations/Demo/Mannequins/Rigs/PA_Mannequin.uasset" 4032
"C:/Users/Admin/Documents/Unreal Projects/ai-project/Content/DetectiveAnimations/Demo/Mannequins/Rigs/IK_Mannequin.uasset" 4033
"C:/Users/Admin/Documents/Unreal Projects/ai-project/Content/DetectiveAnimations/Demo/Mannequins/Meshes/SK_Mannequin.uasset" 4034
"C:/Users/Admin/Documents/Unreal Projects/ai-project/Content/DetectiveAnimations/Demo/Mannequins/Meshes/Mannequin_LODSettings.uasset" 4035
"C:/Users/Admin/Documents/Unreal Projects/ai-project/Content/DetectiveAnimations/Demo/Mannequins/Materials/Functions/ML_BaseColorFallOff.uasset" 4036
"C:/Users/Admin/Documents/Unreal Projects/ai-project/Content/DetectiveAnimations/Demo/Mannequins/Materials/Functions/ChromaticCurve.uasset" 4037
"C:/Users/Admin/Documents/Unreal Projects/ai-project/Content/DataTables/S_test.uasset" 4038
"C:/Users/Admin/Documents/Unreal Projects/ai-project/Content/DataTables/DT_Rountine.uasset" 4039
"C:/Users/Admin/Documents/Unreal Projects/ai-project/Content/DataTables/DT_New.uasset" 4040
"C:/Users/Admin/Documents/Unreal Projects/ai-project/Content/Characters/Prisoner/SO_Key.uasset" 4041
"C:/Users/Admin/Documents/Unreal Projects/ai-project/Content/Characters/Prisoner/KeyAction.uasset" 4042
"C:/Users/Admin/Documents/Unreal Projects/ai-project/Content/Characters/Prisoner/character_Skeleton.uasset" 4043
"C:/Users/Admin/Documents/Unreal Projects/ai-project/Content/Characters/Prisoner/character_PhysicsAsset.uasset" 4044
"C:/Users/Admin/Documents/Unreal Projects/ai-project/Content/Characters/Prisoner/Ch36_1001_Specular.uasset" 4045
"C:/Users/Admin/Documents/Unreal Projects/ai-project/Content/Characters/Prisoner/Ch36_1001_Normal.uasset" 4046
"C:/Users/Admin/Documents/Unreal Projects/ai-project/Content/Characters/Prisoner/Ch36_1001_Glossiness.uasset" 4047
"C:/Users/Admin/Documents/Unreal Projects/ai-project/Content/Characters/Prisoner/Ch36_1001_Diffuse.uasset" 4048
"C:/Users/Admin/Documents/Unreal Projects/ai-project/Content/Characters/Mannequin_UE4/Textures/T_UELogo_N_TGA.uasset" 4049
"C:/Users/Admin/Documents/Unreal Projects/ai-project/Content/Characters/Mannequin_UE4/Textures/T_UELogo_Mask.uasset" 4050
"C:/Users/Admin/Documents/Unreal Projects/ai-project/Content/Characters/Mannequin_UE4/Textures/T_UE4_Mannequin__normals.uasset" 4051
"C:/Users/Admin/Documents/Unreal Projects/ai-project/Content/Characters/Mannequin_UE4/Textures/T_UE4_Mannequin_MAT_MASKA.uasset" 4052
"C:/Users/Admin/Documents/Unreal Projects/ai-project/Content/Characters/Mannequin_UE4/Textures/T_ML_Rubber_Blue_01_N.uasset" 4053
"C:/Users/Admin/Documents/Unreal Projects/ai-project/Content/Characters/Mannequin_UE4/Textures/T_ML_Rubber_Blue_01_D.uasset" 4054
"C:/Users/Admin/Documents/Unreal Projects/ai-project/Content/Characters/Mannequin_UE4/Textures/T_ML_Aluminum01_N.uasset" 4055
"C:/Users/Admin/Documents/Unreal Projects/ai-project/Content/Characters/Mannequin_UE4/Textures/T_ML_Aluminum01.uasset" 4056
"C:/Users/Admin/Documents/Unreal Projects/ai-project/Content/Characters/Mannequin_UE4/Rigs/RTG_UE5Manny_UE4Manny.uasset" 4057
"C:/Users/Admin/Documents/Unreal Projects/ai-project/Content/Characters/Mannequin_UE4/Rigs/RTG_UE4Manny_UE5Manny.uasset" 4058
"C:/Users/Admin/Documents/Unreal Projects/ai-project/Content/Characters/Mannequin_UE4/Rigs/IK_UE4_Mannequin.uasset" 4059
"C:/Users/Admin/Documents/Unreal Projects/ai-project/Content/Characters/Mannequin_UE4/Meshes/SK_Mannequin_Skeleton.uasset" 4060
"C:/Users/Admin/Documents/Unreal Projects/ai-project/Content/Characters/Mannequin_UE4/Meshes/SK_Mannequin_PhysicsAsset.uasset" 4061
"C:/Users/Admin/Documents/Unreal Projects/ai-project/Content/Characters/Mannequin_UE4/Materials/Layers/ML_ShinyPlastic_Beige.uasset" 4062
"C:/Users/Admin/Documents/Unreal Projects/ai-project/Content/Characters/Mannequins/Textures/Manny/T_Manny_02_Tan.uasset" 4063
"C:/Users/Admin/Documents/Unreal Projects/ai-project/Content/Characters/Mannequins/Textures/Manny/T_Manny_02_N.uasset" 4064
"C:/Users/Admin/Documents/Unreal Projects/ai-project/Content/Characters/Mannequins/Textures/Manny/T_Manny_02_MSR_MSK.uasset" 4065
"C:/Users/Admin/Documents/Unreal Projects/ai-project/Content/Characters/Mannequins/Textures/Manny/T_Manny_02_D.uasset" 4066
"C:/Users/Admin/Documents/Unreal Projects/ai-project/Content/Characters/Mannequins/Textures/Manny/T_Manny_02_CCRCCPlastic_MSK.uasset" 4067
"C:/Users/Admin/Documents/Unreal Projects/ai-project/Content/Characters/Mannequins/Textures/Manny/T_Manny_02_BN.uasset" 4068
"C:/Users/Admin/Documents/Unreal Projects/ai-project/Content/Characters/Mannequins/Textures/Manny/T_Manny_02_ASAOPMASK_MSK.uasset" 4069
"C:/Users/Admin/Documents/Unreal Projects/ai-project/Content/Characters/Mannequins/Rigs/RTG_Mannequin.uasset" 4070
"C:/Users/Admin/Documents/Unreal Projects/ai-project/Content/Characters/Mannequins/Rigs/IK_Mannequin.uasset" 4071
"C:/Users/Admin/Documents/Unreal Projects/ai-project/Content/Characters/Mannequins/Meshes/Mannequin_LODSettings.uasset" 4072
"C:/Users/Admin/Documents/Unreal Projects/ai-project/Content/Characters/Guard/character__1__PhysicsAsset.uasset" 4073
"C:/Users/Admin/Documents/Unreal Projects/ai-project/Content/Characters/Guard/Alpha_Joints_MAT.uasset" 4074
"C:/Users/Admin/Documents/Unreal Projects/ai-project/Content/Characters/Guard/Alpha_Body_MAT.uasset" 4075
"C:/Users/Admin/Documents/Unreal Projects/ai-project/Content/Characters/AIC_Test.uasset" 4076
"C:/Users/Admin/Documents/Unreal Projects/ai-project/Content/BehaviourTree/u.uasset" 4077
"C:/Users/Admin/Documents/Unreal Projects/ai-project/Content/BehaviourTree/ExampleRoot.uasset" 4078
"C:/Users/Admin/Documents/Unreal Projects/ai-project/Content/BehaviourTree/BehaviourTreeControlelr.uasset" 4079
"C:/Users/Admin/Documents/Unreal Projects/ai-project/Content/Anim/Prisoner/RTG_AutoGenerated.uasset" 4080
"C:/Users/Admin/Documents/Unreal Projects/ai-project/Content/Anim/Prisoner/IK_AutoGeneratedTarget.uasset" 4081
"C:/Users/Admin/Documents/Unreal Projects/ai-project/Content/Anim/Prisoner/IK_AutoGeneratedSource.uasset" 4082
"C:/Users/Admin/Documents/Unreal Projects/ai-project/Content/Anim/Guard/NS_StopInvestigating.uasset" 4083
"C:/Users/Admin/Documents/Unreal Projects/ai-project/Content/Anim/Guard/NS_GuardAttack.uasset" 4084
"C:/Users/Admin/Documents/Unreal Projects/ai-project/Content/Anim/UAL1_Standard_Skeleton.uasset" 4085
"C:/Users/Admin/Documents/Unreal Projects/ai-project/Content/Anim/UAL1_Standard_PhysicsAsset.uasset" 4086
"C:/Users/Admin/Documents/Unreal Projects/ai-project/Content/Anim/RTG_AutoGenerated.uasset" 4087
"C:/Users/Admin/Documents/Unreal Projects/ai-project/Content/Anim/Picking_Up_Light_Skeleton.uasset" 4088
"C:/Users/Admin/Documents/Unreal Projects/ai-project/Content/Anim/Picking_Up_Light_PhysicsAsset.uasset" 4089
"C:/Users/Admin/Documents/Unreal Projects/ai-project/Content/Anim/MN_SiimpleDamage.uasset" 4090
"C:/Users/Admin/Documents/Unreal Projects/ai-project/Content/Anim/IK_AutoGeneratedTarget.uasset" 4091
"C:/Users/Admin/Documents/Unreal Projects/ai-project/Content/Anim/IK_AutoGeneratedSource.uasset" 4092
"C:/Users/Admin/Documents/Unreal Projects/ai-project/Content/Anim/Beta_Joints_MAT1.uasset" 4093
"C:/Users/Admin/Documents/Unreal Projects/ai-project/Content/Anim/Beta_HighLimbsGeoSG3.uasset" 4094
"C:/Users/Admin/Documents/Unreal Projects/ai-project/Content/Anim/ANS_StallMove.uasset" 4095
"C:/Users/Admin/Documents/Unreal Projects/ai-project/Content/AI/BB_Guard.uasset" 4096
"C:/Users/Admin/Documents/Unreal Projects/ai-project/Content/AI/BB_General.uasset" 4097
"C:/Users/Admin/Documents/Unreal Projects/ai-project/Content/Actions/A_AttackPlayer.uasset" 4098
"C:/Users/Admin/Documents/Unreal Projects/ai-project/Content/8BitRPGAdventureMusicPackI/wav/8-Bit_RPG_Adventure_Music_Pack_I/Extra_2_Tragic_Moment/Tragic_Moment__Loopable_w_end_.uasset" 4099
"C:/Users/Admin/Documents/Unreal Projects/ai-project/Content/8BitRPGAdventureMusicPackI/wav/8-Bit_RPG_Adventure_Music_Pack_I/Extra_1_Bizzarre_Character/Bizzare_Character__w_end_.uasset" 4100
"C:/Users/Admin/Documents/Unreal Projects/ai-project/Content/8BitRPGAdventureMusicPackI/wav/8-Bit_RPG_Adventure_Music_Pack_I/Extra_1_Bizzarre_Character/Bizzare_Character__Loopable_.uasset" 4101
"C:/Users/Admin/Documents/Unreal Projects/ai-project/Content/8BitRPGAdventureMusicPackI/wav/8-Bit_RPG_Adventure_Music_Pack_I/8_Ending/Ending__Loopable_w_end_.uasset" 4102
"C:/Users/Admin/Documents/Unreal Projects/ai-project/Content/8BitRPGAdventureMusicPackI/wav/8-Bit_RPG_Adventure_Music_Pack_I/7_Main_Title/Main_Title__w_end_.uasset" 4103
"C:/Users/Admin/Documents/Unreal Projects/ai-project/Content/8BitRPGAdventureMusicPackI/wav/8-Bit_RPG_Adventure_Music_Pack_I/7_Main_Title/Main_Title__Loopable_.uasset" 4104
"C:/Users/Admin/Documents/Unreal Projects/ai-project/Content/8BitRPGAdventureMusicPackI/wav/8-Bit_RPG_Adventure_Music_Pack_I/6_Snowy_Village/Snowy_Village__w_end_.uasset" 4105
"C:/Users/Admin/Documents/Unreal Projects/ai-project/Content/8BitRPGAdventureMusicPackI/wav/8-Bit_RPG_Adventure_Music_Pack_I/6_Snowy_Village/Snowy_Village__Loopable_.uasset" 4106
"C:/Users/Admin/Documents/Unreal Projects/ai-project/Content/8BitRPGAdventureMusicPackI/wav/8-Bit_RPG_Adventure_Music_Pack_I/5_Beach_Village/Beach_Village_w_end_.uasset" 4107
"C:/Users/Admin/Documents/Unreal Projects/ai-project/Content/8BitRPGAdventureMusicPackI/wav/8-Bit_RPG_Adventure_Music_Pack_I/5_Beach_Village/Beach_Village_Loopable_.uasset" 4108
"C:/Users/Admin/Documents/Unreal Projects/ai-project/Content/8BitRPGAdventureMusicPackI/wav/8-Bit_RPG_Adventure_Music_Pack_I/4_First_Boss/First_Boss__Loopable_w_end_.uasset" 4109
"C:/Users/Admin/Documents/Unreal Projects/ai-project/Content/8BitRPGAdventureMusicPackI/wav/8-Bit_RPG_Adventure_Music_Pack_I/3_First_Dungeon/First_Dungeon__w_end_.uasset" 4110
"C:/Users/Admin/Documents/Unreal Projects/ai-project/Content/8BitRPGAdventureMusicPackI/wav/8-Bit_RPG_Adventure_Music_Pack_I/3_First_Dungeon/First_Dungeon__Loopable_.uasset" 4111
"C:/Users/Admin/Documents/Unreal Projects/ai-project/Content/8BitRPGAdventureMusicPackI/wav/8-Bit_RPG_Adventure_Music_Pack_I/2_Common_Enemy/Common_Enemy__w_end_.uasset" 4112
"C:/Users/Admin/Documents/Unreal Projects/ai-project/Content/8BitRPGAdventureMusicPackI/wav/8-Bit_RPG_Adventure_Music_Pack_I/2_Common_Enemy/Common_Enemy__Loopable_.uasset" 4113
"C:/Users/Admin/Documents/Unreal Projects/ai-project/Content/8BitRPGAdventureMusicPackI/wav/8-Bit_RPG_Adventure_Music_Pack_I/1_Adventure_Begins/Adventure_Begins__w_end_.uasset" 4114
"C:/Users/Admin/Documents/Unreal Projects/ai-project/Content/8BitRPGAdventureMusicPackI/wav/8-Bit_RPG_Adventure_Music_Pack_I/1_Adventure_Begins/Adventure_Begins__Loopable_.uasset" 4115
"C:/Users/Admin/Documents/Unreal Projects/ai-project/Content/WBP_InventoryUI.uasset" 4116
"C:/Users/Admin/Documents/Unreal Projects/ai-project/Content/test.uasset" 4117
"C:/Users/Admin/Documents/Unreal Projects/ai-project/Content/MyTreeAction.uasset" 4118
"C:/Users/Admin/Documents/Unreal Projects/ai-project/Content/MyKiey.uasset" 4119
"C:/Users/Admin/Documents/Unreal Projects/ai-project/Content/MyDoor.uasset" 4120
"C:/Users/Admin/Documents/Unreal Projects/ai-project/Content/MyAI_ProjectCharacter.uasset" 4121
"C:/Users/Admin/Documents/Unreal Projects/ai-project/Content/GuardSelector.uasset" 4122
"../../../Engine/Plugins/Interchange/Runtime/Content/Functions/MF_OrenNayerView.uasset" 4123
"../../../Engine/Plugins/Interchange/Runtime/Content/Functions/MF_SchlickApprox.uasset" 4124
"../../../Engine/Content/EngineMaterials/DefaultCalibrationGrayscale.uasset" 4125
"../../../Engine/Content/EngineMaterials/DefaultCalibrationColor.uasset" 4126
"../../../Engine/Content/MobileResources/HUD/VirtualJoystick_Background.uasset" 4127
"../../../Engine/Content/MobileResources/HUD/VirtualJoystick_Thumb.uasset" 4128
"../../../Engine/Content/EngineSounds/Submixes/MasterEQEffectPreset.uasset" 4129
"../../../Engine/Content/EngineSounds/Submixes/MasterReverbEffectPreset.uasset" 4130
"../../../Engine/Content/EditorMaterials/PreviewShadowIndicator.uasset" 4131
"../../../Engine/Content/Maps/Entry_BuiltData.uasset" 4132
"../../../Engine/Content/EngineSky/M_SimpleSkyDome.uasset" 4133
"../../../Engine/Content/EngineSky/T_Sky_Stars.uasset" 4134
"../../../Engine/Content/EngineSky/T_Sky_Clouds_M.uasset" 4135
"../../../Engine/Content/EngineSky/T_Sky_Blue.uasset" 4136
"../../../Engine/Content/Functions/Engine_MaterialFunctions02/Utility/BlendAngleCorrectedNormals.uasset" 4137
"../../../Engine/Content/Functions/Engine_MaterialFunctions01/Gradient/RadialGradient.uasset" 4138
"../../../Engine/Content/Functions/Engine_MaterialFunctions01/Opacity/AlphaOffset.uasset" 4139
"../../../Engine/Content/EditorMeshes/ColorCalibrator/T_ColorGrid.uasset" 4140
"../../../Engine/Content/MapTemplates/Sky/DaylightAmbientCubemap.uasset" 4141
"../../../Engine/Content/Functions/MaterialLayerFunctions/MatLayerBlend_Simple.uasset" 4142
"../../../Engine/Content/Functions/Engine_MaterialFunctions01/Volumetrics/BeersLaw.uasset" 4143
"../../../Engine/Content/Functions/Engine_MaterialFunctions03/Procedurals/ComputeFilterWidth.uasset" 4144
"../../../Engine/Content/EditorMeshes/ColorCalibrator/M_GreyBall.uasset" 4145
"../../../Engine/Content/EditorMeshes/ColorCalibrator/M_ClearCoat.uasset" 4146
"../../../Engine/Content/EditorMeshes/ColorCalibrator/M_ChromeBall.uasset" 4147
"../../../Engine/Content/EditorMeshes/ColorCalibrator/M_ClearCoatBlack.uasset" 4148
"../../../Engine/Content/EngineSky/C_Sky_Horizon_Color.uasset" 4149
"../../../Engine/Content/EngineSky/C_Sky_Cloud_Color.uasset" 4150
"../../../Engine/Content/EngineSky/C_Sky_Zenith_Color.uasset" 4151
"../../../Engine/Content/Functions/Engine_MaterialFunctions01/Gradient/LinearGradient.uasset" 4152
"../../../Engine/Content/EditorMeshes/ColorCalibrator/Color_checker.uasset" 4153
"../../../Engine/Content/EngineMaterials/BlendFunc_DefBlend.uasset" 4154
"../../../Engine/Content/OpenWorldTemplate/LandscapeMaterial/T_GridChecker_A.uasset" 4155
"../../../Engine/Content/EngineMaterials/BlendFunc_DefBase.uasset" 4156
"../../../Engine/Content/Functions/Engine_MaterialFunctions02/ScreenResolution.uasset" 4157
"C:/Users/Admin/Documents/Unreal Projects/ai-project/Content/DataTables/DT_CraftingBD.uasset" 4158
"C:/Users/Admin/Documents/Unreal Projects/ai-project/Content/RamsterZ_FreeAnims_Volume1/Demo/Floors_and_Walls/Mesh/TemplateFloor.uasset" 4159
"C:/Users/Admin/Documents/Unreal Projects/ai-project/Content/ExternalAssets/Prsion/rusted_medieval_key_texture_2_Mat.uasset" 4160
"C:/Users/Admin/Documents/Unreal Projects/ai-project/Content/ExternalAssets/Prsion/rusted_medieval_key_texture_1_Mat.uasset" 4161
"C:/Users/Admin/Documents/Unreal Projects/ai-project/Content/ExternalAssets/Prsion/rusted_medieval_key_texture_0_Mat.uasset" 4162
"C:/Users/Admin/Documents/Unreal Projects/ai-project/Content/Goals/ghost/actions/A_MoveToPlayer.uasset" 4163
"C:/Users/Admin/Documents/Unreal Projects/ai-project/Content/Goals/ghost/actions/A_CloseAttack.uasset" 4164
"C:/Users/Admin/Documents/Unreal Projects/ai-project/Content/Goals/G_AttackPlayer.uasset" 4165
"C:/Users/Admin/Documents/Unreal Projects/ai-project/Content/DetectiveAnimations/Demo/Mannequins/Rigs/CR_Mannequin_Procedural.uasset" 4166
"C:/Users/Admin/Documents/Unreal Projects/ai-project/Content/DetectiveAnimations/Demo/Mannequins/Rigs/CR_Mannequin_BasicFootIK.uasset" 4167
"C:/Users/Admin/Documents/Unreal Projects/ai-project/Content/Characters/Mannequins/Rigs/CR_Mannequin_Procedural.uasset" 4168
"C:/Users/Admin/Documents/Unreal Projects/ai-project/Content/Characters/Mannequins/Rigs/Poses/Quinn/Quinn_upperarm_r_anim.uasset" 4169
"C:/Users/Admin/Documents/Unreal Projects/ai-project/Content/Characters/Mannequins/Rigs/Poses/Quinn/Quinn_upperarm_l_anim.uasset" 4170
"C:/Users/Admin/Documents/Unreal Projects/ai-project/Content/Characters/Mannequins/Rigs/Poses/Quinn/Quinn_thigh_r_anim.uasset" 4171
"C:/Users/Admin/Documents/Unreal Projects/ai-project/Content/Characters/Mannequins/Rigs/Poses/Quinn/Quinn_thigh_l_anim.uasset" 4172
"C:/Users/Admin/Documents/Unreal Projects/ai-project/Content/Characters/Mannequins/Rigs/Poses/Quinn/Quinn_lowerarm_r_anim.uasset" 4173
"C:/Users/Admin/Documents/Unreal Projects/ai-project/Content/Characters/Mannequins/Rigs/Poses/Quinn/Quinn_lowerarm_l_anim.uasset" 4174
"C:/Users/Admin/Documents/Unreal Projects/ai-project/Content/Characters/Mannequins/Rigs/Poses/Quinn/Quinn_hand_r_anim.uasset" 4175
"C:/Users/Admin/Documents/Unreal Projects/ai-project/Content/Characters/Mannequins/Rigs/Poses/Quinn/Quinn_hand_l_anim.uasset" 4176
"C:/Users/Admin/Documents/Unreal Projects/ai-project/Content/Characters/Mannequins/Rigs/Poses/Quinn/Quinn_foot_r_anim.uasset" 4177
"C:/Users/Admin/Documents/Unreal Projects/ai-project/Content/Characters/Mannequins/Rigs/Poses/Quinn/Quinn_foot_l_anim.uasset" 4178
"C:/Users/Admin/Documents/Unreal Projects/ai-project/Content/Characters/Mannequins/Rigs/Poses/Quinn/Quinn_clavicle_r_anim.uasset" 4179
"C:/Users/Admin/Documents/Unreal Projects/ai-project/Content/Characters/Mannequins/Rigs/Poses/Quinn/Quinn_clavicle_l_anim.uasset" 4180
"C:/Users/Admin/Documents/Unreal Projects/ai-project/Content/Characters/Mannequins/Rigs/Poses/Quinn/Quinn_calf_r_anim.uasset" 4181
"C:/Users/Admin/Documents/Unreal Projects/ai-project/Content/Characters/Mannequins/Rigs/Poses/Manny/Manny_upperarm_r_anim.uasset" 4182
"C:/Users/Admin/Documents/Unreal Projects/ai-project/Content/Characters/Mannequins/Rigs/Poses/Quinn/Quinn_calf_l_anim.uasset" 4183
"C:/Users/Admin/Documents/Unreal Projects/ai-project/Content/Characters/Mannequins/Rigs/Poses/Manny/Manny_upperarm_l_anim.uasset" 4184
"C:/Users/Admin/Documents/Unreal Projects/ai-project/Content/Characters/Mannequins/Rigs/Poses/Manny/Manny_thigh_r_anim.uasset" 4185
"C:/Users/Admin/Documents/Unreal Projects/ai-project/Content/Characters/Mannequins/Rigs/Poses/Manny/Manny_thigh_l_anim.uasset" 4186
"C:/Users/Admin/Documents/Unreal Projects/ai-project/Content/Characters/Mannequins/Rigs/Poses/Manny/Manny_lowerarm_r_anim.uasset" 4187
"C:/Users/Admin/Documents/Unreal Projects/ai-project/Content/Characters/Mannequins/Rigs/Poses/Manny/Manny_lowerarm_l_anim.uasset" 4188
"C:/Users/Admin/Documents/Unreal Projects/ai-project/Content/Characters/Mannequins/Rigs/Poses/Manny/Manny_hand_r_anim.uasset" 4189
"C:/Users/Admin/Documents/Unreal Projects/ai-project/Content/Characters/Mannequins/Rigs/Poses/Manny/Manny_hand_l_anim.uasset" 4190
"C:/Users/Admin/Documents/Unreal Projects/ai-project/Content/Characters/Mannequins/Rigs/Poses/Manny/Manny_foot_r_anim.uasset" 4191
"C:/Users/Admin/Documents/Unreal Projects/ai-project/Content/Characters/Mannequins/Rigs/Poses/Manny/Manny_foot_l_anim.uasset" 4192
"C:/Users/Admin/Documents/Unreal Projects/ai-project/Content/Characters/Mannequins/Rigs/Poses/Manny/Manny_clavicle_r_anim.uasset" 4193
"C:/Users/Admin/Documents/Unreal Projects/ai-project/Content/Characters/Mannequins/Rigs/Poses/Manny/Manny_clavicle_l_anim.uasset" 4194
"C:/Users/Admin/Documents/Unreal Projects/ai-project/Content/Characters/Mannequins/Rigs/Poses/Manny/Manny_calf_r_anim.uasset" 4195
"C:/Users/Admin/Documents/Unreal Projects/ai-project/Content/Characters/Mannequins/Rigs/Poses/Manny/Manny_calf_l_anim.uasset" 4196
"C:/Users/Admin/Documents/Unreal Projects/ai-project/Content/Characters/Mannequins/Animations/Quinn/MF_Walk_Fwd.uasset" 4197
"C:/Users/Admin/Documents/Unreal Projects/ai-project/Content/Characters/Mannequins/Animations/Quinn/MF_Run_Fwd.uasset" 4198
"C:/Users/Admin/Documents/Unreal Projects/ai-project/Content/Characters/Mannequins/Animations/Quinn/MF_Idle.uasset" 4199
"C:/Users/Admin/Documents/Unreal Projects/ai-project/Content/Characters/Mannequins/Animations/Manny/MM_T_Pose.uasset" 4200
"C:/Users/Admin/Documents/Unreal Projects/ai-project/Content/DetectiveAnimations/Demo/Mannequins/Rigs/CR_Mannequin_Body.uasset" 4201
"C:/Users/Admin/Documents/Unreal Projects/ai-project/Content/Characters/Mannequins/Rigs/CR_Mannequin_Body.uasset" 4202
"C:/Users/Admin/Documents/Unreal Projects/ai-project/Content/Anim/Guard/GuardMM_Walk_Fwd.uasset" 4203
"C:/Users/Admin/Documents/Unreal Projects/ai-project/Content/Anim/Guard/GuardMM_Run_Fwd.uasset" 4204
"C:/Users/Admin/Documents/Unreal Projects/ai-project/Content/Anim/Guard/GuardMM_Idle.uasset" 4205
"C:/Users/Admin/Documents/Unreal Projects/ai-project/Content/Anim/Guard/GuardMM_Walk_InPlace.uasset" 4206
"C:/Users/Admin/Documents/Unreal Projects/ai-project/Content/Anim/Guard/UnusedGuardElectric.uasset" 4207
"C:/Users/Admin/Documents/Unreal Projects/ai-project/Content/Anim/Guard/Guard_QuinnnZombie_Attack.uasset" 4208
"C:/Users/Admin/Documents/Unreal Projects/ai-project/Content/Anim/Guard/Guard_HitReact_Right.uasset" 4209
"C:/Users/Admin/Documents/Unreal Projects/ai-project/Content/Anim/Guard/Guard_HitReact_Front.uasset" 4210
"C:/Users/Admin/Documents/Unreal Projects/ai-project/Content/Anim/Guard/GuardAS_Victim2.uasset" 4211
"C:/Users/Admin/Documents/Unreal Projects/ai-project/Content/Anim/Assets/Steel_Death_B.uasset" 4212
"C:/Users/Admin/Documents/Unreal Projects/ai-project/Content/Anim/Assets/Pistol_Idle__1_.uasset" 4213
"C:/Users/Admin/Documents/Unreal Projects/ai-project/Content/Anim/Assets/HitReact_Right.uasset" 4214
"C:/Users/Admin/Documents/Unreal Projects/ai-project/Content/Anim/Assets/HitReact_Left.uasset" 4215
"C:/Users/Admin/Documents/Unreal Projects/ai-project/Content/Anim/Assets/HitReact_Front.uasset" 4216
"C:/Users/Admin/Documents/Unreal Projects/ai-project/Content/Anim/Assets/HitReact_Back.uasset" 4217
"C:/Users/Admin/Documents/Unreal Projects/ai-project/Content/Anim/Assets/Emote_HooRah.uasset" 4218
"C:/Users/Admin/Documents/Unreal Projects/ai-project/Content/Anim/Assets/Emote_Greeting.uasset" 4219
"C:/Users/Admin/Documents/Unreal Projects/ai-project/Content/Anim/Assets/Death.uasset" 4220
"C:/Users/Admin/Documents/Unreal Projects/ai-project/Content/Anim/ManyPicking_Up_L.uasset" 4221
"../../../Engine/Content/ArtTools/RenderToTexture/MaterialFunctions/CheckerPattern.uasset" 4222
"C:/Users/Admin/Documents/Unreal Projects/ai-project/Content/UI/Options.uasset" 4223
"C:/Users/Admin/Documents/Unreal Projects/ai-project/Content/UI/WBP_HBI.uasset" 4224
"C:/Users/Admin/Documents/Unreal Projects/ai-project/Content/ThirdPerson/Blueprints/S_Action.uasset" 4225
"C:/Users/Admin/Documents/Unreal Projects/ai-project/Content/MyTimeSystemInstance.uasset" 4226
"C:/Users/Admin/Documents/Unreal Projects/ai-project/Content/StarterContent/Architecture/texture_door_Mat.uasset" 4227
"C:/Users/Admin/Documents/Unreal Projects/ai-project/Content/StarterContent/Architecture/texture_1_Mat.uasset" 4228
"C:/Users/Admin/Documents/Unreal Projects/ai-project/Content/RamsterZ_FreeAnims_Volume1/Demo/Mannequin/Character/Materials/MaterialLayers/ML_Plastic_Shiny_Beige_LOGO.uasset" 4229
"C:/Users/Admin/Documents/Unreal Projects/ai-project/Content/RamsterZ_FreeAnims_Volume1/AnimationSequence/TalkGesture/TalkGesture_Dramatic02.uasset" 4230
"C:/Users/Admin/Documents/Unreal Projects/ai-project/Content/RamsterZ_FreeAnims_Volume1/AnimationSequence/TalkGesture/TalkGesture_Dramatic01.uasset" 4231
"C:/Users/Admin/Documents/Unreal Projects/ai-project/Content/RamsterZ_FreeAnims_Volume1/AnimationSequence/SillyGesture/SillyGesture04.uasset" 4232
"C:/Users/Admin/Documents/Unreal Projects/ai-project/Content/RamsterZ_FreeAnims_Volume1/AnimationSequence/SillyGesture/SillyGesture03.uasset" 4233
"C:/Users/Admin/Documents/Unreal Projects/ai-project/Content/RamsterZ_FreeAnims_Volume1/AnimationSequence/SillyGesture/SillyGesture02.uasset" 4234
"C:/Users/Admin/Documents/Unreal Projects/ai-project/Content/RamsterZ_FreeAnims_Volume1/AnimationSequence/SillyGesture/SillyGesture01.uasset" 4235
"C:/Users/Admin/Documents/Unreal Projects/ai-project/Content/RamsterZ_FreeAnims_Volume1/AnimationSequence/Paired/Paired_SneakNeckBreak_Vic.uasset" 4236
"C:/Users/Admin/Documents/Unreal Projects/ai-project/Content/RamsterZ_FreeAnims_Volume1/AnimationSequence/Paired/Paired_SneakNeckBreak_Att.uasset" 4237
"C:/Users/Admin/Documents/Unreal Projects/ai-project/Content/RamsterZ_FreeAnims_Volume1/AnimationSequence/Paired/Paired_PushShove_Vic.uasset" 4238
"C:/Users/Admin/Documents/Unreal Projects/ai-project/Content/RamsterZ_FreeAnims_Volume1/AnimationSequence/Paired/Paired_PushShove_Att.uasset" 4239
"C:/Users/Admin/Documents/Unreal Projects/ai-project/Content/RamsterZ_FreeAnims_Volume1/AnimationSequence/Paired/Paired_PressUpThrow_Vic.uasset" 4240
"C:/Users/Admin/Documents/Unreal Projects/ai-project/Content/RamsterZ_FreeAnims_Volume1/AnimationSequence/Paired/Paired_PressUpThrow_Att.uasset" 4241
"C:/Users/Admin/Documents/Unreal Projects/ai-project/Content/RamsterZ_FreeAnims_Volume1/AnimationSequence/Paired/Paired_Knife_Stealth_KidneyAndNeck_Vic.uasset" 4242
"C:/Users/Admin/Documents/Unreal Projects/ai-project/Content/RamsterZ_FreeAnims_Volume1/AnimationSequence/Paired/Paired_Knife_Stealth_KidneyAndNeck_Att.uasset" 4243
"C:/Users/Admin/Documents/Unreal Projects/ai-project/Content/RamsterZ_FreeAnims_Volume1/AnimationSequence/Paired/Paired_Knife_GripVariant_Stealth_KidneyAndNeck_Att.uasset" 4244
"C:/Users/Admin/Documents/Unreal Projects/ai-project/Content/RamsterZ_FreeAnims_Volume1/AnimationSequence/Paired/Paired_Idle_Standing_ShakeHug.uasset" 4245
"C:/Users/Admin/Documents/Unreal Projects/ai-project/Content/RamsterZ_FreeAnims_Volume1/AnimationSequence/Paired/Paired_Idle_Standing_Hug.uasset" 4246
"C:/Users/Admin/Documents/Unreal Projects/ai-project/Content/RamsterZ_FreeAnims_Volume1/AnimationSequence/Paired/Paired_GroinKick_Vic.uasset" 4247
"C:/Users/Admin/Documents/Unreal Projects/ai-project/Content/RamsterZ_FreeAnims_Volume1/AnimationSequence/Paired/Paired_GroinKick_Att.uasset" 4248
"C:/Users/Admin/Documents/Unreal Projects/ai-project/Content/RamsterZ_FreeAnims_Volume1/AnimationSequence/Paired/Paired_ForceChoke_Vic.uasset" 4249
"C:/Users/Admin/Documents/Unreal Projects/ai-project/Content/RamsterZ_FreeAnims_Volume1/AnimationSequence/Paired/Paired_ForceChoke_Start_Vic.uasset" 4250
"C:/Users/Admin/Documents/Unreal Projects/ai-project/Content/RamsterZ_FreeAnims_Volume1/AnimationSequence/Paired/Paired_ForceChoke_Start_Att.uasset" 4251
"C:/Users/Admin/Documents/Unreal Projects/ai-project/Content/RamsterZ_FreeAnims_Volume1/AnimationSequence/Paired/Paired_ForceChoke_Loop_Vic.uasset" 4252
"C:/Users/Admin/Documents/Unreal Projects/ai-project/Content/RamsterZ_FreeAnims_Volume1/AnimationSequence/Paired/Paired_ForceChoke_Loop_Att.uasset" 4253
"C:/Users/Admin/Documents/Unreal Projects/ai-project/Content/RamsterZ_FreeAnims_Volume1/AnimationSequence/Paired/Paired_ForceChoke_End_Vic.uasset" 4254
"C:/Users/Admin/Documents/Unreal Projects/ai-project/Content/RamsterZ_FreeAnims_Volume1/AnimationSequence/Paired/Paired_ForceChoke_End_Att.uasset" 4255
"C:/Users/Admin/Documents/Unreal Projects/ai-project/Content/RamsterZ_FreeAnims_Volume1/AnimationSequence/Paired/Paired_ForceChoke_Att.uasset" 4256
"C:/Users/Admin/Documents/Unreal Projects/ai-project/Content/RamsterZ_FreeAnims_Volume1/AnimationSequence/Paired/Paired_Couple_KissOnCheek01_Vic.uasset" 4257
"C:/Users/Admin/Documents/Unreal Projects/ai-project/Content/RamsterZ_FreeAnims_Volume1/AnimationSequence/Paired/Paired_Couple_KissOnCheek01_Att.uasset" 4258
"C:/Users/Admin/Documents/Unreal Projects/ai-project/Content/RamsterZ_FreeAnims_Volume1/AnimationSequence/Paired/Paired_CounterPunch_PalmStrike_Vic.uasset" 4259
"C:/Users/Admin/Documents/Unreal Projects/ai-project/Content/RamsterZ_FreeAnims_Volume1/AnimationSequence/Paired/Paired_CounterPunch_PalmStrike_Att.uasset" 4260
"C:/Users/Admin/Documents/Unreal Projects/ai-project/Content/RamsterZ_FreeAnims_Volume1/AnimationSequence/H2H/Stealth_Idle.uasset" 4261
"C:/Users/Admin/Documents/Unreal Projects/ai-project/Content/RamsterZ_FreeAnims_Volume1/AnimationSequence/H2H/Standing_Idle.uasset" 4262
"C:/Users/Admin/Documents/Unreal Projects/ai-project/Content/RamsterZ_FreeAnims_Volume1/AnimationSequence/H2H/H2H_PunchCombo03.uasset" 4263
"C:/Users/Admin/Documents/Unreal Projects/ai-project/Content/RamsterZ_FreeAnims_Volume1/AnimationSequence/H2H/H2H_PunchCombo02.uasset" 4264
"C:/Users/Admin/Documents/Unreal Projects/ai-project/Content/RamsterZ_FreeAnims_Volume1/AnimationSequence/H2H/H2H_PunchCombo01.uasset" 4265
"C:/Users/Admin/Documents/Unreal Projects/ai-project/Content/RamsterZ_FreeAnims_Volume1/AnimationSequence/H2H/H2H_Kick04.uasset" 4266
"C:/Users/Admin/Documents/Unreal Projects/ai-project/Content/RamsterZ_FreeAnims_Volume1/AnimationSequence/H2H/H2H_Kick03.uasset" 4267
"C:/Users/Admin/Documents/Unreal Projects/ai-project/Content/RamsterZ_FreeAnims_Volume1/AnimationSequence/H2H/H2H_Kick02.uasset" 4268
"C:/Users/Admin/Documents/Unreal Projects/ai-project/Content/RamsterZ_FreeAnims_Volume1/AnimationSequence/H2H/H2H_Kick01.uasset" 4269
"C:/Users/Admin/Documents/Unreal Projects/ai-project/Content/RamsterZ_FreeAnims_Volume1/AnimationSequence/H2H/H2H_Idle.uasset" 4270
"C:/Users/Admin/Documents/Unreal Projects/ai-project/Content/RamsterZ_FreeAnims_Volume1/AnimationSequence/1HM/1HM_Idle.uasset" 4271
"C:/Users/Admin/Documents/Unreal Projects/ai-project/Content/RamsterZ_FreeAnims_Volume1/AnimationSequence/1HM/1HM_AerialSwing01_Forward.uasset" 4272
"C:/Users/Admin/Documents/Unreal Projects/ai-project/Content/RamsterZ_FreeAnims_Volume1/AnimationSequence/1HM/1HM_AerialSwing01_2HitCombo.uasset" 4273
"C:/Users/Admin/Documents/Unreal Projects/ai-project/Content/RamsterZ_FreeAnims_Volume1/Demo/Mannequin/Character/Materials/MaterialLayers/ML_GlossyBlack_Latex_UE4.uasset" 4274
"C:/Users/Admin/Documents/Unreal Projects/ai-project/Content/RamsterZ_FreeAnims_Volume1/Demo/Mannequin/Character/Materials/MaterialLayers/ML_SoftMetal_UE4.uasset" 4275
"C:/Users/Admin/Documents/Unreal Projects/ai-project/Content/RamsterZ_FreeAnims_Volume1/Demo/Floors_and_Walls/Materials/m_red.uasset" 4276
"C:/Users/Admin/Documents/Unreal Projects/ai-project/Content/RamsterZ_FreeAnims_Volume1/Demo/Floors_and_Walls/Materials/m_lightBlue.uasset" 4277
"C:/Users/Admin/Documents/Unreal Projects/ai-project/Content/Maps/mansion_map_img__1__Mat.uasset" 4278
"C:/Users/Admin/Documents/Unreal Projects/ai-project/Content/LevelPrototyping/Materials/MI_Solid_Blue.uasset" 4279
"C:/Users/Admin/Documents/Unreal Projects/ai-project/Content/Interface_And_Item_Sounds/Cues/Special_Powerup_10_Cue.uasset" 4280
"C:/Users/Admin/Documents/Unreal Projects/ai-project/Content/Interface_And_Item_Sounds/Cues/Special_Powerup_09_Cue.uasset" 4281
"C:/Users/Admin/Documents/Unreal Projects/ai-project/Content/Interface_And_Item_Sounds/Cues/Special_Powerup_08_Cue.uasset" 4282
"C:/Users/Admin/Documents/Unreal Projects/ai-project/Content/Interface_And_Item_Sounds/Cues/Special_Powerup_07_Cue.uasset" 4283
"C:/Users/Admin/Documents/Unreal Projects/ai-project/Content/Interface_And_Item_Sounds/Cues/Special_Powerup_06_Cue.uasset" 4284
"C:/Users/Admin/Documents/Unreal Projects/ai-project/Content/Interface_And_Item_Sounds/Cues/Special_Powerup_05_Cue.uasset" 4285
"C:/Users/Admin/Documents/Unreal Projects/ai-project/Content/Interface_And_Item_Sounds/Cues/Special_Powerup_04_Cue.uasset" 4286
"C:/Users/Admin/Documents/Unreal Projects/ai-project/Content/Interface_And_Item_Sounds/Cues/Special_Powerup_03_Cue.uasset" 4287
"C:/Users/Admin/Documents/Unreal Projects/ai-project/Content/Interface_And_Item_Sounds/Cues/Special_Powerup_02_Cue.uasset" 4288
"C:/Users/Admin/Documents/Unreal Projects/ai-project/Content/Interface_And_Item_Sounds/Cues/Special_Powerup_01_Cue.uasset" 4289
"C:/Users/Admin/Documents/Unreal Projects/ai-project/Content/Interface_And_Item_Sounds/Cues/Special_Musical_05_Cue.uasset" 4290
"C:/Users/Admin/Documents/Unreal Projects/ai-project/Content/Interface_And_Item_Sounds/Cues/Special_Musical_04_Cue.uasset" 4291
"C:/Users/Admin/Documents/Unreal Projects/ai-project/Content/Interface_And_Item_Sounds/Cues/Special_Musical_03_Cue.uasset" 4292
"C:/Users/Admin/Documents/Unreal Projects/ai-project/Content/Interface_And_Item_Sounds/Cues/Special_Musical_02_Cue.uasset" 4293
"C:/Users/Admin/Documents/Unreal Projects/ai-project/Content/Interface_And_Item_Sounds/Cues/Special_Musical_01_Cue.uasset" 4294
"C:/Users/Admin/Documents/Unreal Projects/ai-project/Content/Interface_And_Item_Sounds/Cues/Ringtone_01_Cue.uasset" 4295
"C:/Users/Admin/Documents/Unreal Projects/ai-project/Content/Interface_And_Item_Sounds/Cues/Pop_10_Cue.uasset" 4296
"C:/Users/Admin/Documents/Unreal Projects/ai-project/Content/Interface_And_Item_Sounds/Cues/Pop_09_Cue.uasset" 4297
"C:/Users/Admin/Documents/Unreal Projects/ai-project/Content/Interface_And_Item_Sounds/Cues/Pop_08_Cue.uasset" 4298
"C:/Users/Admin/Documents/Unreal Projects/ai-project/Content/Interface_And_Item_Sounds/Cues/Pop_07_Cue.uasset" 4299
"C:/Users/Admin/Documents/Unreal Projects/ai-project/Content/Interface_And_Item_Sounds/Cues/Pop_06_Cue.uasset" 4300
"C:/Users/Admin/Documents/Unreal Projects/ai-project/Content/Interface_And_Item_Sounds/Cues/Pop_05_Cue.uasset" 4301
"C:/Users/Admin/Documents/Unreal Projects/ai-project/Content/Interface_And_Item_Sounds/Cues/Pop_04_Cue.uasset" 4302
"C:/Users/Admin/Documents/Unreal Projects/ai-project/Content/Interface_And_Item_Sounds/Cues/Pop_03_Cue.uasset" 4303
"C:/Users/Admin/Documents/Unreal Projects/ai-project/Content/Interface_And_Item_Sounds/Cues/Pop_02_Cue.uasset" 4304
"C:/Users/Admin/Documents/Unreal Projects/ai-project/Content/Interface_And_Item_Sounds/Cues/Pop_01_Cue.uasset" 4305
"C:/Users/Admin/Documents/Unreal Projects/ai-project/Content/Interface_And_Item_Sounds/Cues/Musical_Click_10_Cue.uasset" 4306
"C:/Users/Admin/Documents/Unreal Projects/ai-project/Content/Interface_And_Item_Sounds/Cues/Musical_Click_09_Cue.uasset" 4307
"C:/Users/Admin/Documents/Unreal Projects/ai-project/Content/Interface_And_Item_Sounds/Cues/Musical_Click_08_Cue.uasset" 4308
"C:/Users/Admin/Documents/Unreal Projects/ai-project/Content/Interface_And_Item_Sounds/Cues/Musical_Click_07_Cue.uasset" 4309
"C:/Users/Admin/Documents/Unreal Projects/ai-project/Content/Interface_And_Item_Sounds/Cues/Musical_Click_06_Cue.uasset" 4310
"C:/Users/Admin/Documents/Unreal Projects/ai-project/Content/Interface_And_Item_Sounds/Cues/Musical_Click_05_Cue.uasset" 4311
"C:/Users/Admin/Documents/Unreal Projects/ai-project/Content/Interface_And_Item_Sounds/Cues/Musical_Click_04_Cue.uasset" 4312
"C:/Users/Admin/Documents/Unreal Projects/ai-project/Content/Interface_And_Item_Sounds/Cues/Musical_Click_03_Cue.uasset" 4313
"C:/Users/Admin/Documents/Unreal Projects/ai-project/Content/Interface_And_Item_Sounds/Cues/Musical_Click_02_Cue.uasset" 4314
"C:/Users/Admin/Documents/Unreal Projects/ai-project/Content/Interface_And_Item_Sounds/Cues/Musical_Click_01_Cue.uasset" 4315
"C:/Users/Admin/Documents/Unreal Projects/ai-project/Content/Interface_And_Item_Sounds/Cues/Item_Sell_Purchase_05_Cue.uasset" 4316
"C:/Users/Admin/Documents/Unreal Projects/ai-project/Content/Interface_And_Item_Sounds/Cues/Item_Sell_Purchase_04_Cue.uasset" 4317
"C:/Users/Admin/Documents/Unreal Projects/ai-project/Content/Interface_And_Item_Sounds/Cues/Item_Sell_Purchase_03_Cue.uasset" 4318
"C:/Users/Admin/Documents/Unreal Projects/ai-project/Content/Interface_And_Item_Sounds/Cues/Item_Sell_Purchase_02_Cue.uasset" 4319
"C:/Users/Admin/Documents/Unreal Projects/ai-project/Content/Interface_And_Item_Sounds/Cues/Item_Sell_Purchase_01_Cue.uasset" 4320
"C:/Users/Admin/Documents/Unreal Projects/ai-project/Content/Interface_And_Item_Sounds/Cues/Gong_03_Cue.uasset" 4321
"C:/Users/Admin/Documents/Unreal Projects/ai-project/Content/Interface_And_Item_Sounds/Cues/Gong_02_Cue.uasset" 4322
"C:/Users/Admin/Documents/Unreal Projects/ai-project/Content/Interface_And_Item_Sounds/Cues/Gong_01_Cue.uasset" 4323
"C:/Users/Admin/Documents/Unreal Projects/ai-project/Content/Interface_And_Item_Sounds/Cues/Futuristic_Click_11_Cue.uasset" 4324
"C:/Users/Admin/Documents/Unreal Projects/ai-project/Content/Interface_And_Item_Sounds/Cues/Futuristic_Click_10_Cue.uasset" 4325
"C:/Users/Admin/Documents/Unreal Projects/ai-project/Content/Interface_And_Item_Sounds/Cues/Futuristic_Click_09_Cue.uasset" 4326
"C:/Users/Admin/Documents/Unreal Projects/ai-project/Content/Interface_And_Item_Sounds/Cues/Futuristic_Click_08_Cue.uasset" 4327
"C:/Users/Admin/Documents/Unreal Projects/ai-project/Content/Interface_And_Item_Sounds/Cues/Futuristic_Click_07_Cue.uasset" 4328
"C:/Users/Admin/Documents/Unreal Projects/ai-project/Content/Interface_And_Item_Sounds/Cues/Futuristic_Click_06_Cue.uasset" 4329
"C:/Users/Admin/Documents/Unreal Projects/ai-project/Content/Interface_And_Item_Sounds/Cues/Futuristic_Click_05_Cue.uasset" 4330
"C:/Users/Admin/Documents/Unreal Projects/ai-project/Content/Interface_And_Item_Sounds/Cues/Futuristic_Click_04_Cue.uasset" 4331
"C:/Users/Admin/Documents/Unreal Projects/ai-project/Content/Interface_And_Item_Sounds/Cues/Futuristic_Click_03_Cue.uasset" 4332
"C:/Users/Admin/Documents/Unreal Projects/ai-project/Content/Interface_And_Item_Sounds/Cues/Futuristic_Click_02_Cue.uasset" 4333
"C:/Users/Admin/Documents/Unreal Projects/ai-project/Content/Interface_And_Item_Sounds/Cues/Futuristic_Click_01_Cue.uasset" 4334
"C:/Users/Admin/Documents/Unreal Projects/ai-project/Content/Interface_And_Item_Sounds/Cues/Futuristic_Alarm_01_Cue.uasset" 4335
"C:/Users/Admin/Documents/Unreal Projects/ai-project/Content/Interface_And_Item_Sounds/Cues/Flick_Switch_05_Cue.uasset" 4336
"C:/Users/Admin/Documents/Unreal Projects/ai-project/Content/Interface_And_Item_Sounds/Cues/Flick_Switch_04_Cue.uasset" 4337
"C:/Users/Admin/Documents/Unreal Projects/ai-project/Content/Interface_And_Item_Sounds/Cues/Flick_Switch_03_Cue.uasset" 4338
"C:/Users/Admin/Documents/Unreal Projects/ai-project/Content/Interface_And_Item_Sounds/Cues/Flick_Switch_02_Cue.uasset" 4339
"C:/Users/Admin/Documents/Unreal Projects/ai-project/Content/Interface_And_Item_Sounds/Cues/Flick_Switch_01_Cue.uasset" 4340
"C:/Users/Admin/Documents/Unreal Projects/ai-project/Content/Interface_And_Item_Sounds/Cues/Error_Buzz_05_Cue.uasset" 4341
"C:/Users/Admin/Documents/Unreal Projects/ai-project/Content/Interface_And_Item_Sounds/Cues/Error_Buzz_04_Cue.uasset" 4342
"C:/Users/Admin/Documents/Unreal Projects/ai-project/Content/Interface_And_Item_Sounds/Cues/Error_Buzz_03_Cue.uasset" 4343
"C:/Users/Admin/Documents/Unreal Projects/ai-project/Content/Interface_And_Item_Sounds/Cues/Error_Buzz_02_Cue.uasset" 4344
"C:/Users/Admin/Documents/Unreal Projects/ai-project/Content/Interface_And_Item_Sounds/Cues/Error_Buzz_01_Cue.uasset" 4345
"C:/Users/Admin/Documents/Unreal Projects/ai-project/Content/Interface_And_Item_Sounds/Cues/Discordant_GameOver_Musical_Short_Cue.uasset" 4346
"C:/Users/Admin/Documents/Unreal Projects/ai-project/Content/Interface_And_Item_Sounds/Cues/Discordant_GameOver_Musical_Long_Cue.uasset" 4347
"C:/Users/Admin/Documents/Unreal Projects/ai-project/Content/Interface_And_Item_Sounds/Cues/Coins_15_Cue.uasset" 4348
"C:/Users/Admin/Documents/Unreal Projects/ai-project/Content/Interface_And_Item_Sounds/Cues/Coins_14_Cue.uasset" 4349
"C:/Users/Admin/Documents/Unreal Projects/ai-project/Content/Interface_And_Item_Sounds/Cues/Coins_13_Cue.uasset" 4350
"C:/Users/Admin/Documents/Unreal Projects/ai-project/Content/Interface_And_Item_Sounds/Cues/Coins_12_Cue.uasset" 4351
"C:/Users/Admin/Documents/Unreal Projects/ai-project/Content/Interface_And_Item_Sounds/Cues/Coins_11_Cue.uasset" 4352
"C:/Users/Admin/Documents/Unreal Projects/ai-project/Content/Interface_And_Item_Sounds/Cues/Coins_10_Cue.uasset" 4353
"C:/Users/Admin/Documents/Unreal Projects/ai-project/Content/Interface_And_Item_Sounds/Cues/Coins_09_Cue.uasset" 4354
"C:/Users/Admin/Documents/Unreal Projects/ai-project/Content/Interface_And_Item_Sounds/Cues/Coins_08_Cue.uasset" 4355
"C:/Users/Admin/Documents/Unreal Projects/ai-project/Content/Interface_And_Item_Sounds/Cues/Coins_07_Cue.uasset" 4356
"C:/Users/Admin/Documents/Unreal Projects/ai-project/Content/Interface_And_Item_Sounds/Cues/Coins_06_Cue.uasset" 4357
"C:/Users/Admin/Documents/Unreal Projects/ai-project/Content/Interface_And_Item_Sounds/Cues/Coins_05_Cue.uasset" 4358
"C:/Users/Admin/Documents/Unreal Projects/ai-project/Content/Interface_And_Item_Sounds/Cues/Coins_04_Cue.uasset" 4359
"C:/Users/Admin/Documents/Unreal Projects/ai-project/Content/Interface_And_Item_Sounds/Cues/Coins_03_Cue.uasset" 4360
"C:/Users/Admin/Documents/Unreal Projects/ai-project/Content/Interface_And_Item_Sounds/Cues/Coins_02_Cue.uasset" 4361
"C:/Users/Admin/Documents/Unreal Projects/ai-project/Content/Interface_And_Item_Sounds/Cues/Coins_01_Cue.uasset" 4362
"C:/Users/Admin/Documents/Unreal Projects/ai-project/Content/Interface_And_Item_Sounds/Cues/Click_11_Cue.uasset" 4363
"C:/Users/Admin/Documents/Unreal Projects/ai-project/Content/Interface_And_Item_Sounds/Cues/Click_10_Cue.uasset" 4364
"C:/Users/Admin/Documents/Unreal Projects/ai-project/Content/Interface_And_Item_Sounds/Cues/Click_09_Cue.uasset" 4365
"C:/Users/Admin/Documents/Unreal Projects/ai-project/Content/Interface_And_Item_Sounds/Cues/Click_08_Cue.uasset" 4366
"C:/Users/Admin/Documents/Unreal Projects/ai-project/Content/Interface_And_Item_Sounds/Cues/Click_07_Cue.uasset" 4367
"C:/Users/Admin/Documents/Unreal Projects/ai-project/Content/Interface_And_Item_Sounds/Cues/Click_06_Cue.uasset" 4368
"C:/Users/Admin/Documents/Unreal Projects/ai-project/Content/Interface_And_Item_Sounds/Cues/Click_05_Cue.uasset" 4369
"C:/Users/Admin/Documents/Unreal Projects/ai-project/Content/Interface_And_Item_Sounds/Cues/Click_04_Cue.uasset" 4370
"C:/Users/Admin/Documents/Unreal Projects/ai-project/Content/Interface_And_Item_Sounds/Cues/Click_03_Cue.uasset" 4371
"C:/Users/Admin/Documents/Unreal Projects/ai-project/Content/Interface_And_Item_Sounds/Cues/Click_02_Cue.uasset" 4372
"C:/Users/Admin/Documents/Unreal Projects/ai-project/Content/Interface_And_Item_Sounds/Cues/Click_01_Cue.uasset" 4373
"C:/Users/Admin/Documents/Unreal Projects/ai-project/Content/Interface_And_Item_Sounds/Cues/Cartoon_Falling_05_Cue.uasset" 4374
"C:/Users/Admin/Documents/Unreal Projects/ai-project/Content/Interface_And_Item_Sounds/Cues/Cartoon_Falling_04_Cue.uasset" 4375
"C:/Users/Admin/Documents/Unreal Projects/ai-project/Content/Interface_And_Item_Sounds/Cues/Cartoon_Falling_03_Cue.uasset" 4376
"C:/Users/Admin/Documents/Unreal Projects/ai-project/Content/Interface_And_Item_Sounds/Cues/Cartoon_Falling_02_Cue.uasset" 4377
"C:/Users/Admin/Documents/Unreal Projects/ai-project/Content/Interface_And_Item_Sounds/Cues/Cartoon_Falling_01_Cue.uasset" 4378
"C:/Users/Admin/Documents/Unreal Projects/ai-project/Content/Interface_And_Item_Sounds/Cues/Bar_Filling_02_Cue.uasset" 4379
"C:/Users/Admin/Documents/Unreal Projects/ai-project/Content/Interface_And_Item_Sounds/Cues/Bar_Filling_01_Cue.uasset" 4380
"C:/Users/Admin/Documents/Unreal Projects/ai-project/Content/Interface_And_Item_Sounds/Cues/Back_Click_11_Cue.uasset" 4381
"C:/Users/Admin/Documents/Unreal Projects/ai-project/Content/Interface_And_Item_Sounds/Cues/Back_Click_10_Cue.uasset" 4382
"C:/Users/Admin/Documents/Unreal Projects/ai-project/Content/Interface_And_Item_Sounds/Cues/Back_Click_09_Cue.uasset" 4383
"C:/Users/Admin/Documents/Unreal Projects/ai-project/Content/Interface_And_Item_Sounds/Cues/Back_Click_08_Cue.uasset" 4384
"C:/Users/Admin/Documents/Unreal Projects/ai-project/Content/Interface_And_Item_Sounds/Cues/Back_Click_07_Cue.uasset" 4385
"C:/Users/Admin/Documents/Unreal Projects/ai-project/Content/Interface_And_Item_Sounds/Cues/Back_Click_06_Cue.uasset" 4386
"C:/Users/Admin/Documents/Unreal Projects/ai-project/Content/Interface_And_Item_Sounds/Cues/Back_Click_05_Cue.uasset" 4387
"C:/Users/Admin/Documents/Unreal Projects/ai-project/Content/Interface_And_Item_Sounds/Cues/Back_Click_04_Cue.uasset" 4388
"C:/Users/Admin/Documents/Unreal Projects/ai-project/Content/Interface_And_Item_Sounds/Cues/Back_Click_03_Cue.uasset" 4389
"C:/Users/Admin/Documents/Unreal Projects/ai-project/Content/Interface_And_Item_Sounds/Cues/Back_Click_02_Cue.uasset" 4390
"C:/Users/Admin/Documents/Unreal Projects/ai-project/Content/Interface_And_Item_Sounds/Cues/Back_Click_01_Cue.uasset" 4391
"C:/Users/Admin/Documents/Unreal Projects/ai-project/Content/Interface_And_Item_Sounds/Cues/Abstract_Pop_05_Cue.uasset" 4392
"C:/Users/Admin/Documents/Unreal Projects/ai-project/Content/Interface_And_Item_Sounds/Cues/Abstract_Pop_04_Cue.uasset" 4393
"C:/Users/Admin/Documents/Unreal Projects/ai-project/Content/Interface_And_Item_Sounds/Cues/Abstract_Pop_03_Cue.uasset" 4394
"C:/Users/Admin/Documents/Unreal Projects/ai-project/Content/Interface_And_Item_Sounds/Cues/Abstract_Pop_02_Cue.uasset" 4395
"C:/Users/Admin/Documents/Unreal Projects/ai-project/Content/Interface_And_Item_Sounds/Cues/Abstract_Pop_01_Cue.uasset" 4396
"C:/Users/Admin/Documents/Unreal Projects/ai-project/Content/Goals/Guard/GuardRoot.uasset" 4397
"C:/Users/Admin/Documents/Unreal Projects/ai-project/Content/Goals/G_UnlockDoor.uasset" 4398
"C:/Users/Admin/Documents/Unreal Projects/ai-project/Content/ExternalAssets/fonts/VCR_OSD_MONO_1_001_Font.uasset" 4399
"C:/Users/Admin/Documents/Unreal Projects/ai-project/Content/ExternalAssets/FBX_format_furni/toilet_cover.uasset" 4400
"C:/Users/Admin/Documents/Unreal Projects/ai-project/Content/ExternalAssets/FBX_format_furni/stairsOpen_stairsOpen.uasset" 4401
"C:/Users/Admin/Documents/Unreal Projects/ai-project/Content/ExternalAssets/FBX_format_furni/table_table.uasset" 4402
"C:/Users/Admin/Documents/Unreal Projects/ai-project/Content/ExternalAssets/FBX_format_furni/tableRound_tableRound.uasset" 4403
"C:/Users/Admin/Documents/Unreal Projects/ai-project/Content/ExternalAssets/FBX_format_furni/tableCross_tableCross.uasset" 4404
"C:/Users/Admin/Documents/Unreal Projects/ai-project/Content/ExternalAssets/FBX_format_furni/tableCoffee_tableCoffee.uasset" 4405
"C:/Users/Admin/Documents/Unreal Projects/ai-project/Content/ExternalAssets/FBX_format_furni/tableCoffeeSquare_tableCoffeeSquare.uasset" 4406
"C:/Users/Admin/Documents/Unreal Projects/ai-project/Content/ExternalAssets/FBX_format_furni/stairs_stairs.uasset" 4407
"C:/Users/Admin/Documents/Unreal Projects/ai-project/Content/ExternalAssets/FBX_format_furni/stairsOpenSingle_Group.uasset" 4408
"C:/Users/Admin/Documents/Unreal Projects/ai-project/Content/ExternalAssets/FBX_format_furni/stairsCorner_stairsCorner.uasset" 4409
"C:/Users/Admin/Documents/Unreal Projects/ai-project/Content/ExternalAssets/FBX_format_furni/sideTable_sideTable.uasset" 4410
"C:/Users/Admin/Documents/Unreal Projects/ai-project/Content/ExternalAssets/FBX_format_furni/sideTableDrawers_sideTableDrawers.uasset" 4411
"C:/Users/Admin/Documents/Unreal Projects/ai-project/Content/ExternalAssets/FBX_format_furni/rugDoormat_rugDoormat.uasset" 4412
"C:/Users/Admin/Documents/Unreal Projects/ai-project/Content/ExternalAssets/FBX_format_furni/pottedPlant_pottedPlant.uasset" 4413
"C:/Users/Admin/Documents/Unreal Projects/ai-project/Content/ExternalAssets/FBX_format_furni/paneling_paneling.uasset" 4414
"C:/Users/Admin/Documents/Unreal Projects/ai-project/Content/ExternalAssets/FBX_format_furni/kitchenCabinetUpper_kitchenCabinetUpper.uasset" 4415
"C:/Users/Admin/Documents/Unreal Projects/ai-project/Content/ExternalAssets/FBX_format_furni/kitchenCabinetUpperLow_kitchenCabinetUpperLow.uasset" 4416
"C:/Users/Admin/Documents/Unreal Projects/ai-project/Content/ExternalAssets/FBX_format_furni/kitchenCabinetUpperDouble_kitchenCabinetUpperDouble.uasset" 4417
"C:/Users/Admin/Documents/Unreal Projects/ai-project/Content/ExternalAssets/FBX_format_furni/kitchenCabinetUpperCorner_kitchenCabinetUpperCorner.uasset" 4418
"C:/Users/Admin/Documents/Unreal Projects/ai-project/Content/ExternalAssets/FBX_format_furni/floorHalf_floorHalf.uasset" 4419
"C:/Users/Admin/Documents/Unreal Projects/ai-project/Content/ExternalAssets/FBX_format_furni/floorFull_floorFull.uasset" 4420
"C:/Users/Admin/Documents/Unreal Projects/ai-project/Content/ExternalAssets/FBX_format_furni/floorCorner_floorCorner.uasset" 4421
"C:/Users/Admin/Documents/Unreal Projects/ai-project/Content/ExternalAssets/FBX_format_furni/floorCornerRound_floorCornerRound.uasset" 4422
"C:/Users/Admin/Documents/Unreal Projects/ai-project/Content/ExternalAssets/FBX_format_furni/doorway_doorway.uasset" 4423
"C:/Users/Admin/Documents/Unreal Projects/ai-project/Content/ExternalAssets/FBX_format_furni/doorwayOpen_doorwayOpen.uasset" 4424
"C:/Users/Admin/Documents/Unreal Projects/ai-project/Content/ExternalAssets/FBX_format_furni/desk_desk.uasset" 4425
"C:/Users/Admin/Documents/Unreal Projects/ai-project/Content/ExternalAssets/FBX_format_furni/deskCorner_deskCorner.uasset" 4426
"C:/Users/Admin/Documents/Unreal Projects/ai-project/Content/ExternalAssets/FBX_format_furni/coatRackStanding_coatRackStanding.uasset" 4427
"C:/Users/Admin/Documents/Unreal Projects/ai-project/Content/ExternalAssets/FBX_format_furni/chair_chair.uasset" 4428
"C:/Users/Admin/Documents/Unreal Projects/ai-project/Content/ExternalAssets/FBX_format_furni/chairRounded_chairRounded.uasset" 4429
"C:/Users/Admin/Documents/Unreal Projects/ai-project/Content/ExternalAssets/FBX_format_furni/cardboardBoxOpen_cardboardBoxOpen.uasset" 4430
"C:/Users/Admin/Documents/Unreal Projects/ai-project/Content/ExternalAssets/FBX_format_furni/cardboardBoxClosed_cardboardBoxClosed.uasset" 4431
"C:/Users/Admin/Documents/Unreal Projects/ai-project/Content/ExternalAssets/FBX_format_furni/cabinetTelevision_cabinetTelevision.uasset" 4432
"C:/Users/Admin/Documents/Unreal Projects/ai-project/Content/ExternalAssets/FBX_format_furni/cabinetTelevisionDoors_cabinetTelevisionDoors.uasset" 4433
"C:/Users/Admin/Documents/Unreal Projects/ai-project/Content/ExternalAssets/FBX_format_furni/cabinetBed_cabinetBed.uasset" 4434
"C:/Users/Admin/Documents/Unreal Projects/ai-project/Content/ExternalAssets/FBX_format_furni/cabinetBedDrawer_cabinetBedDrawer.uasset" 4435
"C:/Users/Admin/Documents/Unreal Projects/ai-project/Content/ExternalAssets/FBX_format_furni/cabinetBedDrawerTable_cabinetBedDrawerTable.uasset" 4436
"C:/Users/Admin/Documents/Unreal Projects/ai-project/Content/ExternalAssets/FBX_format_furni/bookcaseOpen_bookcaseOpen.uasset" 4437
"C:/Users/Admin/Documents/Unreal Projects/ai-project/Content/ExternalAssets/FBX_format_furni/bookcaseOpenLow_bookcaseOpenLow.uasset" 4438
"C:/Users/Admin/Documents/Unreal Projects/ai-project/Content/ExternalAssets/FBX_format_furni/bookcaseClosed_bookcaseClosed.uasset" 4439
"C:/Users/Admin/Documents/Unreal Projects/ai-project/Content/ExternalAssets/FBX_format_furni/bookcaseClosedWide_bookcaseClosedWide.uasset" 4440
"C:/Users/Admin/Documents/Unreal Projects/ai-project/Content/ExternalAssets/FBX_format_furni/bookcaseClosedDoors_bookcaseClosedDoors.uasset" 4441
"C:/Users/Admin/Documents/Unreal Projects/ai-project/Content/ExternalAssets/FBX_format_furni/bench_bench.uasset" 4442
"C:/Users/Admin/Documents/Unreal Projects/ai-project/Content/ExternalAssets/FBX_format_furni/bathroomCabinet_bathroomCabinet.uasset" 4443
"C:/Users/Admin/Documents/Unreal Projects/ai-project/Content/ExternalAssets/FBX_format_furni/pottedPlant_plant.uasset" 4444
"C:/Users/Admin/Documents/Unreal Projects/ai-project/Content/ExternalAssets/FBX_format_furni/plantSmall3_plantSmall3.uasset" 4445
"C:/Users/Admin/Documents/Unreal Projects/ai-project/Content/ExternalAssets/FBX_format_furni/plantSmall2_plantSmall2.uasset" 4446
"C:/Users/Admin/Documents/Unreal Projects/ai-project/Content/ExternalAssets/FBX_format_furni/plantSmall1_plantSmall1.uasset" 4447
"C:/Users/Admin/Documents/Unreal Projects/ai-project/Content/ExternalAssets/FBX_format_furni/televisionAntenna_televisionAntenna.uasset" 4448
"C:/Users/Admin/Documents/Unreal Projects/ai-project/Content/ExternalAssets/FBX_format_furni/speaker_speaker.uasset" 4449
"C:/Users/Admin/Documents/Unreal Projects/ai-project/Content/ExternalAssets/FBX_format_furni/speakerSmall_speakerSmall.uasset" 4450
"C:/Users/Admin/Documents/Unreal Projects/ai-project/Content/ExternalAssets/FBX_format_furni/kitchenBlender_blenderTop.uasset" 4451
"C:/Users/Admin/Documents/Unreal Projects/ai-project/Content/ExternalAssets/FBX_format_furni/hoodModern_hoodModern.uasset" 4452
"C:/Users/Admin/Documents/Unreal Projects/ai-project/Content/ExternalAssets/FBX_format_furni/coatRack_coatRack.uasset" 4453
"C:/Users/Admin/Documents/Unreal Projects/ai-project/Content/ExternalAssets/FBX_format_furni/chairDesk_chairDesk.uasset" 4454
"C:/Users/Admin/Documents/Unreal Projects/ai-project/Content/ExternalAssets/FBX_format_furni/washerDryerStacked_dryerDoor.uasset" 4455
"C:/Users/Admin/Documents/Unreal Projects/ai-project/Content/ExternalAssets/FBX_format_furni/kitchenFridgeLarge_kitchenFridgeLarge.uasset" 4456
"C:/Users/Admin/Documents/Unreal Projects/ai-project/Content/ExternalAssets/FBX_format_furni/kitchenFridgeLarge_doorRight.uasset" 4457
"C:/Users/Admin/Documents/Unreal Projects/ai-project/Content/ExternalAssets/FBX_format_furni/kitchenFridgeLarge_doorLeft.uasset" 4458
"C:/Users/Admin/Documents/Unreal Projects/ai-project/Content/ExternalAssets/FBX_format_furni/kitchenFridgeBuiltIn_kitchenFridgeBuiltIn.uasset" 4459
"C:/Users/Admin/Documents/Unreal Projects/ai-project/Content/ExternalAssets/FBX_format_furni/dryer_dryerDoor.uasset" 4460
"C:/Users/Admin/Documents/Unreal Projects/ai-project/Content/ExternalAssets/FBX_format_furni/washer_washer.uasset" 4461
"C:/Users/Admin/Documents/Unreal Projects/ai-project/Content/ExternalAssets/FBX_format_furni/washerDryerStacked_washerDryerStacked.uasset" 4462
"C:/Users/Admin/Documents/Unreal Projects/ai-project/Content/ExternalAssets/FBX_format_furni/wall_wall.uasset" 4463
"C:/Users/Admin/Documents/Unreal Projects/ai-project/Content/ExternalAssets/FBX_format_furni/wallWindow_wallWindow.uasset" 4464
"C:/Users/Admin/Documents/Unreal Projects/ai-project/Content/ExternalAssets/FBX_format_furni/wallWindowSlide_wallWindowSlide.uasset" 4465
"C:/Users/Admin/Documents/Unreal Projects/ai-project/Content/ExternalAssets/FBX_format_furni/wallHalf_wallHalf.uasset" 4466
"C:/Users/Admin/Documents/Unreal Projects/ai-project/Content/ExternalAssets/FBX_format_furni/wallDoorway_wallDoorway.uasset" 4467
"C:/Users/Admin/Documents/Unreal Projects/ai-project/Content/ExternalAssets/FBX_format_furni/wallDoorwayWide_wallDoorwayWide.uasset" 4468
"C:/Users/Admin/Documents/Unreal Projects/ai-project/Content/ExternalAssets/FBX_format_furni/wallCorner_wallCorner.uasset" 4469
"C:/Users/Admin/Documents/Unreal Projects/ai-project/Content/ExternalAssets/FBX_format_furni/wallCornerRond_wallCornerRond.uasset" 4470
"C:/Users/Admin/Documents/Unreal Projects/ai-project/Content/ExternalAssets/FBX_format_furni/showerRound_showerRound.uasset" 4471
"C:/Users/Admin/Documents/Unreal Projects/ai-project/Content/ExternalAssets/FBX_format_furni/kitchenFridge_kitchenFridge.uasset" 4472
"C:/Users/Admin/Documents/Unreal Projects/ai-project/Content/ExternalAssets/FBX_format_furni/kitchenFridgeSmall_kitchenFridgeSmall.uasset" 4473
"C:/Users/Admin/Documents/Unreal Projects/ai-project/Content/ExternalAssets/FBX_format_furni/hoodLarge_hoodLarge.uasset" 4474
"C:/Users/Admin/Documents/Unreal Projects/ai-project/Content/ExternalAssets/FBX_format_furni/dryer_dryer.uasset" 4475
"C:/Users/Admin/Documents/Unreal Projects/ai-project/Content/ExternalAssets/FBX_format_furni/computerMouse_computerMouse.uasset" 4476
"C:/Users/Admin/Documents/Unreal Projects/ai-project/Content/ExternalAssets/FBX_format_furni/computerKeyboard_computerKeyboard.uasset" 4477
"C:/Users/Admin/Documents/Unreal Projects/ai-project/Content/ExternalAssets/FBX_format_furni/trashcan_trashcan.uasset" 4478
"C:/Users/Admin/Documents/Unreal Projects/ai-project/Content/ExternalAssets/FBX_format_furni/toaster_toaster.uasset" 4479
"C:/Users/Admin/Documents/Unreal Projects/ai-project/Content/ExternalAssets/FBX_format_furni/televisionVintage_televisionVintage.uasset" 4480
"C:/Users/Admin/Documents/Unreal Projects/ai-project/Content/ExternalAssets/FBX_format_furni/televisionModern_televisionModern.uasset" 4481
"C:/Users/Admin/Documents/Unreal Projects/ai-project/Content/ExternalAssets/FBX_format_furni/stairsOpen_Group1.uasset" 4482
"C:/Users/Admin/Documents/Unreal Projects/ai-project/Content/ExternalAssets/FBX_format_furni/stairsOpen_Group.uasset" 4483
"C:/Users/Admin/Documents/Unreal Projects/ai-project/Content/ExternalAssets/FBX_format_furni/stairsOpenSingle_stairsOpenSingle.uasset" 4484
"C:/Users/Admin/Documents/Unreal Projects/ai-project/Content/ExternalAssets/FBX_format_furni/sideTableDrawers_drawerRight.uasset" 4485
"C:/Users/Admin/Documents/Unreal Projects/ai-project/Content/ExternalAssets/FBX_format_furni/sideTableDrawers_drawerLeft.uasset" 4486
"C:/Users/Admin/Documents/Unreal Projects/ai-project/Content/ExternalAssets/FBX_format_furni/radio_radio.uasset" 4487
"C:/Users/Admin/Documents/Unreal Projects/ai-project/Content/ExternalAssets/FBX_format_furni/loungeDesignSofaCorner_Group.uasset" 4488
"C:/Users/Admin/Documents/Unreal Projects/ai-project/Content/ExternalAssets/FBX_format_furni/laptop_laptop.uasset" 4489
"C:/Users/Admin/Documents/Unreal Projects/ai-project/Content/ExternalAssets/FBX_format_furni/kitchenSink_kitchenSink.uasset" 4490
"C:/Users/Admin/Documents/Unreal Projects/ai-project/Content/ExternalAssets/FBX_format_furni/kitchenSink_door.uasset" 4491
"C:/Users/Admin/Documents/Unreal Projects/ai-project/Content/ExternalAssets/FBX_format_furni/kitchenFridge_doorFreezer.uasset" 4492
"C:/Users/Admin/Documents/Unreal Projects/ai-project/Content/ExternalAssets/FBX_format_furni/kitchenFridgeBuiltIn_doorFreezer.uasset" 4493
"C:/Users/Admin/Documents/Unreal Projects/ai-project/Content/ExternalAssets/FBX_format_furni/kitchenCoffeeMachine_kitchenCoffeeMachine.uasset" 4494
"C:/Users/Admin/Documents/Unreal Projects/ai-project/Content/ExternalAssets/FBX_format_furni/kitchenCabinet_kitchenCabinet.uasset" 4495
"C:/Users/Admin/Documents/Unreal Projects/ai-project/Content/ExternalAssets/FBX_format_furni/kitchenCabinet_door.uasset" 4496
"C:/Users/Admin/Documents/Unreal Projects/ai-project/Content/ExternalAssets/FBX_format_furni/kitchenCabinetUpper_door.uasset" 4497
"C:/Users/Admin/Documents/Unreal Projects/ai-project/Content/ExternalAssets/FBX_format_furni/kitchenCabinetUpperLow_door.uasset" 4498
"C:/Users/Admin/Documents/Unreal Projects/ai-project/Content/ExternalAssets/FBX_format_furni/kitchenCabinetUpperDouble_doorRight.uasset" 4499
"C:/Users/Admin/Documents/Unreal Projects/ai-project/Content/ExternalAssets/FBX_format_furni/kitchenCabinetUpperDouble_doorLeft.uasset" 4500
"C:/Users/Admin/Documents/Unreal Projects/ai-project/Content/ExternalAssets/FBX_format_furni/kitchenCabinetDrawer_kitchenCabinetDrawer.uasset" 4501
"C:/Users/Admin/Documents/Unreal Projects/ai-project/Content/ExternalAssets/FBX_format_furni/kitchenCabinetDrawer_drawer.uasset" 4502
"C:/Users/Admin/Documents/Unreal Projects/ai-project/Content/ExternalAssets/FBX_format_furni/kitchenCabinetDrawer_door.uasset" 4503
"C:/Users/Admin/Documents/Unreal Projects/ai-project/Content/ExternalAssets/FBX_format_furni/kitchenCabinetCornerRound_kitchenCabinetCornerRound.uasset" 4504
"C:/Users/Admin/Documents/Unreal Projects/ai-project/Content/ExternalAssets/FBX_format_furni/kitchenCabinetCornerInner_kitchenCabinetCornerInner.uasset" 4505
"C:/Users/Admin/Documents/Unreal Projects/ai-project/Content/ExternalAssets/FBX_format_furni/kitchenBlender_kitchenBlender.uasset" 4506
"C:/Users/Admin/Documents/Unreal Projects/ai-project/Content/ExternalAssets/FBX_format_furni/kitchenBar_kitchenBar.uasset" 4507
"C:/Users/Admin/Documents/Unreal Projects/ai-project/Content/ExternalAssets/FBX_format_furni/kitchenBarEnd_kitchenBarEnd.uasset" 4508
"C:/Users/Admin/Documents/Unreal Projects/ai-project/Content/ExternalAssets/FBX_format_furni/doorway_door.uasset" 4509
"C:/Users/Admin/Documents/Unreal Projects/ai-project/Content/ExternalAssets/FBX_format_furni/desk_drawer.uasset" 4510
"C:/Users/Admin/Documents/Unreal Projects/ai-project/Content/ExternalAssets/FBX_format_furni/deskCorner_drawer.uasset" 4511
"C:/Users/Admin/Documents/Unreal Projects/ai-project/Content/ExternalAssets/FBX_format_furni/computerScreen_computerScreen.uasset" 4512
"C:/Users/Admin/Documents/Unreal Projects/ai-project/Content/ExternalAssets/FBX_format_furni/cabinetTelevisionDoors_doorRight.uasset" 4513
"C:/Users/Admin/Documents/Unreal Projects/ai-project/Content/ExternalAssets/FBX_format_furni/cabinetTelevisionDoors_doorLeft.uasset" 4514
"C:/Users/Admin/Documents/Unreal Projects/ai-project/Content/ExternalAssets/FBX_format_furni/cabinetBed_door.uasset" 4515
"C:/Users/Admin/Documents/Unreal Projects/ai-project/Content/ExternalAssets/FBX_format_furni/cabinetBedDrawer_drawer.uasset" 4516
"C:/Users/Admin/Documents/Unreal Projects/ai-project/Content/ExternalAssets/FBX_format_furni/cabinetBedDrawer_door.uasset" 4517
"C:/Users/Admin/Documents/Unreal Projects/ai-project/Content/ExternalAssets/FBX_format_furni/cabinetBedDrawerTable_drawer.uasset" 4518
"C:/Users/Admin/Documents/Unreal Projects/ai-project/Content/ExternalAssets/FBX_format_furni/bookcaseClosedDoors_doorRight.uasset" 4519
"C:/Users/Admin/Documents/Unreal Projects/ai-project/Content/ExternalAssets/FBX_format_furni/bookcaseClosedDoors_doorLeft.uasset" 4520
"C:/Users/Admin/Documents/Unreal Projects/ai-project/Content/ExternalAssets/FBX_format_furni/bathroomCabinet_door.uasset" 4521
"C:/Users/Admin/Documents/Unreal Projects/ai-project/Content/ExternalAssets/FBX_format_furni/lampWall_lampWall.uasset" 4522
"C:/Users/Admin/Documents/Unreal Projects/ai-project/Content/ExternalAssets/FBX_format_furni/lampSquareTable_lampSquareTable.uasset" 4523
"C:/Users/Admin/Documents/Unreal Projects/ai-project/Content/ExternalAssets/FBX_format_furni/lampSquareFloor_lampSquareFloor.uasset" 4524
"C:/Users/Admin/Documents/Unreal Projects/ai-project/Content/ExternalAssets/FBX_format_furni/lampSquareCeiling_lampSquareCeiling.uasset" 4525
"C:/Users/Admin/Documents/Unreal Projects/ai-project/Content/ExternalAssets/FBX_format_furni/lampRoundTable_lampRoundTable.uasset" 4526
"C:/Users/Admin/Documents/Unreal Projects/ai-project/Content/ExternalAssets/FBX_format_furni/lampRoundFloor_lampRoundFloor.uasset" 4527
"C:/Users/Admin/Documents/Unreal Projects/ai-project/Content/ExternalAssets/FBX_format_furni/ceilingFan_ceilingFan.uasset" 4528
"C:/Users/Admin/Documents/Unreal Projects/ai-project/Content/ExternalAssets/FBX_format_furni/washer_washerDoor.uasset" 4529
"C:/Users/Admin/Documents/Unreal Projects/ai-project/Content/ExternalAssets/FBX_format_furni/washerDryerStacked_washerDoor.uasset" 4530
"C:/Users/Admin/Documents/Unreal Projects/ai-project/Content/ExternalAssets/FBX_format_furni/wallWindow_window.uasset" 4531
"C:/Users/Admin/Documents/Unreal Projects/ai-project/Content/ExternalAssets/FBX_format_furni/wallWindowSlide_windowTop.uasset" 4532
"C:/Users/Admin/Documents/Unreal Projects/ai-project/Content/ExternalAssets/FBX_format_furni/wallWindowSlide_windowBottom.uasset" 4533
"C:/Users/Admin/Documents/Unreal Projects/ai-project/Content/ExternalAssets/FBX_format_furni/tableGlass_tableGlass.uasset" 4534
"C:/Users/Admin/Documents/Unreal Projects/ai-project/Content/ExternalAssets/FBX_format_furni/tableCoffeeGlass_tableCoffeeGlass.uasset" 4535
"C:/Users/Admin/Documents/Unreal Projects/ai-project/Content/ExternalAssets/FBX_format_furni/tableCoffeeGlassSquare_tableCoffeeGlassSquare.uasset" 4536
"C:/Users/Admin/Documents/Unreal Projects/ai-project/Content/ExternalAssets/FBX_format_furni/shower_doorRight.uasset" 4537
"C:/Users/Admin/Documents/Unreal Projects/ai-project/Content/ExternalAssets/FBX_format_furni/shower_doorLeft.uasset" 4538
"C:/Users/Admin/Documents/Unreal Projects/ai-project/Content/ExternalAssets/FBX_format_furni/showerRound_doorRight.uasset" 4539
"C:/Users/Admin/Documents/Unreal Projects/ai-project/Content/ExternalAssets/FBX_format_furni/showerRound_doorLeft.uasset" 4540
"C:/Users/Admin/Documents/Unreal Projects/ai-project/Content/ExternalAssets/FBX_format_furni/kitchenStove_door.uasset" 4541
"C:/Users/Admin/Documents/Unreal Projects/ai-project/Content/ExternalAssets/FBX_format_furni/kitchenFridge_doorFridge.uasset" 4542
"C:/Users/Admin/Documents/Unreal Projects/ai-project/Content/ExternalAssets/FBX_format_furni/kitchenFridgeSmall_doorFridge.uasset" 4543
"C:/Users/Admin/Documents/Unreal Projects/ai-project/Content/ExternalAssets/FBX_format_furni/kitchenFridgeBuiltIn_doorFridge.uasset" 4544
"C:/Users/Admin/Documents/Unreal Projects/ai-project/Content/ExternalAssets/FBX_format_furni/kitchenBlender_blenderCup.uasset" 4545
"C:/Users/Admin/Documents/Unreal Projects/ai-project/Content/ExternalAssets/FBX_format_furni/doorwayFront_door.uasset" 4546
"C:/Users/Admin/Documents/Unreal Projects/ai-project/Content/ExternalAssets/FBX_format_furni/bathroomMirror_bathroomMirror.uasset" 4547
"C:/Users/Admin/Documents/Unreal Projects/ai-project/Content/ExternalAssets/FBX_format_furni/bear_bear.uasset" 4548
"C:/Users/Admin/Documents/Unreal Projects/ai-project/Content/ExternalAssets/FBX_format_furni/toilet_toilet.uasset" 4549
"C:/Users/Admin/Documents/Unreal Projects/ai-project/Content/ExternalAssets/FBX_format_furni/toiletSquare_toiletSquare.uasset" 4550
"C:/Users/Admin/Documents/Unreal Projects/ai-project/Content/ExternalAssets/FBX_format_furni/toiletSquare_Group.uasset" 4551
"C:/Users/Admin/Documents/Unreal Projects/ai-project/Content/ExternalAssets/FBX_format_furni/shower_shower.uasset" 4552
"C:/Users/Admin/Documents/Unreal Projects/ai-project/Content/ExternalAssets/FBX_format_furni/showerRound_faucet.uasset" 4553
"C:/Users/Admin/Documents/Unreal Projects/ai-project/Content/ExternalAssets/FBX_format_furni/kitchenStove_kitchenStove.uasset" 4554
"C:/Users/Admin/Documents/Unreal Projects/ai-project/Content/ExternalAssets/FBX_format_furni/kitchenStoveElectric_kitchenStoveElectric.uasset" 4555
"C:/Users/Admin/Documents/Unreal Projects/ai-project/Content/ExternalAssets/FBX_format_furni/kitchenMicrowave_kitchenMicrowave.uasset" 4556
"C:/Users/Admin/Documents/Unreal Projects/ai-project/Content/ExternalAssets/FBX_format_furni/kitchenMicrowave_Group.uasset" 4557
"C:/Users/Admin/Documents/Unreal Projects/ai-project/Content/ExternalAssets/FBX_format_furni/kitchenCoffeeMachine_mug.uasset" 4558
"C:/Users/Admin/Documents/Unreal Projects/ai-project/Content/ExternalAssets/FBX_format_furni/doorwayFront_doorwayFront.uasset" 4559
"C:/Users/Admin/Documents/Unreal Projects/ai-project/Content/ExternalAssets/FBX_format_furni/bedSingle_pillow.uasset" 4560
"C:/Users/Admin/Documents/Unreal Projects/ai-project/Content/ExternalAssets/FBX_format_furni/bedSingle_bedSingle.uasset" 4561
"C:/Users/Admin/Documents/Unreal Projects/ai-project/Content/ExternalAssets/FBX_format_furni/bedDouble_pillowRight.uasset" 4562
"C:/Users/Admin/Documents/Unreal Projects/ai-project/Content/ExternalAssets/FBX_format_furni/bedDouble_pillowLeft.uasset" 4563
"C:/Users/Admin/Documents/Unreal Projects/ai-project/Content/ExternalAssets/FBX_format_furni/bedDouble_bedDouble.uasset" 4564
"C:/Users/Admin/Documents/Unreal Projects/ai-project/Content/ExternalAssets/FBX_format_furni/bedBunk_pillowTop.uasset" 4565
"C:/Users/Admin/Documents/Unreal Projects/ai-project/Content/ExternalAssets/FBX_format_furni/bedBunk_pillowBottom.uasset" 4566
"C:/Users/Admin/Documents/Unreal Projects/ai-project/Content/ExternalAssets/FBX_format_furni/bedBunk_bedBunk.uasset" 4567
"C:/Users/Admin/Documents/Unreal Projects/ai-project/Content/ExternalAssets/FBX_format_furni/bathtub_bathtub.uasset" 4568
"C:/Users/Admin/Documents/Unreal Projects/ai-project/Content/ExternalAssets/FBX_format_furni/bathroomSink_bathroomSink.uasset" 4569
"C:/Users/Admin/Documents/Unreal Projects/ai-project/Content/ExternalAssets/FBX_format_furni/bathroomSinkSquare_bathroomSinkSquare.uasset" 4570
"C:/Users/Admin/Documents/Unreal Projects/ai-project/Content/ExternalAssets/FBX_format_furni/bathroomCabinetDrawer_drawerTop.uasset" 4571
"C:/Users/Admin/Documents/Unreal Projects/ai-project/Content/ExternalAssets/FBX_format_furni/bathroomCabinetDrawer_drawerBottom.uasset" 4572
"C:/Users/Admin/Documents/Unreal Projects/ai-project/Content/ExternalAssets/FBX_format_furni/bathroomCabinetDrawer_bathroomCabinetDrawer.uasset" 4573
"C:/Users/Admin/Documents/Unreal Projects/ai-project/Content/ExternalAssets/FBX_format_furni/books_books.uasset" 4574
"C:/Users/Admin/Documents/Unreal Projects/ai-project/Content/ExternalAssets/FBX_format_furni/pillowBlue_pillowBlue.uasset" 4575
"C:/Users/Admin/Documents/Unreal Projects/ai-project/Content/ExternalAssets/FBX_format_furni/pillowBlueLong_pillowBlueLong.uasset" 4576
"C:/Users/Admin/Documents/Unreal Projects/ai-project/Content/ExternalAssets/FBX_format_furni/loungeDesignSofa_loungeDesignSofa.uasset" 4577
"C:/Users/Admin/Documents/Unreal Projects/ai-project/Content/ExternalAssets/FBX_format_furni/loungeDesignSofaCorner_loungeDesignSofaCorner.uasset" 4578
"C:/Users/Admin/Documents/Unreal Projects/ai-project/Content/ExternalAssets/FBX_format_furni/loungeDesignChair_loungeDesignChair.uasset" 4579
"C:/Users/Admin/Documents/Unreal Projects/ai-project/Content/ExternalAssets/FBX_format_furni/chairModernFrameCushion_chairModernFrameCushion.uasset" 4580
"C:/Users/Admin/Documents/Unreal Projects/ai-project/Content/ExternalAssets/FBX_format_furni/chairModernCushion_chairModernCushion.uasset" 4581
"C:/Users/Admin/Documents/Unreal Projects/ai-project/Content/ExternalAssets/FBX_format_furni/tableCrossCloth_tableCrossCloth.uasset" 4582
"C:/Users/Admin/Documents/Unreal Projects/ai-project/Content/ExternalAssets/FBX_format_furni/tableCloth_tableCloth.uasset" 4583
"C:/Users/Admin/Documents/Unreal Projects/ai-project/Content/ExternalAssets/FBX_format_furni/stoolBar_stoolBar.uasset" 4584
"C:/Users/Admin/Documents/Unreal Projects/ai-project/Content/ExternalAssets/FBX_format_furni/stoolBarSquare_stoolBarSquare.uasset" 4585
"C:/Users/Admin/Documents/Unreal Projects/ai-project/Content/ExternalAssets/FBX_format_furni/rugSquare_rugSquare.uasset" 4586
"C:/Users/Admin/Documents/Unreal Projects/ai-project/Content/ExternalAssets/FBX_format_furni/rugRound_rugRound.uasset" 4587
"C:/Users/Admin/Documents/Unreal Projects/ai-project/Content/ExternalAssets/FBX_format_furni/rugRounded_rugRounded.uasset" 4588
"C:/Users/Admin/Documents/Unreal Projects/ai-project/Content/ExternalAssets/FBX_format_furni/rugRectangle_rugRectangle.uasset" 4589
"C:/Users/Admin/Documents/Unreal Projects/ai-project/Content/ExternalAssets/FBX_format_furni/pillow_pillow.uasset" 4590
"C:/Users/Admin/Documents/Unreal Projects/ai-project/Content/ExternalAssets/FBX_format_furni/pillowLong_pillowLong.uasset" 4591
"C:/Users/Admin/Documents/Unreal Projects/ai-project/Content/ExternalAssets/FBX_format_furni/loungeSofa_loungeSofa.uasset" 4592
"C:/Users/Admin/Documents/Unreal Projects/ai-project/Content/ExternalAssets/FBX_format_furni/loungeSofaOttoman_loungeSofaOttoman.uasset" 4593
"C:/Users/Admin/Documents/Unreal Projects/ai-project/Content/ExternalAssets/FBX_format_furni/loungeSofaLong_loungeSofaLong.uasset" 4594
"C:/Users/Admin/Documents/Unreal Projects/ai-project/Content/ExternalAssets/FBX_format_furni/loungeSofaCorner_loungeSofaCorner.uasset" 4595
"C:/Users/Admin/Documents/Unreal Projects/ai-project/Content/ExternalAssets/FBX_format_furni/loungeChair_loungeChair.uasset" 4596
"C:/Users/Admin/Documents/Unreal Projects/ai-project/Content/ExternalAssets/FBX_format_furni/loungeChairRelax_loungeChairRelax.uasset" 4597
"C:/Users/Admin/Documents/Unreal Projects/ai-project/Content/ExternalAssets/FBX_format_furni/chairDesk_chair.uasset" 4598
"C:/Users/Admin/Documents/Unreal Projects/ai-project/Content/ExternalAssets/FBX_format_furni/chairCushion_chairCushion.uasset" 4599
"C:/Users/Admin/Documents/Unreal Projects/ai-project/Content/ExternalAssets/FBX_format_furni/benchCushion_benchCushion.uasset" 4600
"C:/Users/Admin/Documents/Unreal Projects/ai-project/Content/ExternalAssets/FBX_format_furni/benchCushionLow_benchCushionLow.uasset" 4601
"C:/Users/Admin/Documents/Unreal Projects/ai-project/Content/ExternalAssets/FBX_format_furni/bedSingle_cover.uasset" 4602
"C:/Users/Admin/Documents/Unreal Projects/ai-project/Content/ExternalAssets/FBX_format_furni/bedDouble_cover.uasset" 4603
"C:/Users/Admin/Documents/Unreal Projects/ai-project/Content/ExternalAssets/FBX_format_furni/bedBunk_coverTop.uasset" 4604
"C:/Users/Admin/Documents/Unreal Projects/ai-project/Content/ExternalAssets/FBX_format_furni/bedBunk_coverBottom.uasset" 4605
"C:/Users/Admin/Documents/Unreal Projects/ai-project/Content/ExternalAssets/FBX_format_food/pot-stew-lid___ignore_.uasset" 4606
"C:/Users/Admin/Documents/Unreal Projects/ai-project/Content/ExternalAssets/FBX_format_food/frying-pan-lid___ignore_.uasset" 4607
"C:/Users/Admin/Documents/Unreal Projects/ai-project/Content/ExternalAssets/Characters/FBX_format/texture-i.uasset" 4608
"C:/Users/Admin/Documents/Unreal Projects/ai-project/Content/ExternalAssets/Characters/FBX_format/texture-h.uasset" 4609
"C:/Users/Admin/Documents/Unreal Projects/ai-project/Content/ExternalAssets/Characters/FBX_format/texture-g.uasset" 4610
"C:/Users/Admin/Documents/Unreal Projects/ai-project/Content/ExternalAssets/Characters/FBX_format/texture-f.uasset" 4611
"C:/Users/Admin/Documents/Unreal Projects/ai-project/Content/ExternalAssets/Characters/FBX_format/texture-e.uasset" 4612
"C:/Users/Admin/Documents/Unreal Projects/ai-project/Content/ExternalAssets/Characters/FBX_format/texture-d.uasset" 4613
"C:/Users/Admin/Documents/Unreal Projects/ai-project/Content/ExternalAssets/Characters/FBX_format/texture-c.uasset" 4614
"C:/Users/Admin/Documents/Unreal Projects/ai-project/Content/ExternalAssets/Characters/FBX_format/texture-b.uasset" 4615
"C:/Users/Admin/Documents/Unreal Projects/ai-project/Content/ExternalAssets/Characters/FBX_format/texture-a.uasset" 4616
"C:/Users/Admin/Documents/Unreal Projects/ai-project/Content/ExternalAssets/Characters/texture-r.uasset" 4617
"C:/Users/Admin/Documents/Unreal Projects/ai-project/Content/ExternalAssets/Characters/texture-q.uasset" 4618
"C:/Users/Admin/Documents/Unreal Projects/ai-project/Content/ExternalAssets/Characters/texture-p.uasset" 4619
"C:/Users/Admin/Documents/Unreal Projects/ai-project/Content/ExternalAssets/Characters/texture-o.uasset" 4620
"C:/Users/Admin/Documents/Unreal Projects/ai-project/Content/ExternalAssets/Characters/texture-n.uasset" 4621
"C:/Users/Admin/Documents/Unreal Projects/ai-project/Content/ExternalAssets/Characters/texture-m.uasset" 4622
"C:/Users/Admin/Documents/Unreal Projects/ai-project/Content/ExternalAssets/Characters/texture-l.uasset" 4623
"C:/Users/Admin/Documents/Unreal Projects/ai-project/Content/ExternalAssets/Characters/texture-k.uasset" 4624
"C:/Users/Admin/Documents/Unreal Projects/ai-project/Content/ExternalAssets/Characters/texture-j.uasset" 4625
"C:/Users/Admin/Documents/Unreal Projects/ai-project/Content/ExternalAssets/Characters/texture-i.uasset" 4626
"C:/Users/Admin/Documents/Unreal Projects/ai-project/Content/ExternalAssets/Characters/texture-h.uasset" 4627
"C:/Users/Admin/Documents/Unreal Projects/ai-project/Content/ExternalAssets/Characters/texture-g.uasset" 4628
"C:/Users/Admin/Documents/Unreal Projects/ai-project/Content/ExternalAssets/Characters/texture-f.uasset" 4629
"C:/Users/Admin/Documents/Unreal Projects/ai-project/Content/ExternalAssets/Characters/texture-e.uasset" 4630
"C:/Users/Admin/Documents/Unreal Projects/ai-project/Content/ExternalAssets/Characters/texture-d.uasset" 4631
"C:/Users/Admin/Documents/Unreal Projects/ai-project/Content/ExternalAssets/Characters/texture-c.uasset" 4632
"C:/Users/Admin/Documents/Unreal Projects/ai-project/Content/ExternalAssets/Characters/texture-b.uasset" 4633
"C:/Users/Admin/Documents/Unreal Projects/ai-project/Content/ExternalAssets/Characters/texture-a.uasset" 4634
"C:/Users/Admin/Documents/Unreal Projects/ai-project/Content/DetectiveAnimations/Demo/Mannequins/Rigs/Poses/Quinn/Quinn_upperarm_r_anim.uasset" 4635
"C:/Users/Admin/Documents/Unreal Projects/ai-project/Content/DetectiveAnimations/Demo/Mannequins/Rigs/Poses/Quinn/Quinn_upperarm_l_anim.uasset" 4636
"C:/Users/Admin/Documents/Unreal Projects/ai-project/Content/DetectiveAnimations/Demo/Mannequins/Rigs/Poses/Quinn/Quinn_thigh_r_anim.uasset" 4637
"C:/Users/Admin/Documents/Unreal Projects/ai-project/Content/DetectiveAnimations/Demo/Mannequins/Rigs/Poses/Quinn/Quinn_thigh_l_anim.uasset" 4638
"C:/Users/Admin/Documents/Unreal Projects/ai-project/Content/DetectiveAnimations/Demo/Mannequins/Rigs/Poses/Quinn/Quinn_lowerarm_r_anim.uasset" 4639
"C:/Users/Admin/Documents/Unreal Projects/ai-project/Content/DetectiveAnimations/Demo/Mannequins/Rigs/Poses/Quinn/Quinn_lowerarm_l_anim.uasset" 4640
"C:/Users/Admin/Documents/Unreal Projects/ai-project/Content/DetectiveAnimations/Demo/Mannequins/Rigs/Poses/Quinn/Quinn_hand_r_anim.uasset" 4641
"C:/Users/Admin/Documents/Unreal Projects/ai-project/Content/DetectiveAnimations/Demo/Mannequins/Rigs/Poses/Quinn/Quinn_hand_l_anim.uasset" 4642
"C:/Users/Admin/Documents/Unreal Projects/ai-project/Content/DetectiveAnimations/Demo/Mannequins/Rigs/Poses/Quinn/Quinn_foot_r_anim.uasset" 4643
"C:/Users/Admin/Documents/Unreal Projects/ai-project/Content/DetectiveAnimations/Demo/Mannequins/Rigs/Poses/Quinn/Quinn_foot_l_anim.uasset" 4644
"C:/Users/Admin/Documents/Unreal Projects/ai-project/Content/DetectiveAnimations/Demo/Mannequins/Rigs/Poses/Quinn/Quinn_clavicle_r_anim.uasset" 4645
"C:/Users/Admin/Documents/Unreal Projects/ai-project/Content/DetectiveAnimations/Demo/Mannequins/Rigs/Poses/Quinn/Quinn_clavicle_l_anim.uasset" 4646
"C:/Users/Admin/Documents/Unreal Projects/ai-project/Content/DetectiveAnimations/Demo/Mannequins/Rigs/Poses/Quinn/Quinn_calf_r_anim.uasset" 4647
"C:/Users/Admin/Documents/Unreal Projects/ai-project/Content/DetectiveAnimations/Demo/Mannequins/Rigs/Poses/Quinn/Quinn_calf_l_anim.uasset" 4648
"C:/Users/Admin/Documents/Unreal Projects/ai-project/Content/DetectiveAnimations/Demo/Mannequins/Rigs/Poses/Manny/Manny_upperarm_r_anim.uasset" 4649
"C:/Users/Admin/Documents/Unreal Projects/ai-project/Content/DetectiveAnimations/Demo/Mannequins/Rigs/Poses/Manny/Manny_upperarm_l_anim.uasset" 4650
"C:/Users/Admin/Documents/Unreal Projects/ai-project/Content/DetectiveAnimations/Demo/Mannequins/Rigs/Poses/Manny/Manny_thigh_r_anim.uasset" 4651
"C:/Users/Admin/Documents/Unreal Projects/ai-project/Content/DetectiveAnimations/Demo/Mannequins/Rigs/Poses/Manny/Manny_thigh_l_anim.uasset" 4652
"C:/Users/Admin/Documents/Unreal Projects/ai-project/Content/DetectiveAnimations/Demo/Mannequins/Rigs/Poses/Manny/Manny_lowerarm_r_anim.uasset" 4653
"C:/Users/Admin/Documents/Unreal Projects/ai-project/Content/DetectiveAnimations/Demo/Mannequins/Rigs/Poses/Manny/Manny_lowerarm_l_anim.uasset" 4654
"C:/Users/Admin/Documents/Unreal Projects/ai-project/Content/DetectiveAnimations/Demo/Mannequins/Rigs/Poses/Manny/Manny_hand_r_anim.uasset" 4655
"C:/Users/Admin/Documents/Unreal Projects/ai-project/Content/DetectiveAnimations/Demo/Mannequins/Rigs/Poses/Manny/Manny_hand_l_anim.uasset" 4656
"C:/Users/Admin/Documents/Unreal Projects/ai-project/Content/DetectiveAnimations/Demo/Mannequins/Rigs/Poses/Manny/Manny_foot_r_anim.uasset" 4657
"C:/Users/Admin/Documents/Unreal Projects/ai-project/Content/DetectiveAnimations/Demo/Mannequins/Rigs/Poses/Manny/Manny_foot_l_anim.uasset" 4658
"C:/Users/Admin/Documents/Unreal Projects/ai-project/Content/DetectiveAnimations/Demo/Mannequins/Rigs/Poses/Manny/Manny_clavicle_r_anim.uasset" 4659
"C:/Users/Admin/Documents/Unreal Projects/ai-project/Content/DetectiveAnimations/Demo/Mannequins/Rigs/Poses/Manny/Manny_clavicle_l_anim.uasset" 4660
"C:/Users/Admin/Documents/Unreal Projects/ai-project/Content/DetectiveAnimations/Demo/Mannequins/Rigs/Poses/Manny/Manny_calf_r_anim.uasset" 4661
"C:/Users/Admin/Documents/Unreal Projects/ai-project/Content/DetectiveAnimations/Demo/Mannequins/Rigs/Poses/Manny/Manny_calf_l_anim.uasset" 4662
"C:/Users/Admin/Documents/Unreal Projects/ai-project/Content/DetectiveAnimations/Demo/Mannequins/Animations/Quinn/MF_Walk_Fwd.uasset" 4663
"C:/Users/Admin/Documents/Unreal Projects/ai-project/Content/DetectiveAnimations/Demo/Mannequins/Animations/Quinn/MF_Run_Fwd.uasset" 4664
"C:/Users/Admin/Documents/Unreal Projects/ai-project/Content/DetectiveAnimations/Demo/Mannequins/Animations/Quinn/MF_Idle.uasset" 4665
"C:/Users/Admin/Documents/Unreal Projects/ai-project/Content/DetectiveAnimations/Demo/Mannequins/Animations/Manny/MM_Walk_InPlace.uasset" 4666
"C:/Users/Admin/Documents/Unreal Projects/ai-project/Content/DetectiveAnimations/Demo/Mannequins/Animations/Manny/MM_Walk_Fwd.uasset" 4667
"C:/Users/Admin/Documents/Unreal Projects/ai-project/Content/DetectiveAnimations/Demo/Mannequins/Animations/Manny/MM_T_Pose.uasset" 4668
"C:/Users/Admin/Documents/Unreal Projects/ai-project/Content/DetectiveAnimations/Demo/Mannequins/Animations/Manny/MM_Run_Fwd.uasset" 4669
"C:/Users/Admin/Documents/Unreal Projects/ai-project/Content/DetectiveAnimations/Demo/Mannequins/Animations/Manny/MM_Land.uasset" 4670
"C:/Users/Admin/Documents/Unreal Projects/ai-project/Content/DetectiveAnimations/Demo/Mannequins/Animations/Manny/MM_Jump.uasset" 4671
"C:/Users/Admin/Documents/Unreal Projects/ai-project/Content/DetectiveAnimations/Demo/Mannequins/Animations/Manny/MM_Idle.uasset" 4672
"C:/Users/Admin/Documents/Unreal Projects/ai-project/Content/DetectiveAnimations/Demo/Mannequins/Animations/Manny/MM_Fall_Loop.uasset" 4673
"C:/Users/Admin/Documents/Unreal Projects/ai-project/Content/DetectiveAnimations/Animations/RM/AS_TakesPhotosRM.uasset" 4674
"C:/Users/Admin/Documents/Unreal Projects/ai-project/Content/DetectiveAnimations/Animations/RM/AS_Inspects5RM.uasset" 4675
"C:/Users/Admin/Documents/Unreal Projects/ai-project/Content/DetectiveAnimations/Animations/RM/AS_Inspects4RM.uasset" 4676
"C:/Users/Admin/Documents/Unreal Projects/ai-project/Content/DetectiveAnimations/Animations/RM/AS_FlashesBadgeRM.uasset" 4677
"C:/Users/Admin/Documents/Unreal Projects/ai-project/Content/DetectiveAnimations/Animations/RM/AS_FlashesBadge2RM.uasset" 4678
"C:/Users/Admin/Documents/Unreal Projects/ai-project/Content/DetectiveAnimations/Animations/RM/AS_FencingOffCrimeSceneRM.uasset" 4679
"C:/Users/Admin/Documents/Unreal Projects/ai-project/Content/DetectiveAnimations/Animations/RM/AS_CSI_RM.uasset" 4680
"C:/Users/Admin/Documents/Unreal Projects/ai-project/Content/DetectiveAnimations/Animations/RM/AS_CSI2_RM.uasset" 4681
"C:/Users/Admin/Documents/Unreal Projects/ai-project/Content/DetectiveAnimations/Animations/AS_Witness2.uasset" 4682
"C:/Users/Admin/Documents/Unreal Projects/ai-project/Content/DetectiveAnimations/Animations/AS_Witness.uasset" 4683
"C:/Users/Admin/Documents/Unreal Projects/ai-project/Content/DetectiveAnimations/Animations/AS_Victim2.uasset" 4684
"C:/Users/Admin/Documents/Unreal Projects/ai-project/Content/DetectiveAnimations/Animations/AS_Victim.uasset" 4685
"C:/Users/Admin/Documents/Unreal Projects/ai-project/Content/DetectiveAnimations/Animations/AS_Thinking.uasset" 4686
"C:/Users/Admin/Documents/Unreal Projects/ai-project/Content/DetectiveAnimations/Animations/AS_TakesPhotos.uasset" 4687
"C:/Users/Admin/Documents/Unreal Projects/ai-project/Content/DetectiveAnimations/Animations/AS_Questions2.uasset" 4688
"C:/Users/Admin/Documents/Unreal Projects/ai-project/Content/DetectiveAnimations/Animations/AS_Questions.uasset" 4689
"C:/Users/Admin/Documents/Unreal Projects/ai-project/Content/DetectiveAnimations/Animations/AS_Peeking2.uasset" 4690
"C:/Users/Admin/Documents/Unreal Projects/ai-project/Content/DetectiveAnimations/Animations/AS_Peeking.uasset" 4691
"C:/Users/Admin/Documents/Unreal Projects/ai-project/Content/DetectiveAnimations/Animations/AS_OfficerSecures2.uasset" 4692
"C:/Users/Admin/Documents/Unreal Projects/ai-project/Content/DetectiveAnimations/Animations/AS_OfficerSecures.uasset" 4693
"C:/Users/Admin/Documents/Unreal Projects/ai-project/Content/DetectiveAnimations/Animations/AS_OfficerRadiosIn.uasset" 4694
"C:/Users/Admin/Documents/Unreal Projects/ai-project/Content/DetectiveAnimations/Animations/AS_Inspects5.uasset" 4695
"C:/Users/Admin/Documents/Unreal Projects/ai-project/Content/DetectiveAnimations/Animations/AS_Inspects4.uasset" 4696
"C:/Users/Admin/Documents/Unreal Projects/ai-project/Content/DetectiveAnimations/Animations/AS_Inspects3.uasset" 4697
"C:/Users/Admin/Documents/Unreal Projects/ai-project/Content/DetectiveAnimations/Animations/AS_Inspects2.uasset" 4698
"C:/Users/Admin/Documents/Unreal Projects/ai-project/Content/DetectiveAnimations/Animations/AS_Inspects.uasset" 4699
"C:/Users/Admin/Documents/Unreal Projects/ai-project/Content/DetectiveAnimations/Animations/AS_InjuredGotHotDrink.uasset" 4700
"C:/Users/Admin/Documents/Unreal Projects/ai-project/Content/DetectiveAnimations/Animations/AS_Injured.uasset" 4701
"C:/Users/Admin/Documents/Unreal Projects/ai-project/Content/DetectiveAnimations/Animations/AS_FlashesBadge2.uasset" 4702
"C:/Users/Admin/Documents/Unreal Projects/ai-project/Content/DetectiveAnimations/Animations/AS_FlashesBadge.uasset" 4703
"C:/Users/Admin/Documents/Unreal Projects/ai-project/Content/DetectiveAnimations/Animations/AS_FencingOffCrimeScene.uasset" 4704
"C:/Users/Admin/Documents/Unreal Projects/ai-project/Content/DetectiveAnimations/Animations/AS_CSI2.uasset" 4705
"C:/Users/Admin/Documents/Unreal Projects/ai-project/Content/DetectiveAnimations/Animations/AS_CSI.uasset" 4706
"C:/Users/Admin/Documents/Unreal Projects/ai-project/Content/DetectiveAnimations/Animations/AS_Crying.uasset" 4707
"C:/Users/Admin/Documents/Unreal Projects/ai-project/Content/DetectiveAnimations/Demo/Mannequins/Materials/Functions/CA_Mannequin.uasset" 4708
"C:/Users/Admin/Documents/Unreal Projects/ai-project/Content/DataTables/ca.uasset" 4709
"C:/Users/Admin/Documents/Unreal Projects/ai-project/Content/Characters/SO_Key.uasset" 4710
"C:/Users/Admin/Documents/Unreal Projects/ai-project/Content/Anim/Prisoner/InmateQuinnnZombie_Attack.uasset" 4711
"C:/Users/Admin/Documents/Unreal Projects/ai-project/Content/Characters/Prisoner/Ch36_Body.uasset" 4712
"C:/Users/Admin/Documents/Unreal Projects/ai-project/Content/Characters/Mannequin_UE4/Materials/Layers/ML_ShinyPlastic_Beige_Logo.uasset" 4713
"C:/Users/Admin/Documents/Unreal Projects/ai-project/Content/Characters/Mannequin_UE4/Materials/Layers/ML_Latex_Black.uasset" 4714
"C:/Users/Admin/Documents/Unreal Projects/ai-project/Content/Characters/Mannequin_UE4/Materials/Layers/ML_SoftMetal.uasset" 4715
"C:/Users/Admin/Documents/Unreal Projects/ai-project/Content/Characters/Mannequin_UE4/Animations/Jog_Fwd.uasset" 4716
"C:/Users/Admin/Documents/Unreal Projects/ai-project/Content/Characters/Guard/SM_Guard.uasset" 4717
"C:/Users/Admin/Documents/Unreal Projects/ai-project/Content/Anim/Guard/GuardAS_Inspects.uasset" 4718
"C:/Users/Admin/Documents/Unreal Projects/ai-project/Content/Anim/Push_Loop.uasset" 4719
"C:/Users/Admin/Documents/Unreal Projects/ai-project/Content/Anim/Punch_Jab.uasset" 4720
"C:/Users/Admin/Documents/Unreal Projects/ai-project/Content/Anim/Punch_Cross.uasset" 4721
"C:/Users/Admin/Documents/Unreal Projects/ai-project/Content/Anim/Pistol_Shoot.uasset" 4722
"C:/Users/Admin/Documents/Unreal Projects/ai-project/Content/Anim/Pistol_Reload.uasset" 4723
"C:/Users/Admin/Documents/Unreal Projects/ai-project/Content/Anim/Pistol_Idle_Loop.uasset" 4724
"C:/Users/Admin/Documents/Unreal Projects/ai-project/Content/Anim/Pistol_Aim_Neutral.uasset" 4725
"C:/Users/Admin/Documents/Unreal Projects/ai-project/Content/Anim/PickUp_Table.uasset" 4726
"C:/Users/Admin/Documents/Unreal Projects/ai-project/Content/Anim/Interact.uasset" 4727
"C:/Users/Admin/Documents/Unreal Projects/ai-project/Content/Anim/Idle_Torch_Loop.uasset" 4728
"C:/Users/Admin/Documents/Unreal Projects/ai-project/Content/Anim/Fixing_Kneeling.uasset" 4729
"C:/Users/Admin/Documents/Unreal Projects/ai-project/Content/Anim/Death01.uasset" 4730
"C:/Users/Admin/Documents/Unreal Projects/ai-project/Content/Anim/Dance_Loop.uasset" 4731
"C:/Users/Admin/Documents/Unreal Projects/ai-project/Content/Anim/Zombie_Attack.uasset" 4732
"C:/Users/Admin/Documents/Unreal Projects/ai-project/Content/Anim/Picking_Up_L.uasset" 4733
"C:/Users/Admin/Documents/Unreal Projects/ai-project/Content/Anim/Picking_Up_Light.uasset" 4734
"C:/Users/Admin/Documents/Unreal Projects/ai-project/Content/Anim/Guard/GuardAS_Victim.uasset" 4735
"C:/Users/Admin/Documents/Unreal Projects/ai-project/Content/8BitRPGAdventureMusicPackI/cues/8-Bit_RPG_Adventure_Music_Pack_I/Extra_2_Tragic_Moment/Tragic_Moment__Loopable_w_end__Cue.uasset" 4736
"C:/Users/Admin/Documents/Unreal Projects/ai-project/Content/8BitRPGAdventureMusicPackI/cues/8-Bit_RPG_Adventure_Music_Pack_I/Extra_1_Bizzarre_Character/Bizzare_Character__w_end__Cue.uasset" 4737
"C:/Users/Admin/Documents/Unreal Projects/ai-project/Content/8BitRPGAdventureMusicPackI/cues/8-Bit_RPG_Adventure_Music_Pack_I/Extra_1_Bizzarre_Character/Bizzare_Character__Loopable__Cue.uasset" 4738
"C:/Users/Admin/Documents/Unreal Projects/ai-project/Content/8BitRPGAdventureMusicPackI/cues/8-Bit_RPG_Adventure_Music_Pack_I/8_Ending/Ending__Loopable_w_end__Cue.uasset" 4739
"C:/Users/Admin/Documents/Unreal Projects/ai-project/Content/8BitRPGAdventureMusicPackI/cues/8-Bit_RPG_Adventure_Music_Pack_I/7_Main_Title/Main_Title__w_end__Cue.uasset" 4740
"C:/Users/Admin/Documents/Unreal Projects/ai-project/Content/8BitRPGAdventureMusicPackI/cues/8-Bit_RPG_Adventure_Music_Pack_I/7_Main_Title/Main_Title__Loopable__Cue.uasset" 4741
"C:/Users/Admin/Documents/Unreal Projects/ai-project/Content/8BitRPGAdventureMusicPackI/cues/8-Bit_RPG_Adventure_Music_Pack_I/6_Snowy_Village/Snowy_Village__w_end__Cue.uasset" 4742
"C:/Users/Admin/Documents/Unreal Projects/ai-project/Content/8BitRPGAdventureMusicPackI/cues/8-Bit_RPG_Adventure_Music_Pack_I/6_Snowy_Village/Snowy_Village__Loopable__Cue.uasset" 4743
"C:/Users/Admin/Documents/Unreal Projects/ai-project/Content/8BitRPGAdventureMusicPackI/cues/8-Bit_RPG_Adventure_Music_Pack_I/5_Beach_Village/Beach_Village_w_end__Cue.uasset" 4744
"C:/Users/Admin/Documents/Unreal Projects/ai-project/Content/8BitRPGAdventureMusicPackI/cues/8-Bit_RPG_Adventure_Music_Pack_I/5_Beach_Village/Beach_Village_Loopable__Cue.uasset" 4745
"C:/Users/Admin/Documents/Unreal Projects/ai-project/Content/8BitRPGAdventureMusicPackI/cues/8-Bit_RPG_Adventure_Music_Pack_I/4_First_Boss/First_Boss__Loopable_w_end__Cue.uasset" 4746
"C:/Users/Admin/Documents/Unreal Projects/ai-project/Content/8BitRPGAdventureMusicPackI/cues/8-Bit_RPG_Adventure_Music_Pack_I/3_First_Dungeon/First_Dungeon__w_end__Cue.uasset" 4747
"C:/Users/Admin/Documents/Unreal Projects/ai-project/Content/8BitRPGAdventureMusicPackI/cues/8-Bit_RPG_Adventure_Music_Pack_I/3_First_Dungeon/First_Dungeon__Loopable__Cue.uasset" 4748
"C:/Users/Admin/Documents/Unreal Projects/ai-project/Content/8BitRPGAdventureMusicPackI/cues/8-Bit_RPG_Adventure_Music_Pack_I/2_Common_Enemy/Common_Enemy__w_end__Cue.uasset" 4749
"C:/Users/Admin/Documents/Unreal Projects/ai-project/Content/8BitRPGAdventureMusicPackI/cues/8-Bit_RPG_Adventure_Music_Pack_I/2_Common_Enemy/Common_Enemy__Loopable__Cue.uasset" 4750
"C:/Users/Admin/Documents/Unreal Projects/ai-project/Content/8BitRPGAdventureMusicPackI/cues/8-Bit_RPG_Adventure_Music_Pack_I/1_Adventure_Begins/Adventure_Begins__w_end__Cue.uasset" 4751
"C:/Users/Admin/Documents/Unreal Projects/ai-project/Content/8BitRPGAdventureMusicPackI/cues/8-Bit_RPG_Adventure_Music_Pack_I/1_Adventure_Begins/Adventure_Begins__Loopable__Cue.uasset" 4752
"../../../Engine/Plugins/Interchange/Runtime/Content/Functions/MX_Surface.uasset" 4753
"../../../Engine/Content/EngineMaterials/PPM_DefaultCalibrationGrayscale.uasset" 4754
"../../../Engine/Content/EngineMaterials/PPM_DefaultCalibrationColor.uasset" 4755
"../../../Engine/Content/MobileResources/HUD/DefaultVirtualJoysticks.uasset" 4756
"../../../Engine/Content/EngineMaterials/Substrate/Volume/SubstrateSimpleVolumeEnvLUT3D.uasset" 4757
"../../../Engine/Content/EngineMaterials/Substrate/Volume/SubstrateSimpleVolumeLUT3D.uasset" 4758
"../../../Engine/Content/EngineMaterials/Substrate/GLints2/AGlintTex2dArray2.uasset" 4759
"../../../Engine/Content/EngineMaterials/Substrate/GLints/AGlintTex2dArray.uasset" 4760
"../../../Engine/Content/EditorMaterials/PreviewShadowIndicatorMaterial.uasset" 4761
"../../../Engine/Content/EngineSky/M_Sky_Panning_Clouds2.uasset" 4762
"../../../Engine/Content/Functions/MaterialLayerFunctions/MatLayerBlend_NormalBlend.uasset" 4763
"../../../Engine/Content/EngineMaterials/AntiAliasedTextMaterialTranslucent.uasset" 4764
"../../../Engine/Content/Functions/Engine_MaterialFunctions01/ImageAdjustment/CheapContrast.uasset" 4765
"../../../Engine/Content/EditorMeshes/ColorCalibrator/M_ColorGrid.uasset" 4766
"../../../Engine/Content/Functions/Engine_MaterialFunctions03/Blends/Blend_Overlay.uasset" 4767
"C:/Users/Admin/Documents/Unreal Projects/ai-project/Content/ExternalAssets/FBX_format_graveyard/urn-square_urn-square.uasset" 4768
"C:/Users/Admin/Documents/Unreal Projects/ai-project/Content/ExternalAssets/FBX_format_graveyard/urn-square_lid.uasset" 4769
"C:/Users/Admin/Documents/Unreal Projects/ai-project/Content/ExternalAssets/FBX_format_graveyard/urn-round_urn-round.uasset" 4770
"C:/Users/Admin/Documents/Unreal Projects/ai-project/Content/ExternalAssets/FBX_format_graveyard/urn-round_lid.uasset" 4771
"C:/Users/Admin/Documents/Unreal Projects/ai-project/Content/ExternalAssets/FBX_format_graveyard/trunk_trunk.uasset" 4772
"C:/Users/Admin/Documents/Unreal Projects/ai-project/Content/ExternalAssets/FBX_format_graveyard/trunk-long_trunk-long.uasset" 4773
"C:/Users/Admin/Documents/Unreal Projects/ai-project/Content/ExternalAssets/FBX_format_graveyard/stone-wall_stone-wall.uasset" 4774
"C:/Users/Admin/Documents/Unreal Projects/ai-project/Content/ExternalAssets/FBX_format_graveyard/stone-wall-damaged_stone-wall-damaged.uasset" 4775
"../../../Engine/Content/Functions/MaterialLayerFunctions/MatLayerBlend_OverrideOpacity.uasset" 4776
"C:/Users/Admin/Documents/Unreal Projects/ai-project/Content/ExternalAssets/FBX_format_graveyard/stone-wall-curve_stone-wall-curve.uasset" 4777
"C:/Users/Admin/Documents/Unreal Projects/ai-project/Content/ExternalAssets/FBX_format_graveyard/stone-wall-column_stone-wall-column.uasset" 4778
"C:/Users/Admin/Documents/Unreal Projects/ai-project/Content/ExternalAssets/FBX_format_graveyard/shovel-dirt_shovel-dirt.uasset" 4779
"C:/Users/Admin/Documents/Unreal Projects/ai-project/Content/ExternalAssets/FBX_format_graveyard/rocks_rocks.uasset" 4780
"../../../Engine/Content/EngineMaterials/Substrate/Volume/SubstrateSimpleVolumeEnvLUT2D.uasset" 4781
"C:/Users/Admin/Documents/Unreal Projects/ai-project/Content/ExternalAssets/FBX_format_graveyard/rocks-tall_rocks-tall.uasset" 4782
"../../../Engine/Content/EngineMaterials/Substrate/Volume/SubstrateSimpleVolumeLUT2D.uasset" 4783
"C:/Users/Admin/Documents/Unreal Projects/ai-project/Content/ExternalAssets/FBX_format_graveyard/road_road.uasset" 4784
"../../../Engine/Content/EngineMaterials/Substrate/Glints2/dict_0000_0000.uasset" 4785
"../../../Engine/Content/EngineMaterials/Substrate/Glints2/dict_0000_0001.uasset" 4786
"../../../Engine/Content/EngineMaterials/Substrate/Glints2/dict_0000_0002.uasset" 4787
"../../../Engine/Content/EngineMaterials/Substrate/Glints2/dict_0000_0003.uasset" 4788
"../../../Engine/Content/EngineMaterials/Substrate/Glints2/dict_0000_0004.uasset" 4789
"../../../Engine/Content/EngineMaterials/Substrate/Glints2/dict_0000_0005.uasset" 4790
"../../../Engine/Content/EngineMaterials/Substrate/Glints2/dict_0000_0006.uasset" 4791
"../../../Engine/Content/EngineMaterials/Substrate/Glints2/dict_0000_0007.uasset" 4792
"../../../Engine/Content/EngineMaterials/Substrate/Glints2/dict_0000_0008.uasset" 4793
"../../../Engine/Content/EngineMaterials/Substrate/Glints2/dict_0000_0009.uasset" 4794
"../../../Engine/Content/EngineMaterials/Substrate/Glints2/dict_0000_0010.uasset" 4795
"../../../Engine/Content/EngineMaterials/Substrate/Glints2/dict_0000_0011.uasset" 4796
"../../../Engine/Content/EngineMaterials/Substrate/Glints2/dict_0000_0012.uasset" 4797
"../../../Engine/Content/EngineMaterials/Substrate/Glints2/dict_0000_0013.uasset" 4798
"../../../Engine/Content/EngineMaterials/Substrate/Glints2/dict_0000_0014.uasset" 4799
"../../../Engine/Content/EngineMaterials/Substrate/Glints2/dict_0000_0015.uasset" 4800
"../../../Engine/Content/EngineMaterials/Substrate/Glints2/dict_0000_0016.uasset" 4801
"../../../Engine/Content/EngineMaterials/Substrate/Glints2/dict_0000_0017.uasset" 4802
"../../../Engine/Content/EngineMaterials/Substrate/Glints2/dict_0000_0018.uasset" 4803
"../../../Engine/Content/EngineMaterials/Substrate/Glints2/dict_0000_0019.uasset" 4804
"../../../Engine/Content/EngineMaterials/Substrate/Glints2/dict_0000_0020.uasset" 4805
"../../../Engine/Content/EngineMaterials/Substrate/Glints2/dict_0000_0021.uasset" 4806
"../../../Engine/Content/EngineMaterials/Substrate/Glints2/dict_0000_0022.uasset" 4807
"../../../Engine/Content/EngineMaterials/Substrate/Glints2/dict_0000_0023.uasset" 4808
"../../../Engine/Content/EngineMaterials/Substrate/Glints2/dict_0000_0024.uasset" 4809
"../../../Engine/Content/EngineMaterials/Substrate/Glints2/dict_0000_0025.uasset" 4810
"../../../Engine/Content/EngineMaterials/Substrate/Glints2/dict_0000_0026.uasset" 4811
"../../../Engine/Content/EngineMaterials/Substrate/Glints2/dict_0000_0027.uasset" 4812
"../../../Engine/Content/EngineMaterials/Substrate/Glints2/dict_0000_0028.uasset" 4813
"../../../Engine/Content/EngineMaterials/Substrate/Glints2/dict_0000_0029.uasset" 4814
"../../../Engine/Content/EngineMaterials/Substrate/Glints2/dict_0000_0030.uasset" 4815
"../../../Engine/Content/EngineMaterials/Substrate/Glints2/dict_0000_0031.uasset" 4816
"../../../Engine/Content/EngineMaterials/Substrate/Glints2/dict_0000_0032.uasset" 4817
"../../../Engine/Content/EngineMaterials/Substrate/Glints2/dict_0000_0033.uasset" 4818
"../../../Engine/Content/EngineMaterials/Substrate/Glints2/dict_0000_0034.uasset" 4819
"../../../Engine/Content/EngineMaterials/Substrate/Glints2/dict_0000_0035.uasset" 4820
"../../../Engine/Content/EngineMaterials/Substrate/Glints2/dict_0000_0036.uasset" 4821
"../../../Engine/Content/EngineMaterials/Substrate/Glints2/dict_0000_0037.uasset" 4822
"../../../Engine/Content/EngineMaterials/Substrate/Glints2/dict_0000_0038.uasset" 4823
"../../../Engine/Content/EngineMaterials/Substrate/Glints2/dict_0000_0039.uasset" 4824
"../../../Engine/Content/EngineMaterials/Substrate/Glints2/dict_0000_0040.uasset" 4825
"../../../Engine/Content/EngineMaterials/Substrate/Glints2/dict_0000_0041.uasset" 4826
"../../../Engine/Content/EngineMaterials/Substrate/Glints2/dict_0000_0042.uasset" 4827
"../../../Engine/Content/EngineMaterials/Substrate/Glints2/dict_0000_0043.uasset" 4828
"../../../Engine/Content/EngineMaterials/Substrate/Glints2/dict_0000_0044.uasset" 4829
"../../../Engine/Content/EngineMaterials/Substrate/Glints2/dict_0000_0045.uasset" 4830
"../../../Engine/Content/EngineMaterials/Substrate/Glints2/dict_0000_0046.uasset" 4831
"../../../Engine/Content/EngineMaterials/Substrate/Glints2/dict_0000_0047.uasset" 4832
"../../../Engine/Content/EngineMaterials/Substrate/Glints2/dict_0000_0048.uasset" 4833
"../../../Engine/Content/EngineMaterials/Substrate/Glints2/dict_0000_0049.uasset" 4834
"../../../Engine/Content/EngineMaterials/Substrate/Glints2/dict_0000_0050.uasset" 4835
"../../../Engine/Content/EngineMaterials/Substrate/Glints2/dict_0000_0051.uasset" 4836
"../../../Engine/Content/EngineMaterials/Substrate/Glints2/dict_0000_0052.uasset" 4837
"../../../Engine/Content/EngineMaterials/Substrate/Glints2/dict_0000_0053.uasset" 4838
"../../../Engine/Content/EngineMaterials/Substrate/Glints2/dict_0000_0054.uasset" 4839
"../../../Engine/Content/EngineMaterials/Substrate/Glints2/dict_0000_0055.uasset" 4840
"../../../Engine/Content/EngineMaterials/Substrate/Glints2/dict_0000_0056.uasset" 4841
"../../../Engine/Content/EngineMaterials/Substrate/Glints2/dict_0000_0057.uasset" 4842
"../../../Engine/Content/EngineMaterials/Substrate/Glints2/dict_0000_0058.uasset" 4843
"../../../Engine/Content/EngineMaterials/Substrate/Glints2/dict_0000_0059.uasset" 4844
"../../../Engine/Content/EngineMaterials/Substrate/Glints2/dict_0000_0060.uasset" 4845
"../../../Engine/Content/EngineMaterials/Substrate/Glints2/dict_0000_0061.uasset" 4846
"../../../Engine/Content/EngineMaterials/Substrate/Glints2/dict_0000_0062.uasset" 4847
"../../../Engine/Content/EngineMaterials/Substrate/Glints2/dict_0000_0063.uasset" 4848
"../../../Engine/Content/EngineMaterials/Substrate/Glints2/dict_0000_0064.uasset" 4849
"../../../Engine/Content/EngineMaterials/Substrate/Glints2/dict_0000_0065.uasset" 4850
"../../../Engine/Content/EngineMaterials/Substrate/Glints2/dict_0000_0066.uasset" 4851
"../../../Engine/Content/EngineMaterials/Substrate/Glints2/dict_0000_0067.uasset" 4852
"../../../Engine/Content/EngineMaterials/Substrate/Glints2/dict_0000_0068.uasset" 4853
"../../../Engine/Content/EngineMaterials/Substrate/Glints2/dict_0000_0069.uasset" 4854
"../../../Engine/Content/EngineMaterials/Substrate/Glints2/dict_0000_0070.uasset" 4855
"../../../Engine/Content/EngineMaterials/Substrate/Glints2/dict_0000_0071.uasset" 4856
"../../../Engine/Content/EngineMaterials/Substrate/Glints2/dict_0000_0072.uasset" 4857
"../../../Engine/Content/EngineMaterials/Substrate/Glints2/dict_0000_0073.uasset" 4858
"../../../Engine/Content/EngineMaterials/Substrate/Glints2/dict_0000_0074.uasset" 4859
"../../../Engine/Content/EngineMaterials/Substrate/Glints2/dict_0000_0075.uasset" 4860
"../../../Engine/Content/EngineMaterials/Substrate/Glints2/dict_0000_0076.uasset" 4861
"../../../Engine/Content/EngineMaterials/Substrate/Glints2/dict_0000_0077.uasset" 4862
"../../../Engine/Content/EngineMaterials/Substrate/Glints2/dict_0000_0078.uasset" 4863
"../../../Engine/Content/EngineMaterials/Substrate/Glints2/dict_0000_0079.uasset" 4864
"../../../Engine/Content/EngineMaterials/Substrate/Glints2/dict_0000_0080.uasset" 4865
"../../../Engine/Content/EngineMaterials/Substrate/Glints2/dict_0000_0081.uasset" 4866
"../../../Engine/Content/EngineMaterials/Substrate/Glints2/dict_0000_0082.uasset" 4867
"../../../Engine/Content/EngineMaterials/Substrate/Glints2/dict_0000_0083.uasset" 4868
"../../../Engine/Content/EngineMaterials/Substrate/Glints2/dict_0000_0084.uasset" 4869
"../../../Engine/Content/EngineMaterials/Substrate/Glints2/dict_0000_0085.uasset" 4870
"../../../Engine/Content/EngineMaterials/Substrate/Glints2/dict_0000_0086.uasset" 4871
"../../../Engine/Content/EngineMaterials/Substrate/Glints2/dict_0000_0087.uasset" 4872
"../../../Engine/Content/EngineMaterials/Substrate/Glints2/dict_0000_0088.uasset" 4873
"../../../Engine/Content/EngineMaterials/Substrate/Glints2/dict_0000_0089.uasset" 4874
"../../../Engine/Content/EngineMaterials/Substrate/Glints2/dict_0000_0090.uasset" 4875
"../../../Engine/Content/EngineMaterials/Substrate/Glints2/dict_0000_0091.uasset" 4876
"../../../Engine/Content/EngineMaterials/Substrate/Glints2/dict_0000_0092.uasset" 4877
"../../../Engine/Content/EngineMaterials/Substrate/Glints2/dict_0000_0093.uasset" 4878
"../../../Engine/Content/EngineMaterials/Substrate/Glints2/dict_0000_0094.uasset" 4879
"../../../Engine/Content/EngineMaterials/Substrate/Glints2/dict_0000_0095.uasset" 4880
"../../../Engine/Content/EngineMaterials/Substrate/Glints2/dict_0000_0096.uasset" 4881
"../../../Engine/Content/EngineMaterials/Substrate/Glints2/dict_0000_0097.uasset" 4882
"../../../Engine/Content/EngineMaterials/Substrate/Glints2/dict_0000_0098.uasset" 4883
"../../../Engine/Content/EngineMaterials/Substrate/Glints2/dict_0000_0099.uasset" 4884
"../../../Engine/Content/EngineMaterials/Substrate/Glints2/dict_0000_0100.uasset" 4885
"../../../Engine/Content/EngineMaterials/Substrate/Glints2/dict_0000_0101.uasset" 4886
"../../../Engine/Content/EngineMaterials/Substrate/Glints2/dict_0000_0102.uasset" 4887
"../../../Engine/Content/EngineMaterials/Substrate/Glints2/dict_0000_0103.uasset" 4888
"../../../Engine/Content/EngineMaterials/Substrate/Glints2/dict_0000_0104.uasset" 4889
"../../../Engine/Content/EngineMaterials/Substrate/Glints2/dict_0000_0105.uasset" 4890
"../../../Engine/Content/EngineMaterials/Substrate/Glints2/dict_0000_0106.uasset" 4891
"../../../Engine/Content/EngineMaterials/Substrate/Glints2/dict_0000_0107.uasset" 4892
"../../../Engine/Content/EngineMaterials/Substrate/Glints2/dict_0000_0108.uasset" 4893
"../../../Engine/Content/EngineMaterials/Substrate/Glints2/dict_0000_0109.uasset" 4894
"../../../Engine/Content/EngineMaterials/Substrate/Glints2/dict_0000_0110.uasset" 4895
"../../../Engine/Content/EngineMaterials/Substrate/Glints2/dict_0000_0111.uasset" 4896
"../../../Engine/Content/EngineMaterials/Substrate/Glints2/dict_0000_0112.uasset" 4897
"../../../Engine/Content/EngineMaterials/Substrate/Glints2/dict_0000_0113.uasset" 4898
"../../../Engine/Content/EngineMaterials/Substrate/Glints2/dict_0000_0114.uasset" 4899
"../../../Engine/Content/EngineMaterials/Substrate/Glints2/dict_0000_0115.uasset" 4900
"../../../Engine/Content/EngineMaterials/Substrate/Glints2/dict_0000_0116.uasset" 4901
"../../../Engine/Content/EngineMaterials/Substrate/Glints2/dict_0000_0117.uasset" 4902
"../../../Engine/Content/EngineMaterials/Substrate/Glints2/dict_0000_0118.uasset" 4903
"../../../Engine/Content/EngineMaterials/Substrate/Glints2/dict_0000_0119.uasset" 4904
"../../../Engine/Content/EngineMaterials/Substrate/Glints2/dict_0000_0120.uasset" 4905
"../../../Engine/Content/EngineMaterials/Substrate/Glints2/dict_0000_0121.uasset" 4906
"../../../Engine/Content/EngineMaterials/Substrate/Glints2/dict_0000_0122.uasset" 4907
"../../../Engine/Content/EngineMaterials/Substrate/Glints2/dict_0000_0123.uasset" 4908
"../../../Engine/Content/EngineMaterials/Substrate/Glints2/dict_0000_0124.uasset" 4909
"../../../Engine/Content/EngineMaterials/Substrate/Glints2/dict_0000_0125.uasset" 4910
"../../../Engine/Content/EngineMaterials/Substrate/Glints2/dict_0000_0126.uasset" 4911
"../../../Engine/Content/EngineMaterials/Substrate/Glints2/dict_0000_0127.uasset" 4912
"../../../Engine/Content/EngineMaterials/Substrate/Glints2/dict_0000_0128.uasset" 4913
"../../../Engine/Content/EngineMaterials/Substrate/Glints2/dict_0000_0129.uasset" 4914
"../../../Engine/Content/EngineMaterials/Substrate/Glints2/dict_0000_0130.uasset" 4915
"../../../Engine/Content/EngineMaterials/Substrate/Glints2/dict_0000_0131.uasset" 4916
"../../../Engine/Content/EngineMaterials/Substrate/Glints2/dict_0000_0132.uasset" 4917
"../../../Engine/Content/EngineMaterials/Substrate/Glints2/dict_0000_0133.uasset" 4918
"../../../Engine/Content/EngineMaterials/Substrate/Glints2/dict_0000_0134.uasset" 4919
"../../../Engine/Content/EngineMaterials/Substrate/Glints2/dict_0000_0135.uasset" 4920
"../../../Engine/Content/EngineMaterials/Substrate/Glints2/dict_0000_0136.uasset" 4921
"../../../Engine/Content/EngineMaterials/Substrate/Glints2/dict_0000_0137.uasset" 4922
"../../../Engine/Content/EngineMaterials/Substrate/Glints2/dict_0000_0138.uasset" 4923
"../../../Engine/Content/EngineMaterials/Substrate/Glints2/dict_0000_0139.uasset" 4924
"../../../Engine/Content/EngineMaterials/Substrate/Glints2/dict_0000_0140.uasset" 4925
"../../../Engine/Content/EngineMaterials/Substrate/Glints2/dict_0000_0141.uasset" 4926
"../../../Engine/Content/EngineMaterials/Substrate/Glints2/dict_0000_0142.uasset" 4927
"../../../Engine/Content/EngineMaterials/Substrate/Glints2/dict_0000_0143.uasset" 4928
"../../../Engine/Content/EngineMaterials/Substrate/Glints2/dict_0000_0144.uasset" 4929
"../../../Engine/Content/EngineMaterials/Substrate/Glints2/dict_0000_0145.uasset" 4930
"../../../Engine/Content/EngineMaterials/Substrate/Glints2/dict_0000_0146.uasset" 4931
"../../../Engine/Content/EngineMaterials/Substrate/Glints2/dict_0000_0147.uasset" 4932
"../../../Engine/Content/EngineMaterials/Substrate/Glints2/dict_0000_0148.uasset" 4933
"../../../Engine/Content/EngineMaterials/Substrate/Glints2/dict_0000_0149.uasset" 4934
"../../../Engine/Content/EngineMaterials/Substrate/Glints2/dict_0000_0150.uasset" 4935
"../../../Engine/Content/EngineMaterials/Substrate/Glints2/dict_0000_0151.uasset" 4936
"../../../Engine/Content/EngineMaterials/Substrate/Glints2/dict_0000_0152.uasset" 4937
"../../../Engine/Content/EngineMaterials/Substrate/Glints2/dict_0000_0153.uasset" 4938
"../../../Engine/Content/EngineMaterials/Substrate/Glints2/dict_0000_0154.uasset" 4939
"../../../Engine/Content/EngineMaterials/Substrate/Glints2/dict_0000_0155.uasset" 4940
"../../../Engine/Content/EngineMaterials/Substrate/Glints2/dict_0000_0156.uasset" 4941
"../../../Engine/Content/EngineMaterials/Substrate/Glints2/dict_0000_0157.uasset" 4942
"../../../Engine/Content/EngineMaterials/Substrate/Glints2/dict_0000_0158.uasset" 4943
"../../../Engine/Content/EngineMaterials/Substrate/Glints2/dict_0000_0159.uasset" 4944
"../../../Engine/Content/EngineMaterials/Substrate/Glints2/dict_0000_0160.uasset" 4945
"../../../Engine/Content/EngineMaterials/Substrate/Glints2/dict_0000_0161.uasset" 4946
"../../../Engine/Content/EngineMaterials/Substrate/Glints2/dict_0000_0162.uasset" 4947
"../../../Engine/Content/EngineMaterials/Substrate/Glints2/dict_0000_0163.uasset" 4948
"../../../Engine/Content/EngineMaterials/Substrate/Glints2/dict_0000_0164.uasset" 4949
"../../../Engine/Content/EngineMaterials/Substrate/Glints2/dict_0000_0165.uasset" 4950
"../../../Engine/Content/EngineMaterials/Substrate/Glints2/dict_0000_0166.uasset" 4951
"../../../Engine/Content/EngineMaterials/Substrate/Glints2/dict_0000_0167.uasset" 4952
"../../../Engine/Content/EngineMaterials/Substrate/Glints2/dict_0000_0168.uasset" 4953
"../../../Engine/Content/EngineMaterials/Substrate/Glints2/dict_0000_0169.uasset" 4954
"../../../Engine/Content/EngineMaterials/Substrate/Glints2/dict_0000_0170.uasset" 4955
"../../../Engine/Content/EngineMaterials/Substrate/Glints2/dict_0000_0171.uasset" 4956
"../../../Engine/Content/EngineMaterials/Substrate/Glints2/dict_0000_0172.uasset" 4957
"../../../Engine/Content/EngineMaterials/Substrate/Glints2/dict_0000_0173.uasset" 4958
"../../../Engine/Content/EngineMaterials/Substrate/Glints2/dict_0000_0174.uasset" 4959
"../../../Engine/Content/EngineMaterials/Substrate/Glints2/dict_0000_0175.uasset" 4960
"../../../Engine/Content/EngineMaterials/Substrate/Glints2/dict_0000_0176.uasset" 4961
"../../../Engine/Content/EngineMaterials/Substrate/Glints2/dict_0000_0177.uasset" 4962
"../../../Engine/Content/EngineMaterials/Substrate/Glints2/dict_0000_0178.uasset" 4963
"../../../Engine/Content/EngineMaterials/Substrate/Glints2/dict_0000_0179.uasset" 4964
"../../../Engine/Content/EngineMaterials/Substrate/Glints2/dict_0000_0180.uasset" 4965
"../../../Engine/Content/EngineMaterials/Substrate/Glints2/dict_0000_0181.uasset" 4966
"../../../Engine/Content/EngineMaterials/Substrate/Glints2/dict_0000_0182.uasset" 4967
"../../../Engine/Content/EngineMaterials/Substrate/Glints2/dict_0000_0183.uasset" 4968
"../../../Engine/Content/EngineMaterials/Substrate/Glints2/dict_0000_0184.uasset" 4969
"../../../Engine/Content/EngineMaterials/Substrate/Glints2/dict_0000_0185.uasset" 4970
"../../../Engine/Content/EngineMaterials/Substrate/Glints2/dict_0000_0186.uasset" 4971
"../../../Engine/Content/EngineMaterials/Substrate/Glints2/dict_0000_0187.uasset" 4972
"../../../Engine/Content/EngineMaterials/Substrate/Glints2/dict_0000_0188.uasset" 4973
"../../../Engine/Content/EngineMaterials/Substrate/Glints2/dict_0000_0189.uasset" 4974
"../../../Engine/Content/EngineMaterials/Substrate/Glints2/dict_0000_0190.uasset" 4975
"../../../Engine/Content/EngineMaterials/Substrate/Glints2/dict_0000_0191.uasset" 4976
"../../../Engine/Content/EngineMaterials/Substrate/Glints2/dict_0000_0192.uasset" 4977
"../../../Engine/Content/EngineMaterials/Substrate/Glints2/dict_0000_0193.uasset" 4978
"../../../Engine/Content/EngineMaterials/Substrate/Glints2/dict_0000_0194.uasset" 4979
"../../../Engine/Content/EngineMaterials/Substrate/Glints2/dict_0000_0195.uasset" 4980
"../../../Engine/Content/EngineMaterials/Substrate/Glints2/dict_0000_0196.uasset" 4981
"../../../Engine/Content/EngineMaterials/Substrate/Glints2/dict_0000_0197.uasset" 4982
"../../../Engine/Content/EngineMaterials/Substrate/Glints2/dict_0000_0198.uasset" 4983
"../../../Engine/Content/EngineMaterials/Substrate/Glints2/dict_0000_0199.uasset" 4984
"../../../Engine/Content/EngineMaterials/Substrate/Glints2/dict_0000_0200.uasset" 4985
"../../../Engine/Content/EngineMaterials/Substrate/Glints2/dict_0000_0201.uasset" 4986
"../../../Engine/Content/EngineMaterials/Substrate/Glints2/dict_0000_0202.uasset" 4987
"../../../Engine/Content/EngineMaterials/Substrate/Glints2/dict_0000_0203.uasset" 4988
"../../../Engine/Content/EngineMaterials/Substrate/Glints2/dict_0000_0204.uasset" 4989
"../../../Engine/Content/EngineMaterials/Substrate/Glints2/dict_0000_0205.uasset" 4990
"../../../Engine/Content/EngineMaterials/Substrate/Glints2/dict_0000_0206.uasset" 4991
"../../../Engine/Content/EngineMaterials/Substrate/Glints2/dict_0000_0207.uasset" 4992
"../../../Engine/Content/EngineMaterials/Substrate/Glints2/dict_0000_0208.uasset" 4993
"../../../Engine/Content/EngineMaterials/Substrate/Glints2/dict_0000_0209.uasset" 4994
"../../../Engine/Content/EngineMaterials/Substrate/Glints2/dict_0000_0210.uasset" 4995
"../../../Engine/Content/EngineMaterials/Substrate/Glints2/dict_0000_0211.uasset" 4996
"../../../Engine/Content/EngineMaterials/Substrate/Glints2/dict_0000_0212.uasset" 4997
"../../../Engine/Content/EngineMaterials/Substrate/Glints2/dict_0000_0213.uasset" 4998
"../../../Engine/Content/EngineMaterials/Substrate/Glints2/dict_0000_0214.uasset" 4999
"../../../Engine/Content/EngineMaterials/Substrate/Glints2/dict_0000_0215.uasset" 5000
"../../../Engine/Content/EngineMaterials/Substrate/Glints2/dict_0000_0216.uasset" 5001
"../../../Engine/Content/EngineMaterials/Substrate/Glints2/dict_0000_0217.uasset" 5002
"../../../Engine/Content/EngineMaterials/Substrate/Glints2/dict_0000_0218.uasset" 5003
"../../../Engine/Content/EngineMaterials/Substrate/Glints2/dict_0000_0219.uasset" 5004
"../../../Engine/Content/EngineMaterials/Substrate/Glints2/dict_0000_0220.uasset" 5005
"../../../Engine/Content/EngineMaterials/Substrate/Glints2/dict_0000_0221.uasset" 5006
"../../../Engine/Content/EngineMaterials/Substrate/Glints2/dict_0000_0222.uasset" 5007
"../../../Engine/Content/EngineMaterials/Substrate/Glints2/dict_0000_0223.uasset" 5008
"../../../Engine/Content/EngineMaterials/Substrate/Glints2/dict_0000_0224.uasset" 5009
"../../../Engine/Content/EngineMaterials/Substrate/Glints2/dict_0000_0225.uasset" 5010
"../../../Engine/Content/EngineMaterials/Substrate/Glints2/dict_0000_0226.uasset" 5011
"../../../Engine/Content/EngineMaterials/Substrate/Glints2/dict_0000_0227.uasset" 5012
"../../../Engine/Content/EngineMaterials/Substrate/Glints2/dict_0000_0228.uasset" 5013
"../../../Engine/Content/EngineMaterials/Substrate/Glints2/dict_0000_0229.uasset" 5014
"../../../Engine/Content/EngineMaterials/Substrate/Glints2/dict_0000_0230.uasset" 5015
"../../../Engine/Content/EngineMaterials/Substrate/Glints2/dict_0000_0231.uasset" 5016
"../../../Engine/Content/EngineMaterials/Substrate/Glints2/dict_0000_0232.uasset" 5017
"../../../Engine/Content/EngineMaterials/Substrate/Glints2/dict_0000_0233.uasset" 5018
"../../../Engine/Content/EngineMaterials/Substrate/Glints2/dict_0000_0234.uasset" 5019
"../../../Engine/Content/EngineMaterials/Substrate/Glints2/dict_0000_0235.uasset" 5020
"../../../Engine/Content/EngineMaterials/Substrate/Glints2/dict_0000_0236.uasset" 5021
"../../../Engine/Content/EngineMaterials/Substrate/Glints2/dict_0000_0237.uasset" 5022
"../../../Engine/Content/EngineMaterials/Substrate/Glints2/dict_0000_0238.uasset" 5023
"../../../Engine/Content/EngineMaterials/Substrate/Glints2/dict_0000_0239.uasset" 5024
"../../../Engine/Content/EngineMaterials/Substrate/Glints2/dict_0000_0240.uasset" 5025
"../../../Engine/Content/EngineMaterials/Substrate/Glints2/dict_0000_0241.uasset" 5026
"../../../Engine/Content/EngineMaterials/Substrate/Glints2/dict_0000_0242.uasset" 5027
"../../../Engine/Content/EngineMaterials/Substrate/Glints2/dict_0000_0243.uasset" 5028
"../../../Engine/Content/EngineMaterials/Substrate/Glints2/dict_0000_0244.uasset" 5029
"../../../Engine/Content/EngineMaterials/Substrate/Glints2/dict_0000_0245.uasset" 5030
"../../../Engine/Content/EngineMaterials/Substrate/Glints2/dict_0000_0246.uasset" 5031
"../../../Engine/Content/EngineMaterials/Substrate/Glints2/dict_0000_0247.uasset" 5032
"../../../Engine/Content/EngineMaterials/Substrate/Glints2/dict_0000_0248.uasset" 5033
"../../../Engine/Content/EngineMaterials/Substrate/Glints2/dict_0000_0249.uasset" 5034
"../../../Engine/Content/EngineMaterials/Substrate/Glints2/dict_0000_0250.uasset" 5035
"../../../Engine/Content/EngineMaterials/Substrate/Glints2/dict_0000_0251.uasset" 5036
"../../../Engine/Content/EngineMaterials/Substrate/Glints2/dict_0000_0252.uasset" 5037
"../../../Engine/Content/EngineMaterials/Substrate/Glints2/dict_0000_0253.uasset" 5038
"../../../Engine/Content/EngineMaterials/Substrate/Glints2/dict_0000_0254.uasset" 5039
"../../../Engine/Content/EngineMaterials/Substrate/Glints2/dict_0000_0255.uasset" 5040
"../../../Engine/Content/EngineMaterials/Substrate/Glints2/dict_0001_0000.uasset" 5041
"../../../Engine/Content/EngineMaterials/Substrate/Glints2/dict_0001_0001.uasset" 5042
"../../../Engine/Content/EngineMaterials/Substrate/Glints2/dict_0001_0002.uasset" 5043
"../../../Engine/Content/EngineMaterials/Substrate/Glints2/dict_0001_0003.uasset" 5044
"../../../Engine/Content/EngineMaterials/Substrate/Glints2/dict_0001_0004.uasset" 5045
"../../../Engine/Content/EngineMaterials/Substrate/Glints2/dict_0001_0005.uasset" 5046
"../../../Engine/Content/EngineMaterials/Substrate/Glints2/dict_0001_0006.uasset" 5047
"../../../Engine/Content/EngineMaterials/Substrate/Glints2/dict_0001_0007.uasset" 5048
"../../../Engine/Content/EngineMaterials/Substrate/Glints2/dict_0001_0008.uasset" 5049
"../../../Engine/Content/EngineMaterials/Substrate/Glints2/dict_0001_0009.uasset" 5050
"../../../Engine/Content/EngineMaterials/Substrate/Glints2/dict_0001_0010.uasset" 5051
"../../../Engine/Content/EngineMaterials/Substrate/Glints2/dict_0001_0011.uasset" 5052
"../../../Engine/Content/EngineMaterials/Substrate/Glints2/dict_0001_0012.uasset" 5053
"../../../Engine/Content/EngineMaterials/Substrate/Glints2/dict_0001_0013.uasset" 5054
"../../../Engine/Content/EngineMaterials/Substrate/Glints2/dict_0001_0014.uasset" 5055
"../../../Engine/Content/EngineMaterials/Substrate/Glints2/dict_0001_0015.uasset" 5056
"../../../Engine/Content/EngineMaterials/Substrate/Glints2/dict_0001_0016.uasset" 5057
"../../../Engine/Content/EngineMaterials/Substrate/Glints2/dict_0001_0017.uasset" 5058
"../../../Engine/Content/EngineMaterials/Substrate/Glints2/dict_0001_0018.uasset" 5059
"../../../Engine/Content/EngineMaterials/Substrate/Glints2/dict_0001_0019.uasset" 5060
"../../../Engine/Content/EngineMaterials/Substrate/Glints2/dict_0001_0020.uasset" 5061
"../../../Engine/Content/EngineMaterials/Substrate/Glints2/dict_0001_0021.uasset" 5062
"../../../Engine/Content/EngineMaterials/Substrate/Glints2/dict_0001_0022.uasset" 5063
"../../../Engine/Content/EngineMaterials/Substrate/Glints2/dict_0001_0023.uasset" 5064
"../../../Engine/Content/EngineMaterials/Substrate/Glints2/dict_0001_0024.uasset" 5065
"../../../Engine/Content/EngineMaterials/Substrate/Glints2/dict_0001_0025.uasset" 5066
"../../../Engine/Content/EngineMaterials/Substrate/Glints2/dict_0001_0026.uasset" 5067
"../../../Engine/Content/EngineMaterials/Substrate/Glints2/dict_0001_0027.uasset" 5068
"../../../Engine/Content/EngineMaterials/Substrate/Glints2/dict_0001_0028.uasset" 5069
"../../../Engine/Content/EngineMaterials/Substrate/Glints2/dict_0001_0029.uasset" 5070
"../../../Engine/Content/EngineMaterials/Substrate/Glints2/dict_0001_0030.uasset" 5071
"../../../Engine/Content/EngineMaterials/Substrate/Glints2/dict_0001_0031.uasset" 5072
"../../../Engine/Content/EngineMaterials/Substrate/Glints2/dict_0001_0032.uasset" 5073
"../../../Engine/Content/EngineMaterials/Substrate/Glints2/dict_0001_0033.uasset" 5074
"../../../Engine/Content/EngineMaterials/Substrate/Glints2/dict_0001_0034.uasset" 5075
"../../../Engine/Content/EngineMaterials/Substrate/Glints2/dict_0001_0035.uasset" 5076
"../../../Engine/Content/EngineMaterials/Substrate/Glints2/dict_0001_0036.uasset" 5077
"../../../Engine/Content/EngineMaterials/Substrate/Glints2/dict_0001_0037.uasset" 5078
"../../../Engine/Content/EngineMaterials/Substrate/Glints2/dict_0001_0038.uasset" 5079
"../../../Engine/Content/EngineMaterials/Substrate/Glints2/dict_0001_0039.uasset" 5080
"../../../Engine/Content/EngineMaterials/Substrate/Glints2/dict_0001_0040.uasset" 5081
"../../../Engine/Content/EngineMaterials/Substrate/Glints2/dict_0001_0041.uasset" 5082
"../../../Engine/Content/EngineMaterials/Substrate/Glints2/dict_0001_0042.uasset" 5083
"../../../Engine/Content/EngineMaterials/Substrate/Glints2/dict_0001_0043.uasset" 5084
"../../../Engine/Content/EngineMaterials/Substrate/Glints2/dict_0001_0044.uasset" 5085
"../../../Engine/Content/EngineMaterials/Substrate/Glints2/dict_0001_0045.uasset" 5086
"../../../Engine/Content/EngineMaterials/Substrate/Glints2/dict_0001_0046.uasset" 5087
"../../../Engine/Content/EngineMaterials/Substrate/Glints2/dict_0001_0047.uasset" 5088
"../../../Engine/Content/EngineMaterials/Substrate/Glints2/dict_0001_0048.uasset" 5089
"../../../Engine/Content/EngineMaterials/Substrate/Glints2/dict_0001_0049.uasset" 5090
"../../../Engine/Content/EngineMaterials/Substrate/Glints2/dict_0001_0050.uasset" 5091
"../../../Engine/Content/EngineMaterials/Substrate/Glints2/dict_0001_0051.uasset" 5092
"../../../Engine/Content/EngineMaterials/Substrate/Glints2/dict_0001_0052.uasset" 5093
"../../../Engine/Content/EngineMaterials/Substrate/Glints2/dict_0001_0053.uasset" 5094
"../../../Engine/Content/EngineMaterials/Substrate/Glints2/dict_0001_0054.uasset" 5095
"../../../Engine/Content/EngineMaterials/Substrate/Glints2/dict_0001_0055.uasset" 5096
"../../../Engine/Content/EngineMaterials/Substrate/Glints2/dict_0001_0056.uasset" 5097
"../../../Engine/Content/EngineMaterials/Substrate/Glints2/dict_0001_0057.uasset" 5098
"../../../Engine/Content/EngineMaterials/Substrate/Glints2/dict_0001_0058.uasset" 5099
"../../../Engine/Content/EngineMaterials/Substrate/Glints2/dict_0001_0059.uasset" 5100
"../../../Engine/Content/EngineMaterials/Substrate/Glints2/dict_0001_0060.uasset" 5101
"../../../Engine/Content/EngineMaterials/Substrate/Glints2/dict_0001_0061.uasset" 5102
"../../../Engine/Content/EngineMaterials/Substrate/Glints2/dict_0001_0062.uasset" 5103
"../../../Engine/Content/EngineMaterials/Substrate/Glints2/dict_0001_0063.uasset" 5104
"../../../Engine/Content/EngineMaterials/Substrate/Glints2/dict_0001_0064.uasset" 5105
"../../../Engine/Content/EngineMaterials/Substrate/Glints2/dict_0001_0065.uasset" 5106
"../../../Engine/Content/EngineMaterials/Substrate/Glints2/dict_0001_0066.uasset" 5107
"../../../Engine/Content/EngineMaterials/Substrate/Glints2/dict_0001_0067.uasset" 5108
"../../../Engine/Content/EngineMaterials/Substrate/Glints2/dict_0001_0068.uasset" 5109
"../../../Engine/Content/EngineMaterials/Substrate/Glints2/dict_0001_0069.uasset" 5110
"../../../Engine/Content/EngineMaterials/Substrate/Glints2/dict_0001_0070.uasset" 5111
"../../../Engine/Content/EngineMaterials/Substrate/Glints2/dict_0001_0071.uasset" 5112
"../../../Engine/Content/EngineMaterials/Substrate/Glints2/dict_0001_0072.uasset" 5113
"../../../Engine/Content/EngineMaterials/Substrate/Glints2/dict_0001_0073.uasset" 5114
"../../../Engine/Content/EngineMaterials/Substrate/Glints2/dict_0001_0074.uasset" 5115
"../../../Engine/Content/EngineMaterials/Substrate/Glints2/dict_0001_0075.uasset" 5116
"../../../Engine/Content/EngineMaterials/Substrate/Glints2/dict_0001_0076.uasset" 5117
"../../../Engine/Content/EngineMaterials/Substrate/Glints2/dict_0001_0077.uasset" 5118
"../../../Engine/Content/EngineMaterials/Substrate/Glints2/dict_0001_0078.uasset" 5119
"../../../Engine/Content/EngineMaterials/Substrate/Glints2/dict_0001_0079.uasset" 5120
"../../../Engine/Content/EngineMaterials/Substrate/Glints2/dict_0001_0080.uasset" 5121
"../../../Engine/Content/EngineMaterials/Substrate/Glints2/dict_0001_0081.uasset" 5122
"../../../Engine/Content/EngineMaterials/Substrate/Glints2/dict_0001_0082.uasset" 5123
"../../../Engine/Content/EngineMaterials/Substrate/Glints2/dict_0001_0083.uasset" 5124
"../../../Engine/Content/EngineMaterials/Substrate/Glints2/dict_0001_0084.uasset" 5125
"../../../Engine/Content/EngineMaterials/Substrate/Glints2/dict_0001_0085.uasset" 5126
"../../../Engine/Content/EngineMaterials/Substrate/Glints2/dict_0001_0086.uasset" 5127
"../../../Engine/Content/EngineMaterials/Substrate/Glints2/dict_0001_0087.uasset" 5128
"../../../Engine/Content/EngineMaterials/Substrate/Glints2/dict_0001_0088.uasset" 5129
"../../../Engine/Content/EngineMaterials/Substrate/Glints2/dict_0001_0089.uasset" 5130
"../../../Engine/Content/EngineMaterials/Substrate/Glints2/dict_0001_0090.uasset" 5131
"../../../Engine/Content/EngineMaterials/Substrate/Glints2/dict_0001_0091.uasset" 5132
"../../../Engine/Content/EngineMaterials/Substrate/Glints2/dict_0001_0092.uasset" 5133
"../../../Engine/Content/EngineMaterials/Substrate/Glints2/dict_0001_0093.uasset" 5134
"../../../Engine/Content/EngineMaterials/Substrate/Glints2/dict_0001_0094.uasset" 5135
"../../../Engine/Content/EngineMaterials/Substrate/Glints2/dict_0001_0095.uasset" 5136
"../../../Engine/Content/EngineMaterials/Substrate/Glints2/dict_0001_0096.uasset" 5137
"../../../Engine/Content/EngineMaterials/Substrate/Glints2/dict_0001_0097.uasset" 5138
"../../../Engine/Content/EngineMaterials/Substrate/Glints2/dict_0001_0098.uasset" 5139
"../../../Engine/Content/EngineMaterials/Substrate/Glints2/dict_0001_0099.uasset" 5140
"../../../Engine/Content/EngineMaterials/Substrate/Glints2/dict_0001_0100.uasset" 5141
"../../../Engine/Content/EngineMaterials/Substrate/Glints2/dict_0001_0101.uasset" 5142
"../../../Engine/Content/EngineMaterials/Substrate/Glints2/dict_0001_0102.uasset" 5143
"../../../Engine/Content/EngineMaterials/Substrate/Glints2/dict_0001_0103.uasset" 5144
"../../../Engine/Content/EngineMaterials/Substrate/Glints2/dict_0001_0104.uasset" 5145
"../../../Engine/Content/EngineMaterials/Substrate/Glints2/dict_0001_0105.uasset" 5146
"../../../Engine/Content/EngineMaterials/Substrate/Glints2/dict_0001_0106.uasset" 5147
"../../../Engine/Content/EngineMaterials/Substrate/Glints2/dict_0001_0107.uasset" 5148
"../../../Engine/Content/EngineMaterials/Substrate/Glints2/dict_0001_0108.uasset" 5149
"../../../Engine/Content/EngineMaterials/Substrate/Glints2/dict_0001_0109.uasset" 5150
"../../../Engine/Content/EngineMaterials/Substrate/Glints2/dict_0001_0110.uasset" 5151
"../../../Engine/Content/EngineMaterials/Substrate/Glints2/dict_0001_0111.uasset" 5152
"../../../Engine/Content/EngineMaterials/Substrate/Glints2/dict_0001_0112.uasset" 5153
"../../../Engine/Content/EngineMaterials/Substrate/Glints2/dict_0001_0113.uasset" 5154
"../../../Engine/Content/EngineMaterials/Substrate/Glints2/dict_0001_0114.uasset" 5155
"../../../Engine/Content/EngineMaterials/Substrate/Glints2/dict_0001_0115.uasset" 5156
"../../../Engine/Content/EngineMaterials/Substrate/Glints2/dict_0001_0116.uasset" 5157
"../../../Engine/Content/EngineMaterials/Substrate/Glints2/dict_0001_0117.uasset" 5158
"../../../Engine/Content/EngineMaterials/Substrate/Glints2/dict_0001_0118.uasset" 5159
"../../../Engine/Content/EngineMaterials/Substrate/Glints2/dict_0001_0119.uasset" 5160
"../../../Engine/Content/EngineMaterials/Substrate/Glints2/dict_0001_0120.uasset" 5161
"../../../Engine/Content/EngineMaterials/Substrate/Glints2/dict_0001_0121.uasset" 5162
"../../../Engine/Content/EngineMaterials/Substrate/Glints2/dict_0001_0122.uasset" 5163
"../../../Engine/Content/EngineMaterials/Substrate/Glints2/dict_0001_0123.uasset" 5164
"../../../Engine/Content/EngineMaterials/Substrate/Glints2/dict_0001_0124.uasset" 5165
"../../../Engine/Content/EngineMaterials/Substrate/Glints2/dict_0001_0125.uasset" 5166
"../../../Engine/Content/EngineMaterials/Substrate/Glints2/dict_0001_0126.uasset" 5167
"../../../Engine/Content/EngineMaterials/Substrate/Glints2/dict_0001_0127.uasset" 5168
"../../../Engine/Content/EngineMaterials/Substrate/Glints2/dict_0001_0128.uasset" 5169
"../../../Engine/Content/EngineMaterials/Substrate/Glints2/dict_0001_0129.uasset" 5170
"../../../Engine/Content/EngineMaterials/Substrate/Glints2/dict_0001_0130.uasset" 5171
"../../../Engine/Content/EngineMaterials/Substrate/Glints2/dict_0001_0131.uasset" 5172
"../../../Engine/Content/EngineMaterials/Substrate/Glints2/dict_0001_0132.uasset" 5173
"../../../Engine/Content/EngineMaterials/Substrate/Glints2/dict_0001_0133.uasset" 5174
"../../../Engine/Content/EngineMaterials/Substrate/Glints2/dict_0001_0134.uasset" 5175
"../../../Engine/Content/EngineMaterials/Substrate/Glints2/dict_0001_0135.uasset" 5176
"../../../Engine/Content/EngineMaterials/Substrate/Glints2/dict_0001_0136.uasset" 5177
"../../../Engine/Content/EngineMaterials/Substrate/Glints2/dict_0001_0137.uasset" 5178
"../../../Engine/Content/EngineMaterials/Substrate/Glints2/dict_0001_0138.uasset" 5179
"../../../Engine/Content/EngineMaterials/Substrate/Glints2/dict_0001_0139.uasset" 5180
"../../../Engine/Content/EngineMaterials/Substrate/Glints2/dict_0001_0140.uasset" 5181
"../../../Engine/Content/EngineMaterials/Substrate/Glints2/dict_0001_0141.uasset" 5182
"../../../Engine/Content/EngineMaterials/Substrate/Glints2/dict_0001_0142.uasset" 5183
"../../../Engine/Content/EngineMaterials/Substrate/Glints2/dict_0001_0143.uasset" 5184
"../../../Engine/Content/EngineMaterials/Substrate/Glints2/dict_0001_0144.uasset" 5185
"../../../Engine/Content/EngineMaterials/Substrate/Glints2/dict_0001_0145.uasset" 5186
"../../../Engine/Content/EngineMaterials/Substrate/Glints2/dict_0001_0146.uasset" 5187
"../../../Engine/Content/EngineMaterials/Substrate/Glints2/dict_0001_0147.uasset" 5188
"../../../Engine/Content/EngineMaterials/Substrate/Glints2/dict_0001_0148.uasset" 5189
"../../../Engine/Content/EngineMaterials/Substrate/Glints2/dict_0001_0149.uasset" 5190
"../../../Engine/Content/EngineMaterials/Substrate/Glints2/dict_0001_0150.uasset" 5191
"../../../Engine/Content/EngineMaterials/Substrate/Glints2/dict_0001_0151.uasset" 5192
"../../../Engine/Content/EngineMaterials/Substrate/Glints2/dict_0001_0152.uasset" 5193
"../../../Engine/Content/EngineMaterials/Substrate/Glints2/dict_0001_0153.uasset" 5194
"../../../Engine/Content/EngineMaterials/Substrate/Glints2/dict_0001_0154.uasset" 5195
"../../../Engine/Content/EngineMaterials/Substrate/Glints2/dict_0001_0155.uasset" 5196
"../../../Engine/Content/EngineMaterials/Substrate/Glints2/dict_0001_0156.uasset" 5197
"../../../Engine/Content/EngineMaterials/Substrate/Glints2/dict_0001_0157.uasset" 5198
"../../../Engine/Content/EngineMaterials/Substrate/Glints2/dict_0001_0158.uasset" 5199
"../../../Engine/Content/EngineMaterials/Substrate/Glints2/dict_0001_0159.uasset" 5200
"../../../Engine/Content/EngineMaterials/Substrate/Glints2/dict_0001_0160.uasset" 5201
"../../../Engine/Content/EngineMaterials/Substrate/Glints2/dict_0001_0161.uasset" 5202
"../../../Engine/Content/EngineMaterials/Substrate/Glints2/dict_0001_0162.uasset" 5203
"../../../Engine/Content/EngineMaterials/Substrate/Glints2/dict_0001_0163.uasset" 5204
"../../../Engine/Content/EngineMaterials/Substrate/Glints2/dict_0001_0164.uasset" 5205
"../../../Engine/Content/EngineMaterials/Substrate/Glints2/dict_0001_0165.uasset" 5206
"../../../Engine/Content/EngineMaterials/Substrate/Glints2/dict_0001_0166.uasset" 5207
"../../../Engine/Content/EngineMaterials/Substrate/Glints2/dict_0001_0167.uasset" 5208
"../../../Engine/Content/EngineMaterials/Substrate/Glints2/dict_0001_0168.uasset" 5209
"../../../Engine/Content/EngineMaterials/Substrate/Glints2/dict_0001_0169.uasset" 5210
"../../../Engine/Content/EngineMaterials/Substrate/Glints2/dict_0001_0170.uasset" 5211
"../../../Engine/Content/EngineMaterials/Substrate/Glints2/dict_0001_0171.uasset" 5212
"../../../Engine/Content/EngineMaterials/Substrate/Glints2/dict_0001_0172.uasset" 5213
"../../../Engine/Content/EngineMaterials/Substrate/Glints2/dict_0001_0173.uasset" 5214
"../../../Engine/Content/EngineMaterials/Substrate/Glints2/dict_0001_0174.uasset" 5215
"../../../Engine/Content/EngineMaterials/Substrate/Glints2/dict_0001_0175.uasset" 5216
"../../../Engine/Content/EngineMaterials/Substrate/Glints2/dict_0001_0176.uasset" 5217
"../../../Engine/Content/EngineMaterials/Substrate/Glints2/dict_0001_0177.uasset" 5218
"../../../Engine/Content/EngineMaterials/Substrate/Glints2/dict_0001_0178.uasset" 5219
"../../../Engine/Content/EngineMaterials/Substrate/Glints2/dict_0001_0179.uasset" 5220
"../../../Engine/Content/EngineMaterials/Substrate/Glints2/dict_0001_0180.uasset" 5221
"../../../Engine/Content/EngineMaterials/Substrate/Glints2/dict_0001_0181.uasset" 5222
"../../../Engine/Content/EngineMaterials/Substrate/Glints2/dict_0001_0182.uasset" 5223
"../../../Engine/Content/EngineMaterials/Substrate/Glints2/dict_0001_0183.uasset" 5224
"../../../Engine/Content/EngineMaterials/Substrate/Glints2/dict_0001_0184.uasset" 5225
"../../../Engine/Content/EngineMaterials/Substrate/Glints2/dict_0001_0185.uasset" 5226
"../../../Engine/Content/EngineMaterials/Substrate/Glints2/dict_0001_0186.uasset" 5227
"../../../Engine/Content/EngineMaterials/Substrate/Glints2/dict_0001_0187.uasset" 5228
"../../../Engine/Content/EngineMaterials/Substrate/Glints2/dict_0001_0188.uasset" 5229
"../../../Engine/Content/EngineMaterials/Substrate/Glints2/dict_0001_0189.uasset" 5230
"../../../Engine/Content/EngineMaterials/Substrate/Glints2/dict_0001_0190.uasset" 5231
"../../../Engine/Content/EngineMaterials/Substrate/Glints2/dict_0001_0191.uasset" 5232
"../../../Engine/Content/EngineMaterials/Substrate/Glints2/dict_0001_0192.uasset" 5233
"../../../Engine/Content/EngineMaterials/Substrate/Glints2/dict_0001_0193.uasset" 5234
"../../../Engine/Content/EngineMaterials/Substrate/Glints2/dict_0001_0194.uasset" 5235
"../../../Engine/Content/EngineMaterials/Substrate/Glints2/dict_0001_0195.uasset" 5236
"../../../Engine/Content/EngineMaterials/Substrate/Glints2/dict_0001_0196.uasset" 5237
"../../../Engine/Content/EngineMaterials/Substrate/Glints2/dict_0001_0197.uasset" 5238
"../../../Engine/Content/EngineMaterials/Substrate/Glints2/dict_0001_0198.uasset" 5239
"../../../Engine/Content/EngineMaterials/Substrate/Glints2/dict_0001_0199.uasset" 5240
"../../../Engine/Content/EngineMaterials/Substrate/Glints2/dict_0001_0200.uasset" 5241
"../../../Engine/Content/EngineMaterials/Substrate/Glints2/dict_0001_0201.uasset" 5242
"../../../Engine/Content/EngineMaterials/Substrate/Glints2/dict_0001_0202.uasset" 5243
"../../../Engine/Content/EngineMaterials/Substrate/Glints2/dict_0001_0203.uasset" 5244
"../../../Engine/Content/EngineMaterials/Substrate/Glints2/dict_0001_0204.uasset" 5245
"../../../Engine/Content/EngineMaterials/Substrate/Glints2/dict_0001_0205.uasset" 5246
"../../../Engine/Content/EngineMaterials/Substrate/Glints2/dict_0001_0206.uasset" 5247
"../../../Engine/Content/EngineMaterials/Substrate/Glints2/dict_0001_0207.uasset" 5248
"../../../Engine/Content/EngineMaterials/Substrate/Glints2/dict_0001_0208.uasset" 5249
"../../../Engine/Content/EngineMaterials/Substrate/Glints2/dict_0001_0209.uasset" 5250
"../../../Engine/Content/EngineMaterials/Substrate/Glints2/dict_0001_0210.uasset" 5251
"../../../Engine/Content/EngineMaterials/Substrate/Glints2/dict_0001_0211.uasset" 5252
"../../../Engine/Content/EngineMaterials/Substrate/Glints2/dict_0001_0212.uasset" 5253
"../../../Engine/Content/EngineMaterials/Substrate/Glints2/dict_0001_0213.uasset" 5254
"../../../Engine/Content/EngineMaterials/Substrate/Glints2/dict_0001_0214.uasset" 5255
"../../../Engine/Content/EngineMaterials/Substrate/Glints2/dict_0001_0215.uasset" 5256
"../../../Engine/Content/EngineMaterials/Substrate/Glints2/dict_0001_0216.uasset" 5257
"../../../Engine/Content/EngineMaterials/Substrate/Glints2/dict_0001_0217.uasset" 5258
"../../../Engine/Content/EngineMaterials/Substrate/Glints2/dict_0001_0218.uasset" 5259
"../../../Engine/Content/EngineMaterials/Substrate/Glints2/dict_0001_0219.uasset" 5260
"../../../Engine/Content/EngineMaterials/Substrate/Glints2/dict_0001_0220.uasset" 5261
"../../../Engine/Content/EngineMaterials/Substrate/Glints2/dict_0001_0221.uasset" 5262
"../../../Engine/Content/EngineMaterials/Substrate/Glints2/dict_0001_0222.uasset" 5263
"../../../Engine/Content/EngineMaterials/Substrate/Glints2/dict_0001_0223.uasset" 5264
"../../../Engine/Content/EngineMaterials/Substrate/Glints2/dict_0001_0224.uasset" 5265
"../../../Engine/Content/EngineMaterials/Substrate/Glints2/dict_0001_0225.uasset" 5266
"../../../Engine/Content/EngineMaterials/Substrate/Glints2/dict_0001_0226.uasset" 5267
"../../../Engine/Content/EngineMaterials/Substrate/Glints2/dict_0001_0227.uasset" 5268
"../../../Engine/Content/EngineMaterials/Substrate/Glints2/dict_0001_0228.uasset" 5269
"../../../Engine/Content/EngineMaterials/Substrate/Glints2/dict_0001_0229.uasset" 5270
"../../../Engine/Content/EngineMaterials/Substrate/Glints2/dict_0001_0230.uasset" 5271
"../../../Engine/Content/EngineMaterials/Substrate/Glints2/dict_0001_0231.uasset" 5272
"../../../Engine/Content/EngineMaterials/Substrate/Glints2/dict_0001_0232.uasset" 5273
"../../../Engine/Content/EngineMaterials/Substrate/Glints2/dict_0001_0233.uasset" 5274
"../../../Engine/Content/EngineMaterials/Substrate/Glints2/dict_0001_0234.uasset" 5275
"../../../Engine/Content/EngineMaterials/Substrate/Glints2/dict_0001_0235.uasset" 5276
"../../../Engine/Content/EngineMaterials/Substrate/Glints2/dict_0001_0236.uasset" 5277
"../../../Engine/Content/EngineMaterials/Substrate/Glints2/dict_0001_0237.uasset" 5278
"../../../Engine/Content/EngineMaterials/Substrate/Glints2/dict_0001_0238.uasset" 5279
"../../../Engine/Content/EngineMaterials/Substrate/Glints2/dict_0001_0239.uasset" 5280
"../../../Engine/Content/EngineMaterials/Substrate/Glints2/dict_0001_0240.uasset" 5281
"../../../Engine/Content/EngineMaterials/Substrate/Glints2/dict_0001_0241.uasset" 5282
"../../../Engine/Content/EngineMaterials/Substrate/Glints2/dict_0001_0242.uasset" 5283
"../../../Engine/Content/EngineMaterials/Substrate/Glints2/dict_0001_0243.uasset" 5284
"../../../Engine/Content/EngineMaterials/Substrate/Glints2/dict_0001_0244.uasset" 5285
"../../../Engine/Content/EngineMaterials/Substrate/Glints2/dict_0001_0245.uasset" 5286
"../../../Engine/Content/EngineMaterials/Substrate/Glints2/dict_0001_0246.uasset" 5287
"../../../Engine/Content/EngineMaterials/Substrate/Glints2/dict_0001_0247.uasset" 5288
"../../../Engine/Content/EngineMaterials/Substrate/Glints2/dict_0001_0248.uasset" 5289
"../../../Engine/Content/EngineMaterials/Substrate/Glints2/dict_0001_0249.uasset" 5290
"../../../Engine/Content/EngineMaterials/Substrate/Glints2/dict_0001_0250.uasset" 5291
"../../../Engine/Content/EngineMaterials/Substrate/Glints2/dict_0001_0251.uasset" 5292
"../../../Engine/Content/EngineMaterials/Substrate/Glints2/dict_0001_0252.uasset" 5293
"../../../Engine/Content/EngineMaterials/Substrate/Glints2/dict_0001_0253.uasset" 5294
"../../../Engine/Content/EngineMaterials/Substrate/Glints2/dict_0001_0254.uasset" 5295
"../../../Engine/Content/EngineMaterials/Substrate/Glints2/dict_0001_0255.uasset" 5296
"../../../Engine/Content/EngineMaterials/Substrate/Glints2/dict_0002_0000.uasset" 5297
"../../../Engine/Content/EngineMaterials/Substrate/Glints2/dict_0002_0001.uasset" 5298
"../../../Engine/Content/EngineMaterials/Substrate/Glints2/dict_0002_0002.uasset" 5299
"../../../Engine/Content/EngineMaterials/Substrate/Glints2/dict_0002_0003.uasset" 5300
"../../../Engine/Content/EngineMaterials/Substrate/Glints2/dict_0002_0004.uasset" 5301
"../../../Engine/Content/EngineMaterials/Substrate/Glints2/dict_0002_0005.uasset" 5302
"../../../Engine/Content/EngineMaterials/Substrate/Glints2/dict_0002_0006.uasset" 5303
"../../../Engine/Content/EngineMaterials/Substrate/Glints2/dict_0002_0007.uasset" 5304
"../../../Engine/Content/EngineMaterials/Substrate/Glints2/dict_0002_0008.uasset" 5305
"../../../Engine/Content/EngineMaterials/Substrate/Glints2/dict_0002_0009.uasset" 5306
"../../../Engine/Content/EngineMaterials/Substrate/Glints2/dict_0002_0010.uasset" 5307
"../../../Engine/Content/EngineMaterials/Substrate/Glints2/dict_0002_0011.uasset" 5308
"../../../Engine/Content/EngineMaterials/Substrate/Glints2/dict_0002_0012.uasset" 5309
"../../../Engine/Content/EngineMaterials/Substrate/Glints2/dict_0002_0013.uasset" 5310
"../../../Engine/Content/EngineMaterials/Substrate/Glints2/dict_0002_0014.uasset" 5311
"../../../Engine/Content/EngineMaterials/Substrate/Glints2/dict_0002_0015.uasset" 5312
"../../../Engine/Content/EngineMaterials/Substrate/Glints2/dict_0002_0016.uasset" 5313
"../../../Engine/Content/EngineMaterials/Substrate/Glints2/dict_0002_0017.uasset" 5314
"../../../Engine/Content/EngineMaterials/Substrate/Glints2/dict_0002_0018.uasset" 5315
"../../../Engine/Content/EngineMaterials/Substrate/Glints2/dict_0002_0019.uasset" 5316
"../../../Engine/Content/EngineMaterials/Substrate/Glints2/dict_0002_0020.uasset" 5317
"../../../Engine/Content/EngineMaterials/Substrate/Glints2/dict_0002_0021.uasset" 5318
"../../../Engine/Content/EngineMaterials/Substrate/Glints2/dict_0002_0022.uasset" 5319
"../../../Engine/Content/EngineMaterials/Substrate/Glints2/dict_0002_0023.uasset" 5320
"../../../Engine/Content/EngineMaterials/Substrate/Glints2/dict_0002_0024.uasset" 5321
"../../../Engine/Content/EngineMaterials/Substrate/Glints2/dict_0002_0025.uasset" 5322
"../../../Engine/Content/EngineMaterials/Substrate/Glints2/dict_0002_0026.uasset" 5323
"../../../Engine/Content/EngineMaterials/Substrate/Glints2/dict_0002_0027.uasset" 5324
"../../../Engine/Content/EngineMaterials/Substrate/Glints2/dict_0002_0028.uasset" 5325
"../../../Engine/Content/EngineMaterials/Substrate/Glints2/dict_0002_0029.uasset" 5326
"../../../Engine/Content/EngineMaterials/Substrate/Glints2/dict_0002_0030.uasset" 5327
"../../../Engine/Content/EngineMaterials/Substrate/Glints2/dict_0002_0031.uasset" 5328
"../../../Engine/Content/EngineMaterials/Substrate/Glints2/dict_0002_0032.uasset" 5329
"../../../Engine/Content/EngineMaterials/Substrate/Glints2/dict_0002_0033.uasset" 5330
"../../../Engine/Content/EngineMaterials/Substrate/Glints2/dict_0002_0034.uasset" 5331
"../../../Engine/Content/EngineMaterials/Substrate/Glints2/dict_0002_0035.uasset" 5332
"../../../Engine/Content/EngineMaterials/Substrate/Glints2/dict_0002_0036.uasset" 5333
"../../../Engine/Content/EngineMaterials/Substrate/Glints2/dict_0002_0037.uasset" 5334
"../../../Engine/Content/EngineMaterials/Substrate/Glints2/dict_0002_0038.uasset" 5335
"../../../Engine/Content/EngineMaterials/Substrate/Glints2/dict_0002_0039.uasset" 5336
"../../../Engine/Content/EngineMaterials/Substrate/Glints2/dict_0002_0040.uasset" 5337
"../../../Engine/Content/EngineMaterials/Substrate/Glints2/dict_0002_0041.uasset" 5338
"../../../Engine/Content/EngineMaterials/Substrate/Glints2/dict_0002_0042.uasset" 5339
"../../../Engine/Content/EngineMaterials/Substrate/Glints2/dict_0002_0043.uasset" 5340
"../../../Engine/Content/EngineMaterials/Substrate/Glints2/dict_0002_0044.uasset" 5341
"../../../Engine/Content/EngineMaterials/Substrate/Glints2/dict_0002_0045.uasset" 5342
"../../../Engine/Content/EngineMaterials/Substrate/Glints2/dict_0002_0046.uasset" 5343
"../../../Engine/Content/EngineMaterials/Substrate/Glints2/dict_0002_0047.uasset" 5344
"../../../Engine/Content/EngineMaterials/Substrate/Glints2/dict_0002_0048.uasset" 5345
"../../../Engine/Content/EngineMaterials/Substrate/Glints2/dict_0002_0049.uasset" 5346
"../../../Engine/Content/EngineMaterials/Substrate/Glints2/dict_0002_0050.uasset" 5347
"../../../Engine/Content/EngineMaterials/Substrate/Glints2/dict_0002_0051.uasset" 5348
"../../../Engine/Content/EngineMaterials/Substrate/Glints2/dict_0002_0052.uasset" 5349
"../../../Engine/Content/EngineMaterials/Substrate/Glints2/dict_0002_0053.uasset" 5350
"../../../Engine/Content/EngineMaterials/Substrate/Glints2/dict_0002_0054.uasset" 5351
"../../../Engine/Content/EngineMaterials/Substrate/Glints2/dict_0002_0055.uasset" 5352
"../../../Engine/Content/EngineMaterials/Substrate/Glints2/dict_0002_0056.uasset" 5353
"../../../Engine/Content/EngineMaterials/Substrate/Glints2/dict_0002_0057.uasset" 5354
"../../../Engine/Content/EngineMaterials/Substrate/Glints2/dict_0002_0058.uasset" 5355
"../../../Engine/Content/EngineMaterials/Substrate/Glints2/dict_0002_0059.uasset" 5356
"../../../Engine/Content/EngineMaterials/Substrate/Glints2/dict_0002_0060.uasset" 5357
"../../../Engine/Content/EngineMaterials/Substrate/Glints2/dict_0002_0061.uasset" 5358
"../../../Engine/Content/EngineMaterials/Substrate/Glints2/dict_0002_0062.uasset" 5359
"../../../Engine/Content/EngineMaterials/Substrate/Glints2/dict_0002_0063.uasset" 5360
"../../../Engine/Content/EngineMaterials/Substrate/Glints2/dict_0002_0064.uasset" 5361
"../../../Engine/Content/EngineMaterials/Substrate/Glints2/dict_0002_0065.uasset" 5362
"../../../Engine/Content/EngineMaterials/Substrate/Glints2/dict_0002_0066.uasset" 5363
"../../../Engine/Content/EngineMaterials/Substrate/Glints2/dict_0002_0067.uasset" 5364
"../../../Engine/Content/EngineMaterials/Substrate/Glints2/dict_0002_0068.uasset" 5365
"../../../Engine/Content/EngineMaterials/Substrate/Glints2/dict_0002_0069.uasset" 5366
"../../../Engine/Content/EngineMaterials/Substrate/Glints2/dict_0002_0070.uasset" 5367
"../../../Engine/Content/EngineMaterials/Substrate/Glints2/dict_0002_0071.uasset" 5368
"../../../Engine/Content/EngineMaterials/Substrate/Glints2/dict_0002_0072.uasset" 5369
"../../../Engine/Content/EngineMaterials/Substrate/Glints2/dict_0002_0073.uasset" 5370
"../../../Engine/Content/EngineMaterials/Substrate/Glints2/dict_0002_0074.uasset" 5371
"../../../Engine/Content/EngineMaterials/Substrate/Glints2/dict_0002_0075.uasset" 5372
"../../../Engine/Content/EngineMaterials/Substrate/Glints2/dict_0002_0076.uasset" 5373
"../../../Engine/Content/EngineMaterials/Substrate/Glints2/dict_0002_0077.uasset" 5374
"../../../Engine/Content/EngineMaterials/Substrate/Glints2/dict_0002_0078.uasset" 5375
"../../../Engine/Content/EngineMaterials/Substrate/Glints2/dict_0002_0079.uasset" 5376
"../../../Engine/Content/EngineMaterials/Substrate/Glints2/dict_0002_0080.uasset" 5377
"../../../Engine/Content/EngineMaterials/Substrate/Glints2/dict_0002_0081.uasset" 5378
"../../../Engine/Content/EngineMaterials/Substrate/Glints2/dict_0002_0082.uasset" 5379
"../../../Engine/Content/EngineMaterials/Substrate/Glints2/dict_0002_0083.uasset" 5380
"../../../Engine/Content/EngineMaterials/Substrate/Glints2/dict_0002_0084.uasset" 5381
"../../../Engine/Content/EngineMaterials/Substrate/Glints2/dict_0002_0085.uasset" 5382
"../../../Engine/Content/EngineMaterials/Substrate/Glints2/dict_0002_0086.uasset" 5383
"../../../Engine/Content/EngineMaterials/Substrate/Glints2/dict_0002_0087.uasset" 5384
"../../../Engine/Content/EngineMaterials/Substrate/Glints2/dict_0002_0088.uasset" 5385
"../../../Engine/Content/EngineMaterials/Substrate/Glints2/dict_0002_0089.uasset" 5386
"../../../Engine/Content/EngineMaterials/Substrate/Glints2/dict_0002_0090.uasset" 5387
"../../../Engine/Content/EngineMaterials/Substrate/Glints2/dict_0002_0091.uasset" 5388
"../../../Engine/Content/EngineMaterials/Substrate/Glints2/dict_0002_0092.uasset" 5389
"../../../Engine/Content/EngineMaterials/Substrate/Glints2/dict_0002_0093.uasset" 5390
"../../../Engine/Content/EngineMaterials/Substrate/Glints2/dict_0002_0094.uasset" 5391
"../../../Engine/Content/EngineMaterials/Substrate/Glints2/dict_0002_0095.uasset" 5392
"../../../Engine/Content/EngineMaterials/Substrate/Glints2/dict_0002_0096.uasset" 5393
"../../../Engine/Content/EngineMaterials/Substrate/Glints2/dict_0002_0097.uasset" 5394
"../../../Engine/Content/EngineMaterials/Substrate/Glints2/dict_0002_0098.uasset" 5395
"../../../Engine/Content/EngineMaterials/Substrate/Glints2/dict_0002_0099.uasset" 5396
"../../../Engine/Content/EngineMaterials/Substrate/Glints2/dict_0002_0100.uasset" 5397
"../../../Engine/Content/EngineMaterials/Substrate/Glints2/dict_0002_0101.uasset" 5398
"../../../Engine/Content/EngineMaterials/Substrate/Glints2/dict_0002_0102.uasset" 5399
"../../../Engine/Content/EngineMaterials/Substrate/Glints2/dict_0002_0103.uasset" 5400
"../../../Engine/Content/EngineMaterials/Substrate/Glints2/dict_0002_0104.uasset" 5401
"../../../Engine/Content/EngineMaterials/Substrate/Glints2/dict_0002_0105.uasset" 5402
"../../../Engine/Content/EngineMaterials/Substrate/Glints2/dict_0002_0106.uasset" 5403
"../../../Engine/Content/EngineMaterials/Substrate/Glints2/dict_0002_0107.uasset" 5404
"../../../Engine/Content/EngineMaterials/Substrate/Glints2/dict_0002_0108.uasset" 5405
"../../../Engine/Content/EngineMaterials/Substrate/Glints2/dict_0002_0109.uasset" 5406
"../../../Engine/Content/EngineMaterials/Substrate/Glints2/dict_0002_0110.uasset" 5407
"../../../Engine/Content/EngineMaterials/Substrate/Glints2/dict_0002_0111.uasset" 5408
"../../../Engine/Content/EngineMaterials/Substrate/Glints2/dict_0002_0112.uasset" 5409
"../../../Engine/Content/EngineMaterials/Substrate/Glints2/dict_0002_0113.uasset" 5410
"../../../Engine/Content/EngineMaterials/Substrate/Glints2/dict_0002_0114.uasset" 5411
"../../../Engine/Content/EngineMaterials/Substrate/Glints2/dict_0002_0115.uasset" 5412
"../../../Engine/Content/EngineMaterials/Substrate/Glints2/dict_0002_0116.uasset" 5413
"../../../Engine/Content/EngineMaterials/Substrate/Glints2/dict_0002_0117.uasset" 5414
"../../../Engine/Content/EngineMaterials/Substrate/Glints2/dict_0002_0118.uasset" 5415
"../../../Engine/Content/EngineMaterials/Substrate/Glints2/dict_0002_0119.uasset" 5416
"../../../Engine/Content/EngineMaterials/Substrate/Glints2/dict_0002_0120.uasset" 5417
"../../../Engine/Content/EngineMaterials/Substrate/Glints2/dict_0002_0121.uasset" 5418
"../../../Engine/Content/EngineMaterials/Substrate/Glints2/dict_0002_0122.uasset" 5419
"../../../Engine/Content/EngineMaterials/Substrate/Glints2/dict_0002_0123.uasset" 5420
"../../../Engine/Content/EngineMaterials/Substrate/Glints2/dict_0002_0124.uasset" 5421
"../../../Engine/Content/EngineMaterials/Substrate/Glints2/dict_0002_0125.uasset" 5422
"../../../Engine/Content/EngineMaterials/Substrate/Glints2/dict_0002_0126.uasset" 5423
"../../../Engine/Content/EngineMaterials/Substrate/Glints2/dict_0002_0127.uasset" 5424
"../../../Engine/Content/EngineMaterials/Substrate/Glints2/dict_0002_0128.uasset" 5425
"../../../Engine/Content/EngineMaterials/Substrate/Glints2/dict_0002_0129.uasset" 5426
"../../../Engine/Content/EngineMaterials/Substrate/Glints2/dict_0002_0130.uasset" 5427
"../../../Engine/Content/EngineMaterials/Substrate/Glints2/dict_0002_0131.uasset" 5428
"../../../Engine/Content/EngineMaterials/Substrate/Glints2/dict_0002_0132.uasset" 5429
"../../../Engine/Content/EngineMaterials/Substrate/Glints2/dict_0002_0133.uasset" 5430
"../../../Engine/Content/EngineMaterials/Substrate/Glints2/dict_0002_0134.uasset" 5431
"../../../Engine/Content/EngineMaterials/Substrate/Glints2/dict_0002_0135.uasset" 5432
"../../../Engine/Content/EngineMaterials/Substrate/Glints2/dict_0002_0136.uasset" 5433
"../../../Engine/Content/EngineMaterials/Substrate/Glints2/dict_0002_0137.uasset" 5434
"../../../Engine/Content/EngineMaterials/Substrate/Glints2/dict_0002_0138.uasset" 5435
"../../../Engine/Content/EngineMaterials/Substrate/Glints2/dict_0002_0139.uasset" 5436
"../../../Engine/Content/EngineMaterials/Substrate/Glints2/dict_0002_0140.uasset" 5437
"../../../Engine/Content/EngineMaterials/Substrate/Glints2/dict_0002_0141.uasset" 5438
"../../../Engine/Content/EngineMaterials/Substrate/Glints2/dict_0002_0142.uasset" 5439
"../../../Engine/Content/EngineMaterials/Substrate/Glints2/dict_0002_0143.uasset" 5440
"../../../Engine/Content/EngineMaterials/Substrate/Glints2/dict_0002_0144.uasset" 5441
"../../../Engine/Content/EngineMaterials/Substrate/Glints2/dict_0002_0145.uasset" 5442
"../../../Engine/Content/EngineMaterials/Substrate/Glints2/dict_0002_0146.uasset" 5443
"../../../Engine/Content/EngineMaterials/Substrate/Glints2/dict_0002_0147.uasset" 5444
"../../../Engine/Content/EngineMaterials/Substrate/Glints2/dict_0002_0148.uasset" 5445
"../../../Engine/Content/EngineMaterials/Substrate/Glints2/dict_0002_0149.uasset" 5446
"../../../Engine/Content/EngineMaterials/Substrate/Glints2/dict_0002_0150.uasset" 5447
"../../../Engine/Content/EngineMaterials/Substrate/Glints2/dict_0002_0151.uasset" 5448
"../../../Engine/Content/EngineMaterials/Substrate/Glints2/dict_0002_0152.uasset" 5449
"../../../Engine/Content/EngineMaterials/Substrate/Glints2/dict_0002_0153.uasset" 5450
"../../../Engine/Content/EngineMaterials/Substrate/Glints2/dict_0002_0154.uasset" 5451
"../../../Engine/Content/EngineMaterials/Substrate/Glints2/dict_0002_0155.uasset" 5452
"../../../Engine/Content/EngineMaterials/Substrate/Glints2/dict_0002_0156.uasset" 5453
"../../../Engine/Content/EngineMaterials/Substrate/Glints2/dict_0002_0157.uasset" 5454
"../../../Engine/Content/EngineMaterials/Substrate/Glints2/dict_0002_0158.uasset" 5455
"../../../Engine/Content/EngineMaterials/Substrate/Glints2/dict_0002_0159.uasset" 5456
"../../../Engine/Content/EngineMaterials/Substrate/Glints2/dict_0002_0160.uasset" 5457
"../../../Engine/Content/EngineMaterials/Substrate/Glints2/dict_0002_0161.uasset" 5458
"../../../Engine/Content/EngineMaterials/Substrate/Glints2/dict_0002_0162.uasset" 5459
"../../../Engine/Content/EngineMaterials/Substrate/Glints2/dict_0002_0163.uasset" 5460
"../../../Engine/Content/EngineMaterials/Substrate/Glints2/dict_0002_0164.uasset" 5461
"../../../Engine/Content/EngineMaterials/Substrate/Glints2/dict_0002_0165.uasset" 5462
"../../../Engine/Content/EngineMaterials/Substrate/Glints2/dict_0002_0166.uasset" 5463
"../../../Engine/Content/EngineMaterials/Substrate/Glints2/dict_0002_0167.uasset" 5464
"../../../Engine/Content/EngineMaterials/Substrate/Glints2/dict_0002_0168.uasset" 5465
"../../../Engine/Content/EngineMaterials/Substrate/Glints2/dict_0002_0169.uasset" 5466
"../../../Engine/Content/EngineMaterials/Substrate/Glints2/dict_0002_0170.uasset" 5467
"../../../Engine/Content/EngineMaterials/Substrate/Glints2/dict_0002_0171.uasset" 5468
"../../../Engine/Content/EngineMaterials/Substrate/Glints2/dict_0002_0172.uasset" 5469
"../../../Engine/Content/EngineMaterials/Substrate/Glints2/dict_0002_0173.uasset" 5470
"../../../Engine/Content/EngineMaterials/Substrate/Glints2/dict_0002_0174.uasset" 5471
"../../../Engine/Content/EngineMaterials/Substrate/Glints2/dict_0002_0175.uasset" 5472
"../../../Engine/Content/EngineMaterials/Substrate/Glints2/dict_0002_0176.uasset" 5473
"../../../Engine/Content/EngineMaterials/Substrate/Glints2/dict_0002_0177.uasset" 5474
"../../../Engine/Content/EngineMaterials/Substrate/Glints2/dict_0002_0178.uasset" 5475
"../../../Engine/Content/EngineMaterials/Substrate/Glints2/dict_0002_0179.uasset" 5476
"../../../Engine/Content/EngineMaterials/Substrate/Glints2/dict_0002_0180.uasset" 5477
"../../../Engine/Content/EngineMaterials/Substrate/Glints2/dict_0002_0181.uasset" 5478
"../../../Engine/Content/EngineMaterials/Substrate/Glints2/dict_0002_0182.uasset" 5479
"../../../Engine/Content/EngineMaterials/Substrate/Glints2/dict_0002_0183.uasset" 5480
"../../../Engine/Content/EngineMaterials/Substrate/Glints2/dict_0002_0184.uasset" 5481
"../../../Engine/Content/EngineMaterials/Substrate/Glints2/dict_0002_0185.uasset" 5482
"../../../Engine/Content/EngineMaterials/Substrate/Glints2/dict_0002_0186.uasset" 5483
"../../../Engine/Content/EngineMaterials/Substrate/Glints2/dict_0002_0187.uasset" 5484
"../../../Engine/Content/EngineMaterials/Substrate/Glints2/dict_0002_0188.uasset" 5485
"../../../Engine/Content/EngineMaterials/Substrate/Glints2/dict_0002_0189.uasset" 5486
"../../../Engine/Content/EngineMaterials/Substrate/Glints2/dict_0002_0190.uasset" 5487
"../../../Engine/Content/EngineMaterials/Substrate/Glints2/dict_0002_0191.uasset" 5488
"../../../Engine/Content/EngineMaterials/Substrate/Glints2/dict_0002_0192.uasset" 5489
"../../../Engine/Content/EngineMaterials/Substrate/Glints2/dict_0002_0193.uasset" 5490
"../../../Engine/Content/EngineMaterials/Substrate/Glints2/dict_0002_0194.uasset" 5491
"../../../Engine/Content/EngineMaterials/Substrate/Glints2/dict_0002_0195.uasset" 5492
"../../../Engine/Content/EngineMaterials/Substrate/Glints2/dict_0002_0196.uasset" 5493
"../../../Engine/Content/EngineMaterials/Substrate/Glints2/dict_0002_0197.uasset" 5494
"../../../Engine/Content/EngineMaterials/Substrate/Glints2/dict_0002_0198.uasset" 5495
"../../../Engine/Content/EngineMaterials/Substrate/Glints2/dict_0002_0199.uasset" 5496
"../../../Engine/Content/EngineMaterials/Substrate/Glints2/dict_0002_0200.uasset" 5497
"../../../Engine/Content/EngineMaterials/Substrate/Glints2/dict_0002_0201.uasset" 5498
"../../../Engine/Content/EngineMaterials/Substrate/Glints2/dict_0002_0202.uasset" 5499
"../../../Engine/Content/EngineMaterials/Substrate/Glints2/dict_0002_0203.uasset" 5500
"../../../Engine/Content/EngineMaterials/Substrate/Glints2/dict_0002_0204.uasset" 5501
"../../../Engine/Content/EngineMaterials/Substrate/Glints2/dict_0002_0205.uasset" 5502
"../../../Engine/Content/EngineMaterials/Substrate/Glints2/dict_0002_0206.uasset" 5503
"../../../Engine/Content/EngineMaterials/Substrate/Glints2/dict_0002_0207.uasset" 5504
"../../../Engine/Content/EngineMaterials/Substrate/Glints2/dict_0002_0208.uasset" 5505
"../../../Engine/Content/EngineMaterials/Substrate/Glints2/dict_0002_0209.uasset" 5506
"../../../Engine/Content/EngineMaterials/Substrate/Glints2/dict_0002_0210.uasset" 5507
"../../../Engine/Content/EngineMaterials/Substrate/Glints2/dict_0002_0211.uasset" 5508
"../../../Engine/Content/EngineMaterials/Substrate/Glints2/dict_0002_0212.uasset" 5509
"../../../Engine/Content/EngineMaterials/Substrate/Glints2/dict_0002_0213.uasset" 5510
"../../../Engine/Content/EngineMaterials/Substrate/Glints2/dict_0002_0214.uasset" 5511
"../../../Engine/Content/EngineMaterials/Substrate/Glints2/dict_0002_0215.uasset" 5512
"../../../Engine/Content/EngineMaterials/Substrate/Glints2/dict_0002_0216.uasset" 5513
"../../../Engine/Content/EngineMaterials/Substrate/Glints2/dict_0002_0217.uasset" 5514
"../../../Engine/Content/EngineMaterials/Substrate/Glints2/dict_0002_0218.uasset" 5515
"../../../Engine/Content/EngineMaterials/Substrate/Glints2/dict_0002_0219.uasset" 5516
"../../../Engine/Content/EngineMaterials/Substrate/Glints2/dict_0002_0220.uasset" 5517
"../../../Engine/Content/EngineMaterials/Substrate/Glints2/dict_0002_0221.uasset" 5518
"../../../Engine/Content/EngineMaterials/Substrate/Glints2/dict_0002_0222.uasset" 5519
"../../../Engine/Content/EngineMaterials/Substrate/Glints2/dict_0002_0223.uasset" 5520
"../../../Engine/Content/EngineMaterials/Substrate/Glints2/dict_0002_0224.uasset" 5521
"../../../Engine/Content/EngineMaterials/Substrate/Glints2/dict_0002_0225.uasset" 5522
"../../../Engine/Content/EngineMaterials/Substrate/Glints2/dict_0002_0226.uasset" 5523
"../../../Engine/Content/EngineMaterials/Substrate/Glints2/dict_0002_0227.uasset" 5524
"../../../Engine/Content/EngineMaterials/Substrate/Glints2/dict_0002_0228.uasset" 5525
"../../../Engine/Content/EngineMaterials/Substrate/Glints2/dict_0002_0229.uasset" 5526
"../../../Engine/Content/EngineMaterials/Substrate/Glints2/dict_0002_0230.uasset" 5527
"../../../Engine/Content/EngineMaterials/Substrate/Glints2/dict_0002_0231.uasset" 5528
"../../../Engine/Content/EngineMaterials/Substrate/Glints2/dict_0002_0232.uasset" 5529
"../../../Engine/Content/EngineMaterials/Substrate/Glints2/dict_0002_0233.uasset" 5530
"../../../Engine/Content/EngineMaterials/Substrate/Glints2/dict_0002_0234.uasset" 5531
"../../../Engine/Content/EngineMaterials/Substrate/Glints2/dict_0002_0235.uasset" 5532
"../../../Engine/Content/EngineMaterials/Substrate/Glints2/dict_0002_0236.uasset" 5533
"../../../Engine/Content/EngineMaterials/Substrate/Glints2/dict_0002_0237.uasset" 5534
"../../../Engine/Content/EngineMaterials/Substrate/Glints2/dict_0002_0238.uasset" 5535
"../../../Engine/Content/EngineMaterials/Substrate/Glints2/dict_0002_0239.uasset" 5536
"../../../Engine/Content/EngineMaterials/Substrate/Glints2/dict_0002_0240.uasset" 5537
"../../../Engine/Content/EngineMaterials/Substrate/Glints2/dict_0002_0241.uasset" 5538
"../../../Engine/Content/EngineMaterials/Substrate/Glints2/dict_0002_0242.uasset" 5539
"../../../Engine/Content/EngineMaterials/Substrate/Glints2/dict_0002_0243.uasset" 5540
"../../../Engine/Content/EngineMaterials/Substrate/Glints2/dict_0002_0244.uasset" 5541
"../../../Engine/Content/EngineMaterials/Substrate/Glints2/dict_0002_0245.uasset" 5542
"../../../Engine/Content/EngineMaterials/Substrate/Glints2/dict_0002_0246.uasset" 5543
"../../../Engine/Content/EngineMaterials/Substrate/Glints2/dict_0002_0247.uasset" 5544
"../../../Engine/Content/EngineMaterials/Substrate/Glints2/dict_0002_0248.uasset" 5545
"../../../Engine/Content/EngineMaterials/Substrate/Glints2/dict_0002_0249.uasset" 5546
"../../../Engine/Content/EngineMaterials/Substrate/Glints2/dict_0002_0250.uasset" 5547
"../../../Engine/Content/EngineMaterials/Substrate/Glints2/dict_0002_0251.uasset" 5548
"../../../Engine/Content/EngineMaterials/Substrate/Glints2/dict_0002_0252.uasset" 5549
"../../../Engine/Content/EngineMaterials/Substrate/Glints2/dict_0002_0253.uasset" 5550
"../../../Engine/Content/EngineMaterials/Substrate/Glints2/dict_0002_0254.uasset" 5551
"../../../Engine/Content/EngineMaterials/Substrate/Glints2/dict_0002_0255.uasset" 5552
"../../../Engine/Content/EngineMaterials/Substrate/Glints2/dict_0003_0000.uasset" 5553
"../../../Engine/Content/EngineMaterials/Substrate/Glints2/dict_0003_0001.uasset" 5554
"../../../Engine/Content/EngineMaterials/Substrate/Glints2/dict_0003_0002.uasset" 5555
"../../../Engine/Content/EngineMaterials/Substrate/Glints2/dict_0003_0003.uasset" 5556
"../../../Engine/Content/EngineMaterials/Substrate/Glints2/dict_0003_0004.uasset" 5557
"../../../Engine/Content/EngineMaterials/Substrate/Glints2/dict_0003_0005.uasset" 5558
"../../../Engine/Content/EngineMaterials/Substrate/Glints2/dict_0003_0006.uasset" 5559
"../../../Engine/Content/EngineMaterials/Substrate/Glints2/dict_0003_0007.uasset" 5560
"../../../Engine/Content/EngineMaterials/Substrate/Glints2/dict_0003_0008.uasset" 5561
"../../../Engine/Content/EngineMaterials/Substrate/Glints2/dict_0003_0009.uasset" 5562
"../../../Engine/Content/EngineMaterials/Substrate/Glints2/dict_0003_0010.uasset" 5563
"../../../Engine/Content/EngineMaterials/Substrate/Glints2/dict_0003_0011.uasset" 5564
"../../../Engine/Content/EngineMaterials/Substrate/Glints2/dict_0003_0012.uasset" 5565
"../../../Engine/Content/EngineMaterials/Substrate/Glints2/dict_0003_0013.uasset" 5566
"../../../Engine/Content/EngineMaterials/Substrate/Glints2/dict_0003_0014.uasset" 5567
"../../../Engine/Content/EngineMaterials/Substrate/Glints2/dict_0003_0015.uasset" 5568
"../../../Engine/Content/EngineMaterials/Substrate/Glints2/dict_0003_0016.uasset" 5569
"../../../Engine/Content/EngineMaterials/Substrate/Glints2/dict_0003_0017.uasset" 5570
"../../../Engine/Content/EngineMaterials/Substrate/Glints2/dict_0003_0018.uasset" 5571
"../../../Engine/Content/EngineMaterials/Substrate/Glints2/dict_0003_0019.uasset" 5572
"../../../Engine/Content/EngineMaterials/Substrate/Glints2/dict_0003_0020.uasset" 5573
"../../../Engine/Content/EngineMaterials/Substrate/Glints2/dict_0003_0021.uasset" 5574
"../../../Engine/Content/EngineMaterials/Substrate/Glints2/dict_0003_0022.uasset" 5575
"../../../Engine/Content/EngineMaterials/Substrate/Glints2/dict_0003_0023.uasset" 5576
"../../../Engine/Content/EngineMaterials/Substrate/Glints2/dict_0003_0024.uasset" 5577
"../../../Engine/Content/EngineMaterials/Substrate/Glints2/dict_0003_0025.uasset" 5578
"../../../Engine/Content/EngineMaterials/Substrate/Glints2/dict_0003_0026.uasset" 5579
"../../../Engine/Content/EngineMaterials/Substrate/Glints2/dict_0003_0027.uasset" 5580
"../../../Engine/Content/EngineMaterials/Substrate/Glints2/dict_0003_0028.uasset" 5581
"../../../Engine/Content/EngineMaterials/Substrate/Glints2/dict_0003_0029.uasset" 5582
"../../../Engine/Content/EngineMaterials/Substrate/Glints2/dict_0003_0030.uasset" 5583
"../../../Engine/Content/EngineMaterials/Substrate/Glints2/dict_0003_0031.uasset" 5584
"../../../Engine/Content/EngineMaterials/Substrate/Glints2/dict_0003_0032.uasset" 5585
"../../../Engine/Content/EngineMaterials/Substrate/Glints2/dict_0003_0033.uasset" 5586
"../../../Engine/Content/EngineMaterials/Substrate/Glints2/dict_0003_0034.uasset" 5587
"../../../Engine/Content/EngineMaterials/Substrate/Glints2/dict_0003_0035.uasset" 5588
"../../../Engine/Content/EngineMaterials/Substrate/Glints2/dict_0003_0036.uasset" 5589
"../../../Engine/Content/EngineMaterials/Substrate/Glints2/dict_0003_0037.uasset" 5590
"../../../Engine/Content/EngineMaterials/Substrate/Glints2/dict_0003_0038.uasset" 5591
"../../../Engine/Content/EngineMaterials/Substrate/Glints2/dict_0003_0039.uasset" 5592
"../../../Engine/Content/EngineMaterials/Substrate/Glints2/dict_0003_0040.uasset" 5593
"../../../Engine/Content/EngineMaterials/Substrate/Glints2/dict_0003_0041.uasset" 5594
"../../../Engine/Content/EngineMaterials/Substrate/Glints2/dict_0003_0042.uasset" 5595
"../../../Engine/Content/EngineMaterials/Substrate/Glints2/dict_0003_0043.uasset" 5596
"../../../Engine/Content/EngineMaterials/Substrate/Glints2/dict_0003_0044.uasset" 5597
"../../../Engine/Content/EngineMaterials/Substrate/Glints2/dict_0003_0045.uasset" 5598
"../../../Engine/Content/EngineMaterials/Substrate/Glints2/dict_0003_0046.uasset" 5599
"../../../Engine/Content/EngineMaterials/Substrate/Glints2/dict_0003_0047.uasset" 5600
"../../../Engine/Content/EngineMaterials/Substrate/Glints2/dict_0003_0048.uasset" 5601
"../../../Engine/Content/EngineMaterials/Substrate/Glints2/dict_0003_0049.uasset" 5602
"../../../Engine/Content/EngineMaterials/Substrate/Glints2/dict_0003_0050.uasset" 5603
"../../../Engine/Content/EngineMaterials/Substrate/Glints2/dict_0003_0051.uasset" 5604
"../../../Engine/Content/EngineMaterials/Substrate/Glints2/dict_0003_0052.uasset" 5605
"../../../Engine/Content/EngineMaterials/Substrate/Glints2/dict_0003_0053.uasset" 5606
"../../../Engine/Content/EngineMaterials/Substrate/Glints2/dict_0003_0054.uasset" 5607
"../../../Engine/Content/EngineMaterials/Substrate/Glints2/dict_0003_0055.uasset" 5608
"../../../Engine/Content/EngineMaterials/Substrate/Glints2/dict_0003_0056.uasset" 5609
"../../../Engine/Content/EngineMaterials/Substrate/Glints2/dict_0003_0057.uasset" 5610
"../../../Engine/Content/EngineMaterials/Substrate/Glints2/dict_0003_0058.uasset" 5611
"../../../Engine/Content/EngineMaterials/Substrate/Glints2/dict_0003_0059.uasset" 5612
"../../../Engine/Content/EngineMaterials/Substrate/Glints2/dict_0003_0060.uasset" 5613
"../../../Engine/Content/EngineMaterials/Substrate/Glints2/dict_0003_0061.uasset" 5614
"../../../Engine/Content/EngineMaterials/Substrate/Glints2/dict_0003_0062.uasset" 5615
"../../../Engine/Content/EngineMaterials/Substrate/Glints2/dict_0003_0063.uasset" 5616
"../../../Engine/Content/EngineMaterials/Substrate/Glints2/dict_0003_0064.uasset" 5617
"../../../Engine/Content/EngineMaterials/Substrate/Glints2/dict_0003_0065.uasset" 5618
"../../../Engine/Content/EngineMaterials/Substrate/Glints2/dict_0003_0066.uasset" 5619
"../../../Engine/Content/EngineMaterials/Substrate/Glints2/dict_0003_0067.uasset" 5620
"../../../Engine/Content/EngineMaterials/Substrate/Glints2/dict_0003_0068.uasset" 5621
"../../../Engine/Content/EngineMaterials/Substrate/Glints2/dict_0003_0069.uasset" 5622
"../../../Engine/Content/EngineMaterials/Substrate/Glints2/dict_0003_0070.uasset" 5623
"../../../Engine/Content/EngineMaterials/Substrate/Glints2/dict_0003_0071.uasset" 5624
"../../../Engine/Content/EngineMaterials/Substrate/Glints2/dict_0003_0072.uasset" 5625
"../../../Engine/Content/EngineMaterials/Substrate/Glints2/dict_0003_0073.uasset" 5626
"../../../Engine/Content/EngineMaterials/Substrate/Glints2/dict_0003_0074.uasset" 5627
"../../../Engine/Content/EngineMaterials/Substrate/Glints2/dict_0003_0075.uasset" 5628
"../../../Engine/Content/EngineMaterials/Substrate/Glints2/dict_0003_0076.uasset" 5629
"../../../Engine/Content/EngineMaterials/Substrate/Glints2/dict_0003_0077.uasset" 5630
"../../../Engine/Content/EngineMaterials/Substrate/Glints2/dict_0003_0078.uasset" 5631
"../../../Engine/Content/EngineMaterials/Substrate/Glints2/dict_0003_0079.uasset" 5632
"../../../Engine/Content/EngineMaterials/Substrate/Glints2/dict_0003_0080.uasset" 5633
"../../../Engine/Content/EngineMaterials/Substrate/Glints2/dict_0003_0081.uasset" 5634
"../../../Engine/Content/EngineMaterials/Substrate/Glints2/dict_0003_0082.uasset" 5635
"../../../Engine/Content/EngineMaterials/Substrate/Glints2/dict_0003_0083.uasset" 5636
"../../../Engine/Content/EngineMaterials/Substrate/Glints2/dict_0003_0084.uasset" 5637
"../../../Engine/Content/EngineMaterials/Substrate/Glints2/dict_0003_0085.uasset" 5638
"../../../Engine/Content/EngineMaterials/Substrate/Glints2/dict_0003_0086.uasset" 5639
"../../../Engine/Content/EngineMaterials/Substrate/Glints2/dict_0003_0087.uasset" 5640
"../../../Engine/Content/EngineMaterials/Substrate/Glints2/dict_0003_0088.uasset" 5641
"../../../Engine/Content/EngineMaterials/Substrate/Glints2/dict_0003_0089.uasset" 5642
"../../../Engine/Content/EngineMaterials/Substrate/Glints2/dict_0003_0090.uasset" 5643
"../../../Engine/Content/EngineMaterials/Substrate/Glints2/dict_0003_0091.uasset" 5644
"../../../Engine/Content/EngineMaterials/Substrate/Glints2/dict_0003_0092.uasset" 5645
"../../../Engine/Content/EngineMaterials/Substrate/Glints2/dict_0003_0093.uasset" 5646
"../../../Engine/Content/EngineMaterials/Substrate/Glints2/dict_0003_0094.uasset" 5647
"../../../Engine/Content/EngineMaterials/Substrate/Glints2/dict_0003_0095.uasset" 5648
"../../../Engine/Content/EngineMaterials/Substrate/Glints2/dict_0003_0096.uasset" 5649
"../../../Engine/Content/EngineMaterials/Substrate/Glints2/dict_0003_0097.uasset" 5650
"../../../Engine/Content/EngineMaterials/Substrate/Glints2/dict_0003_0098.uasset" 5651
"../../../Engine/Content/EngineMaterials/Substrate/Glints2/dict_0003_0099.uasset" 5652
"../../../Engine/Content/EngineMaterials/Substrate/Glints2/dict_0003_0100.uasset" 5653
"../../../Engine/Content/EngineMaterials/Substrate/Glints2/dict_0003_0101.uasset" 5654
"../../../Engine/Content/EngineMaterials/Substrate/Glints2/dict_0003_0102.uasset" 5655
"../../../Engine/Content/EngineMaterials/Substrate/Glints2/dict_0003_0103.uasset" 5656
"../../../Engine/Content/EngineMaterials/Substrate/Glints2/dict_0003_0104.uasset" 5657
"../../../Engine/Content/EngineMaterials/Substrate/Glints2/dict_0003_0105.uasset" 5658
"../../../Engine/Content/EngineMaterials/Substrate/Glints2/dict_0003_0106.uasset" 5659
"../../../Engine/Content/EngineMaterials/Substrate/Glints2/dict_0003_0107.uasset" 5660
"../../../Engine/Content/EngineMaterials/Substrate/Glints2/dict_0003_0108.uasset" 5661
"../../../Engine/Content/EngineMaterials/Substrate/Glints2/dict_0003_0109.uasset" 5662
"../../../Engine/Content/EngineMaterials/Substrate/Glints2/dict_0003_0110.uasset" 5663
"../../../Engine/Content/EngineMaterials/Substrate/Glints2/dict_0003_0111.uasset" 5664
"../../../Engine/Content/EngineMaterials/Substrate/Glints2/dict_0003_0112.uasset" 5665
"../../../Engine/Content/EngineMaterials/Substrate/Glints2/dict_0003_0113.uasset" 5666
"../../../Engine/Content/EngineMaterials/Substrate/Glints2/dict_0003_0114.uasset" 5667
"../../../Engine/Content/EngineMaterials/Substrate/Glints2/dict_0003_0115.uasset" 5668
"../../../Engine/Content/EngineMaterials/Substrate/Glints2/dict_0003_0116.uasset" 5669
"../../../Engine/Content/EngineMaterials/Substrate/Glints2/dict_0003_0117.uasset" 5670
"../../../Engine/Content/EngineMaterials/Substrate/Glints2/dict_0003_0118.uasset" 5671
"../../../Engine/Content/EngineMaterials/Substrate/Glints2/dict_0003_0119.uasset" 5672
"../../../Engine/Content/EngineMaterials/Substrate/Glints2/dict_0003_0120.uasset" 5673
"../../../Engine/Content/EngineMaterials/Substrate/Glints2/dict_0003_0121.uasset" 5674
"../../../Engine/Content/EngineMaterials/Substrate/Glints2/dict_0003_0122.uasset" 5675
"../../../Engine/Content/EngineMaterials/Substrate/Glints2/dict_0003_0123.uasset" 5676
"../../../Engine/Content/EngineMaterials/Substrate/Glints2/dict_0003_0124.uasset" 5677
"../../../Engine/Content/EngineMaterials/Substrate/Glints2/dict_0003_0125.uasset" 5678
"../../../Engine/Content/EngineMaterials/Substrate/Glints2/dict_0003_0126.uasset" 5679
"../../../Engine/Content/EngineMaterials/Substrate/Glints2/dict_0003_0127.uasset" 5680
"../../../Engine/Content/EngineMaterials/Substrate/Glints2/dict_0003_0128.uasset" 5681
"../../../Engine/Content/EngineMaterials/Substrate/Glints2/dict_0003_0129.uasset" 5682
"../../../Engine/Content/EngineMaterials/Substrate/Glints2/dict_0003_0130.uasset" 5683
"../../../Engine/Content/EngineMaterials/Substrate/Glints2/dict_0003_0131.uasset" 5684
"../../../Engine/Content/EngineMaterials/Substrate/Glints2/dict_0003_0132.uasset" 5685
"../../../Engine/Content/EngineMaterials/Substrate/Glints2/dict_0003_0133.uasset" 5686
"../../../Engine/Content/EngineMaterials/Substrate/Glints2/dict_0003_0134.uasset" 5687
"../../../Engine/Content/EngineMaterials/Substrate/Glints2/dict_0003_0135.uasset" 5688
"../../../Engine/Content/EngineMaterials/Substrate/Glints2/dict_0003_0136.uasset" 5689
"../../../Engine/Content/EngineMaterials/Substrate/Glints2/dict_0003_0137.uasset" 5690
"../../../Engine/Content/EngineMaterials/Substrate/Glints2/dict_0003_0138.uasset" 5691
"../../../Engine/Content/EngineMaterials/Substrate/Glints2/dict_0003_0139.uasset" 5692
"../../../Engine/Content/EngineMaterials/Substrate/Glints2/dict_0003_0140.uasset" 5693
"../../../Engine/Content/EngineMaterials/Substrate/Glints2/dict_0003_0141.uasset" 5694
"../../../Engine/Content/EngineMaterials/Substrate/Glints2/dict_0003_0142.uasset" 5695
"../../../Engine/Content/EngineMaterials/Substrate/Glints2/dict_0003_0143.uasset" 5696
"../../../Engine/Content/EngineMaterials/Substrate/Glints2/dict_0003_0144.uasset" 5697
"../../../Engine/Content/EngineMaterials/Substrate/Glints2/dict_0003_0145.uasset" 5698
"../../../Engine/Content/EngineMaterials/Substrate/Glints2/dict_0003_0146.uasset" 5699
"../../../Engine/Content/EngineMaterials/Substrate/Glints2/dict_0003_0147.uasset" 5700
"../../../Engine/Content/EngineMaterials/Substrate/Glints2/dict_0003_0148.uasset" 5701
"../../../Engine/Content/EngineMaterials/Substrate/Glints2/dict_0003_0149.uasset" 5702
"../../../Engine/Content/EngineMaterials/Substrate/Glints2/dict_0003_0150.uasset" 5703
"../../../Engine/Content/EngineMaterials/Substrate/Glints2/dict_0003_0151.uasset" 5704
"../../../Engine/Content/EngineMaterials/Substrate/Glints2/dict_0003_0152.uasset" 5705
"../../../Engine/Content/EngineMaterials/Substrate/Glints2/dict_0003_0153.uasset" 5706
"../../../Engine/Content/EngineMaterials/Substrate/Glints2/dict_0003_0154.uasset" 5707
"../../../Engine/Content/EngineMaterials/Substrate/Glints2/dict_0003_0155.uasset" 5708
"../../../Engine/Content/EngineMaterials/Substrate/Glints2/dict_0003_0156.uasset" 5709
"../../../Engine/Content/EngineMaterials/Substrate/Glints2/dict_0003_0157.uasset" 5710
"../../../Engine/Content/EngineMaterials/Substrate/Glints2/dict_0003_0158.uasset" 5711
"../../../Engine/Content/EngineMaterials/Substrate/Glints2/dict_0003_0159.uasset" 5712
"../../../Engine/Content/EngineMaterials/Substrate/Glints2/dict_0003_0160.uasset" 5713
"../../../Engine/Content/EngineMaterials/Substrate/Glints2/dict_0003_0161.uasset" 5714
"../../../Engine/Content/EngineMaterials/Substrate/Glints2/dict_0003_0162.uasset" 5715
"../../../Engine/Content/EngineMaterials/Substrate/Glints2/dict_0003_0163.uasset" 5716
"../../../Engine/Content/EngineMaterials/Substrate/Glints2/dict_0003_0164.uasset" 5717
"../../../Engine/Content/EngineMaterials/Substrate/Glints2/dict_0003_0165.uasset" 5718
"../../../Engine/Content/EngineMaterials/Substrate/Glints2/dict_0003_0166.uasset" 5719
"../../../Engine/Content/EngineMaterials/Substrate/Glints2/dict_0003_0167.uasset" 5720
"../../../Engine/Content/EngineMaterials/Substrate/Glints2/dict_0003_0168.uasset" 5721
"../../../Engine/Content/EngineMaterials/Substrate/Glints2/dict_0003_0169.uasset" 5722
"../../../Engine/Content/EngineMaterials/Substrate/Glints2/dict_0003_0170.uasset" 5723
"../../../Engine/Content/EngineMaterials/Substrate/Glints2/dict_0003_0171.uasset" 5724
"../../../Engine/Content/EngineMaterials/Substrate/Glints2/dict_0003_0172.uasset" 5725
"../../../Engine/Content/EngineMaterials/Substrate/Glints2/dict_0003_0173.uasset" 5726
"../../../Engine/Content/EngineMaterials/Substrate/Glints2/dict_0003_0174.uasset" 5727
"../../../Engine/Content/EngineMaterials/Substrate/Glints2/dict_0003_0175.uasset" 5728
"../../../Engine/Content/EngineMaterials/Substrate/Glints2/dict_0003_0176.uasset" 5729
"../../../Engine/Content/EngineMaterials/Substrate/Glints2/dict_0003_0177.uasset" 5730
"../../../Engine/Content/EngineMaterials/Substrate/Glints2/dict_0003_0178.uasset" 5731
"../../../Engine/Content/EngineMaterials/Substrate/Glints2/dict_0003_0179.uasset" 5732
"../../../Engine/Content/EngineMaterials/Substrate/Glints2/dict_0003_0180.uasset" 5733
"../../../Engine/Content/EngineMaterials/Substrate/Glints2/dict_0003_0181.uasset" 5734
"../../../Engine/Content/EngineMaterials/Substrate/Glints2/dict_0003_0182.uasset" 5735
"../../../Engine/Content/EngineMaterials/Substrate/Glints2/dict_0003_0183.uasset" 5736
"../../../Engine/Content/EngineMaterials/Substrate/Glints2/dict_0003_0184.uasset" 5737
"../../../Engine/Content/EngineMaterials/Substrate/Glints2/dict_0003_0185.uasset" 5738
"../../../Engine/Content/EngineMaterials/Substrate/Glints2/dict_0003_0186.uasset" 5739
"../../../Engine/Content/EngineMaterials/Substrate/Glints2/dict_0003_0187.uasset" 5740
"../../../Engine/Content/EngineMaterials/Substrate/Glints2/dict_0003_0188.uasset" 5741
"../../../Engine/Content/EngineMaterials/Substrate/Glints2/dict_0003_0189.uasset" 5742
"../../../Engine/Content/EngineMaterials/Substrate/Glints2/dict_0003_0190.uasset" 5743
"../../../Engine/Content/EngineMaterials/Substrate/Glints2/dict_0003_0191.uasset" 5744
"../../../Engine/Content/EngineMaterials/Substrate/Glints2/dict_0003_0192.uasset" 5745
"../../../Engine/Content/EngineMaterials/Substrate/Glints2/dict_0003_0193.uasset" 5746
"../../../Engine/Content/EngineMaterials/Substrate/Glints2/dict_0003_0194.uasset" 5747
"../../../Engine/Content/EngineMaterials/Substrate/Glints2/dict_0003_0195.uasset" 5748
"../../../Engine/Content/EngineMaterials/Substrate/Glints2/dict_0003_0196.uasset" 5749
"../../../Engine/Content/EngineMaterials/Substrate/Glints2/dict_0003_0197.uasset" 5750
"../../../Engine/Content/EngineMaterials/Substrate/Glints2/dict_0003_0198.uasset" 5751
"../../../Engine/Content/EngineMaterials/Substrate/Glints2/dict_0003_0199.uasset" 5752
"../../../Engine/Content/EngineMaterials/Substrate/Glints2/dict_0003_0200.uasset" 5753
"../../../Engine/Content/EngineMaterials/Substrate/Glints2/dict_0003_0201.uasset" 5754
"../../../Engine/Content/EngineMaterials/Substrate/Glints2/dict_0003_0202.uasset" 5755
"../../../Engine/Content/EngineMaterials/Substrate/Glints2/dict_0003_0203.uasset" 5756
"../../../Engine/Content/EngineMaterials/Substrate/Glints2/dict_0003_0204.uasset" 5757
"../../../Engine/Content/EngineMaterials/Substrate/Glints2/dict_0003_0205.uasset" 5758
"../../../Engine/Content/EngineMaterials/Substrate/Glints2/dict_0003_0206.uasset" 5759
"../../../Engine/Content/EngineMaterials/Substrate/Glints2/dict_0003_0207.uasset" 5760
"../../../Engine/Content/EngineMaterials/Substrate/Glints2/dict_0003_0208.uasset" 5761
"../../../Engine/Content/EngineMaterials/Substrate/Glints2/dict_0003_0209.uasset" 5762
"../../../Engine/Content/EngineMaterials/Substrate/Glints2/dict_0003_0210.uasset" 5763
"../../../Engine/Content/EngineMaterials/Substrate/Glints2/dict_0003_0211.uasset" 5764
"../../../Engine/Content/EngineMaterials/Substrate/Glints2/dict_0003_0212.uasset" 5765
"../../../Engine/Content/EngineMaterials/Substrate/Glints2/dict_0003_0213.uasset" 5766
"../../../Engine/Content/EngineMaterials/Substrate/Glints2/dict_0003_0214.uasset" 5767
"../../../Engine/Content/EngineMaterials/Substrate/Glints2/dict_0003_0215.uasset" 5768
"../../../Engine/Content/EngineMaterials/Substrate/Glints2/dict_0003_0216.uasset" 5769
"../../../Engine/Content/EngineMaterials/Substrate/Glints2/dict_0003_0217.uasset" 5770
"../../../Engine/Content/EngineMaterials/Substrate/Glints2/dict_0003_0218.uasset" 5771
"../../../Engine/Content/EngineMaterials/Substrate/Glints2/dict_0003_0219.uasset" 5772
"../../../Engine/Content/EngineMaterials/Substrate/Glints2/dict_0003_0220.uasset" 5773
"../../../Engine/Content/EngineMaterials/Substrate/Glints2/dict_0003_0221.uasset" 5774
"../../../Engine/Content/EngineMaterials/Substrate/Glints2/dict_0003_0222.uasset" 5775
"../../../Engine/Content/EngineMaterials/Substrate/Glints2/dict_0003_0223.uasset" 5776
"../../../Engine/Content/EngineMaterials/Substrate/Glints2/dict_0003_0224.uasset" 5777
"../../../Engine/Content/EngineMaterials/Substrate/Glints2/dict_0003_0225.uasset" 5778
"../../../Engine/Content/EngineMaterials/Substrate/Glints2/dict_0003_0226.uasset" 5779
"../../../Engine/Content/EngineMaterials/Substrate/Glints2/dict_0003_0227.uasset" 5780
"../../../Engine/Content/EngineMaterials/Substrate/Glints2/dict_0003_0228.uasset" 5781
"../../../Engine/Content/EngineMaterials/Substrate/Glints2/dict_0003_0229.uasset" 5782
"../../../Engine/Content/EngineMaterials/Substrate/Glints2/dict_0003_0230.uasset" 5783
"../../../Engine/Content/EngineMaterials/Substrate/Glints2/dict_0003_0231.uasset" 5784
"../../../Engine/Content/EngineMaterials/Substrate/Glints2/dict_0003_0232.uasset" 5785
"../../../Engine/Content/EngineMaterials/Substrate/Glints2/dict_0003_0233.uasset" 5786
"../../../Engine/Content/EngineMaterials/Substrate/Glints2/dict_0003_0234.uasset" 5787
"../../../Engine/Content/EngineMaterials/Substrate/Glints2/dict_0003_0235.uasset" 5788
"../../../Engine/Content/EngineMaterials/Substrate/Glints2/dict_0003_0236.uasset" 5789
"../../../Engine/Content/EngineMaterials/Substrate/Glints2/dict_0003_0237.uasset" 5790
"../../../Engine/Content/EngineMaterials/Substrate/Glints2/dict_0003_0238.uasset" 5791
"../../../Engine/Content/EngineMaterials/Substrate/Glints2/dict_0003_0239.uasset" 5792
"../../../Engine/Content/EngineMaterials/Substrate/Glints2/dict_0003_0240.uasset" 5793
"../../../Engine/Content/EngineMaterials/Substrate/Glints2/dict_0003_0241.uasset" 5794
"../../../Engine/Content/EngineMaterials/Substrate/Glints2/dict_0003_0242.uasset" 5795
"../../../Engine/Content/EngineMaterials/Substrate/Glints2/dict_0003_0243.uasset" 5796
"../../../Engine/Content/EngineMaterials/Substrate/Glints2/dict_0003_0244.uasset" 5797
"../../../Engine/Content/EngineMaterials/Substrate/Glints2/dict_0003_0245.uasset" 5798
"../../../Engine/Content/EngineMaterials/Substrate/Glints2/dict_0003_0246.uasset" 5799
"../../../Engine/Content/EngineMaterials/Substrate/Glints2/dict_0003_0247.uasset" 5800
"../../../Engine/Content/EngineMaterials/Substrate/Glints2/dict_0003_0248.uasset" 5801
"../../../Engine/Content/EngineMaterials/Substrate/Glints2/dict_0003_0249.uasset" 5802
"../../../Engine/Content/EngineMaterials/Substrate/Glints2/dict_0003_0250.uasset" 5803
"../../../Engine/Content/EngineMaterials/Substrate/Glints2/dict_0003_0251.uasset" 5804
"../../../Engine/Content/EngineMaterials/Substrate/Glints2/dict_0003_0252.uasset" 5805
"../../../Engine/Content/EngineMaterials/Substrate/Glints2/dict_0003_0253.uasset" 5806
"../../../Engine/Content/EngineMaterials/Substrate/Glints2/dict_0003_0254.uasset" 5807
"../../../Engine/Content/EngineMaterials/Substrate/Glints2/dict_0003_0255.uasset" 5808
"../../../Engine/Content/EngineMaterials/Substrate/Glints2/dict_0004_0000.uasset" 5809
"../../../Engine/Content/EngineMaterials/Substrate/Glints2/dict_0004_0001.uasset" 5810
"../../../Engine/Content/EngineMaterials/Substrate/Glints2/dict_0004_0002.uasset" 5811
"../../../Engine/Content/EngineMaterials/Substrate/Glints2/dict_0004_0003.uasset" 5812
"../../../Engine/Content/EngineMaterials/Substrate/Glints2/dict_0004_0004.uasset" 5813
"../../../Engine/Content/EngineMaterials/Substrate/Glints2/dict_0004_0005.uasset" 5814
"../../../Engine/Content/EngineMaterials/Substrate/Glints2/dict_0004_0006.uasset" 5815
"../../../Engine/Content/EngineMaterials/Substrate/Glints2/dict_0004_0007.uasset" 5816
"../../../Engine/Content/EngineMaterials/Substrate/Glints2/dict_0004_0008.uasset" 5817
"../../../Engine/Content/EngineMaterials/Substrate/Glints2/dict_0004_0009.uasset" 5818
"../../../Engine/Content/EngineMaterials/Substrate/Glints2/dict_0004_0010.uasset" 5819
"../../../Engine/Content/EngineMaterials/Substrate/Glints2/dict_0004_0011.uasset" 5820
"../../../Engine/Content/EngineMaterials/Substrate/Glints2/dict_0004_0012.uasset" 5821
"../../../Engine/Content/EngineMaterials/Substrate/Glints2/dict_0004_0013.uasset" 5822
"../../../Engine/Content/EngineMaterials/Substrate/Glints2/dict_0004_0014.uasset" 5823
"../../../Engine/Content/EngineMaterials/Substrate/Glints2/dict_0004_0015.uasset" 5824
"../../../Engine/Content/EngineMaterials/Substrate/Glints2/dict_0004_0016.uasset" 5825
"../../../Engine/Content/EngineMaterials/Substrate/Glints2/dict_0004_0017.uasset" 5826
"../../../Engine/Content/EngineMaterials/Substrate/Glints2/dict_0004_0018.uasset" 5827
"../../../Engine/Content/EngineMaterials/Substrate/Glints2/dict_0004_0019.uasset" 5828
"../../../Engine/Content/EngineMaterials/Substrate/Glints2/dict_0004_0020.uasset" 5829
"../../../Engine/Content/EngineMaterials/Substrate/Glints2/dict_0004_0021.uasset" 5830
"../../../Engine/Content/EngineMaterials/Substrate/Glints2/dict_0004_0022.uasset" 5831
"../../../Engine/Content/EngineMaterials/Substrate/Glints2/dict_0004_0023.uasset" 5832
"../../../Engine/Content/EngineMaterials/Substrate/Glints2/dict_0004_0024.uasset" 5833
"../../../Engine/Content/EngineMaterials/Substrate/Glints2/dict_0004_0025.uasset" 5834
"../../../Engine/Content/EngineMaterials/Substrate/Glints2/dict_0004_0026.uasset" 5835
"../../../Engine/Content/EngineMaterials/Substrate/Glints2/dict_0004_0027.uasset" 5836
"../../../Engine/Content/EngineMaterials/Substrate/Glints2/dict_0004_0028.uasset" 5837
"../../../Engine/Content/EngineMaterials/Substrate/Glints2/dict_0004_0029.uasset" 5838
"../../../Engine/Content/EngineMaterials/Substrate/Glints2/dict_0004_0030.uasset" 5839
"../../../Engine/Content/EngineMaterials/Substrate/Glints2/dict_0004_0031.uasset" 5840
"../../../Engine/Content/EngineMaterials/Substrate/Glints2/dict_0004_0032.uasset" 5841
"../../../Engine/Content/EngineMaterials/Substrate/Glints2/dict_0004_0033.uasset" 5842
"../../../Engine/Content/EngineMaterials/Substrate/Glints2/dict_0004_0034.uasset" 5843
"../../../Engine/Content/EngineMaterials/Substrate/Glints2/dict_0004_0035.uasset" 5844
"../../../Engine/Content/EngineMaterials/Substrate/Glints2/dict_0004_0036.uasset" 5845
"../../../Engine/Content/EngineMaterials/Substrate/Glints2/dict_0004_0037.uasset" 5846
"../../../Engine/Content/EngineMaterials/Substrate/Glints2/dict_0004_0038.uasset" 5847
"../../../Engine/Content/EngineMaterials/Substrate/Glints2/dict_0004_0039.uasset" 5848
"../../../Engine/Content/EngineMaterials/Substrate/Glints2/dict_0004_0040.uasset" 5849
"../../../Engine/Content/EngineMaterials/Substrate/Glints2/dict_0004_0041.uasset" 5850
"../../../Engine/Content/EngineMaterials/Substrate/Glints2/dict_0004_0042.uasset" 5851
"../../../Engine/Content/EngineMaterials/Substrate/Glints2/dict_0004_0043.uasset" 5852
"../../../Engine/Content/EngineMaterials/Substrate/Glints2/dict_0004_0044.uasset" 5853
"../../../Engine/Content/EngineMaterials/Substrate/Glints2/dict_0004_0045.uasset" 5854
"../../../Engine/Content/EngineMaterials/Substrate/Glints2/dict_0004_0046.uasset" 5855
"../../../Engine/Content/EngineMaterials/Substrate/Glints2/dict_0004_0047.uasset" 5856
"../../../Engine/Content/EngineMaterials/Substrate/Glints2/dict_0004_0048.uasset" 5857
"../../../Engine/Content/EngineMaterials/Substrate/Glints2/dict_0004_0049.uasset" 5858
"../../../Engine/Content/EngineMaterials/Substrate/Glints2/dict_0004_0050.uasset" 5859
"../../../Engine/Content/EngineMaterials/Substrate/Glints2/dict_0004_0051.uasset" 5860
"../../../Engine/Content/EngineMaterials/Substrate/Glints2/dict_0004_0052.uasset" 5861
"../../../Engine/Content/EngineMaterials/Substrate/Glints2/dict_0004_0053.uasset" 5862
"../../../Engine/Content/EngineMaterials/Substrate/Glints2/dict_0004_0054.uasset" 5863
"../../../Engine/Content/EngineMaterials/Substrate/Glints2/dict_0004_0055.uasset" 5864
"../../../Engine/Content/EngineMaterials/Substrate/Glints2/dict_0004_0056.uasset" 5865
"../../../Engine/Content/EngineMaterials/Substrate/Glints2/dict_0004_0057.uasset" 5866
"../../../Engine/Content/EngineMaterials/Substrate/Glints2/dict_0004_0058.uasset" 5867
"../../../Engine/Content/EngineMaterials/Substrate/Glints2/dict_0004_0059.uasset" 5868
"../../../Engine/Content/EngineMaterials/Substrate/Glints2/dict_0004_0060.uasset" 5869
"../../../Engine/Content/EngineMaterials/Substrate/Glints2/dict_0004_0061.uasset" 5870
"../../../Engine/Content/EngineMaterials/Substrate/Glints2/dict_0004_0062.uasset" 5871
"../../../Engine/Content/EngineMaterials/Substrate/Glints2/dict_0004_0063.uasset" 5872
"../../../Engine/Content/EngineMaterials/Substrate/Glints2/dict_0004_0064.uasset" 5873
"../../../Engine/Content/EngineMaterials/Substrate/Glints2/dict_0004_0065.uasset" 5874
"../../../Engine/Content/EngineMaterials/Substrate/Glints2/dict_0004_0066.uasset" 5875
"../../../Engine/Content/EngineMaterials/Substrate/Glints2/dict_0004_0067.uasset" 5876
"../../../Engine/Content/EngineMaterials/Substrate/Glints2/dict_0004_0068.uasset" 5877
"../../../Engine/Content/EngineMaterials/Substrate/Glints2/dict_0004_0069.uasset" 5878
"../../../Engine/Content/EngineMaterials/Substrate/Glints2/dict_0004_0070.uasset" 5879
"../../../Engine/Content/EngineMaterials/Substrate/Glints2/dict_0004_0071.uasset" 5880
"../../../Engine/Content/EngineMaterials/Substrate/Glints2/dict_0004_0072.uasset" 5881
"../../../Engine/Content/EngineMaterials/Substrate/Glints2/dict_0004_0073.uasset" 5882
"../../../Engine/Content/EngineMaterials/Substrate/Glints2/dict_0004_0074.uasset" 5883
"../../../Engine/Content/EngineMaterials/Substrate/Glints2/dict_0004_0075.uasset" 5884
"../../../Engine/Content/EngineMaterials/Substrate/Glints2/dict_0004_0076.uasset" 5885
"../../../Engine/Content/EngineMaterials/Substrate/Glints2/dict_0004_0077.uasset" 5886
"../../../Engine/Content/EngineMaterials/Substrate/Glints2/dict_0004_0078.uasset" 5887
"../../../Engine/Content/EngineMaterials/Substrate/Glints2/dict_0004_0079.uasset" 5888
"../../../Engine/Content/EngineMaterials/Substrate/Glints2/dict_0004_0080.uasset" 5889
"../../../Engine/Content/EngineMaterials/Substrate/Glints2/dict_0004_0081.uasset" 5890
"../../../Engine/Content/EngineMaterials/Substrate/Glints2/dict_0004_0082.uasset" 5891
"../../../Engine/Content/EngineMaterials/Substrate/Glints2/dict_0004_0083.uasset" 5892
"../../../Engine/Content/EngineMaterials/Substrate/Glints2/dict_0004_0084.uasset" 5893
"../../../Engine/Content/EngineMaterials/Substrate/Glints2/dict_0004_0085.uasset" 5894
"../../../Engine/Content/EngineMaterials/Substrate/Glints2/dict_0004_0086.uasset" 5895
"../../../Engine/Content/EngineMaterials/Substrate/Glints2/dict_0004_0087.uasset" 5896
"../../../Engine/Content/EngineMaterials/Substrate/Glints2/dict_0004_0088.uasset" 5897
"../../../Engine/Content/EngineMaterials/Substrate/Glints2/dict_0004_0089.uasset" 5898
"../../../Engine/Content/EngineMaterials/Substrate/Glints2/dict_0004_0090.uasset" 5899
"../../../Engine/Content/EngineMaterials/Substrate/Glints2/dict_0004_0091.uasset" 5900
"../../../Engine/Content/EngineMaterials/Substrate/Glints2/dict_0004_0092.uasset" 5901
"../../../Engine/Content/EngineMaterials/Substrate/Glints2/dict_0004_0093.uasset" 5902
"../../../Engine/Content/EngineMaterials/Substrate/Glints2/dict_0004_0094.uasset" 5903
"../../../Engine/Content/EngineMaterials/Substrate/Glints2/dict_0004_0095.uasset" 5904
"../../../Engine/Content/EngineMaterials/Substrate/Glints2/dict_0004_0096.uasset" 5905
"../../../Engine/Content/EngineMaterials/Substrate/Glints2/dict_0004_0097.uasset" 5906
"../../../Engine/Content/EngineMaterials/Substrate/Glints2/dict_0004_0098.uasset" 5907
"../../../Engine/Content/EngineMaterials/Substrate/Glints2/dict_0004_0099.uasset" 5908
"../../../Engine/Content/EngineMaterials/Substrate/Glints2/dict_0004_0100.uasset" 5909
"../../../Engine/Content/EngineMaterials/Substrate/Glints2/dict_0004_0101.uasset" 5910
"../../../Engine/Content/EngineMaterials/Substrate/Glints2/dict_0004_0102.uasset" 5911
"../../../Engine/Content/EngineMaterials/Substrate/Glints2/dict_0004_0103.uasset" 5912
"../../../Engine/Content/EngineMaterials/Substrate/Glints2/dict_0004_0104.uasset" 5913
"../../../Engine/Content/EngineMaterials/Substrate/Glints2/dict_0004_0105.uasset" 5914
"../../../Engine/Content/EngineMaterials/Substrate/Glints2/dict_0004_0106.uasset" 5915
"../../../Engine/Content/EngineMaterials/Substrate/Glints2/dict_0004_0107.uasset" 5916
"../../../Engine/Content/EngineMaterials/Substrate/Glints2/dict_0004_0108.uasset" 5917
"../../../Engine/Content/EngineMaterials/Substrate/Glints2/dict_0004_0109.uasset" 5918
"../../../Engine/Content/EngineMaterials/Substrate/Glints2/dict_0004_0110.uasset" 5919
"../../../Engine/Content/EngineMaterials/Substrate/Glints2/dict_0004_0111.uasset" 5920
"../../../Engine/Content/EngineMaterials/Substrate/Glints2/dict_0004_0112.uasset" 5921
"../../../Engine/Content/EngineMaterials/Substrate/Glints2/dict_0004_0113.uasset" 5922
"../../../Engine/Content/EngineMaterials/Substrate/Glints2/dict_0004_0114.uasset" 5923
"../../../Engine/Content/EngineMaterials/Substrate/Glints2/dict_0004_0115.uasset" 5924
"../../../Engine/Content/EngineMaterials/Substrate/Glints2/dict_0004_0116.uasset" 5925
"../../../Engine/Content/EngineMaterials/Substrate/Glints2/dict_0004_0117.uasset" 5926
"../../../Engine/Content/EngineMaterials/Substrate/Glints2/dict_0004_0118.uasset" 5927
"../../../Engine/Content/EngineMaterials/Substrate/Glints2/dict_0004_0119.uasset" 5928
"../../../Engine/Content/EngineMaterials/Substrate/Glints2/dict_0004_0120.uasset" 5929
"../../../Engine/Content/EngineMaterials/Substrate/Glints2/dict_0004_0121.uasset" 5930
"../../../Engine/Content/EngineMaterials/Substrate/Glints2/dict_0004_0122.uasset" 5931
"../../../Engine/Content/EngineMaterials/Substrate/Glints2/dict_0004_0123.uasset" 5932
"../../../Engine/Content/EngineMaterials/Substrate/Glints2/dict_0004_0124.uasset" 5933
"../../../Engine/Content/EngineMaterials/Substrate/Glints2/dict_0004_0125.uasset" 5934
"../../../Engine/Content/EngineMaterials/Substrate/Glints2/dict_0004_0126.uasset" 5935
"../../../Engine/Content/EngineMaterials/Substrate/Glints2/dict_0004_0127.uasset" 5936
"../../../Engine/Content/EngineMaterials/Substrate/Glints2/dict_0004_0128.uasset" 5937
"../../../Engine/Content/EngineMaterials/Substrate/Glints2/dict_0004_0129.uasset" 5938
"../../../Engine/Content/EngineMaterials/Substrate/Glints2/dict_0004_0130.uasset" 5939
"../../../Engine/Content/EngineMaterials/Substrate/Glints2/dict_0004_0131.uasset" 5940
"../../../Engine/Content/EngineMaterials/Substrate/Glints2/dict_0004_0132.uasset" 5941
"../../../Engine/Content/EngineMaterials/Substrate/Glints2/dict_0004_0133.uasset" 5942
"../../../Engine/Content/EngineMaterials/Substrate/Glints2/dict_0004_0134.uasset" 5943
"../../../Engine/Content/EngineMaterials/Substrate/Glints2/dict_0004_0135.uasset" 5944
"../../../Engine/Content/EngineMaterials/Substrate/Glints2/dict_0004_0136.uasset" 5945
"../../../Engine/Content/EngineMaterials/Substrate/Glints2/dict_0004_0137.uasset" 5946
"../../../Engine/Content/EngineMaterials/Substrate/Glints2/dict_0004_0138.uasset" 5947
"../../../Engine/Content/EngineMaterials/Substrate/Glints2/dict_0004_0139.uasset" 5948
"../../../Engine/Content/EngineMaterials/Substrate/Glints2/dict_0004_0140.uasset" 5949
"../../../Engine/Content/EngineMaterials/Substrate/Glints2/dict_0004_0141.uasset" 5950
"../../../Engine/Content/EngineMaterials/Substrate/Glints2/dict_0004_0142.uasset" 5951
"../../../Engine/Content/EngineMaterials/Substrate/Glints2/dict_0004_0143.uasset" 5952
"../../../Engine/Content/EngineMaterials/Substrate/Glints2/dict_0004_0144.uasset" 5953
"../../../Engine/Content/EngineMaterials/Substrate/Glints2/dict_0004_0145.uasset" 5954
"../../../Engine/Content/EngineMaterials/Substrate/Glints2/dict_0004_0146.uasset" 5955
"../../../Engine/Content/EngineMaterials/Substrate/Glints2/dict_0004_0147.uasset" 5956
"../../../Engine/Content/EngineMaterials/Substrate/Glints2/dict_0004_0148.uasset" 5957
"../../../Engine/Content/EngineMaterials/Substrate/Glints2/dict_0004_0149.uasset" 5958
"../../../Engine/Content/EngineMaterials/Substrate/Glints2/dict_0004_0150.uasset" 5959
"../../../Engine/Content/EngineMaterials/Substrate/Glints2/dict_0004_0151.uasset" 5960
"../../../Engine/Content/EngineMaterials/Substrate/Glints2/dict_0004_0152.uasset" 5961
"../../../Engine/Content/EngineMaterials/Substrate/Glints2/dict_0004_0153.uasset" 5962
"../../../Engine/Content/EngineMaterials/Substrate/Glints2/dict_0004_0154.uasset" 5963
"../../../Engine/Content/EngineMaterials/Substrate/Glints2/dict_0004_0155.uasset" 5964
"../../../Engine/Content/EngineMaterials/Substrate/Glints2/dict_0004_0156.uasset" 5965
"../../../Engine/Content/EngineMaterials/Substrate/Glints2/dict_0004_0157.uasset" 5966
"../../../Engine/Content/EngineMaterials/Substrate/Glints2/dict_0004_0158.uasset" 5967
"../../../Engine/Content/EngineMaterials/Substrate/Glints2/dict_0004_0159.uasset" 5968
"../../../Engine/Content/EngineMaterials/Substrate/Glints2/dict_0004_0160.uasset" 5969
"../../../Engine/Content/EngineMaterials/Substrate/Glints2/dict_0004_0161.uasset" 5970
"../../../Engine/Content/EngineMaterials/Substrate/Glints2/dict_0004_0162.uasset" 5971
"../../../Engine/Content/EngineMaterials/Substrate/Glints2/dict_0004_0163.uasset" 5972
"../../../Engine/Content/EngineMaterials/Substrate/Glints2/dict_0004_0164.uasset" 5973
"../../../Engine/Content/EngineMaterials/Substrate/Glints2/dict_0004_0165.uasset" 5974
"../../../Engine/Content/EngineMaterials/Substrate/Glints2/dict_0004_0166.uasset" 5975
"../../../Engine/Content/EngineMaterials/Substrate/Glints2/dict_0004_0167.uasset" 5976
"../../../Engine/Content/EngineMaterials/Substrate/Glints2/dict_0004_0168.uasset" 5977
"../../../Engine/Content/EngineMaterials/Substrate/Glints2/dict_0004_0169.uasset" 5978
"../../../Engine/Content/EngineMaterials/Substrate/Glints2/dict_0004_0170.uasset" 5979
"../../../Engine/Content/EngineMaterials/Substrate/Glints2/dict_0004_0171.uasset" 5980
"../../../Engine/Content/EngineMaterials/Substrate/Glints2/dict_0004_0172.uasset" 5981
"../../../Engine/Content/EngineMaterials/Substrate/Glints2/dict_0004_0173.uasset" 5982
"../../../Engine/Content/EngineMaterials/Substrate/Glints2/dict_0004_0174.uasset" 5983
"../../../Engine/Content/EngineMaterials/Substrate/Glints2/dict_0004_0175.uasset" 5984
"../../../Engine/Content/EngineMaterials/Substrate/Glints2/dict_0004_0176.uasset" 5985
"../../../Engine/Content/EngineMaterials/Substrate/Glints2/dict_0004_0177.uasset" 5986
"../../../Engine/Content/EngineMaterials/Substrate/Glints2/dict_0004_0178.uasset" 5987
"../../../Engine/Content/EngineMaterials/Substrate/Glints2/dict_0004_0179.uasset" 5988
"../../../Engine/Content/EngineMaterials/Substrate/Glints2/dict_0004_0180.uasset" 5989
"../../../Engine/Content/EngineMaterials/Substrate/Glints2/dict_0004_0181.uasset" 5990
"../../../Engine/Content/EngineMaterials/Substrate/Glints2/dict_0004_0182.uasset" 5991
"../../../Engine/Content/EngineMaterials/Substrate/Glints2/dict_0004_0183.uasset" 5992
"../../../Engine/Content/EngineMaterials/Substrate/Glints2/dict_0004_0184.uasset" 5993
"../../../Engine/Content/EngineMaterials/Substrate/Glints2/dict_0004_0185.uasset" 5994
"../../../Engine/Content/EngineMaterials/Substrate/Glints2/dict_0004_0186.uasset" 5995
"../../../Engine/Content/EngineMaterials/Substrate/Glints2/dict_0004_0187.uasset" 5996
"../../../Engine/Content/EngineMaterials/Substrate/Glints2/dict_0004_0188.uasset" 5997
"../../../Engine/Content/EngineMaterials/Substrate/Glints2/dict_0004_0189.uasset" 5998
"../../../Engine/Content/EngineMaterials/Substrate/Glints2/dict_0004_0190.uasset" 5999
"../../../Engine/Content/EngineMaterials/Substrate/Glints2/dict_0004_0191.uasset" 6000
"../../../Engine/Content/EngineMaterials/Substrate/Glints2/dict_0004_0192.uasset" 6001
"../../../Engine/Content/EngineMaterials/Substrate/Glints2/dict_0004_0193.uasset" 6002
"../../../Engine/Content/EngineMaterials/Substrate/Glints2/dict_0004_0194.uasset" 6003
"../../../Engine/Content/EngineMaterials/Substrate/Glints2/dict_0004_0195.uasset" 6004
"../../../Engine/Content/EngineMaterials/Substrate/Glints2/dict_0004_0196.uasset" 6005
"../../../Engine/Content/EngineMaterials/Substrate/Glints2/dict_0004_0197.uasset" 6006
"../../../Engine/Content/EngineMaterials/Substrate/Glints2/dict_0004_0198.uasset" 6007
"../../../Engine/Content/EngineMaterials/Substrate/Glints2/dict_0004_0199.uasset" 6008
"../../../Engine/Content/EngineMaterials/Substrate/Glints2/dict_0004_0200.uasset" 6009
"../../../Engine/Content/EngineMaterials/Substrate/Glints2/dict_0004_0201.uasset" 6010
"../../../Engine/Content/EngineMaterials/Substrate/Glints2/dict_0004_0202.uasset" 6011
"../../../Engine/Content/EngineMaterials/Substrate/Glints2/dict_0004_0203.uasset" 6012
"../../../Engine/Content/EngineMaterials/Substrate/Glints2/dict_0004_0204.uasset" 6013
"../../../Engine/Content/EngineMaterials/Substrate/Glints2/dict_0004_0205.uasset" 6014
"../../../Engine/Content/EngineMaterials/Substrate/Glints2/dict_0004_0206.uasset" 6015
"../../../Engine/Content/EngineMaterials/Substrate/Glints2/dict_0004_0207.uasset" 6016
"../../../Engine/Content/EngineMaterials/Substrate/Glints2/dict_0004_0208.uasset" 6017
"../../../Engine/Content/EngineMaterials/Substrate/Glints2/dict_0004_0209.uasset" 6018
"../../../Engine/Content/EngineMaterials/Substrate/Glints2/dict_0004_0210.uasset" 6019
"../../../Engine/Content/EngineMaterials/Substrate/Glints2/dict_0004_0211.uasset" 6020
"../../../Engine/Content/EngineMaterials/Substrate/Glints2/dict_0004_0212.uasset" 6021
"../../../Engine/Content/EngineMaterials/Substrate/Glints2/dict_0004_0213.uasset" 6022
"../../../Engine/Content/EngineMaterials/Substrate/Glints2/dict_0004_0214.uasset" 6023
"../../../Engine/Content/EngineMaterials/Substrate/Glints2/dict_0004_0215.uasset" 6024
"../../../Engine/Content/EngineMaterials/Substrate/Glints2/dict_0004_0216.uasset" 6025
"../../../Engine/Content/EngineMaterials/Substrate/Glints2/dict_0004_0217.uasset" 6026
"../../../Engine/Content/EngineMaterials/Substrate/Glints2/dict_0004_0218.uasset" 6027
"../../../Engine/Content/EngineMaterials/Substrate/Glints2/dict_0004_0219.uasset" 6028
"../../../Engine/Content/EngineMaterials/Substrate/Glints2/dict_0004_0220.uasset" 6029
"../../../Engine/Content/EngineMaterials/Substrate/Glints2/dict_0004_0221.uasset" 6030
"../../../Engine/Content/EngineMaterials/Substrate/Glints2/dict_0004_0222.uasset" 6031
"../../../Engine/Content/EngineMaterials/Substrate/Glints2/dict_0004_0223.uasset" 6032
"../../../Engine/Content/EngineMaterials/Substrate/Glints2/dict_0004_0224.uasset" 6033
"../../../Engine/Content/EngineMaterials/Substrate/Glints2/dict_0004_0225.uasset" 6034
"../../../Engine/Content/EngineMaterials/Substrate/Glints2/dict_0004_0226.uasset" 6035
"../../../Engine/Content/EngineMaterials/Substrate/Glints2/dict_0004_0227.uasset" 6036
"../../../Engine/Content/EngineMaterials/Substrate/Glints2/dict_0004_0228.uasset" 6037
"../../../Engine/Content/EngineMaterials/Substrate/Glints2/dict_0004_0229.uasset" 6038
"../../../Engine/Content/EngineMaterials/Substrate/Glints2/dict_0004_0230.uasset" 6039
"../../../Engine/Content/EngineMaterials/Substrate/Glints2/dict_0004_0231.uasset" 6040
"../../../Engine/Content/EngineMaterials/Substrate/Glints2/dict_0004_0232.uasset" 6041
"../../../Engine/Content/EngineMaterials/Substrate/Glints2/dict_0004_0233.uasset" 6042
"../../../Engine/Content/EngineMaterials/Substrate/Glints2/dict_0004_0234.uasset" 6043
"../../../Engine/Content/EngineMaterials/Substrate/Glints2/dict_0004_0235.uasset" 6044
"../../../Engine/Content/EngineMaterials/Substrate/Glints2/dict_0004_0236.uasset" 6045
"../../../Engine/Content/EngineMaterials/Substrate/Glints2/dict_0004_0237.uasset" 6046
"../../../Engine/Content/EngineMaterials/Substrate/Glints2/dict_0004_0238.uasset" 6047
"../../../Engine/Content/EngineMaterials/Substrate/Glints2/dict_0004_0239.uasset" 6048
"../../../Engine/Content/EngineMaterials/Substrate/Glints2/dict_0004_0240.uasset" 6049
"../../../Engine/Content/EngineMaterials/Substrate/Glints2/dict_0004_0241.uasset" 6050
"../../../Engine/Content/EngineMaterials/Substrate/Glints2/dict_0004_0242.uasset" 6051
"../../../Engine/Content/EngineMaterials/Substrate/Glints2/dict_0004_0243.uasset" 6052
"../../../Engine/Content/EngineMaterials/Substrate/Glints2/dict_0004_0244.uasset" 6053
"../../../Engine/Content/EngineMaterials/Substrate/Glints2/dict_0004_0245.uasset" 6054
"../../../Engine/Content/EngineMaterials/Substrate/Glints2/dict_0004_0246.uasset" 6055
"../../../Engine/Content/EngineMaterials/Substrate/Glints2/dict_0004_0247.uasset" 6056
"../../../Engine/Content/EngineMaterials/Substrate/Glints2/dict_0004_0248.uasset" 6057
"../../../Engine/Content/EngineMaterials/Substrate/Glints2/dict_0004_0249.uasset" 6058
"../../../Engine/Content/EngineMaterials/Substrate/Glints2/dict_0004_0250.uasset" 6059
"../../../Engine/Content/EngineMaterials/Substrate/Glints2/dict_0004_0251.uasset" 6060
"../../../Engine/Content/EngineMaterials/Substrate/Glints2/dict_0004_0252.uasset" 6061
"../../../Engine/Content/EngineMaterials/Substrate/Glints2/dict_0004_0253.uasset" 6062
"../../../Engine/Content/EngineMaterials/Substrate/Glints2/dict_0004_0254.uasset" 6063
"../../../Engine/Content/EngineMaterials/Substrate/Glints2/dict_0004_0255.uasset" 6064
"../../../Engine/Content/EngineMaterials/Substrate/Glints2/dict_0005_0000.uasset" 6065
"../../../Engine/Content/EngineMaterials/Substrate/Glints2/dict_0005_0001.uasset" 6066
"../../../Engine/Content/EngineMaterials/Substrate/Glints2/dict_0005_0002.uasset" 6067
"../../../Engine/Content/EngineMaterials/Substrate/Glints2/dict_0005_0003.uasset" 6068
"../../../Engine/Content/EngineMaterials/Substrate/Glints2/dict_0005_0004.uasset" 6069
"../../../Engine/Content/EngineMaterials/Substrate/Glints2/dict_0005_0005.uasset" 6070
"../../../Engine/Content/EngineMaterials/Substrate/Glints2/dict_0005_0006.uasset" 6071
"../../../Engine/Content/EngineMaterials/Substrate/Glints2/dict_0005_0007.uasset" 6072
"../../../Engine/Content/EngineMaterials/Substrate/Glints2/dict_0005_0008.uasset" 6073
"../../../Engine/Content/EngineMaterials/Substrate/Glints2/dict_0005_0009.uasset" 6074
"../../../Engine/Content/EngineMaterials/Substrate/Glints2/dict_0005_0010.uasset" 6075
"../../../Engine/Content/EngineMaterials/Substrate/Glints2/dict_0005_0011.uasset" 6076
"../../../Engine/Content/EngineMaterials/Substrate/Glints2/dict_0005_0012.uasset" 6077
"../../../Engine/Content/EngineMaterials/Substrate/Glints2/dict_0005_0013.uasset" 6078
"../../../Engine/Content/EngineMaterials/Substrate/Glints2/dict_0005_0014.uasset" 6079
"../../../Engine/Content/EngineMaterials/Substrate/Glints2/dict_0005_0015.uasset" 6080
"../../../Engine/Content/EngineMaterials/Substrate/Glints2/dict_0005_0016.uasset" 6081
"../../../Engine/Content/EngineMaterials/Substrate/Glints2/dict_0005_0017.uasset" 6082
"../../../Engine/Content/EngineMaterials/Substrate/Glints2/dict_0005_0018.uasset" 6083
"../../../Engine/Content/EngineMaterials/Substrate/Glints2/dict_0005_0019.uasset" 6084
"../../../Engine/Content/EngineMaterials/Substrate/Glints2/dict_0005_0020.uasset" 6085
"../../../Engine/Content/EngineMaterials/Substrate/Glints2/dict_0005_0021.uasset" 6086
"../../../Engine/Content/EngineMaterials/Substrate/Glints2/dict_0005_0022.uasset" 6087
"../../../Engine/Content/EngineMaterials/Substrate/Glints2/dict_0005_0023.uasset" 6088
"../../../Engine/Content/EngineMaterials/Substrate/Glints2/dict_0005_0024.uasset" 6089
"../../../Engine/Content/EngineMaterials/Substrate/Glints2/dict_0005_0025.uasset" 6090
"../../../Engine/Content/EngineMaterials/Substrate/Glints2/dict_0005_0026.uasset" 6091
"../../../Engine/Content/EngineMaterials/Substrate/Glints2/dict_0005_0027.uasset" 6092
"../../../Engine/Content/EngineMaterials/Substrate/Glints2/dict_0005_0028.uasset" 6093
"../../../Engine/Content/EngineMaterials/Substrate/Glints2/dict_0005_0029.uasset" 6094
"../../../Engine/Content/EngineMaterials/Substrate/Glints2/dict_0005_0030.uasset" 6095
"../../../Engine/Content/EngineMaterials/Substrate/Glints2/dict_0005_0031.uasset" 6096
"../../../Engine/Content/EngineMaterials/Substrate/Glints2/dict_0005_0032.uasset" 6097
"../../../Engine/Content/EngineMaterials/Substrate/Glints2/dict_0005_0033.uasset" 6098
"../../../Engine/Content/EngineMaterials/Substrate/Glints2/dict_0005_0034.uasset" 6099
"../../../Engine/Content/EngineMaterials/Substrate/Glints2/dict_0005_0035.uasset" 6100
"../../../Engine/Content/EngineMaterials/Substrate/Glints2/dict_0005_0036.uasset" 6101
"../../../Engine/Content/EngineMaterials/Substrate/Glints2/dict_0005_0037.uasset" 6102
"../../../Engine/Content/EngineMaterials/Substrate/Glints2/dict_0005_0038.uasset" 6103
"../../../Engine/Content/EngineMaterials/Substrate/Glints2/dict_0005_0039.uasset" 6104
"../../../Engine/Content/EngineMaterials/Substrate/Glints2/dict_0005_0040.uasset" 6105
"../../../Engine/Content/EngineMaterials/Substrate/Glints2/dict_0005_0041.uasset" 6106
"../../../Engine/Content/EngineMaterials/Substrate/Glints2/dict_0005_0042.uasset" 6107
"../../../Engine/Content/EngineMaterials/Substrate/Glints2/dict_0005_0043.uasset" 6108
"../../../Engine/Content/EngineMaterials/Substrate/Glints2/dict_0005_0044.uasset" 6109
"../../../Engine/Content/EngineMaterials/Substrate/Glints2/dict_0005_0045.uasset" 6110
"../../../Engine/Content/EngineMaterials/Substrate/Glints2/dict_0005_0046.uasset" 6111
"../../../Engine/Content/EngineMaterials/Substrate/Glints2/dict_0005_0047.uasset" 6112
"../../../Engine/Content/EngineMaterials/Substrate/Glints2/dict_0005_0048.uasset" 6113
"../../../Engine/Content/EngineMaterials/Substrate/Glints2/dict_0005_0049.uasset" 6114
"../../../Engine/Content/EngineMaterials/Substrate/Glints2/dict_0005_0050.uasset" 6115
"../../../Engine/Content/EngineMaterials/Substrate/Glints2/dict_0005_0051.uasset" 6116
"../../../Engine/Content/EngineMaterials/Substrate/Glints2/dict_0005_0052.uasset" 6117
"../../../Engine/Content/EngineMaterials/Substrate/Glints2/dict_0005_0053.uasset" 6118
"../../../Engine/Content/EngineMaterials/Substrate/Glints2/dict_0005_0054.uasset" 6119
"../../../Engine/Content/EngineMaterials/Substrate/Glints2/dict_0005_0055.uasset" 6120
"../../../Engine/Content/EngineMaterials/Substrate/Glints2/dict_0005_0056.uasset" 6121
"../../../Engine/Content/EngineMaterials/Substrate/Glints2/dict_0005_0057.uasset" 6122
"../../../Engine/Content/EngineMaterials/Substrate/Glints2/dict_0005_0058.uasset" 6123
"../../../Engine/Content/EngineMaterials/Substrate/Glints2/dict_0005_0059.uasset" 6124
"../../../Engine/Content/EngineMaterials/Substrate/Glints2/dict_0005_0060.uasset" 6125
"../../../Engine/Content/EngineMaterials/Substrate/Glints2/dict_0005_0061.uasset" 6126
"../../../Engine/Content/EngineMaterials/Substrate/Glints2/dict_0005_0062.uasset" 6127
"../../../Engine/Content/EngineMaterials/Substrate/Glints2/dict_0005_0063.uasset" 6128
"../../../Engine/Content/EngineMaterials/Substrate/Glints2/dict_0005_0064.uasset" 6129
"../../../Engine/Content/EngineMaterials/Substrate/Glints2/dict_0005_0065.uasset" 6130
"../../../Engine/Content/EngineMaterials/Substrate/Glints2/dict_0005_0066.uasset" 6131
"../../../Engine/Content/EngineMaterials/Substrate/Glints2/dict_0005_0067.uasset" 6132
"../../../Engine/Content/EngineMaterials/Substrate/Glints2/dict_0005_0068.uasset" 6133
"../../../Engine/Content/EngineMaterials/Substrate/Glints2/dict_0005_0069.uasset" 6134
"../../../Engine/Content/EngineMaterials/Substrate/Glints2/dict_0005_0070.uasset" 6135
"../../../Engine/Content/EngineMaterials/Substrate/Glints2/dict_0005_0071.uasset" 6136
"../../../Engine/Content/EngineMaterials/Substrate/Glints2/dict_0005_0072.uasset" 6137
"../../../Engine/Content/EngineMaterials/Substrate/Glints2/dict_0005_0073.uasset" 6138
"../../../Engine/Content/EngineMaterials/Substrate/Glints2/dict_0005_0074.uasset" 6139
"../../../Engine/Content/EngineMaterials/Substrate/Glints2/dict_0005_0075.uasset" 6140
"../../../Engine/Content/EngineMaterials/Substrate/Glints2/dict_0005_0076.uasset" 6141
"../../../Engine/Content/EngineMaterials/Substrate/Glints2/dict_0005_0077.uasset" 6142
"../../../Engine/Content/EngineMaterials/Substrate/Glints2/dict_0005_0078.uasset" 6143
"../../../Engine/Content/EngineMaterials/Substrate/Glints2/dict_0005_0079.uasset" 6144
"../../../Engine/Content/EngineMaterials/Substrate/Glints2/dict_0005_0080.uasset" 6145
"../../../Engine/Content/EngineMaterials/Substrate/Glints2/dict_0005_0081.uasset" 6146
"../../../Engine/Content/EngineMaterials/Substrate/Glints2/dict_0005_0082.uasset" 6147
"../../../Engine/Content/EngineMaterials/Substrate/Glints2/dict_0005_0083.uasset" 6148
"../../../Engine/Content/EngineMaterials/Substrate/Glints2/dict_0005_0084.uasset" 6149
"../../../Engine/Content/EngineMaterials/Substrate/Glints2/dict_0005_0085.uasset" 6150
"../../../Engine/Content/EngineMaterials/Substrate/Glints2/dict_0005_0086.uasset" 6151
"../../../Engine/Content/EngineMaterials/Substrate/Glints2/dict_0005_0087.uasset" 6152
"../../../Engine/Content/EngineMaterials/Substrate/Glints2/dict_0005_0088.uasset" 6153
"../../../Engine/Content/EngineMaterials/Substrate/Glints2/dict_0005_0089.uasset" 6154
"../../../Engine/Content/EngineMaterials/Substrate/Glints2/dict_0005_0090.uasset" 6155
"../../../Engine/Content/EngineMaterials/Substrate/Glints2/dict_0005_0091.uasset" 6156
"../../../Engine/Content/EngineMaterials/Substrate/Glints2/dict_0005_0092.uasset" 6157
"../../../Engine/Content/EngineMaterials/Substrate/Glints2/dict_0005_0093.uasset" 6158
"../../../Engine/Content/EngineMaterials/Substrate/Glints2/dict_0005_0094.uasset" 6159
"../../../Engine/Content/EngineMaterials/Substrate/Glints2/dict_0005_0095.uasset" 6160
"../../../Engine/Content/EngineMaterials/Substrate/Glints2/dict_0005_0096.uasset" 6161
"../../../Engine/Content/EngineMaterials/Substrate/Glints2/dict_0005_0097.uasset" 6162
"../../../Engine/Content/EngineMaterials/Substrate/Glints2/dict_0005_0098.uasset" 6163
"../../../Engine/Content/EngineMaterials/Substrate/Glints2/dict_0005_0099.uasset" 6164
"../../../Engine/Content/EngineMaterials/Substrate/Glints2/dict_0005_0100.uasset" 6165
"../../../Engine/Content/EngineMaterials/Substrate/Glints2/dict_0005_0101.uasset" 6166
"../../../Engine/Content/EngineMaterials/Substrate/Glints2/dict_0005_0102.uasset" 6167
"../../../Engine/Content/EngineMaterials/Substrate/Glints2/dict_0005_0103.uasset" 6168
"../../../Engine/Content/EngineMaterials/Substrate/Glints2/dict_0005_0104.uasset" 6169
"../../../Engine/Content/EngineMaterials/Substrate/Glints2/dict_0005_0105.uasset" 6170
"../../../Engine/Content/EngineMaterials/Substrate/Glints2/dict_0005_0106.uasset" 6171
"../../../Engine/Content/EngineMaterials/Substrate/Glints2/dict_0005_0107.uasset" 6172
"../../../Engine/Content/EngineMaterials/Substrate/Glints2/dict_0005_0108.uasset" 6173
"../../../Engine/Content/EngineMaterials/Substrate/Glints2/dict_0005_0109.uasset" 6174
"../../../Engine/Content/EngineMaterials/Substrate/Glints2/dict_0005_0110.uasset" 6175
"../../../Engine/Content/EngineMaterials/Substrate/Glints2/dict_0005_0111.uasset" 6176
"../../../Engine/Content/EngineMaterials/Substrate/Glints2/dict_0005_0112.uasset" 6177
"../../../Engine/Content/EngineMaterials/Substrate/Glints2/dict_0005_0113.uasset" 6178
"../../../Engine/Content/EngineMaterials/Substrate/Glints2/dict_0005_0114.uasset" 6179
"../../../Engine/Content/EngineMaterials/Substrate/Glints2/dict_0005_0115.uasset" 6180
"../../../Engine/Content/EngineMaterials/Substrate/Glints2/dict_0005_0116.uasset" 6181
"../../../Engine/Content/EngineMaterials/Substrate/Glints2/dict_0005_0117.uasset" 6182
"../../../Engine/Content/EngineMaterials/Substrate/Glints2/dict_0005_0118.uasset" 6183
"../../../Engine/Content/EngineMaterials/Substrate/Glints2/dict_0005_0119.uasset" 6184
"../../../Engine/Content/EngineMaterials/Substrate/Glints2/dict_0005_0120.uasset" 6185
"../../../Engine/Content/EngineMaterials/Substrate/Glints2/dict_0005_0121.uasset" 6186
"../../../Engine/Content/EngineMaterials/Substrate/Glints2/dict_0005_0122.uasset" 6187
"../../../Engine/Content/EngineMaterials/Substrate/Glints2/dict_0005_0123.uasset" 6188
"../../../Engine/Content/EngineMaterials/Substrate/Glints2/dict_0005_0124.uasset" 6189
"../../../Engine/Content/EngineMaterials/Substrate/Glints2/dict_0005_0125.uasset" 6190
"../../../Engine/Content/EngineMaterials/Substrate/Glints2/dict_0005_0126.uasset" 6191
"../../../Engine/Content/EngineMaterials/Substrate/Glints2/dict_0005_0127.uasset" 6192
"../../../Engine/Content/EngineMaterials/Substrate/Glints2/dict_0005_0128.uasset" 6193
"../../../Engine/Content/EngineMaterials/Substrate/Glints2/dict_0005_0129.uasset" 6194
"../../../Engine/Content/EngineMaterials/Substrate/Glints2/dict_0005_0130.uasset" 6195
"../../../Engine/Content/EngineMaterials/Substrate/Glints2/dict_0005_0131.uasset" 6196
"../../../Engine/Content/EngineMaterials/Substrate/Glints2/dict_0005_0132.uasset" 6197
"../../../Engine/Content/EngineMaterials/Substrate/Glints2/dict_0005_0133.uasset" 6198
"../../../Engine/Content/EngineMaterials/Substrate/Glints2/dict_0005_0134.uasset" 6199
"../../../Engine/Content/EngineMaterials/Substrate/Glints2/dict_0005_0135.uasset" 6200
"../../../Engine/Content/EngineMaterials/Substrate/Glints2/dict_0005_0136.uasset" 6201
"../../../Engine/Content/EngineMaterials/Substrate/Glints2/dict_0005_0137.uasset" 6202
"../../../Engine/Content/EngineMaterials/Substrate/Glints2/dict_0005_0138.uasset" 6203
"../../../Engine/Content/EngineMaterials/Substrate/Glints2/dict_0005_0139.uasset" 6204
"../../../Engine/Content/EngineMaterials/Substrate/Glints2/dict_0005_0140.uasset" 6205
"../../../Engine/Content/EngineMaterials/Substrate/Glints2/dict_0005_0141.uasset" 6206
"../../../Engine/Content/EngineMaterials/Substrate/Glints2/dict_0005_0142.uasset" 6207
"../../../Engine/Content/EngineMaterials/Substrate/Glints2/dict_0005_0143.uasset" 6208
"../../../Engine/Content/EngineMaterials/Substrate/Glints2/dict_0005_0144.uasset" 6209
"../../../Engine/Content/EngineMaterials/Substrate/Glints2/dict_0005_0145.uasset" 6210
"../../../Engine/Content/EngineMaterials/Substrate/Glints2/dict_0005_0146.uasset" 6211
"../../../Engine/Content/EngineMaterials/Substrate/Glints2/dict_0005_0147.uasset" 6212
"../../../Engine/Content/EngineMaterials/Substrate/Glints2/dict_0005_0148.uasset" 6213
"../../../Engine/Content/EngineMaterials/Substrate/Glints2/dict_0005_0149.uasset" 6214
"../../../Engine/Content/EngineMaterials/Substrate/Glints2/dict_0005_0150.uasset" 6215
"../../../Engine/Content/EngineMaterials/Substrate/Glints2/dict_0005_0151.uasset" 6216
"../../../Engine/Content/EngineMaterials/Substrate/Glints2/dict_0005_0152.uasset" 6217
"../../../Engine/Content/EngineMaterials/Substrate/Glints2/dict_0005_0153.uasset" 6218
"../../../Engine/Content/EngineMaterials/Substrate/Glints2/dict_0005_0154.uasset" 6219
"../../../Engine/Content/EngineMaterials/Substrate/Glints2/dict_0005_0155.uasset" 6220
"../../../Engine/Content/EngineMaterials/Substrate/Glints2/dict_0005_0156.uasset" 6221
"../../../Engine/Content/EngineMaterials/Substrate/Glints2/dict_0005_0157.uasset" 6222
"../../../Engine/Content/EngineMaterials/Substrate/Glints2/dict_0005_0158.uasset" 6223
"../../../Engine/Content/EngineMaterials/Substrate/Glints2/dict_0005_0159.uasset" 6224
"../../../Engine/Content/EngineMaterials/Substrate/Glints2/dict_0005_0160.uasset" 6225
"../../../Engine/Content/EngineMaterials/Substrate/Glints2/dict_0005_0161.uasset" 6226
"../../../Engine/Content/EngineMaterials/Substrate/Glints2/dict_0005_0162.uasset" 6227
"../../../Engine/Content/EngineMaterials/Substrate/Glints2/dict_0005_0163.uasset" 6228
"../../../Engine/Content/EngineMaterials/Substrate/Glints2/dict_0005_0164.uasset" 6229
"../../../Engine/Content/EngineMaterials/Substrate/Glints2/dict_0005_0165.uasset" 6230
"../../../Engine/Content/EngineMaterials/Substrate/Glints2/dict_0005_0166.uasset" 6231
"../../../Engine/Content/EngineMaterials/Substrate/Glints2/dict_0005_0167.uasset" 6232
"../../../Engine/Content/EngineMaterials/Substrate/Glints2/dict_0005_0168.uasset" 6233
"../../../Engine/Content/EngineMaterials/Substrate/Glints2/dict_0005_0169.uasset" 6234
"../../../Engine/Content/EngineMaterials/Substrate/Glints2/dict_0005_0170.uasset" 6235
"../../../Engine/Content/EngineMaterials/Substrate/Glints2/dict_0005_0171.uasset" 6236
"../../../Engine/Content/EngineMaterials/Substrate/Glints2/dict_0005_0172.uasset" 6237
"../../../Engine/Content/EngineMaterials/Substrate/Glints2/dict_0005_0173.uasset" 6238
"../../../Engine/Content/EngineMaterials/Substrate/Glints2/dict_0005_0174.uasset" 6239
"../../../Engine/Content/EngineMaterials/Substrate/Glints2/dict_0005_0175.uasset" 6240
"../../../Engine/Content/EngineMaterials/Substrate/Glints2/dict_0005_0176.uasset" 6241
"../../../Engine/Content/EngineMaterials/Substrate/Glints2/dict_0005_0177.uasset" 6242
"../../../Engine/Content/EngineMaterials/Substrate/Glints2/dict_0005_0178.uasset" 6243
"../../../Engine/Content/EngineMaterials/Substrate/Glints2/dict_0005_0179.uasset" 6244
"../../../Engine/Content/EngineMaterials/Substrate/Glints2/dict_0005_0180.uasset" 6245
"../../../Engine/Content/EngineMaterials/Substrate/Glints2/dict_0005_0181.uasset" 6246
"../../../Engine/Content/EngineMaterials/Substrate/Glints2/dict_0005_0182.uasset" 6247
"../../../Engine/Content/EngineMaterials/Substrate/Glints2/dict_0005_0183.uasset" 6248
"../../../Engine/Content/EngineMaterials/Substrate/Glints2/dict_0005_0184.uasset" 6249
"../../../Engine/Content/EngineMaterials/Substrate/Glints2/dict_0005_0185.uasset" 6250
"../../../Engine/Content/EngineMaterials/Substrate/Glints2/dict_0005_0186.uasset" 6251
"../../../Engine/Content/EngineMaterials/Substrate/Glints2/dict_0005_0187.uasset" 6252
"../../../Engine/Content/EngineMaterials/Substrate/Glints2/dict_0005_0188.uasset" 6253
"../../../Engine/Content/EngineMaterials/Substrate/Glints2/dict_0005_0189.uasset" 6254
"../../../Engine/Content/EngineMaterials/Substrate/Glints2/dict_0005_0190.uasset" 6255
"../../../Engine/Content/EngineMaterials/Substrate/Glints2/dict_0005_0191.uasset" 6256
"../../../Engine/Content/EngineMaterials/Substrate/Glints2/dict_0005_0192.uasset" 6257
"../../../Engine/Content/EngineMaterials/Substrate/Glints2/dict_0005_0193.uasset" 6258
"../../../Engine/Content/EngineMaterials/Substrate/Glints2/dict_0005_0194.uasset" 6259
"../../../Engine/Content/EngineMaterials/Substrate/Glints2/dict_0005_0195.uasset" 6260
"../../../Engine/Content/EngineMaterials/Substrate/Glints2/dict_0005_0196.uasset" 6261
"../../../Engine/Content/EngineMaterials/Substrate/Glints2/dict_0005_0197.uasset" 6262
"../../../Engine/Content/EngineMaterials/Substrate/Glints2/dict_0005_0198.uasset" 6263
"../../../Engine/Content/EngineMaterials/Substrate/Glints2/dict_0005_0199.uasset" 6264
"../../../Engine/Content/EngineMaterials/Substrate/Glints2/dict_0005_0200.uasset" 6265
"../../../Engine/Content/EngineMaterials/Substrate/Glints2/dict_0005_0201.uasset" 6266
"../../../Engine/Content/EngineMaterials/Substrate/Glints2/dict_0005_0202.uasset" 6267
"../../../Engine/Content/EngineMaterials/Substrate/Glints2/dict_0005_0203.uasset" 6268
"../../../Engine/Content/EngineMaterials/Substrate/Glints2/dict_0005_0204.uasset" 6269
"../../../Engine/Content/EngineMaterials/Substrate/Glints2/dict_0005_0205.uasset" 6270
"../../../Engine/Content/EngineMaterials/Substrate/Glints2/dict_0005_0206.uasset" 6271
"../../../Engine/Content/EngineMaterials/Substrate/Glints2/dict_0005_0207.uasset" 6272
"../../../Engine/Content/EngineMaterials/Substrate/Glints2/dict_0005_0208.uasset" 6273
"../../../Engine/Content/EngineMaterials/Substrate/Glints2/dict_0005_0209.uasset" 6274
"../../../Engine/Content/EngineMaterials/Substrate/Glints2/dict_0005_0210.uasset" 6275
"../../../Engine/Content/EngineMaterials/Substrate/Glints2/dict_0005_0211.uasset" 6276
"../../../Engine/Content/EngineMaterials/Substrate/Glints2/dict_0005_0212.uasset" 6277
"../../../Engine/Content/EngineMaterials/Substrate/Glints2/dict_0005_0213.uasset" 6278
"../../../Engine/Content/EngineMaterials/Substrate/Glints2/dict_0005_0214.uasset" 6279
"../../../Engine/Content/EngineMaterials/Substrate/Glints2/dict_0005_0215.uasset" 6280
"../../../Engine/Content/EngineMaterials/Substrate/Glints2/dict_0005_0216.uasset" 6281
"../../../Engine/Content/EngineMaterials/Substrate/Glints2/dict_0005_0217.uasset" 6282
"../../../Engine/Content/EngineMaterials/Substrate/Glints2/dict_0005_0218.uasset" 6283
"../../../Engine/Content/EngineMaterials/Substrate/Glints2/dict_0005_0219.uasset" 6284
"../../../Engine/Content/EngineMaterials/Substrate/Glints2/dict_0005_0220.uasset" 6285
"../../../Engine/Content/EngineMaterials/Substrate/Glints2/dict_0005_0221.uasset" 6286
"../../../Engine/Content/EngineMaterials/Substrate/Glints2/dict_0005_0222.uasset" 6287
"../../../Engine/Content/EngineMaterials/Substrate/Glints2/dict_0005_0223.uasset" 6288
"../../../Engine/Content/EngineMaterials/Substrate/Glints2/dict_0005_0224.uasset" 6289
"../../../Engine/Content/EngineMaterials/Substrate/Glints2/dict_0005_0225.uasset" 6290
"../../../Engine/Content/EngineMaterials/Substrate/Glints2/dict_0005_0226.uasset" 6291
"../../../Engine/Content/EngineMaterials/Substrate/Glints2/dict_0005_0227.uasset" 6292
"../../../Engine/Content/EngineMaterials/Substrate/Glints2/dict_0005_0228.uasset" 6293
"../../../Engine/Content/EngineMaterials/Substrate/Glints2/dict_0005_0229.uasset" 6294
"../../../Engine/Content/EngineMaterials/Substrate/Glints2/dict_0005_0230.uasset" 6295
"../../../Engine/Content/EngineMaterials/Substrate/Glints2/dict_0005_0231.uasset" 6296
"../../../Engine/Content/EngineMaterials/Substrate/Glints2/dict_0005_0232.uasset" 6297
"../../../Engine/Content/EngineMaterials/Substrate/Glints2/dict_0005_0233.uasset" 6298
"../../../Engine/Content/EngineMaterials/Substrate/Glints2/dict_0005_0234.uasset" 6299
"../../../Engine/Content/EngineMaterials/Substrate/Glints2/dict_0005_0235.uasset" 6300
"../../../Engine/Content/EngineMaterials/Substrate/Glints2/dict_0005_0236.uasset" 6301
"../../../Engine/Content/EngineMaterials/Substrate/Glints2/dict_0005_0237.uasset" 6302
"../../../Engine/Content/EngineMaterials/Substrate/Glints2/dict_0005_0238.uasset" 6303
"../../../Engine/Content/EngineMaterials/Substrate/Glints2/dict_0005_0239.uasset" 6304
"../../../Engine/Content/EngineMaterials/Substrate/Glints2/dict_0005_0240.uasset" 6305
"../../../Engine/Content/EngineMaterials/Substrate/Glints2/dict_0005_0241.uasset" 6306
"../../../Engine/Content/EngineMaterials/Substrate/Glints2/dict_0005_0242.uasset" 6307
"../../../Engine/Content/EngineMaterials/Substrate/Glints2/dict_0005_0243.uasset" 6308
"../../../Engine/Content/EngineMaterials/Substrate/Glints2/dict_0005_0244.uasset" 6309
"../../../Engine/Content/EngineMaterials/Substrate/Glints2/dict_0005_0245.uasset" 6310
"../../../Engine/Content/EngineMaterials/Substrate/Glints2/dict_0005_0246.uasset" 6311
"../../../Engine/Content/EngineMaterials/Substrate/Glints2/dict_0005_0247.uasset" 6312
"../../../Engine/Content/EngineMaterials/Substrate/Glints2/dict_0005_0248.uasset" 6313
"../../../Engine/Content/EngineMaterials/Substrate/Glints2/dict_0005_0249.uasset" 6314
"../../../Engine/Content/EngineMaterials/Substrate/Glints2/dict_0005_0250.uasset" 6315
"../../../Engine/Content/EngineMaterials/Substrate/Glints2/dict_0005_0251.uasset" 6316
"../../../Engine/Content/EngineMaterials/Substrate/Glints2/dict_0005_0252.uasset" 6317
"../../../Engine/Content/EngineMaterials/Substrate/Glints2/dict_0005_0253.uasset" 6318
"../../../Engine/Content/EngineMaterials/Substrate/Glints2/dict_0005_0254.uasset" 6319
"../../../Engine/Content/EngineMaterials/Substrate/Glints2/dict_0005_0255.uasset" 6320
"../../../Engine/Content/EngineMaterials/Substrate/Glints2/dict_0006_0000.uasset" 6321
"../../../Engine/Content/EngineMaterials/Substrate/Glints2/dict_0006_0001.uasset" 6322
"../../../Engine/Content/EngineMaterials/Substrate/Glints2/dict_0006_0002.uasset" 6323
"../../../Engine/Content/EngineMaterials/Substrate/Glints2/dict_0006_0003.uasset" 6324
"../../../Engine/Content/EngineMaterials/Substrate/Glints2/dict_0006_0004.uasset" 6325
"../../../Engine/Content/EngineMaterials/Substrate/Glints2/dict_0006_0005.uasset" 6326
"../../../Engine/Content/EngineMaterials/Substrate/Glints2/dict_0006_0006.uasset" 6327
"../../../Engine/Content/EngineMaterials/Substrate/Glints2/dict_0006_0007.uasset" 6328
"../../../Engine/Content/EngineMaterials/Substrate/Glints2/dict_0006_0008.uasset" 6329
"../../../Engine/Content/EngineMaterials/Substrate/Glints2/dict_0006_0009.uasset" 6330
"../../../Engine/Content/EngineMaterials/Substrate/Glints2/dict_0006_0010.uasset" 6331
"../../../Engine/Content/EngineMaterials/Substrate/Glints2/dict_0006_0011.uasset" 6332
"../../../Engine/Content/EngineMaterials/Substrate/Glints2/dict_0006_0012.uasset" 6333
"../../../Engine/Content/EngineMaterials/Substrate/Glints2/dict_0006_0013.uasset" 6334
"../../../Engine/Content/EngineMaterials/Substrate/Glints2/dict_0006_0014.uasset" 6335
"../../../Engine/Content/EngineMaterials/Substrate/Glints2/dict_0006_0015.uasset" 6336
"../../../Engine/Content/EngineMaterials/Substrate/Glints2/dict_0006_0016.uasset" 6337
"../../../Engine/Content/EngineMaterials/Substrate/Glints2/dict_0006_0017.uasset" 6338
"../../../Engine/Content/EngineMaterials/Substrate/Glints2/dict_0006_0018.uasset" 6339
"../../../Engine/Content/EngineMaterials/Substrate/Glints2/dict_0006_0019.uasset" 6340
"../../../Engine/Content/EngineMaterials/Substrate/Glints2/dict_0006_0020.uasset" 6341
"../../../Engine/Content/EngineMaterials/Substrate/Glints2/dict_0006_0021.uasset" 6342
"../../../Engine/Content/EngineMaterials/Substrate/Glints2/dict_0006_0022.uasset" 6343
"../../../Engine/Content/EngineMaterials/Substrate/Glints2/dict_0006_0023.uasset" 6344
"../../../Engine/Content/EngineMaterials/Substrate/Glints2/dict_0006_0024.uasset" 6345
"../../../Engine/Content/EngineMaterials/Substrate/Glints2/dict_0006_0025.uasset" 6346
"../../../Engine/Content/EngineMaterials/Substrate/Glints2/dict_0006_0026.uasset" 6347
"../../../Engine/Content/EngineMaterials/Substrate/Glints2/dict_0006_0027.uasset" 6348
"../../../Engine/Content/EngineMaterials/Substrate/Glints2/dict_0006_0028.uasset" 6349
"../../../Engine/Content/EngineMaterials/Substrate/Glints2/dict_0006_0029.uasset" 6350
"../../../Engine/Content/EngineMaterials/Substrate/Glints2/dict_0006_0030.uasset" 6351
"../../../Engine/Content/EngineMaterials/Substrate/Glints2/dict_0006_0031.uasset" 6352
"../../../Engine/Content/EngineMaterials/Substrate/Glints2/dict_0006_0032.uasset" 6353
"../../../Engine/Content/EngineMaterials/Substrate/Glints2/dict_0006_0033.uasset" 6354
"../../../Engine/Content/EngineMaterials/Substrate/Glints2/dict_0006_0034.uasset" 6355
"../../../Engine/Content/EngineMaterials/Substrate/Glints2/dict_0006_0035.uasset" 6356
"../../../Engine/Content/EngineMaterials/Substrate/Glints2/dict_0006_0036.uasset" 6357
"../../../Engine/Content/EngineMaterials/Substrate/Glints2/dict_0006_0037.uasset" 6358
"../../../Engine/Content/EngineMaterials/Substrate/Glints2/dict_0006_0038.uasset" 6359
"../../../Engine/Content/EngineMaterials/Substrate/Glints2/dict_0006_0039.uasset" 6360
"../../../Engine/Content/EngineMaterials/Substrate/Glints2/dict_0006_0040.uasset" 6361
"../../../Engine/Content/EngineMaterials/Substrate/Glints2/dict_0006_0041.uasset" 6362
"../../../Engine/Content/EngineMaterials/Substrate/Glints2/dict_0006_0042.uasset" 6363
"../../../Engine/Content/EngineMaterials/Substrate/Glints2/dict_0006_0043.uasset" 6364
"../../../Engine/Content/EngineMaterials/Substrate/Glints2/dict_0006_0044.uasset" 6365
"../../../Engine/Content/EngineMaterials/Substrate/Glints2/dict_0006_0045.uasset" 6366
"../../../Engine/Content/EngineMaterials/Substrate/Glints2/dict_0006_0046.uasset" 6367
"../../../Engine/Content/EngineMaterials/Substrate/Glints2/dict_0006_0047.uasset" 6368
"../../../Engine/Content/EngineMaterials/Substrate/Glints2/dict_0006_0048.uasset" 6369
"../../../Engine/Content/EngineMaterials/Substrate/Glints2/dict_0006_0049.uasset" 6370
"../../../Engine/Content/EngineMaterials/Substrate/Glints2/dict_0006_0050.uasset" 6371
"../../../Engine/Content/EngineMaterials/Substrate/Glints2/dict_0006_0051.uasset" 6372
"../../../Engine/Content/EngineMaterials/Substrate/Glints2/dict_0006_0052.uasset" 6373
"../../../Engine/Content/EngineMaterials/Substrate/Glints2/dict_0006_0053.uasset" 6374
"../../../Engine/Content/EngineMaterials/Substrate/Glints2/dict_0006_0054.uasset" 6375
"../../../Engine/Content/EngineMaterials/Substrate/Glints2/dict_0006_0055.uasset" 6376
"../../../Engine/Content/EngineMaterials/Substrate/Glints2/dict_0006_0056.uasset" 6377
"../../../Engine/Content/EngineMaterials/Substrate/Glints2/dict_0006_0057.uasset" 6378
"../../../Engine/Content/EngineMaterials/Substrate/Glints2/dict_0006_0058.uasset" 6379
"../../../Engine/Content/EngineMaterials/Substrate/Glints2/dict_0006_0059.uasset" 6380
"../../../Engine/Content/EngineMaterials/Substrate/Glints2/dict_0006_0060.uasset" 6381
"../../../Engine/Content/EngineMaterials/Substrate/Glints2/dict_0006_0061.uasset" 6382
"../../../Engine/Content/EngineMaterials/Substrate/Glints2/dict_0006_0062.uasset" 6383
"../../../Engine/Content/EngineMaterials/Substrate/Glints2/dict_0006_0063.uasset" 6384
"../../../Engine/Content/EngineMaterials/Substrate/Glints2/dict_0006_0064.uasset" 6385
"../../../Engine/Content/EngineMaterials/Substrate/Glints2/dict_0006_0065.uasset" 6386
"../../../Engine/Content/EngineMaterials/Substrate/Glints2/dict_0006_0066.uasset" 6387
"../../../Engine/Content/EngineMaterials/Substrate/Glints2/dict_0006_0067.uasset" 6388
"../../../Engine/Content/EngineMaterials/Substrate/Glints2/dict_0006_0068.uasset" 6389
"../../../Engine/Content/EngineMaterials/Substrate/Glints2/dict_0006_0069.uasset" 6390
"../../../Engine/Content/EngineMaterials/Substrate/Glints2/dict_0006_0070.uasset" 6391
"../../../Engine/Content/EngineMaterials/Substrate/Glints2/dict_0006_0071.uasset" 6392
"../../../Engine/Content/EngineMaterials/Substrate/Glints2/dict_0006_0072.uasset" 6393
"../../../Engine/Content/EngineMaterials/Substrate/Glints2/dict_0006_0073.uasset" 6394
"../../../Engine/Content/EngineMaterials/Substrate/Glints2/dict_0006_0074.uasset" 6395
"../../../Engine/Content/EngineMaterials/Substrate/Glints2/dict_0006_0075.uasset" 6396
"../../../Engine/Content/EngineMaterials/Substrate/Glints2/dict_0006_0076.uasset" 6397
"../../../Engine/Content/EngineMaterials/Substrate/Glints2/dict_0006_0077.uasset" 6398
"../../../Engine/Content/EngineMaterials/Substrate/Glints2/dict_0006_0078.uasset" 6399
"../../../Engine/Content/EngineMaterials/Substrate/Glints2/dict_0006_0079.uasset" 6400
"../../../Engine/Content/EngineMaterials/Substrate/Glints2/dict_0006_0080.uasset" 6401
"../../../Engine/Content/EngineMaterials/Substrate/Glints2/dict_0006_0081.uasset" 6402
"../../../Engine/Content/EngineMaterials/Substrate/Glints2/dict_0006_0082.uasset" 6403
"../../../Engine/Content/EngineMaterials/Substrate/Glints2/dict_0006_0083.uasset" 6404
"../../../Engine/Content/EngineMaterials/Substrate/Glints2/dict_0006_0084.uasset" 6405
"../../../Engine/Content/EngineMaterials/Substrate/Glints2/dict_0006_0085.uasset" 6406
"../../../Engine/Content/EngineMaterials/Substrate/Glints2/dict_0006_0086.uasset" 6407
"../../../Engine/Content/EngineMaterials/Substrate/Glints2/dict_0006_0087.uasset" 6408
"../../../Engine/Content/EngineMaterials/Substrate/Glints2/dict_0006_0088.uasset" 6409
"../../../Engine/Content/EngineMaterials/Substrate/Glints2/dict_0006_0089.uasset" 6410
"../../../Engine/Content/EngineMaterials/Substrate/Glints2/dict_0006_0090.uasset" 6411
"../../../Engine/Content/EngineMaterials/Substrate/Glints2/dict_0006_0091.uasset" 6412
"../../../Engine/Content/EngineMaterials/Substrate/Glints2/dict_0006_0092.uasset" 6413
"../../../Engine/Content/EngineMaterials/Substrate/Glints2/dict_0006_0093.uasset" 6414
"../../../Engine/Content/EngineMaterials/Substrate/Glints2/dict_0006_0094.uasset" 6415
"../../../Engine/Content/EngineMaterials/Substrate/Glints2/dict_0006_0095.uasset" 6416
"../../../Engine/Content/EngineMaterials/Substrate/Glints2/dict_0006_0096.uasset" 6417
"../../../Engine/Content/EngineMaterials/Substrate/Glints2/dict_0006_0097.uasset" 6418
"../../../Engine/Content/EngineMaterials/Substrate/Glints2/dict_0006_0098.uasset" 6419
"../../../Engine/Content/EngineMaterials/Substrate/Glints2/dict_0006_0099.uasset" 6420
"../../../Engine/Content/EngineMaterials/Substrate/Glints2/dict_0006_0100.uasset" 6421
"../../../Engine/Content/EngineMaterials/Substrate/Glints2/dict_0006_0101.uasset" 6422
"../../../Engine/Content/EngineMaterials/Substrate/Glints2/dict_0006_0102.uasset" 6423
"../../../Engine/Content/EngineMaterials/Substrate/Glints2/dict_0006_0103.uasset" 6424
"../../../Engine/Content/EngineMaterials/Substrate/Glints2/dict_0006_0104.uasset" 6425
"../../../Engine/Content/EngineMaterials/Substrate/Glints2/dict_0006_0105.uasset" 6426
"../../../Engine/Content/EngineMaterials/Substrate/Glints2/dict_0006_0106.uasset" 6427
"../../../Engine/Content/EngineMaterials/Substrate/Glints2/dict_0006_0107.uasset" 6428
"../../../Engine/Content/EngineMaterials/Substrate/Glints2/dict_0006_0108.uasset" 6429
"../../../Engine/Content/EngineMaterials/Substrate/Glints2/dict_0006_0109.uasset" 6430
"../../../Engine/Content/EngineMaterials/Substrate/Glints2/dict_0006_0110.uasset" 6431
"../../../Engine/Content/EngineMaterials/Substrate/Glints2/dict_0006_0111.uasset" 6432
"../../../Engine/Content/EngineMaterials/Substrate/Glints2/dict_0006_0112.uasset" 6433
"../../../Engine/Content/EngineMaterials/Substrate/Glints2/dict_0006_0113.uasset" 6434
"../../../Engine/Content/EngineMaterials/Substrate/Glints2/dict_0006_0114.uasset" 6435
"../../../Engine/Content/EngineMaterials/Substrate/Glints2/dict_0006_0115.uasset" 6436
"../../../Engine/Content/EngineMaterials/Substrate/Glints2/dict_0006_0116.uasset" 6437
"../../../Engine/Content/EngineMaterials/Substrate/Glints2/dict_0006_0117.uasset" 6438
"../../../Engine/Content/EngineMaterials/Substrate/Glints2/dict_0006_0118.uasset" 6439
"../../../Engine/Content/EngineMaterials/Substrate/Glints2/dict_0006_0119.uasset" 6440
"../../../Engine/Content/EngineMaterials/Substrate/Glints2/dict_0006_0120.uasset" 6441
"../../../Engine/Content/EngineMaterials/Substrate/Glints2/dict_0006_0121.uasset" 6442
"../../../Engine/Content/EngineMaterials/Substrate/Glints2/dict_0006_0122.uasset" 6443
"../../../Engine/Content/EngineMaterials/Substrate/Glints2/dict_0006_0123.uasset" 6444
"../../../Engine/Content/EngineMaterials/Substrate/Glints2/dict_0006_0124.uasset" 6445
"../../../Engine/Content/EngineMaterials/Substrate/Glints2/dict_0006_0125.uasset" 6446
"../../../Engine/Content/EngineMaterials/Substrate/Glints2/dict_0006_0126.uasset" 6447
"../../../Engine/Content/EngineMaterials/Substrate/Glints2/dict_0006_0127.uasset" 6448
"../../../Engine/Content/EngineMaterials/Substrate/Glints2/dict_0006_0128.uasset" 6449
"../../../Engine/Content/EngineMaterials/Substrate/Glints2/dict_0006_0129.uasset" 6450
"../../../Engine/Content/EngineMaterials/Substrate/Glints2/dict_0006_0130.uasset" 6451
"../../../Engine/Content/EngineMaterials/Substrate/Glints2/dict_0006_0131.uasset" 6452
"../../../Engine/Content/EngineMaterials/Substrate/Glints2/dict_0006_0132.uasset" 6453
"../../../Engine/Content/EngineMaterials/Substrate/Glints2/dict_0006_0133.uasset" 6454
"../../../Engine/Content/EngineMaterials/Substrate/Glints2/dict_0006_0134.uasset" 6455
"../../../Engine/Content/EngineMaterials/Substrate/Glints2/dict_0006_0135.uasset" 6456
"../../../Engine/Content/EngineMaterials/Substrate/Glints2/dict_0006_0136.uasset" 6457
"../../../Engine/Content/EngineMaterials/Substrate/Glints2/dict_0006_0137.uasset" 6458
"../../../Engine/Content/EngineMaterials/Substrate/Glints2/dict_0006_0138.uasset" 6459
"../../../Engine/Content/EngineMaterials/Substrate/Glints2/dict_0006_0139.uasset" 6460
"../../../Engine/Content/EngineMaterials/Substrate/Glints2/dict_0006_0140.uasset" 6461
"../../../Engine/Content/EngineMaterials/Substrate/Glints2/dict_0006_0141.uasset" 6462
"../../../Engine/Content/EngineMaterials/Substrate/Glints2/dict_0006_0142.uasset" 6463
"../../../Engine/Content/EngineMaterials/Substrate/Glints2/dict_0006_0143.uasset" 6464
"../../../Engine/Content/EngineMaterials/Substrate/Glints2/dict_0006_0144.uasset" 6465
"../../../Engine/Content/EngineMaterials/Substrate/Glints2/dict_0006_0145.uasset" 6466
"../../../Engine/Content/EngineMaterials/Substrate/Glints2/dict_0006_0146.uasset" 6467
"../../../Engine/Content/EngineMaterials/Substrate/Glints2/dict_0006_0147.uasset" 6468
"../../../Engine/Content/EngineMaterials/Substrate/Glints2/dict_0006_0148.uasset" 6469
"../../../Engine/Content/EngineMaterials/Substrate/Glints2/dict_0006_0149.uasset" 6470
"../../../Engine/Content/EngineMaterials/Substrate/Glints2/dict_0006_0150.uasset" 6471
"../../../Engine/Content/EngineMaterials/Substrate/Glints2/dict_0006_0151.uasset" 6472
"../../../Engine/Content/EngineMaterials/Substrate/Glints2/dict_0006_0152.uasset" 6473
"../../../Engine/Content/EngineMaterials/Substrate/Glints2/dict_0006_0153.uasset" 6474
"../../../Engine/Content/EngineMaterials/Substrate/Glints2/dict_0006_0154.uasset" 6475
"../../../Engine/Content/EngineMaterials/Substrate/Glints2/dict_0006_0155.uasset" 6476
"../../../Engine/Content/EngineMaterials/Substrate/Glints2/dict_0006_0156.uasset" 6477
"../../../Engine/Content/EngineMaterials/Substrate/Glints2/dict_0006_0157.uasset" 6478
"../../../Engine/Content/EngineMaterials/Substrate/Glints2/dict_0006_0158.uasset" 6479
"../../../Engine/Content/EngineMaterials/Substrate/Glints2/dict_0006_0159.uasset" 6480
"../../../Engine/Content/EngineMaterials/Substrate/Glints2/dict_0006_0160.uasset" 6481
"../../../Engine/Content/EngineMaterials/Substrate/Glints2/dict_0006_0161.uasset" 6482
"../../../Engine/Content/EngineMaterials/Substrate/Glints2/dict_0006_0162.uasset" 6483
"../../../Engine/Content/EngineMaterials/Substrate/Glints2/dict_0006_0163.uasset" 6484
"../../../Engine/Content/EngineMaterials/Substrate/Glints2/dict_0006_0164.uasset" 6485
"../../../Engine/Content/EngineMaterials/Substrate/Glints2/dict_0006_0165.uasset" 6486
"../../../Engine/Content/EngineMaterials/Substrate/Glints2/dict_0006_0166.uasset" 6487
"../../../Engine/Content/EngineMaterials/Substrate/Glints2/dict_0006_0167.uasset" 6488
"../../../Engine/Content/EngineMaterials/Substrate/Glints2/dict_0006_0168.uasset" 6489
"../../../Engine/Content/EngineMaterials/Substrate/Glints2/dict_0006_0169.uasset" 6490
"../../../Engine/Content/EngineMaterials/Substrate/Glints2/dict_0006_0170.uasset" 6491
"../../../Engine/Content/EngineMaterials/Substrate/Glints2/dict_0006_0171.uasset" 6492
"../../../Engine/Content/EngineMaterials/Substrate/Glints2/dict_0006_0172.uasset" 6493
"../../../Engine/Content/EngineMaterials/Substrate/Glints2/dict_0006_0173.uasset" 6494
"../../../Engine/Content/EngineMaterials/Substrate/Glints2/dict_0006_0174.uasset" 6495
"../../../Engine/Content/EngineMaterials/Substrate/Glints2/dict_0006_0175.uasset" 6496
"../../../Engine/Content/EngineMaterials/Substrate/Glints2/dict_0006_0176.uasset" 6497
"../../../Engine/Content/EngineMaterials/Substrate/Glints2/dict_0006_0177.uasset" 6498
"../../../Engine/Content/EngineMaterials/Substrate/Glints2/dict_0006_0178.uasset" 6499
"../../../Engine/Content/EngineMaterials/Substrate/Glints2/dict_0006_0179.uasset" 6500
"../../../Engine/Content/EngineMaterials/Substrate/Glints2/dict_0006_0180.uasset" 6501
"../../../Engine/Content/EngineMaterials/Substrate/Glints2/dict_0006_0181.uasset" 6502
"../../../Engine/Content/EngineMaterials/Substrate/Glints2/dict_0006_0182.uasset" 6503
"../../../Engine/Content/EngineMaterials/Substrate/Glints2/dict_0006_0183.uasset" 6504
"../../../Engine/Content/EngineMaterials/Substrate/Glints2/dict_0006_0184.uasset" 6505
"../../../Engine/Content/EngineMaterials/Substrate/Glints2/dict_0006_0185.uasset" 6506
"../../../Engine/Content/EngineMaterials/Substrate/Glints2/dict_0006_0186.uasset" 6507
"../../../Engine/Content/EngineMaterials/Substrate/Glints2/dict_0006_0187.uasset" 6508
"../../../Engine/Content/EngineMaterials/Substrate/Glints2/dict_0006_0188.uasset" 6509
"../../../Engine/Content/EngineMaterials/Substrate/Glints2/dict_0006_0189.uasset" 6510
"../../../Engine/Content/EngineMaterials/Substrate/Glints2/dict_0006_0190.uasset" 6511
"../../../Engine/Content/EngineMaterials/Substrate/Glints2/dict_0006_0191.uasset" 6512
"../../../Engine/Content/EngineMaterials/Substrate/Glints2/dict_0006_0192.uasset" 6513
"../../../Engine/Content/EngineMaterials/Substrate/Glints2/dict_0006_0193.uasset" 6514
"../../../Engine/Content/EngineMaterials/Substrate/Glints2/dict_0006_0194.uasset" 6515
"../../../Engine/Content/EngineMaterials/Substrate/Glints2/dict_0006_0195.uasset" 6516
"../../../Engine/Content/EngineMaterials/Substrate/Glints2/dict_0006_0196.uasset" 6517
"../../../Engine/Content/EngineMaterials/Substrate/Glints2/dict_0006_0197.uasset" 6518
"../../../Engine/Content/EngineMaterials/Substrate/Glints2/dict_0006_0198.uasset" 6519
"../../../Engine/Content/EngineMaterials/Substrate/Glints2/dict_0006_0199.uasset" 6520
"../../../Engine/Content/EngineMaterials/Substrate/Glints2/dict_0006_0200.uasset" 6521
"../../../Engine/Content/EngineMaterials/Substrate/Glints2/dict_0006_0201.uasset" 6522
"../../../Engine/Content/EngineMaterials/Substrate/Glints2/dict_0006_0202.uasset" 6523
"../../../Engine/Content/EngineMaterials/Substrate/Glints2/dict_0006_0203.uasset" 6524
"../../../Engine/Content/EngineMaterials/Substrate/Glints2/dict_0006_0204.uasset" 6525
"../../../Engine/Content/EngineMaterials/Substrate/Glints2/dict_0006_0205.uasset" 6526
"../../../Engine/Content/EngineMaterials/Substrate/Glints2/dict_0006_0206.uasset" 6527
"../../../Engine/Content/EngineMaterials/Substrate/Glints2/dict_0006_0207.uasset" 6528
"../../../Engine/Content/EngineMaterials/Substrate/Glints2/dict_0006_0208.uasset" 6529
"../../../Engine/Content/EngineMaterials/Substrate/Glints2/dict_0006_0209.uasset" 6530
"../../../Engine/Content/EngineMaterials/Substrate/Glints2/dict_0006_0210.uasset" 6531
"../../../Engine/Content/EngineMaterials/Substrate/Glints2/dict_0006_0211.uasset" 6532
"../../../Engine/Content/EngineMaterials/Substrate/Glints2/dict_0006_0212.uasset" 6533
"../../../Engine/Content/EngineMaterials/Substrate/Glints2/dict_0006_0213.uasset" 6534
"../../../Engine/Content/EngineMaterials/Substrate/Glints2/dict_0006_0214.uasset" 6535
"../../../Engine/Content/EngineMaterials/Substrate/Glints2/dict_0006_0215.uasset" 6536
"../../../Engine/Content/EngineMaterials/Substrate/Glints2/dict_0006_0216.uasset" 6537
"../../../Engine/Content/EngineMaterials/Substrate/Glints2/dict_0006_0217.uasset" 6538
"../../../Engine/Content/EngineMaterials/Substrate/Glints2/dict_0006_0218.uasset" 6539
"../../../Engine/Content/EngineMaterials/Substrate/Glints2/dict_0006_0219.uasset" 6540
"../../../Engine/Content/EngineMaterials/Substrate/Glints2/dict_0006_0220.uasset" 6541
"../../../Engine/Content/EngineMaterials/Substrate/Glints2/dict_0006_0221.uasset" 6542
"../../../Engine/Content/EngineMaterials/Substrate/Glints2/dict_0006_0222.uasset" 6543
"../../../Engine/Content/EngineMaterials/Substrate/Glints2/dict_0006_0223.uasset" 6544
"../../../Engine/Content/EngineMaterials/Substrate/Glints2/dict_0006_0224.uasset" 6545
"../../../Engine/Content/EngineMaterials/Substrate/Glints2/dict_0006_0225.uasset" 6546
"../../../Engine/Content/EngineMaterials/Substrate/Glints2/dict_0006_0226.uasset" 6547
"../../../Engine/Content/EngineMaterials/Substrate/Glints2/dict_0006_0227.uasset" 6548
"../../../Engine/Content/EngineMaterials/Substrate/Glints2/dict_0006_0228.uasset" 6549
"../../../Engine/Content/EngineMaterials/Substrate/Glints2/dict_0006_0229.uasset" 6550
"../../../Engine/Content/EngineMaterials/Substrate/Glints2/dict_0006_0230.uasset" 6551
"../../../Engine/Content/EngineMaterials/Substrate/Glints2/dict_0006_0231.uasset" 6552
"../../../Engine/Content/EngineMaterials/Substrate/Glints2/dict_0006_0232.uasset" 6553
"../../../Engine/Content/EngineMaterials/Substrate/Glints2/dict_0006_0233.uasset" 6554
"../../../Engine/Content/EngineMaterials/Substrate/Glints2/dict_0006_0234.uasset" 6555
"../../../Engine/Content/EngineMaterials/Substrate/Glints2/dict_0006_0235.uasset" 6556
"../../../Engine/Content/EngineMaterials/Substrate/Glints2/dict_0006_0236.uasset" 6557
"../../../Engine/Content/EngineMaterials/Substrate/Glints2/dict_0006_0237.uasset" 6558
"../../../Engine/Content/EngineMaterials/Substrate/Glints2/dict_0006_0238.uasset" 6559
"../../../Engine/Content/EngineMaterials/Substrate/Glints2/dict_0006_0239.uasset" 6560
"../../../Engine/Content/EngineMaterials/Substrate/Glints2/dict_0006_0240.uasset" 6561
"../../../Engine/Content/EngineMaterials/Substrate/Glints2/dict_0006_0241.uasset" 6562
"../../../Engine/Content/EngineMaterials/Substrate/Glints2/dict_0006_0242.uasset" 6563
"../../../Engine/Content/EngineMaterials/Substrate/Glints2/dict_0006_0243.uasset" 6564
"../../../Engine/Content/EngineMaterials/Substrate/Glints2/dict_0006_0244.uasset" 6565
"../../../Engine/Content/EngineMaterials/Substrate/Glints2/dict_0006_0245.uasset" 6566
"../../../Engine/Content/EngineMaterials/Substrate/Glints2/dict_0006_0246.uasset" 6567
"../../../Engine/Content/EngineMaterials/Substrate/Glints2/dict_0006_0247.uasset" 6568
"../../../Engine/Content/EngineMaterials/Substrate/Glints2/dict_0006_0248.uasset" 6569
"../../../Engine/Content/EngineMaterials/Substrate/Glints2/dict_0006_0249.uasset" 6570
"../../../Engine/Content/EngineMaterials/Substrate/Glints2/dict_0006_0250.uasset" 6571
"../../../Engine/Content/EngineMaterials/Substrate/Glints2/dict_0006_0251.uasset" 6572
"../../../Engine/Content/EngineMaterials/Substrate/Glints2/dict_0006_0252.uasset" 6573
"../../../Engine/Content/EngineMaterials/Substrate/Glints2/dict_0006_0253.uasset" 6574
"../../../Engine/Content/EngineMaterials/Substrate/Glints2/dict_0006_0254.uasset" 6575
"../../../Engine/Content/EngineMaterials/Substrate/Glints2/dict_0006_0255.uasset" 6576
"../../../Engine/Content/EngineMaterials/Substrate/Glints2/dict_0007_0000.uasset" 6577
"../../../Engine/Content/EngineMaterials/Substrate/Glints2/dict_0007_0001.uasset" 6578
"../../../Engine/Content/EngineMaterials/Substrate/Glints2/dict_0007_0002.uasset" 6579
"../../../Engine/Content/EngineMaterials/Substrate/Glints2/dict_0007_0003.uasset" 6580
"../../../Engine/Content/EngineMaterials/Substrate/Glints2/dict_0007_0004.uasset" 6581
"../../../Engine/Content/EngineMaterials/Substrate/Glints2/dict_0007_0005.uasset" 6582
"../../../Engine/Content/EngineMaterials/Substrate/Glints2/dict_0007_0006.uasset" 6583
"../../../Engine/Content/EngineMaterials/Substrate/Glints2/dict_0007_0007.uasset" 6584
"../../../Engine/Content/EngineMaterials/Substrate/Glints2/dict_0007_0008.uasset" 6585
"../../../Engine/Content/EngineMaterials/Substrate/Glints2/dict_0007_0009.uasset" 6586
"../../../Engine/Content/EngineMaterials/Substrate/Glints2/dict_0007_0010.uasset" 6587
"../../../Engine/Content/EngineMaterials/Substrate/Glints2/dict_0007_0011.uasset" 6588
"../../../Engine/Content/EngineMaterials/Substrate/Glints2/dict_0007_0012.uasset" 6589
"../../../Engine/Content/EngineMaterials/Substrate/Glints2/dict_0007_0013.uasset" 6590
"../../../Engine/Content/EngineMaterials/Substrate/Glints2/dict_0007_0014.uasset" 6591
"../../../Engine/Content/EngineMaterials/Substrate/Glints2/dict_0007_0015.uasset" 6592
"../../../Engine/Content/EngineMaterials/Substrate/Glints2/dict_0007_0016.uasset" 6593
"../../../Engine/Content/EngineMaterials/Substrate/Glints2/dict_0007_0017.uasset" 6594
"../../../Engine/Content/EngineMaterials/Substrate/Glints2/dict_0007_0018.uasset" 6595
"../../../Engine/Content/EngineMaterials/Substrate/Glints2/dict_0007_0019.uasset" 6596
"../../../Engine/Content/EngineMaterials/Substrate/Glints2/dict_0007_0020.uasset" 6597
"../../../Engine/Content/EngineMaterials/Substrate/Glints2/dict_0007_0021.uasset" 6598
"../../../Engine/Content/EngineMaterials/Substrate/Glints2/dict_0007_0022.uasset" 6599
"../../../Engine/Content/EngineMaterials/Substrate/Glints2/dict_0007_0023.uasset" 6600
"../../../Engine/Content/EngineMaterials/Substrate/Glints2/dict_0007_0024.uasset" 6601
"../../../Engine/Content/EngineMaterials/Substrate/Glints2/dict_0007_0025.uasset" 6602
"../../../Engine/Content/EngineMaterials/Substrate/Glints2/dict_0007_0026.uasset" 6603
"../../../Engine/Content/EngineMaterials/Substrate/Glints2/dict_0007_0027.uasset" 6604
"../../../Engine/Content/EngineMaterials/Substrate/Glints2/dict_0007_0028.uasset" 6605
"../../../Engine/Content/EngineMaterials/Substrate/Glints2/dict_0007_0029.uasset" 6606
"../../../Engine/Content/EngineMaterials/Substrate/Glints2/dict_0007_0030.uasset" 6607
"../../../Engine/Content/EngineMaterials/Substrate/Glints2/dict_0007_0031.uasset" 6608
"../../../Engine/Content/EngineMaterials/Substrate/Glints2/dict_0007_0032.uasset" 6609
"../../../Engine/Content/EngineMaterials/Substrate/Glints2/dict_0007_0033.uasset" 6610
"../../../Engine/Content/EngineMaterials/Substrate/Glints2/dict_0007_0034.uasset" 6611
"../../../Engine/Content/EngineMaterials/Substrate/Glints2/dict_0007_0035.uasset" 6612
"../../../Engine/Content/EngineMaterials/Substrate/Glints2/dict_0007_0036.uasset" 6613
"../../../Engine/Content/EngineMaterials/Substrate/Glints2/dict_0007_0037.uasset" 6614
"../../../Engine/Content/EngineMaterials/Substrate/Glints2/dict_0007_0038.uasset" 6615
"../../../Engine/Content/EngineMaterials/Substrate/Glints2/dict_0007_0039.uasset" 6616
"../../../Engine/Content/EngineMaterials/Substrate/Glints2/dict_0007_0040.uasset" 6617
"../../../Engine/Content/EngineMaterials/Substrate/Glints2/dict_0007_0041.uasset" 6618
"../../../Engine/Content/EngineMaterials/Substrate/Glints2/dict_0007_0042.uasset" 6619
"../../../Engine/Content/EngineMaterials/Substrate/Glints2/dict_0007_0043.uasset" 6620
"../../../Engine/Content/EngineMaterials/Substrate/Glints2/dict_0007_0044.uasset" 6621
"../../../Engine/Content/EngineMaterials/Substrate/Glints2/dict_0007_0045.uasset" 6622
"../../../Engine/Content/EngineMaterials/Substrate/Glints2/dict_0007_0046.uasset" 6623
"../../../Engine/Content/EngineMaterials/Substrate/Glints2/dict_0007_0047.uasset" 6624
"../../../Engine/Content/EngineMaterials/Substrate/Glints2/dict_0007_0048.uasset" 6625
"../../../Engine/Content/EngineMaterials/Substrate/Glints2/dict_0007_0049.uasset" 6626
"../../../Engine/Content/EngineMaterials/Substrate/Glints2/dict_0007_0050.uasset" 6627
"../../../Engine/Content/EngineMaterials/Substrate/Glints2/dict_0007_0051.uasset" 6628
"../../../Engine/Content/EngineMaterials/Substrate/Glints2/dict_0007_0052.uasset" 6629
"../../../Engine/Content/EngineMaterials/Substrate/Glints2/dict_0007_0053.uasset" 6630
"../../../Engine/Content/EngineMaterials/Substrate/Glints2/dict_0007_0054.uasset" 6631
"../../../Engine/Content/EngineMaterials/Substrate/Glints2/dict_0007_0055.uasset" 6632
"../../../Engine/Content/EngineMaterials/Substrate/Glints2/dict_0007_0056.uasset" 6633
"../../../Engine/Content/EngineMaterials/Substrate/Glints2/dict_0007_0057.uasset" 6634
"../../../Engine/Content/EngineMaterials/Substrate/Glints2/dict_0007_0058.uasset" 6635
"../../../Engine/Content/EngineMaterials/Substrate/Glints2/dict_0007_0059.uasset" 6636
"../../../Engine/Content/EngineMaterials/Substrate/Glints2/dict_0007_0060.uasset" 6637
"../../../Engine/Content/EngineMaterials/Substrate/Glints2/dict_0007_0061.uasset" 6638
"../../../Engine/Content/EngineMaterials/Substrate/Glints2/dict_0007_0062.uasset" 6639
"../../../Engine/Content/EngineMaterials/Substrate/Glints2/dict_0007_0063.uasset" 6640
"../../../Engine/Content/EngineMaterials/Substrate/Glints2/dict_0007_0064.uasset" 6641
"../../../Engine/Content/EngineMaterials/Substrate/Glints2/dict_0007_0065.uasset" 6642
"../../../Engine/Content/EngineMaterials/Substrate/Glints2/dict_0007_0066.uasset" 6643
"../../../Engine/Content/EngineMaterials/Substrate/Glints2/dict_0007_0067.uasset" 6644
"../../../Engine/Content/EngineMaterials/Substrate/Glints2/dict_0007_0068.uasset" 6645
"../../../Engine/Content/EngineMaterials/Substrate/Glints2/dict_0007_0069.uasset" 6646
"../../../Engine/Content/EngineMaterials/Substrate/Glints2/dict_0007_0070.uasset" 6647
"../../../Engine/Content/EngineMaterials/Substrate/Glints2/dict_0007_0071.uasset" 6648
"../../../Engine/Content/EngineMaterials/Substrate/Glints2/dict_0007_0072.uasset" 6649
"../../../Engine/Content/EngineMaterials/Substrate/Glints2/dict_0007_0073.uasset" 6650
"../../../Engine/Content/EngineMaterials/Substrate/Glints2/dict_0007_0074.uasset" 6651
"../../../Engine/Content/EngineMaterials/Substrate/Glints2/dict_0007_0075.uasset" 6652
"../../../Engine/Content/EngineMaterials/Substrate/Glints2/dict_0007_0076.uasset" 6653
"../../../Engine/Content/EngineMaterials/Substrate/Glints2/dict_0007_0077.uasset" 6654
"../../../Engine/Content/EngineMaterials/Substrate/Glints2/dict_0007_0078.uasset" 6655
"../../../Engine/Content/EngineMaterials/Substrate/Glints2/dict_0007_0079.uasset" 6656
"../../../Engine/Content/EngineMaterials/Substrate/Glints2/dict_0007_0080.uasset" 6657
"../../../Engine/Content/EngineMaterials/Substrate/Glints2/dict_0007_0081.uasset" 6658
"../../../Engine/Content/EngineMaterials/Substrate/Glints2/dict_0007_0082.uasset" 6659
"../../../Engine/Content/EngineMaterials/Substrate/Glints2/dict_0007_0083.uasset" 6660
"../../../Engine/Content/EngineMaterials/Substrate/Glints2/dict_0007_0084.uasset" 6661
"../../../Engine/Content/EngineMaterials/Substrate/Glints2/dict_0007_0085.uasset" 6662
"../../../Engine/Content/EngineMaterials/Substrate/Glints2/dict_0007_0086.uasset" 6663
"../../../Engine/Content/EngineMaterials/Substrate/Glints2/dict_0007_0087.uasset" 6664
"../../../Engine/Content/EngineMaterials/Substrate/Glints2/dict_0007_0088.uasset" 6665
"../../../Engine/Content/EngineMaterials/Substrate/Glints2/dict_0007_0089.uasset" 6666
"../../../Engine/Content/EngineMaterials/Substrate/Glints2/dict_0007_0090.uasset" 6667
"../../../Engine/Content/EngineMaterials/Substrate/Glints2/dict_0007_0091.uasset" 6668
"../../../Engine/Content/EngineMaterials/Substrate/Glints2/dict_0007_0092.uasset" 6669
"../../../Engine/Content/EngineMaterials/Substrate/Glints2/dict_0007_0093.uasset" 6670
"../../../Engine/Content/EngineMaterials/Substrate/Glints2/dict_0007_0094.uasset" 6671
"../../../Engine/Content/EngineMaterials/Substrate/Glints2/dict_0007_0095.uasset" 6672
"../../../Engine/Content/EngineMaterials/Substrate/Glints2/dict_0007_0096.uasset" 6673
"../../../Engine/Content/EngineMaterials/Substrate/Glints2/dict_0007_0097.uasset" 6674
"../../../Engine/Content/EngineMaterials/Substrate/Glints2/dict_0007_0098.uasset" 6675
"../../../Engine/Content/EngineMaterials/Substrate/Glints2/dict_0007_0099.uasset" 6676
"../../../Engine/Content/EngineMaterials/Substrate/Glints2/dict_0007_0100.uasset" 6677
"../../../Engine/Content/EngineMaterials/Substrate/Glints2/dict_0007_0101.uasset" 6678
"../../../Engine/Content/EngineMaterials/Substrate/Glints2/dict_0007_0102.uasset" 6679
"../../../Engine/Content/EngineMaterials/Substrate/Glints2/dict_0007_0103.uasset" 6680
"../../../Engine/Content/EngineMaterials/Substrate/Glints2/dict_0007_0104.uasset" 6681
"../../../Engine/Content/EngineMaterials/Substrate/Glints2/dict_0007_0105.uasset" 6682
"../../../Engine/Content/EngineMaterials/Substrate/Glints2/dict_0007_0106.uasset" 6683
"../../../Engine/Content/EngineMaterials/Substrate/Glints2/dict_0007_0107.uasset" 6684
"../../../Engine/Content/EngineMaterials/Substrate/Glints2/dict_0007_0108.uasset" 6685
"../../../Engine/Content/EngineMaterials/Substrate/Glints2/dict_0007_0109.uasset" 6686
"../../../Engine/Content/EngineMaterials/Substrate/Glints2/dict_0007_0110.uasset" 6687
"../../../Engine/Content/EngineMaterials/Substrate/Glints2/dict_0007_0111.uasset" 6688
"../../../Engine/Content/EngineMaterials/Substrate/Glints2/dict_0007_0112.uasset" 6689
"../../../Engine/Content/EngineMaterials/Substrate/Glints2/dict_0007_0113.uasset" 6690
"../../../Engine/Content/EngineMaterials/Substrate/Glints2/dict_0007_0114.uasset" 6691
"../../../Engine/Content/EngineMaterials/Substrate/Glints2/dict_0007_0115.uasset" 6692
"../../../Engine/Content/EngineMaterials/Substrate/Glints2/dict_0007_0116.uasset" 6693
"../../../Engine/Content/EngineMaterials/Substrate/Glints2/dict_0007_0117.uasset" 6694
"../../../Engine/Content/EngineMaterials/Substrate/Glints2/dict_0007_0118.uasset" 6695
"../../../Engine/Content/EngineMaterials/Substrate/Glints2/dict_0007_0119.uasset" 6696
"../../../Engine/Content/EngineMaterials/Substrate/Glints2/dict_0007_0120.uasset" 6697
"../../../Engine/Content/EngineMaterials/Substrate/Glints2/dict_0007_0121.uasset" 6698
"../../../Engine/Content/EngineMaterials/Substrate/Glints2/dict_0007_0122.uasset" 6699
"../../../Engine/Content/EngineMaterials/Substrate/Glints2/dict_0007_0123.uasset" 6700
"../../../Engine/Content/EngineMaterials/Substrate/Glints2/dict_0007_0124.uasset" 6701
"../../../Engine/Content/EngineMaterials/Substrate/Glints2/dict_0007_0125.uasset" 6702
"../../../Engine/Content/EngineMaterials/Substrate/Glints2/dict_0007_0126.uasset" 6703
"../../../Engine/Content/EngineMaterials/Substrate/Glints2/dict_0007_0127.uasset" 6704
"../../../Engine/Content/EngineMaterials/Substrate/Glints2/dict_0007_0128.uasset" 6705
"../../../Engine/Content/EngineMaterials/Substrate/Glints2/dict_0007_0129.uasset" 6706
"../../../Engine/Content/EngineMaterials/Substrate/Glints2/dict_0007_0130.uasset" 6707
"../../../Engine/Content/EngineMaterials/Substrate/Glints2/dict_0007_0131.uasset" 6708
"../../../Engine/Content/EngineMaterials/Substrate/Glints2/dict_0007_0132.uasset" 6709
"../../../Engine/Content/EngineMaterials/Substrate/Glints2/dict_0007_0133.uasset" 6710
"../../../Engine/Content/EngineMaterials/Substrate/Glints2/dict_0007_0134.uasset" 6711
"../../../Engine/Content/EngineMaterials/Substrate/Glints2/dict_0007_0135.uasset" 6712
"../../../Engine/Content/EngineMaterials/Substrate/Glints2/dict_0007_0136.uasset" 6713
"../../../Engine/Content/EngineMaterials/Substrate/Glints2/dict_0007_0137.uasset" 6714
"../../../Engine/Content/EngineMaterials/Substrate/Glints2/dict_0007_0138.uasset" 6715
"../../../Engine/Content/EngineMaterials/Substrate/Glints2/dict_0007_0139.uasset" 6716
"../../../Engine/Content/EngineMaterials/Substrate/Glints2/dict_0007_0140.uasset" 6717
"../../../Engine/Content/EngineMaterials/Substrate/Glints2/dict_0007_0141.uasset" 6718
"../../../Engine/Content/EngineMaterials/Substrate/Glints2/dict_0007_0142.uasset" 6719
"../../../Engine/Content/EngineMaterials/Substrate/Glints2/dict_0007_0143.uasset" 6720
"../../../Engine/Content/EngineMaterials/Substrate/Glints2/dict_0007_0144.uasset" 6721
"../../../Engine/Content/EngineMaterials/Substrate/Glints2/dict_0007_0145.uasset" 6722
"../../../Engine/Content/EngineMaterials/Substrate/Glints2/dict_0007_0146.uasset" 6723
"../../../Engine/Content/EngineMaterials/Substrate/Glints2/dict_0007_0147.uasset" 6724
"../../../Engine/Content/EngineMaterials/Substrate/Glints2/dict_0007_0148.uasset" 6725
"../../../Engine/Content/EngineMaterials/Substrate/Glints2/dict_0007_0149.uasset" 6726
"../../../Engine/Content/EngineMaterials/Substrate/Glints2/dict_0007_0150.uasset" 6727
"../../../Engine/Content/EngineMaterials/Substrate/Glints2/dict_0007_0151.uasset" 6728
"../../../Engine/Content/EngineMaterials/Substrate/Glints2/dict_0007_0152.uasset" 6729
"../../../Engine/Content/EngineMaterials/Substrate/Glints2/dict_0007_0153.uasset" 6730
"../../../Engine/Content/EngineMaterials/Substrate/Glints2/dict_0007_0154.uasset" 6731
"../../../Engine/Content/EngineMaterials/Substrate/Glints2/dict_0007_0155.uasset" 6732
"../../../Engine/Content/EngineMaterials/Substrate/Glints2/dict_0007_0156.uasset" 6733
"../../../Engine/Content/EngineMaterials/Substrate/Glints2/dict_0007_0157.uasset" 6734
"../../../Engine/Content/EngineMaterials/Substrate/Glints2/dict_0007_0158.uasset" 6735
"../../../Engine/Content/EngineMaterials/Substrate/Glints2/dict_0007_0159.uasset" 6736
"../../../Engine/Content/EngineMaterials/Substrate/Glints2/dict_0007_0160.uasset" 6737
"../../../Engine/Content/EngineMaterials/Substrate/Glints2/dict_0007_0161.uasset" 6738
"../../../Engine/Content/EngineMaterials/Substrate/Glints2/dict_0007_0162.uasset" 6739
"../../../Engine/Content/EngineMaterials/Substrate/Glints2/dict_0007_0163.uasset" 6740
"../../../Engine/Content/EngineMaterials/Substrate/Glints2/dict_0007_0164.uasset" 6741
"../../../Engine/Content/EngineMaterials/Substrate/Glints2/dict_0007_0165.uasset" 6742
"../../../Engine/Content/EngineMaterials/Substrate/Glints2/dict_0007_0166.uasset" 6743
"../../../Engine/Content/EngineMaterials/Substrate/Glints2/dict_0007_0167.uasset" 6744
"../../../Engine/Content/EngineMaterials/Substrate/Glints2/dict_0007_0168.uasset" 6745
"../../../Engine/Content/EngineMaterials/Substrate/Glints2/dict_0007_0169.uasset" 6746
"../../../Engine/Content/EngineMaterials/Substrate/Glints2/dict_0007_0170.uasset" 6747
"../../../Engine/Content/EngineMaterials/Substrate/Glints2/dict_0007_0171.uasset" 6748
"../../../Engine/Content/EngineMaterials/Substrate/Glints2/dict_0007_0172.uasset" 6749
"../../../Engine/Content/EngineMaterials/Substrate/Glints2/dict_0007_0173.uasset" 6750
"../../../Engine/Content/EngineMaterials/Substrate/Glints2/dict_0007_0174.uasset" 6751
"../../../Engine/Content/EngineMaterials/Substrate/Glints2/dict_0007_0175.uasset" 6752
"../../../Engine/Content/EngineMaterials/Substrate/Glints2/dict_0007_0176.uasset" 6753
"../../../Engine/Content/EngineMaterials/Substrate/Glints2/dict_0007_0177.uasset" 6754
"../../../Engine/Content/EngineMaterials/Substrate/Glints2/dict_0007_0178.uasset" 6755
"../../../Engine/Content/EngineMaterials/Substrate/Glints2/dict_0007_0179.uasset" 6756
"../../../Engine/Content/EngineMaterials/Substrate/Glints2/dict_0007_0180.uasset" 6757
"../../../Engine/Content/EngineMaterials/Substrate/Glints2/dict_0007_0181.uasset" 6758
"../../../Engine/Content/EngineMaterials/Substrate/Glints2/dict_0007_0182.uasset" 6759
"../../../Engine/Content/EngineMaterials/Substrate/Glints2/dict_0007_0183.uasset" 6760
"../../../Engine/Content/EngineMaterials/Substrate/Glints2/dict_0007_0184.uasset" 6761
"../../../Engine/Content/EngineMaterials/Substrate/Glints2/dict_0007_0185.uasset" 6762
"../../../Engine/Content/EngineMaterials/Substrate/Glints2/dict_0007_0186.uasset" 6763
"../../../Engine/Content/EngineMaterials/Substrate/Glints2/dict_0007_0187.uasset" 6764
"../../../Engine/Content/EngineMaterials/Substrate/Glints2/dict_0007_0188.uasset" 6765
"../../../Engine/Content/EngineMaterials/Substrate/Glints2/dict_0007_0189.uasset" 6766
"../../../Engine/Content/EngineMaterials/Substrate/Glints2/dict_0007_0190.uasset" 6767
"../../../Engine/Content/EngineMaterials/Substrate/Glints2/dict_0007_0191.uasset" 6768
"../../../Engine/Content/EngineMaterials/Substrate/Glints2/dict_0007_0192.uasset" 6769
"../../../Engine/Content/EngineMaterials/Substrate/Glints2/dict_0007_0193.uasset" 6770
"../../../Engine/Content/EngineMaterials/Substrate/Glints2/dict_0007_0194.uasset" 6771
"../../../Engine/Content/EngineMaterials/Substrate/Glints2/dict_0007_0195.uasset" 6772
"../../../Engine/Content/EngineMaterials/Substrate/Glints2/dict_0007_0196.uasset" 6773
"../../../Engine/Content/EngineMaterials/Substrate/Glints2/dict_0007_0197.uasset" 6774
"../../../Engine/Content/EngineMaterials/Substrate/Glints2/dict_0007_0198.uasset" 6775
"../../../Engine/Content/EngineMaterials/Substrate/Glints2/dict_0007_0199.uasset" 6776
"../../../Engine/Content/EngineMaterials/Substrate/Glints2/dict_0007_0200.uasset" 6777
"../../../Engine/Content/EngineMaterials/Substrate/Glints2/dict_0007_0201.uasset" 6778
"../../../Engine/Content/EngineMaterials/Substrate/Glints2/dict_0007_0202.uasset" 6779
"../../../Engine/Content/EngineMaterials/Substrate/Glints2/dict_0007_0203.uasset" 6780
"../../../Engine/Content/EngineMaterials/Substrate/Glints2/dict_0007_0204.uasset" 6781
"../../../Engine/Content/EngineMaterials/Substrate/Glints2/dict_0007_0205.uasset" 6782
"../../../Engine/Content/EngineMaterials/Substrate/Glints2/dict_0007_0206.uasset" 6783
"../../../Engine/Content/EngineMaterials/Substrate/Glints2/dict_0007_0207.uasset" 6784
"../../../Engine/Content/EngineMaterials/Substrate/Glints2/dict_0007_0208.uasset" 6785
"../../../Engine/Content/EngineMaterials/Substrate/Glints2/dict_0007_0209.uasset" 6786
"../../../Engine/Content/EngineMaterials/Substrate/Glints2/dict_0007_0210.uasset" 6787
"../../../Engine/Content/EngineMaterials/Substrate/Glints2/dict_0007_0211.uasset" 6788
"../../../Engine/Content/EngineMaterials/Substrate/Glints2/dict_0007_0212.uasset" 6789
"../../../Engine/Content/EngineMaterials/Substrate/Glints2/dict_0007_0213.uasset" 6790
"../../../Engine/Content/EngineMaterials/Substrate/Glints2/dict_0007_0214.uasset" 6791
"../../../Engine/Content/EngineMaterials/Substrate/Glints2/dict_0007_0215.uasset" 6792
"../../../Engine/Content/EngineMaterials/Substrate/Glints2/dict_0007_0216.uasset" 6793
"../../../Engine/Content/EngineMaterials/Substrate/Glints2/dict_0007_0217.uasset" 6794
"../../../Engine/Content/EngineMaterials/Substrate/Glints2/dict_0007_0218.uasset" 6795
"../../../Engine/Content/EngineMaterials/Substrate/Glints2/dict_0007_0219.uasset" 6796
"../../../Engine/Content/EngineMaterials/Substrate/Glints2/dict_0007_0220.uasset" 6797
"../../../Engine/Content/EngineMaterials/Substrate/Glints2/dict_0007_0221.uasset" 6798
"../../../Engine/Content/EngineMaterials/Substrate/Glints2/dict_0007_0222.uasset" 6799
"../../../Engine/Content/EngineMaterials/Substrate/Glints2/dict_0007_0223.uasset" 6800
"../../../Engine/Content/EngineMaterials/Substrate/Glints2/dict_0007_0224.uasset" 6801
"../../../Engine/Content/EngineMaterials/Substrate/Glints2/dict_0007_0225.uasset" 6802
"../../../Engine/Content/EngineMaterials/Substrate/Glints2/dict_0007_0226.uasset" 6803
"../../../Engine/Content/EngineMaterials/Substrate/Glints2/dict_0007_0227.uasset" 6804
"../../../Engine/Content/EngineMaterials/Substrate/Glints2/dict_0007_0228.uasset" 6805
"../../../Engine/Content/EngineMaterials/Substrate/Glints2/dict_0007_0229.uasset" 6806
"../../../Engine/Content/EngineMaterials/Substrate/Glints2/dict_0007_0230.uasset" 6807
"../../../Engine/Content/EngineMaterials/Substrate/Glints2/dict_0007_0231.uasset" 6808
"../../../Engine/Content/EngineMaterials/Substrate/Glints2/dict_0007_0232.uasset" 6809
"../../../Engine/Content/EngineMaterials/Substrate/Glints2/dict_0007_0233.uasset" 6810
"../../../Engine/Content/EngineMaterials/Substrate/Glints2/dict_0007_0234.uasset" 6811
"../../../Engine/Content/EngineMaterials/Substrate/Glints2/dict_0007_0235.uasset" 6812
"../../../Engine/Content/EngineMaterials/Substrate/Glints2/dict_0007_0236.uasset" 6813
"../../../Engine/Content/EngineMaterials/Substrate/Glints2/dict_0007_0237.uasset" 6814
"../../../Engine/Content/EngineMaterials/Substrate/Glints2/dict_0007_0238.uasset" 6815
"../../../Engine/Content/EngineMaterials/Substrate/Glints2/dict_0007_0239.uasset" 6816
"../../../Engine/Content/EngineMaterials/Substrate/Glints2/dict_0007_0240.uasset" 6817
"../../../Engine/Content/EngineMaterials/Substrate/Glints2/dict_0007_0241.uasset" 6818
"../../../Engine/Content/EngineMaterials/Substrate/Glints2/dict_0007_0242.uasset" 6819
"../../../Engine/Content/EngineMaterials/Substrate/Glints2/dict_0007_0243.uasset" 6820
"../../../Engine/Content/EngineMaterials/Substrate/Glints2/dict_0007_0244.uasset" 6821
"../../../Engine/Content/EngineMaterials/Substrate/Glints2/dict_0007_0245.uasset" 6822
"../../../Engine/Content/EngineMaterials/Substrate/Glints2/dict_0007_0246.uasset" 6823
"../../../Engine/Content/EngineMaterials/Substrate/Glints2/dict_0007_0247.uasset" 6824
"../../../Engine/Content/EngineMaterials/Substrate/Glints2/dict_0007_0248.uasset" 6825
"../../../Engine/Content/EngineMaterials/Substrate/Glints2/dict_0007_0249.uasset" 6826
"../../../Engine/Content/EngineMaterials/Substrate/Glints2/dict_0007_0250.uasset" 6827
"../../../Engine/Content/EngineMaterials/Substrate/Glints2/dict_0007_0251.uasset" 6828
"../../../Engine/Content/EngineMaterials/Substrate/Glints2/dict_0007_0252.uasset" 6829
"../../../Engine/Content/EngineMaterials/Substrate/Glints2/dict_0007_0253.uasset" 6830
"../../../Engine/Content/EngineMaterials/Substrate/Glints2/dict_0007_0254.uasset" 6831
"../../../Engine/Content/EngineMaterials/Substrate/Glints2/dict_0007_0255.uasset" 6832
"C:/Users/Admin/Documents/Unreal Projects/ai-project/Content/ExternalAssets/FBX_format_graveyard/pumpkin_pumpkin.uasset" 6833
"../../../Engine/Content/EngineMaterials/Substrate/GLints/dict_16_192_64_0p5_0p02_0000_0000.uasset" 6834
"../../../Engine/Content/EngineMaterials/Substrate/GLints/dict_16_192_64_0p5_0p02_0000_0001.uasset" 6835
"../../../Engine/Content/EngineMaterials/Substrate/GLints/dict_16_192_64_0p5_0p02_0000_0002.uasset" 6836
"../../../Engine/Content/EngineMaterials/Substrate/GLints/dict_16_192_64_0p5_0p02_0000_0003.uasset" 6837
"../../../Engine/Content/EngineMaterials/Substrate/GLints/dict_16_192_64_0p5_0p02_0000_0004.uasset" 6838
"../../../Engine/Content/EngineMaterials/Substrate/GLints/dict_16_192_64_0p5_0p02_0000_0005.uasset" 6839
"../../../Engine/Content/EngineMaterials/Substrate/GLints/dict_16_192_64_0p5_0p02_0000_0006.uasset" 6840
"../../../Engine/Content/EngineMaterials/Substrate/GLints/dict_16_192_64_0p5_0p02_0000_0007.uasset" 6841
"../../../Engine/Content/EngineMaterials/Substrate/GLints/dict_16_192_64_0p5_0p02_0000_0008.uasset" 6842
"../../../Engine/Content/EngineMaterials/Substrate/GLints/dict_16_192_64_0p5_0p02_0000_0009.uasset" 6843
"../../../Engine/Content/EngineMaterials/Substrate/GLints/dict_16_192_64_0p5_0p02_0000_0010.uasset" 6844
"../../../Engine/Content/EngineMaterials/Substrate/GLints/dict_16_192_64_0p5_0p02_0000_0011.uasset" 6845
"../../../Engine/Content/EngineMaterials/Substrate/GLints/dict_16_192_64_0p5_0p02_0000_0012.uasset" 6846
"../../../Engine/Content/EngineMaterials/Substrate/GLints/dict_16_192_64_0p5_0p02_0000_0013.uasset" 6847
"../../../Engine/Content/EngineMaterials/Substrate/GLints/dict_16_192_64_0p5_0p02_0000_0014.uasset" 6848
"../../../Engine/Content/EngineMaterials/Substrate/GLints/dict_16_192_64_0p5_0p02_0000_0015.uasset" 6849
"../../../Engine/Content/EngineMaterials/Substrate/GLints/dict_16_192_64_0p5_0p02_0001_0000.uasset" 6850
"../../../Engine/Content/EngineMaterials/Substrate/GLints/dict_16_192_64_0p5_0p02_0001_0001.uasset" 6851
"../../../Engine/Content/EngineMaterials/Substrate/GLints/dict_16_192_64_0p5_0p02_0001_0002.uasset" 6852
"../../../Engine/Content/EngineMaterials/Substrate/GLints/dict_16_192_64_0p5_0p02_0001_0003.uasset" 6853
"../../../Engine/Content/EngineMaterials/Substrate/GLints/dict_16_192_64_0p5_0p02_0001_0004.uasset" 6854
"../../../Engine/Content/EngineMaterials/Substrate/GLints/dict_16_192_64_0p5_0p02_0001_0005.uasset" 6855
"../../../Engine/Content/EngineMaterials/Substrate/GLints/dict_16_192_64_0p5_0p02_0001_0006.uasset" 6856
"../../../Engine/Content/EngineMaterials/Substrate/GLints/dict_16_192_64_0p5_0p02_0001_0007.uasset" 6857
"../../../Engine/Content/EngineMaterials/Substrate/GLints/dict_16_192_64_0p5_0p02_0001_0008.uasset" 6858
"../../../Engine/Content/EngineMaterials/Substrate/GLints/dict_16_192_64_0p5_0p02_0001_0009.uasset" 6859
"../../../Engine/Content/EngineMaterials/Substrate/GLints/dict_16_192_64_0p5_0p02_0001_0010.uasset" 6860
"../../../Engine/Content/EngineMaterials/Substrate/GLints/dict_16_192_64_0p5_0p02_0001_0011.uasset" 6861
"../../../Engine/Content/EngineMaterials/Substrate/GLints/dict_16_192_64_0p5_0p02_0001_0012.uasset" 6862
"../../../Engine/Content/EngineMaterials/Substrate/GLints/dict_16_192_64_0p5_0p02_0001_0013.uasset" 6863
"../../../Engine/Content/EngineMaterials/Substrate/GLints/dict_16_192_64_0p5_0p02_0001_0014.uasset" 6864
"../../../Engine/Content/EngineMaterials/Substrate/GLints/dict_16_192_64_0p5_0p02_0001_0015.uasset" 6865
"../../../Engine/Content/EngineMaterials/Substrate/GLints/dict_16_192_64_0p5_0p02_0002_0000.uasset" 6866
"../../../Engine/Content/EngineMaterials/Substrate/GLints/dict_16_192_64_0p5_0p02_0002_0001.uasset" 6867
"../../../Engine/Content/EngineMaterials/Substrate/GLints/dict_16_192_64_0p5_0p02_0002_0002.uasset" 6868
"../../../Engine/Content/EngineMaterials/Substrate/GLints/dict_16_192_64_0p5_0p02_0002_0003.uasset" 6869
"../../../Engine/Content/EngineMaterials/Substrate/GLints/dict_16_192_64_0p5_0p02_0002_0004.uasset" 6870
"../../../Engine/Content/EngineMaterials/Substrate/GLints/dict_16_192_64_0p5_0p02_0002_0005.uasset" 6871
"../../../Engine/Content/EngineMaterials/Substrate/GLints/dict_16_192_64_0p5_0p02_0002_0006.uasset" 6872
"../../../Engine/Content/EngineMaterials/Substrate/GLints/dict_16_192_64_0p5_0p02_0002_0007.uasset" 6873
"../../../Engine/Content/EngineMaterials/Substrate/GLints/dict_16_192_64_0p5_0p02_0002_0008.uasset" 6874
"../../../Engine/Content/EngineMaterials/Substrate/GLints/dict_16_192_64_0p5_0p02_0002_0009.uasset" 6875
"../../../Engine/Content/EngineMaterials/Substrate/GLints/dict_16_192_64_0p5_0p02_0002_0010.uasset" 6876
"../../../Engine/Content/EngineMaterials/Substrate/GLints/dict_16_192_64_0p5_0p02_0002_0011.uasset" 6877
"../../../Engine/Content/EngineMaterials/Substrate/GLints/dict_16_192_64_0p5_0p02_0002_0012.uasset" 6878
"../../../Engine/Content/EngineMaterials/Substrate/GLints/dict_16_192_64_0p5_0p02_0002_0013.uasset" 6879
"../../../Engine/Content/EngineMaterials/Substrate/GLints/dict_16_192_64_0p5_0p02_0002_0014.uasset" 6880
"../../../Engine/Content/EngineMaterials/Substrate/GLints/dict_16_192_64_0p5_0p02_0002_0015.uasset" 6881
"../../../Engine/Content/EngineMaterials/Substrate/GLints/dict_16_192_64_0p5_0p02_0003_0000.uasset" 6882
"../../../Engine/Content/EngineMaterials/Substrate/GLints/dict_16_192_64_0p5_0p02_0003_0001.uasset" 6883
"../../../Engine/Content/EngineMaterials/Substrate/GLints/dict_16_192_64_0p5_0p02_0003_0002.uasset" 6884
"../../../Engine/Content/EngineMaterials/Substrate/GLints/dict_16_192_64_0p5_0p02_0003_0003.uasset" 6885
"../../../Engine/Content/EngineMaterials/Substrate/GLints/dict_16_192_64_0p5_0p02_0003_0004.uasset" 6886
"../../../Engine/Content/EngineMaterials/Substrate/GLints/dict_16_192_64_0p5_0p02_0003_0005.uasset" 6887
"../../../Engine/Content/EngineMaterials/Substrate/GLints/dict_16_192_64_0p5_0p02_0003_0006.uasset" 6888
"../../../Engine/Content/EngineMaterials/Substrate/GLints/dict_16_192_64_0p5_0p02_0003_0007.uasset" 6889
"../../../Engine/Content/EngineMaterials/Substrate/GLints/dict_16_192_64_0p5_0p02_0003_0008.uasset" 6890
"../../../Engine/Content/EngineMaterials/Substrate/GLints/dict_16_192_64_0p5_0p02_0003_0009.uasset" 6891
"../../../Engine/Content/EngineMaterials/Substrate/GLints/dict_16_192_64_0p5_0p02_0003_0010.uasset" 6892
"../../../Engine/Content/EngineMaterials/Substrate/GLints/dict_16_192_64_0p5_0p02_0003_0011.uasset" 6893
"../../../Engine/Content/EngineMaterials/Substrate/GLints/dict_16_192_64_0p5_0p02_0003_0012.uasset" 6894
"../../../Engine/Content/EngineMaterials/Substrate/GLints/dict_16_192_64_0p5_0p02_0003_0013.uasset" 6895
"../../../Engine/Content/EngineMaterials/Substrate/GLints/dict_16_192_64_0p5_0p02_0003_0014.uasset" 6896
"../../../Engine/Content/EngineMaterials/Substrate/GLints/dict_16_192_64_0p5_0p02_0003_0015.uasset" 6897
"../../../Engine/Content/EngineMaterials/Substrate/GLints/dict_16_192_64_0p5_0p02_0004_0000.uasset" 6898
"../../../Engine/Content/EngineMaterials/Substrate/GLints/dict_16_192_64_0p5_0p02_0004_0001.uasset" 6899
"../../../Engine/Content/EngineMaterials/Substrate/GLints/dict_16_192_64_0p5_0p02_0004_0002.uasset" 6900
"../../../Engine/Content/EngineMaterials/Substrate/GLints/dict_16_192_64_0p5_0p02_0004_0003.uasset" 6901
"../../../Engine/Content/EngineMaterials/Substrate/GLints/dict_16_192_64_0p5_0p02_0004_0004.uasset" 6902
"../../../Engine/Content/EngineMaterials/Substrate/GLints/dict_16_192_64_0p5_0p02_0004_0005.uasset" 6903
"../../../Engine/Content/EngineMaterials/Substrate/GLints/dict_16_192_64_0p5_0p02_0004_0006.uasset" 6904
"../../../Engine/Content/EngineMaterials/Substrate/GLints/dict_16_192_64_0p5_0p02_0004_0007.uasset" 6905
"../../../Engine/Content/EngineMaterials/Substrate/GLints/dict_16_192_64_0p5_0p02_0004_0008.uasset" 6906
"../../../Engine/Content/EngineMaterials/Substrate/GLints/dict_16_192_64_0p5_0p02_0004_0009.uasset" 6907
"../../../Engine/Content/EngineMaterials/Substrate/GLints/dict_16_192_64_0p5_0p02_0004_0010.uasset" 6908
"../../../Engine/Content/EngineMaterials/Substrate/GLints/dict_16_192_64_0p5_0p02_0004_0011.uasset" 6909
"../../../Engine/Content/EngineMaterials/Substrate/GLints/dict_16_192_64_0p5_0p02_0004_0012.uasset" 6910
"../../../Engine/Content/EngineMaterials/Substrate/GLints/dict_16_192_64_0p5_0p02_0004_0013.uasset" 6911
"../../../Engine/Content/EngineMaterials/Substrate/GLints/dict_16_192_64_0p5_0p02_0004_0014.uasset" 6912
"../../../Engine/Content/EngineMaterials/Substrate/GLints/dict_16_192_64_0p5_0p02_0004_0015.uasset" 6913
"../../../Engine/Content/EngineMaterials/Substrate/GLints/dict_16_192_64_0p5_0p02_0005_0000.uasset" 6914
"../../../Engine/Content/EngineMaterials/Substrate/GLints/dict_16_192_64_0p5_0p02_0005_0001.uasset" 6915
"../../../Engine/Content/EngineMaterials/Substrate/GLints/dict_16_192_64_0p5_0p02_0005_0002.uasset" 6916
"../../../Engine/Content/EngineMaterials/Substrate/GLints/dict_16_192_64_0p5_0p02_0005_0003.uasset" 6917
"../../../Engine/Content/EngineMaterials/Substrate/GLints/dict_16_192_64_0p5_0p02_0005_0004.uasset" 6918
"../../../Engine/Content/EngineMaterials/Substrate/GLints/dict_16_192_64_0p5_0p02_0005_0005.uasset" 6919
"../../../Engine/Content/EngineMaterials/Substrate/GLints/dict_16_192_64_0p5_0p02_0005_0006.uasset" 6920
"../../../Engine/Content/EngineMaterials/Substrate/GLints/dict_16_192_64_0p5_0p02_0005_0007.uasset" 6921
"../../../Engine/Content/EngineMaterials/Substrate/GLints/dict_16_192_64_0p5_0p02_0005_0008.uasset" 6922
"../../../Engine/Content/EngineMaterials/Substrate/GLints/dict_16_192_64_0p5_0p02_0005_0009.uasset" 6923
"../../../Engine/Content/EngineMaterials/Substrate/GLints/dict_16_192_64_0p5_0p02_0005_0010.uasset" 6924
"../../../Engine/Content/EngineMaterials/Substrate/GLints/dict_16_192_64_0p5_0p02_0005_0011.uasset" 6925
"../../../Engine/Content/EngineMaterials/Substrate/GLints/dict_16_192_64_0p5_0p02_0005_0012.uasset" 6926
"../../../Engine/Content/EngineMaterials/Substrate/GLints/dict_16_192_64_0p5_0p02_0005_0013.uasset" 6927
"../../../Engine/Content/EngineMaterials/Substrate/GLints/dict_16_192_64_0p5_0p02_0005_0014.uasset" 6928
"../../../Engine/Content/EngineMaterials/Substrate/GLints/dict_16_192_64_0p5_0p02_0005_0015.uasset" 6929
"../../../Engine/Content/EngineMaterials/Substrate/GLints/dict_16_192_64_0p5_0p02_0006_0000.uasset" 6930
"../../../Engine/Content/EngineMaterials/Substrate/GLints/dict_16_192_64_0p5_0p02_0006_0001.uasset" 6931
"../../../Engine/Content/EngineMaterials/Substrate/GLints/dict_16_192_64_0p5_0p02_0006_0002.uasset" 6932
"../../../Engine/Content/EngineMaterials/Substrate/GLints/dict_16_192_64_0p5_0p02_0006_0003.uasset" 6933
"../../../Engine/Content/EngineMaterials/Substrate/GLints/dict_16_192_64_0p5_0p02_0006_0004.uasset" 6934
"../../../Engine/Content/EngineMaterials/Substrate/GLints/dict_16_192_64_0p5_0p02_0006_0005.uasset" 6935
"../../../Engine/Content/EngineMaterials/Substrate/GLints/dict_16_192_64_0p5_0p02_0006_0006.uasset" 6936
"../../../Engine/Content/EngineMaterials/Substrate/GLints/dict_16_192_64_0p5_0p02_0006_0007.uasset" 6937
"../../../Engine/Content/EngineMaterials/Substrate/GLints/dict_16_192_64_0p5_0p02_0006_0008.uasset" 6938
"../../../Engine/Content/EngineMaterials/Substrate/GLints/dict_16_192_64_0p5_0p02_0006_0009.uasset" 6939
"../../../Engine/Content/EngineMaterials/Substrate/GLints/dict_16_192_64_0p5_0p02_0006_0010.uasset" 6940
"../../../Engine/Content/EngineMaterials/Substrate/GLints/dict_16_192_64_0p5_0p02_0006_0011.uasset" 6941
"../../../Engine/Content/EngineMaterials/Substrate/GLints/dict_16_192_64_0p5_0p02_0006_0012.uasset" 6942
"../../../Engine/Content/EngineMaterials/Substrate/GLints/dict_16_192_64_0p5_0p02_0006_0013.uasset" 6943
"../../../Engine/Content/EngineMaterials/Substrate/GLints/dict_16_192_64_0p5_0p02_0006_0014.uasset" 6944
"../../../Engine/Content/EngineMaterials/Substrate/GLints/dict_16_192_64_0p5_0p02_0006_0015.uasset" 6945
"../../../Engine/Content/EngineMaterials/Substrate/GLints/dict_16_192_64_0p5_0p02_0007_0000.uasset" 6946
"../../../Engine/Content/EngineMaterials/Substrate/GLints/dict_16_192_64_0p5_0p02_0007_0001.uasset" 6947
"../../../Engine/Content/EngineMaterials/Substrate/GLints/dict_16_192_64_0p5_0p02_0007_0002.uasset" 6948
"../../../Engine/Content/EngineMaterials/Substrate/GLints/dict_16_192_64_0p5_0p02_0007_0003.uasset" 6949
"../../../Engine/Content/EngineMaterials/Substrate/GLints/dict_16_192_64_0p5_0p02_0007_0004.uasset" 6950
"../../../Engine/Content/EngineMaterials/Substrate/GLints/dict_16_192_64_0p5_0p02_0007_0005.uasset" 6951
"../../../Engine/Content/EngineMaterials/Substrate/GLints/dict_16_192_64_0p5_0p02_0007_0006.uasset" 6952
"../../../Engine/Content/EngineMaterials/Substrate/GLints/dict_16_192_64_0p5_0p02_0007_0007.uasset" 6953
"../../../Engine/Content/EngineMaterials/Substrate/GLints/dict_16_192_64_0p5_0p02_0007_0008.uasset" 6954
"../../../Engine/Content/EngineMaterials/Substrate/GLints/dict_16_192_64_0p5_0p02_0007_0009.uasset" 6955
"../../../Engine/Content/EngineMaterials/Substrate/GLints/dict_16_192_64_0p5_0p02_0007_0010.uasset" 6956
"../../../Engine/Content/EngineMaterials/Substrate/GLints/dict_16_192_64_0p5_0p02_0007_0011.uasset" 6957
"../../../Engine/Content/EngineMaterials/Substrate/GLints/dict_16_192_64_0p5_0p02_0007_0012.uasset" 6958
"../../../Engine/Content/EngineMaterials/Substrate/GLints/dict_16_192_64_0p5_0p02_0007_0013.uasset" 6959
"../../../Engine/Content/EngineMaterials/Substrate/GLints/dict_16_192_64_0p5_0p02_0007_0014.uasset" 6960
"../../../Engine/Content/EngineMaterials/Substrate/GLints/dict_16_192_64_0p5_0p02_0007_0015.uasset" 6961
"../../../Engine/Content/EngineMaterials/Substrate/GLints/dict_16_192_64_0p5_0p02_0008_0000.uasset" 6962
"../../../Engine/Content/EngineMaterials/Substrate/GLints/dict_16_192_64_0p5_0p02_0008_0001.uasset" 6963
"../../../Engine/Content/EngineMaterials/Substrate/GLints/dict_16_192_64_0p5_0p02_0008_0002.uasset" 6964
"../../../Engine/Content/EngineMaterials/Substrate/GLints/dict_16_192_64_0p5_0p02_0008_0003.uasset" 6965
"../../../Engine/Content/EngineMaterials/Substrate/GLints/dict_16_192_64_0p5_0p02_0008_0004.uasset" 6966
"../../../Engine/Content/EngineMaterials/Substrate/GLints/dict_16_192_64_0p5_0p02_0008_0005.uasset" 6967
"../../../Engine/Content/EngineMaterials/Substrate/GLints/dict_16_192_64_0p5_0p02_0008_0006.uasset" 6968
"../../../Engine/Content/EngineMaterials/Substrate/GLints/dict_16_192_64_0p5_0p02_0008_0007.uasset" 6969
"../../../Engine/Content/EngineMaterials/Substrate/GLints/dict_16_192_64_0p5_0p02_0008_0008.uasset" 6970
"../../../Engine/Content/EngineMaterials/Substrate/GLints/dict_16_192_64_0p5_0p02_0008_0009.uasset" 6971
"../../../Engine/Content/EngineMaterials/Substrate/GLints/dict_16_192_64_0p5_0p02_0008_0010.uasset" 6972
"../../../Engine/Content/EngineMaterials/Substrate/GLints/dict_16_192_64_0p5_0p02_0008_0011.uasset" 6973
"../../../Engine/Content/EngineMaterials/Substrate/GLints/dict_16_192_64_0p5_0p02_0008_0012.uasset" 6974
"../../../Engine/Content/EngineMaterials/Substrate/GLints/dict_16_192_64_0p5_0p02_0008_0013.uasset" 6975
"../../../Engine/Content/EngineMaterials/Substrate/GLints/dict_16_192_64_0p5_0p02_0008_0014.uasset" 6976
"../../../Engine/Content/EngineMaterials/Substrate/GLints/dict_16_192_64_0p5_0p02_0008_0015.uasset" 6977
"../../../Engine/Content/EngineMaterials/Substrate/GLints/dict_16_192_64_0p5_0p02_0009_0000.uasset" 6978
"../../../Engine/Content/EngineMaterials/Substrate/GLints/dict_16_192_64_0p5_0p02_0009_0001.uasset" 6979
"../../../Engine/Content/EngineMaterials/Substrate/GLints/dict_16_192_64_0p5_0p02_0009_0002.uasset" 6980
"../../../Engine/Content/EngineMaterials/Substrate/GLints/dict_16_192_64_0p5_0p02_0009_0003.uasset" 6981
"../../../Engine/Content/EngineMaterials/Substrate/GLints/dict_16_192_64_0p5_0p02_0009_0004.uasset" 6982
"../../../Engine/Content/EngineMaterials/Substrate/GLints/dict_16_192_64_0p5_0p02_0009_0005.uasset" 6983
"../../../Engine/Content/EngineMaterials/Substrate/GLints/dict_16_192_64_0p5_0p02_0009_0006.uasset" 6984
"../../../Engine/Content/EngineMaterials/Substrate/GLints/dict_16_192_64_0p5_0p02_0009_0007.uasset" 6985
"../../../Engine/Content/EngineMaterials/Substrate/GLints/dict_16_192_64_0p5_0p02_0009_0008.uasset" 6986
"../../../Engine/Content/EngineMaterials/Substrate/GLints/dict_16_192_64_0p5_0p02_0009_0009.uasset" 6987
"../../../Engine/Content/EngineMaterials/Substrate/GLints/dict_16_192_64_0p5_0p02_0009_0010.uasset" 6988
"../../../Engine/Content/EngineMaterials/Substrate/GLints/dict_16_192_64_0p5_0p02_0009_0011.uasset" 6989
"../../../Engine/Content/EngineMaterials/Substrate/GLints/dict_16_192_64_0p5_0p02_0009_0012.uasset" 6990
"../../../Engine/Content/EngineMaterials/Substrate/GLints/dict_16_192_64_0p5_0p02_0009_0013.uasset" 6991
"../../../Engine/Content/EngineMaterials/Substrate/GLints/dict_16_192_64_0p5_0p02_0009_0014.uasset" 6992
"../../../Engine/Content/EngineMaterials/Substrate/GLints/dict_16_192_64_0p5_0p02_0009_0015.uasset" 6993
"../../../Engine/Content/EngineMaterials/Substrate/GLints/dict_16_192_64_0p5_0p02_0010_0000.uasset" 6994
"../../../Engine/Content/EngineMaterials/Substrate/GLints/dict_16_192_64_0p5_0p02_0010_0001.uasset" 6995
"../../../Engine/Content/EngineMaterials/Substrate/GLints/dict_16_192_64_0p5_0p02_0010_0002.uasset" 6996
"../../../Engine/Content/EngineMaterials/Substrate/GLints/dict_16_192_64_0p5_0p02_0010_0003.uasset" 6997
"../../../Engine/Content/EngineMaterials/Substrate/GLints/dict_16_192_64_0p5_0p02_0010_0004.uasset" 6998
"../../../Engine/Content/EngineMaterials/Substrate/GLints/dict_16_192_64_0p5_0p02_0010_0005.uasset" 6999
"../../../Engine/Content/EngineMaterials/Substrate/GLints/dict_16_192_64_0p5_0p02_0010_0006.uasset" 7000
"../../../Engine/Content/EngineMaterials/Substrate/GLints/dict_16_192_64_0p5_0p02_0010_0007.uasset" 7001
"../../../Engine/Content/EngineMaterials/Substrate/GLints/dict_16_192_64_0p5_0p02_0010_0008.uasset" 7002
"../../../Engine/Content/EngineMaterials/Substrate/GLints/dict_16_192_64_0p5_0p02_0010_0009.uasset" 7003
"../../../Engine/Content/EngineMaterials/Substrate/GLints/dict_16_192_64_0p5_0p02_0010_0010.uasset" 7004
"../../../Engine/Content/EngineMaterials/Substrate/GLints/dict_16_192_64_0p5_0p02_0010_0011.uasset" 7005
"../../../Engine/Content/EngineMaterials/Substrate/GLints/dict_16_192_64_0p5_0p02_0010_0012.uasset" 7006
"../../../Engine/Content/EngineMaterials/Substrate/GLints/dict_16_192_64_0p5_0p02_0010_0013.uasset" 7007
"../../../Engine/Content/EngineMaterials/Substrate/GLints/dict_16_192_64_0p5_0p02_0010_0014.uasset" 7008
"../../../Engine/Content/EngineMaterials/Substrate/GLints/dict_16_192_64_0p5_0p02_0010_0015.uasset" 7009
"../../../Engine/Content/EngineMaterials/Substrate/GLints/dict_16_192_64_0p5_0p02_0011_0000.uasset" 7010
"../../../Engine/Content/EngineMaterials/Substrate/GLints/dict_16_192_64_0p5_0p02_0011_0001.uasset" 7011
"../../../Engine/Content/EngineMaterials/Substrate/GLints/dict_16_192_64_0p5_0p02_0011_0002.uasset" 7012
"../../../Engine/Content/EngineMaterials/Substrate/GLints/dict_16_192_64_0p5_0p02_0011_0003.uasset" 7013
"../../../Engine/Content/EngineMaterials/Substrate/GLints/dict_16_192_64_0p5_0p02_0011_0004.uasset" 7014
"../../../Engine/Content/EngineMaterials/Substrate/GLints/dict_16_192_64_0p5_0p02_0011_0005.uasset" 7015
"../../../Engine/Content/EngineMaterials/Substrate/GLints/dict_16_192_64_0p5_0p02_0011_0006.uasset" 7016
"../../../Engine/Content/EngineMaterials/Substrate/GLints/dict_16_192_64_0p5_0p02_0011_0007.uasset" 7017
"../../../Engine/Content/EngineMaterials/Substrate/GLints/dict_16_192_64_0p5_0p02_0011_0008.uasset" 7018
"../../../Engine/Content/EngineMaterials/Substrate/GLints/dict_16_192_64_0p5_0p02_0011_0009.uasset" 7019
"../../../Engine/Content/EngineMaterials/Substrate/GLints/dict_16_192_64_0p5_0p02_0011_0010.uasset" 7020
"../../../Engine/Content/EngineMaterials/Substrate/GLints/dict_16_192_64_0p5_0p02_0011_0011.uasset" 7021
"../../../Engine/Content/EngineMaterials/Substrate/GLints/dict_16_192_64_0p5_0p02_0011_0012.uasset" 7022
"../../../Engine/Content/EngineMaterials/Substrate/GLints/dict_16_192_64_0p5_0p02_0011_0013.uasset" 7023
"../../../Engine/Content/EngineMaterials/Substrate/GLints/dict_16_192_64_0p5_0p02_0011_0014.uasset" 7024
"../../../Engine/Content/EngineMaterials/Substrate/GLints/dict_16_192_64_0p5_0p02_0011_0015.uasset" 7025
"../../../Engine/Content/EngineMaterials/Substrate/GLints/dict_16_192_64_0p5_0p02_0012_0000.uasset" 7026
"../../../Engine/Content/EngineMaterials/Substrate/GLints/dict_16_192_64_0p5_0p02_0012_0001.uasset" 7027
"../../../Engine/Content/EngineMaterials/Substrate/GLints/dict_16_192_64_0p5_0p02_0012_0002.uasset" 7028
"../../../Engine/Content/EngineMaterials/Substrate/GLints/dict_16_192_64_0p5_0p02_0012_0003.uasset" 7029
"../../../Engine/Content/EngineMaterials/Substrate/GLints/dict_16_192_64_0p5_0p02_0012_0004.uasset" 7030
"../../../Engine/Content/EngineMaterials/Substrate/GLints/dict_16_192_64_0p5_0p02_0012_0005.uasset" 7031
"../../../Engine/Content/EngineMaterials/Substrate/GLints/dict_16_192_64_0p5_0p02_0012_0006.uasset" 7032
"../../../Engine/Content/EngineMaterials/Substrate/GLints/dict_16_192_64_0p5_0p02_0012_0007.uasset" 7033
"../../../Engine/Content/EngineMaterials/Substrate/GLints/dict_16_192_64_0p5_0p02_0012_0008.uasset" 7034
"../../../Engine/Content/EngineMaterials/Substrate/GLints/dict_16_192_64_0p5_0p02_0012_0009.uasset" 7035
"../../../Engine/Content/EngineMaterials/Substrate/GLints/dict_16_192_64_0p5_0p02_0012_0010.uasset" 7036
"../../../Engine/Content/EngineMaterials/Substrate/GLints/dict_16_192_64_0p5_0p02_0012_0011.uasset" 7037
"../../../Engine/Content/EngineMaterials/Substrate/GLints/dict_16_192_64_0p5_0p02_0012_0012.uasset" 7038
"../../../Engine/Content/EngineMaterials/Substrate/GLints/dict_16_192_64_0p5_0p02_0012_0013.uasset" 7039
"../../../Engine/Content/EngineMaterials/Substrate/GLints/dict_16_192_64_0p5_0p02_0012_0014.uasset" 7040
"../../../Engine/Content/EngineMaterials/Substrate/GLints/dict_16_192_64_0p5_0p02_0012_0015.uasset" 7041
"../../../Engine/Content/EngineMaterials/Substrate/GLints/dict_16_192_64_0p5_0p02_0013_0000.uasset" 7042
"../../../Engine/Content/EngineMaterials/Substrate/GLints/dict_16_192_64_0p5_0p02_0013_0001.uasset" 7043
"../../../Engine/Content/EngineMaterials/Substrate/GLints/dict_16_192_64_0p5_0p02_0013_0002.uasset" 7044
"../../../Engine/Content/EngineMaterials/Substrate/GLints/dict_16_192_64_0p5_0p02_0013_0003.uasset" 7045
"../../../Engine/Content/EngineMaterials/Substrate/GLints/dict_16_192_64_0p5_0p02_0013_0004.uasset" 7046
"../../../Engine/Content/EngineMaterials/Substrate/GLints/dict_16_192_64_0p5_0p02_0013_0005.uasset" 7047
"../../../Engine/Content/EngineMaterials/Substrate/GLints/dict_16_192_64_0p5_0p02_0013_0006.uasset" 7048
"../../../Engine/Content/EngineMaterials/Substrate/GLints/dict_16_192_64_0p5_0p02_0013_0007.uasset" 7049
"../../../Engine/Content/EngineMaterials/Substrate/GLints/dict_16_192_64_0p5_0p02_0013_0008.uasset" 7050
"../../../Engine/Content/EngineMaterials/Substrate/GLints/dict_16_192_64_0p5_0p02_0013_0009.uasset" 7051
"../../../Engine/Content/EngineMaterials/Substrate/GLints/dict_16_192_64_0p5_0p02_0013_0010.uasset" 7052
"../../../Engine/Content/EngineMaterials/Substrate/GLints/dict_16_192_64_0p5_0p02_0013_0011.uasset" 7053
"../../../Engine/Content/EngineMaterials/Substrate/GLints/dict_16_192_64_0p5_0p02_0013_0012.uasset" 7054
"../../../Engine/Content/EngineMaterials/Substrate/GLints/dict_16_192_64_0p5_0p02_0013_0013.uasset" 7055
"../../../Engine/Content/EngineMaterials/Substrate/GLints/dict_16_192_64_0p5_0p02_0013_0014.uasset" 7056
"../../../Engine/Content/EngineMaterials/Substrate/GLints/dict_16_192_64_0p5_0p02_0013_0015.uasset" 7057
"../../../Engine/Content/EngineMaterials/Substrate/GLints/dict_16_192_64_0p5_0p02_0014_0000.uasset" 7058
"../../../Engine/Content/EngineMaterials/Substrate/GLints/dict_16_192_64_0p5_0p02_0014_0001.uasset" 7059
"../../../Engine/Content/EngineMaterials/Substrate/GLints/dict_16_192_64_0p5_0p02_0014_0002.uasset" 7060
"../../../Engine/Content/EngineMaterials/Substrate/GLints/dict_16_192_64_0p5_0p02_0014_0003.uasset" 7061
"../../../Engine/Content/EngineMaterials/Substrate/GLints/dict_16_192_64_0p5_0p02_0014_0004.uasset" 7062
"../../../Engine/Content/EngineMaterials/Substrate/GLints/dict_16_192_64_0p5_0p02_0014_0005.uasset" 7063
"../../../Engine/Content/EngineMaterials/Substrate/GLints/dict_16_192_64_0p5_0p02_0014_0006.uasset" 7064
"../../../Engine/Content/EngineMaterials/Substrate/GLints/dict_16_192_64_0p5_0p02_0014_0007.uasset" 7065
"../../../Engine/Content/EngineMaterials/Substrate/GLints/dict_16_192_64_0p5_0p02_0014_0008.uasset" 7066
"../../../Engine/Content/EngineMaterials/Substrate/GLints/dict_16_192_64_0p5_0p02_0014_0009.uasset" 7067
"../../../Engine/Content/EngineMaterials/Substrate/GLints/dict_16_192_64_0p5_0p02_0014_0010.uasset" 7068
"../../../Engine/Content/EngineMaterials/Substrate/GLints/dict_16_192_64_0p5_0p02_0014_0011.uasset" 7069
"../../../Engine/Content/EngineMaterials/Substrate/GLints/dict_16_192_64_0p5_0p02_0014_0012.uasset" 7070
"../../../Engine/Content/EngineMaterials/Substrate/GLints/dict_16_192_64_0p5_0p02_0014_0013.uasset" 7071
"../../../Engine/Content/EngineMaterials/Substrate/GLints/dict_16_192_64_0p5_0p02_0014_0014.uasset" 7072
"../../../Engine/Content/EngineMaterials/Substrate/GLints/dict_16_192_64_0p5_0p02_0014_0015.uasset" 7073
"../../../Engine/Content/EngineMaterials/Substrate/GLints/dict_16_192_64_0p5_0p02_0015_0000.uasset" 7074
"../../../Engine/Content/EngineMaterials/Substrate/GLints/dict_16_192_64_0p5_0p02_0015_0001.uasset" 7075
"../../../Engine/Content/EngineMaterials/Substrate/GLints/dict_16_192_64_0p5_0p02_0015_0002.uasset" 7076
"../../../Engine/Content/EngineMaterials/Substrate/GLints/dict_16_192_64_0p5_0p02_0015_0003.uasset" 7077
"../../../Engine/Content/EngineMaterials/Substrate/GLints/dict_16_192_64_0p5_0p02_0015_0004.uasset" 7078
"../../../Engine/Content/EngineMaterials/Substrate/GLints/dict_16_192_64_0p5_0p02_0015_0005.uasset" 7079
"../../../Engine/Content/EngineMaterials/Substrate/GLints/dict_16_192_64_0p5_0p02_0015_0006.uasset" 7080
"../../../Engine/Content/EngineMaterials/Substrate/GLints/dict_16_192_64_0p5_0p02_0015_0007.uasset" 7081
"../../../Engine/Content/EngineMaterials/Substrate/GLints/dict_16_192_64_0p5_0p02_0015_0008.uasset" 7082
"../../../Engine/Content/EngineMaterials/Substrate/GLints/dict_16_192_64_0p5_0p02_0015_0009.uasset" 7083
"../../../Engine/Content/EngineMaterials/Substrate/GLints/dict_16_192_64_0p5_0p02_0015_0010.uasset" 7084
"../../../Engine/Content/EngineMaterials/Substrate/GLints/dict_16_192_64_0p5_0p02_0015_0011.uasset" 7085
"../../../Engine/Content/EngineMaterials/Substrate/GLints/dict_16_192_64_0p5_0p02_0015_0012.uasset" 7086
"../../../Engine/Content/EngineMaterials/Substrate/GLints/dict_16_192_64_0p5_0p02_0015_0013.uasset" 7087
"../../../Engine/Content/EngineMaterials/Substrate/GLints/dict_16_192_64_0p5_0p02_0015_0014.uasset" 7088
"../../../Engine/Content/EngineMaterials/Substrate/GLints/dict_16_192_64_0p5_0p02_0015_0015.uasset" 7089
"../../../Engine/Content/EngineMaterials/Substrate/GLints/dict_16_192_64_0p5_0p02_0016_0000.uasset" 7090
"../../../Engine/Content/EngineMaterials/Substrate/GLints/dict_16_192_64_0p5_0p02_0016_0001.uasset" 7091
"../../../Engine/Content/EngineMaterials/Substrate/GLints/dict_16_192_64_0p5_0p02_0016_0002.uasset" 7092
"../../../Engine/Content/EngineMaterials/Substrate/GLints/dict_16_192_64_0p5_0p02_0016_0003.uasset" 7093
"../../../Engine/Content/EngineMaterials/Substrate/GLints/dict_16_192_64_0p5_0p02_0016_0004.uasset" 7094
"../../../Engine/Content/EngineMaterials/Substrate/GLints/dict_16_192_64_0p5_0p02_0016_0005.uasset" 7095
"../../../Engine/Content/EngineMaterials/Substrate/GLints/dict_16_192_64_0p5_0p02_0016_0006.uasset" 7096
"../../../Engine/Content/EngineMaterials/Substrate/GLints/dict_16_192_64_0p5_0p02_0016_0007.uasset" 7097
"../../../Engine/Content/EngineMaterials/Substrate/GLints/dict_16_192_64_0p5_0p02_0016_0008.uasset" 7098
"../../../Engine/Content/EngineMaterials/Substrate/GLints/dict_16_192_64_0p5_0p02_0016_0009.uasset" 7099
"../../../Engine/Content/EngineMaterials/Substrate/GLints/dict_16_192_64_0p5_0p02_0016_0010.uasset" 7100
"../../../Engine/Content/EngineMaterials/Substrate/GLints/dict_16_192_64_0p5_0p02_0016_0011.uasset" 7101
"../../../Engine/Content/EngineMaterials/Substrate/GLints/dict_16_192_64_0p5_0p02_0016_0012.uasset" 7102
"../../../Engine/Content/EngineMaterials/Substrate/GLints/dict_16_192_64_0p5_0p02_0016_0013.uasset" 7103
"../../../Engine/Content/EngineMaterials/Substrate/GLints/dict_16_192_64_0p5_0p02_0016_0014.uasset" 7104
"../../../Engine/Content/EngineMaterials/Substrate/GLints/dict_16_192_64_0p5_0p02_0016_0015.uasset" 7105
"../../../Engine/Content/EngineMaterials/Substrate/GLints/dict_16_192_64_0p5_0p02_0017_0000.uasset" 7106
"../../../Engine/Content/EngineMaterials/Substrate/GLints/dict_16_192_64_0p5_0p02_0017_0001.uasset" 7107
"../../../Engine/Content/EngineMaterials/Substrate/GLints/dict_16_192_64_0p5_0p02_0017_0002.uasset" 7108
"../../../Engine/Content/EngineMaterials/Substrate/GLints/dict_16_192_64_0p5_0p02_0017_0003.uasset" 7109
"../../../Engine/Content/EngineMaterials/Substrate/GLints/dict_16_192_64_0p5_0p02_0017_0004.uasset" 7110
"../../../Engine/Content/EngineMaterials/Substrate/GLints/dict_16_192_64_0p5_0p02_0017_0005.uasset" 7111
"../../../Engine/Content/EngineMaterials/Substrate/GLints/dict_16_192_64_0p5_0p02_0017_0006.uasset" 7112
"../../../Engine/Content/EngineMaterials/Substrate/GLints/dict_16_192_64_0p5_0p02_0017_0007.uasset" 7113
"../../../Engine/Content/EngineMaterials/Substrate/GLints/dict_16_192_64_0p5_0p02_0017_0008.uasset" 7114
"../../../Engine/Content/EngineMaterials/Substrate/GLints/dict_16_192_64_0p5_0p02_0017_0009.uasset" 7115
"../../../Engine/Content/EngineMaterials/Substrate/GLints/dict_16_192_64_0p5_0p02_0017_0010.uasset" 7116
"../../../Engine/Content/EngineMaterials/Substrate/GLints/dict_16_192_64_0p5_0p02_0017_0011.uasset" 7117
"../../../Engine/Content/EngineMaterials/Substrate/GLints/dict_16_192_64_0p5_0p02_0017_0012.uasset" 7118
"../../../Engine/Content/EngineMaterials/Substrate/GLints/dict_16_192_64_0p5_0p02_0017_0013.uasset" 7119
"../../../Engine/Content/EngineMaterials/Substrate/GLints/dict_16_192_64_0p5_0p02_0017_0014.uasset" 7120
"../../../Engine/Content/EngineMaterials/Substrate/GLints/dict_16_192_64_0p5_0p02_0017_0015.uasset" 7121
"../../../Engine/Content/EngineMaterials/Substrate/GLints/dict_16_192_64_0p5_0p02_0018_0000.uasset" 7122
"../../../Engine/Content/EngineMaterials/Substrate/GLints/dict_16_192_64_0p5_0p02_0018_0001.uasset" 7123
"../../../Engine/Content/EngineMaterials/Substrate/GLints/dict_16_192_64_0p5_0p02_0018_0002.uasset" 7124
"../../../Engine/Content/EngineMaterials/Substrate/GLints/dict_16_192_64_0p5_0p02_0018_0003.uasset" 7125
"../../../Engine/Content/EngineMaterials/Substrate/GLints/dict_16_192_64_0p5_0p02_0018_0004.uasset" 7126
"../../../Engine/Content/EngineMaterials/Substrate/GLints/dict_16_192_64_0p5_0p02_0018_0005.uasset" 7127
"../../../Engine/Content/EngineMaterials/Substrate/GLints/dict_16_192_64_0p5_0p02_0018_0006.uasset" 7128
"../../../Engine/Content/EngineMaterials/Substrate/GLints/dict_16_192_64_0p5_0p02_0018_0007.uasset" 7129
"../../../Engine/Content/EngineMaterials/Substrate/GLints/dict_16_192_64_0p5_0p02_0018_0008.uasset" 7130
"../../../Engine/Content/EngineMaterials/Substrate/GLints/dict_16_192_64_0p5_0p02_0018_0009.uasset" 7131
"../../../Engine/Content/EngineMaterials/Substrate/GLints/dict_16_192_64_0p5_0p02_0018_0010.uasset" 7132
"../../../Engine/Content/EngineMaterials/Substrate/GLints/dict_16_192_64_0p5_0p02_0018_0011.uasset" 7133
"../../../Engine/Content/EngineMaterials/Substrate/GLints/dict_16_192_64_0p5_0p02_0018_0012.uasset" 7134
"../../../Engine/Content/EngineMaterials/Substrate/GLints/dict_16_192_64_0p5_0p02_0018_0013.uasset" 7135
"../../../Engine/Content/EngineMaterials/Substrate/GLints/dict_16_192_64_0p5_0p02_0018_0014.uasset" 7136
"../../../Engine/Content/EngineMaterials/Substrate/GLints/dict_16_192_64_0p5_0p02_0018_0015.uasset" 7137
"../../../Engine/Content/EngineMaterials/Substrate/GLints/dict_16_192_64_0p5_0p02_0019_0000.uasset" 7138
"../../../Engine/Content/EngineMaterials/Substrate/GLints/dict_16_192_64_0p5_0p02_0019_0001.uasset" 7139
"../../../Engine/Content/EngineMaterials/Substrate/GLints/dict_16_192_64_0p5_0p02_0019_0002.uasset" 7140
"../../../Engine/Content/EngineMaterials/Substrate/GLints/dict_16_192_64_0p5_0p02_0019_0003.uasset" 7141
"../../../Engine/Content/EngineMaterials/Substrate/GLints/dict_16_192_64_0p5_0p02_0019_0004.uasset" 7142
"../../../Engine/Content/EngineMaterials/Substrate/GLints/dict_16_192_64_0p5_0p02_0019_0005.uasset" 7143
"../../../Engine/Content/EngineMaterials/Substrate/GLints/dict_16_192_64_0p5_0p02_0019_0006.uasset" 7144
"../../../Engine/Content/EngineMaterials/Substrate/GLints/dict_16_192_64_0p5_0p02_0019_0007.uasset" 7145
"../../../Engine/Content/EngineMaterials/Substrate/GLints/dict_16_192_64_0p5_0p02_0019_0008.uasset" 7146
"../../../Engine/Content/EngineMaterials/Substrate/GLints/dict_16_192_64_0p5_0p02_0019_0009.uasset" 7147
"../../../Engine/Content/EngineMaterials/Substrate/GLints/dict_16_192_64_0p5_0p02_0019_0010.uasset" 7148
"../../../Engine/Content/EngineMaterials/Substrate/GLints/dict_16_192_64_0p5_0p02_0019_0011.uasset" 7149
"../../../Engine/Content/EngineMaterials/Substrate/GLints/dict_16_192_64_0p5_0p02_0019_0012.uasset" 7150
"../../../Engine/Content/EngineMaterials/Substrate/GLints/dict_16_192_64_0p5_0p02_0019_0013.uasset" 7151
"../../../Engine/Content/EngineMaterials/Substrate/GLints/dict_16_192_64_0p5_0p02_0019_0014.uasset" 7152
"../../../Engine/Content/EngineMaterials/Substrate/GLints/dict_16_192_64_0p5_0p02_0019_0015.uasset" 7153
"../../../Engine/Content/EngineMaterials/Substrate/GLints/dict_16_192_64_0p5_0p02_0020_0000.uasset" 7154
"../../../Engine/Content/EngineMaterials/Substrate/GLints/dict_16_192_64_0p5_0p02_0020_0001.uasset" 7155
"../../../Engine/Content/EngineMaterials/Substrate/GLints/dict_16_192_64_0p5_0p02_0020_0002.uasset" 7156
"../../../Engine/Content/EngineMaterials/Substrate/GLints/dict_16_192_64_0p5_0p02_0020_0003.uasset" 7157
"../../../Engine/Content/EngineMaterials/Substrate/GLints/dict_16_192_64_0p5_0p02_0020_0004.uasset" 7158
"../../../Engine/Content/EngineMaterials/Substrate/GLints/dict_16_192_64_0p5_0p02_0020_0005.uasset" 7159
"../../../Engine/Content/EngineMaterials/Substrate/GLints/dict_16_192_64_0p5_0p02_0020_0006.uasset" 7160
"../../../Engine/Content/EngineMaterials/Substrate/GLints/dict_16_192_64_0p5_0p02_0020_0007.uasset" 7161
"../../../Engine/Content/EngineMaterials/Substrate/GLints/dict_16_192_64_0p5_0p02_0020_0008.uasset" 7162
"../../../Engine/Content/EngineMaterials/Substrate/GLints/dict_16_192_64_0p5_0p02_0020_0009.uasset" 7163
"../../../Engine/Content/EngineMaterials/Substrate/GLints/dict_16_192_64_0p5_0p02_0020_0010.uasset" 7164
"../../../Engine/Content/EngineMaterials/Substrate/GLints/dict_16_192_64_0p5_0p02_0020_0011.uasset" 7165
"../../../Engine/Content/EngineMaterials/Substrate/GLints/dict_16_192_64_0p5_0p02_0020_0012.uasset" 7166
"../../../Engine/Content/EngineMaterials/Substrate/GLints/dict_16_192_64_0p5_0p02_0020_0013.uasset" 7167
"../../../Engine/Content/EngineMaterials/Substrate/GLints/dict_16_192_64_0p5_0p02_0020_0014.uasset" 7168
"../../../Engine/Content/EngineMaterials/Substrate/GLints/dict_16_192_64_0p5_0p02_0020_0015.uasset" 7169
"../../../Engine/Content/EngineMaterials/Substrate/GLints/dict_16_192_64_0p5_0p02_0021_0000.uasset" 7170
"../../../Engine/Content/EngineMaterials/Substrate/GLints/dict_16_192_64_0p5_0p02_0021_0001.uasset" 7171
"../../../Engine/Content/EngineMaterials/Substrate/GLints/dict_16_192_64_0p5_0p02_0021_0002.uasset" 7172
"../../../Engine/Content/EngineMaterials/Substrate/GLints/dict_16_192_64_0p5_0p02_0021_0003.uasset" 7173
"../../../Engine/Content/EngineMaterials/Substrate/GLints/dict_16_192_64_0p5_0p02_0021_0004.uasset" 7174
"../../../Engine/Content/EngineMaterials/Substrate/GLints/dict_16_192_64_0p5_0p02_0021_0005.uasset" 7175
"../../../Engine/Content/EngineMaterials/Substrate/GLints/dict_16_192_64_0p5_0p02_0021_0006.uasset" 7176
"../../../Engine/Content/EngineMaterials/Substrate/GLints/dict_16_192_64_0p5_0p02_0021_0007.uasset" 7177
"../../../Engine/Content/EngineMaterials/Substrate/GLints/dict_16_192_64_0p5_0p02_0021_0008.uasset" 7178
"../../../Engine/Content/EngineMaterials/Substrate/GLints/dict_16_192_64_0p5_0p02_0021_0009.uasset" 7179
"../../../Engine/Content/EngineMaterials/Substrate/GLints/dict_16_192_64_0p5_0p02_0021_0010.uasset" 7180
"../../../Engine/Content/EngineMaterials/Substrate/GLints/dict_16_192_64_0p5_0p02_0021_0011.uasset" 7181
"../../../Engine/Content/EngineMaterials/Substrate/GLints/dict_16_192_64_0p5_0p02_0021_0012.uasset" 7182
"../../../Engine/Content/EngineMaterials/Substrate/GLints/dict_16_192_64_0p5_0p02_0021_0013.uasset" 7183
"../../../Engine/Content/EngineMaterials/Substrate/GLints/dict_16_192_64_0p5_0p02_0021_0014.uasset" 7184
"../../../Engine/Content/EngineMaterials/Substrate/GLints/dict_16_192_64_0p5_0p02_0021_0015.uasset" 7185
"../../../Engine/Content/EngineMaterials/Substrate/GLints/dict_16_192_64_0p5_0p02_0022_0000.uasset" 7186
"../../../Engine/Content/EngineMaterials/Substrate/GLints/dict_16_192_64_0p5_0p02_0022_0001.uasset" 7187
"../../../Engine/Content/EngineMaterials/Substrate/GLints/dict_16_192_64_0p5_0p02_0022_0002.uasset" 7188
"../../../Engine/Content/EngineMaterials/Substrate/GLints/dict_16_192_64_0p5_0p02_0022_0003.uasset" 7189
"../../../Engine/Content/EngineMaterials/Substrate/GLints/dict_16_192_64_0p5_0p02_0022_0004.uasset" 7190
"../../../Engine/Content/EngineMaterials/Substrate/GLints/dict_16_192_64_0p5_0p02_0022_0005.uasset" 7191
"../../../Engine/Content/EngineMaterials/Substrate/GLints/dict_16_192_64_0p5_0p02_0022_0006.uasset" 7192
"../../../Engine/Content/EngineMaterials/Substrate/GLints/dict_16_192_64_0p5_0p02_0022_0007.uasset" 7193
"../../../Engine/Content/EngineMaterials/Substrate/GLints/dict_16_192_64_0p5_0p02_0022_0008.uasset" 7194
"../../../Engine/Content/EngineMaterials/Substrate/GLints/dict_16_192_64_0p5_0p02_0022_0009.uasset" 7195
"../../../Engine/Content/EngineMaterials/Substrate/GLints/dict_16_192_64_0p5_0p02_0022_0010.uasset" 7196
"../../../Engine/Content/EngineMaterials/Substrate/GLints/dict_16_192_64_0p5_0p02_0022_0011.uasset" 7197
"../../../Engine/Content/EngineMaterials/Substrate/GLints/dict_16_192_64_0p5_0p02_0022_0012.uasset" 7198
"../../../Engine/Content/EngineMaterials/Substrate/GLints/dict_16_192_64_0p5_0p02_0022_0013.uasset" 7199
"../../../Engine/Content/EngineMaterials/Substrate/GLints/dict_16_192_64_0p5_0p02_0022_0014.uasset" 7200
"../../../Engine/Content/EngineMaterials/Substrate/GLints/dict_16_192_64_0p5_0p02_0022_0015.uasset" 7201
"../../../Engine/Content/EngineMaterials/Substrate/GLints/dict_16_192_64_0p5_0p02_0023_0000.uasset" 7202
"../../../Engine/Content/EngineMaterials/Substrate/GLints/dict_16_192_64_0p5_0p02_0023_0001.uasset" 7203
"../../../Engine/Content/EngineMaterials/Substrate/GLints/dict_16_192_64_0p5_0p02_0023_0002.uasset" 7204
"../../../Engine/Content/EngineMaterials/Substrate/GLints/dict_16_192_64_0p5_0p02_0023_0003.uasset" 7205
"../../../Engine/Content/EngineMaterials/Substrate/GLints/dict_16_192_64_0p5_0p02_0023_0004.uasset" 7206
"../../../Engine/Content/EngineMaterials/Substrate/GLints/dict_16_192_64_0p5_0p02_0023_0005.uasset" 7207
"../../../Engine/Content/EngineMaterials/Substrate/GLints/dict_16_192_64_0p5_0p02_0023_0006.uasset" 7208
"../../../Engine/Content/EngineMaterials/Substrate/GLints/dict_16_192_64_0p5_0p02_0023_0007.uasset" 7209
"../../../Engine/Content/EngineMaterials/Substrate/GLints/dict_16_192_64_0p5_0p02_0023_0008.uasset" 7210
"../../../Engine/Content/EngineMaterials/Substrate/GLints/dict_16_192_64_0p5_0p02_0023_0009.uasset" 7211
"../../../Engine/Content/EngineMaterials/Substrate/GLints/dict_16_192_64_0p5_0p02_0023_0010.uasset" 7212
"../../../Engine/Content/EngineMaterials/Substrate/GLints/dict_16_192_64_0p5_0p02_0023_0011.uasset" 7213
"../../../Engine/Content/EngineMaterials/Substrate/GLints/dict_16_192_64_0p5_0p02_0023_0012.uasset" 7214
"../../../Engine/Content/EngineMaterials/Substrate/GLints/dict_16_192_64_0p5_0p02_0023_0013.uasset" 7215
"../../../Engine/Content/EngineMaterials/Substrate/GLints/dict_16_192_64_0p5_0p02_0023_0014.uasset" 7216
"../../../Engine/Content/EngineMaterials/Substrate/GLints/dict_16_192_64_0p5_0p02_0023_0015.uasset" 7217
"../../../Engine/Content/EngineMaterials/Substrate/GLints/dict_16_192_64_0p5_0p02_0024_0000.uasset" 7218
"../../../Engine/Content/EngineMaterials/Substrate/GLints/dict_16_192_64_0p5_0p02_0024_0001.uasset" 7219
"../../../Engine/Content/EngineMaterials/Substrate/GLints/dict_16_192_64_0p5_0p02_0024_0002.uasset" 7220
"../../../Engine/Content/EngineMaterials/Substrate/GLints/dict_16_192_64_0p5_0p02_0024_0003.uasset" 7221
"../../../Engine/Content/EngineMaterials/Substrate/GLints/dict_16_192_64_0p5_0p02_0024_0004.uasset" 7222
"../../../Engine/Content/EngineMaterials/Substrate/GLints/dict_16_192_64_0p5_0p02_0024_0005.uasset" 7223
"../../../Engine/Content/EngineMaterials/Substrate/GLints/dict_16_192_64_0p5_0p02_0024_0006.uasset" 7224
"../../../Engine/Content/EngineMaterials/Substrate/GLints/dict_16_192_64_0p5_0p02_0024_0007.uasset" 7225
"../../../Engine/Content/EngineMaterials/Substrate/GLints/dict_16_192_64_0p5_0p02_0024_0008.uasset" 7226
"../../../Engine/Content/EngineMaterials/Substrate/GLints/dict_16_192_64_0p5_0p02_0024_0009.uasset" 7227
"../../../Engine/Content/EngineMaterials/Substrate/GLints/dict_16_192_64_0p5_0p02_0024_0010.uasset" 7228
"../../../Engine/Content/EngineMaterials/Substrate/GLints/dict_16_192_64_0p5_0p02_0024_0011.uasset" 7229
"../../../Engine/Content/EngineMaterials/Substrate/GLints/dict_16_192_64_0p5_0p02_0024_0012.uasset" 7230
"../../../Engine/Content/EngineMaterials/Substrate/GLints/dict_16_192_64_0p5_0p02_0024_0013.uasset" 7231
"../../../Engine/Content/EngineMaterials/Substrate/GLints/dict_16_192_64_0p5_0p02_0024_0014.uasset" 7232
"../../../Engine/Content/EngineMaterials/Substrate/GLints/dict_16_192_64_0p5_0p02_0024_0015.uasset" 7233
"../../../Engine/Content/EngineMaterials/Substrate/GLints/dict_16_192_64_0p5_0p02_0025_0000.uasset" 7234
"../../../Engine/Content/EngineMaterials/Substrate/GLints/dict_16_192_64_0p5_0p02_0025_0001.uasset" 7235
"../../../Engine/Content/EngineMaterials/Substrate/GLints/dict_16_192_64_0p5_0p02_0025_0002.uasset" 7236
"../../../Engine/Content/EngineMaterials/Substrate/GLints/dict_16_192_64_0p5_0p02_0025_0003.uasset" 7237
"../../../Engine/Content/EngineMaterials/Substrate/GLints/dict_16_192_64_0p5_0p02_0025_0004.uasset" 7238
"../../../Engine/Content/EngineMaterials/Substrate/GLints/dict_16_192_64_0p5_0p02_0025_0005.uasset" 7239
"../../../Engine/Content/EngineMaterials/Substrate/GLints/dict_16_192_64_0p5_0p02_0025_0006.uasset" 7240
"../../../Engine/Content/EngineMaterials/Substrate/GLints/dict_16_192_64_0p5_0p02_0025_0007.uasset" 7241
"../../../Engine/Content/EngineMaterials/Substrate/GLints/dict_16_192_64_0p5_0p02_0025_0008.uasset" 7242
"../../../Engine/Content/EngineMaterials/Substrate/GLints/dict_16_192_64_0p5_0p02_0025_0009.uasset" 7243
"../../../Engine/Content/EngineMaterials/Substrate/GLints/dict_16_192_64_0p5_0p02_0025_0010.uasset" 7244
"../../../Engine/Content/EngineMaterials/Substrate/GLints/dict_16_192_64_0p5_0p02_0025_0011.uasset" 7245
"../../../Engine/Content/EngineMaterials/Substrate/GLints/dict_16_192_64_0p5_0p02_0025_0012.uasset" 7246
"../../../Engine/Content/EngineMaterials/Substrate/GLints/dict_16_192_64_0p5_0p02_0025_0013.uasset" 7247
"../../../Engine/Content/EngineMaterials/Substrate/GLints/dict_16_192_64_0p5_0p02_0025_0014.uasset" 7248
"../../../Engine/Content/EngineMaterials/Substrate/GLints/dict_16_192_64_0p5_0p02_0025_0015.uasset" 7249
"../../../Engine/Content/EngineMaterials/Substrate/GLints/dict_16_192_64_0p5_0p02_0026_0000.uasset" 7250
"../../../Engine/Content/EngineMaterials/Substrate/GLints/dict_16_192_64_0p5_0p02_0026_0001.uasset" 7251
"../../../Engine/Content/EngineMaterials/Substrate/GLints/dict_16_192_64_0p5_0p02_0026_0002.uasset" 7252
"../../../Engine/Content/EngineMaterials/Substrate/GLints/dict_16_192_64_0p5_0p02_0026_0003.uasset" 7253
"../../../Engine/Content/EngineMaterials/Substrate/GLints/dict_16_192_64_0p5_0p02_0026_0004.uasset" 7254
"../../../Engine/Content/EngineMaterials/Substrate/GLints/dict_16_192_64_0p5_0p02_0026_0005.uasset" 7255
"../../../Engine/Content/EngineMaterials/Substrate/GLints/dict_16_192_64_0p5_0p02_0026_0006.uasset" 7256
"../../../Engine/Content/EngineMaterials/Substrate/GLints/dict_16_192_64_0p5_0p02_0026_0007.uasset" 7257
"../../../Engine/Content/EngineMaterials/Substrate/GLints/dict_16_192_64_0p5_0p02_0026_0008.uasset" 7258
"../../../Engine/Content/EngineMaterials/Substrate/GLints/dict_16_192_64_0p5_0p02_0026_0009.uasset" 7259
"../../../Engine/Content/EngineMaterials/Substrate/GLints/dict_16_192_64_0p5_0p02_0026_0010.uasset" 7260
"../../../Engine/Content/EngineMaterials/Substrate/GLints/dict_16_192_64_0p5_0p02_0026_0011.uasset" 7261
"../../../Engine/Content/EngineMaterials/Substrate/GLints/dict_16_192_64_0p5_0p02_0026_0012.uasset" 7262
"../../../Engine/Content/EngineMaterials/Substrate/GLints/dict_16_192_64_0p5_0p02_0026_0013.uasset" 7263
"../../../Engine/Content/EngineMaterials/Substrate/GLints/dict_16_192_64_0p5_0p02_0026_0014.uasset" 7264
"../../../Engine/Content/EngineMaterials/Substrate/GLints/dict_16_192_64_0p5_0p02_0026_0015.uasset" 7265
"../../../Engine/Content/EngineMaterials/Substrate/GLints/dict_16_192_64_0p5_0p02_0027_0000.uasset" 7266
"../../../Engine/Content/EngineMaterials/Substrate/GLints/dict_16_192_64_0p5_0p02_0027_0001.uasset" 7267
"../../../Engine/Content/EngineMaterials/Substrate/GLints/dict_16_192_64_0p5_0p02_0027_0002.uasset" 7268
"../../../Engine/Content/EngineMaterials/Substrate/GLints/dict_16_192_64_0p5_0p02_0027_0003.uasset" 7269
"../../../Engine/Content/EngineMaterials/Substrate/GLints/dict_16_192_64_0p5_0p02_0027_0004.uasset" 7270
"../../../Engine/Content/EngineMaterials/Substrate/GLints/dict_16_192_64_0p5_0p02_0027_0005.uasset" 7271
"../../../Engine/Content/EngineMaterials/Substrate/GLints/dict_16_192_64_0p5_0p02_0027_0006.uasset" 7272
"../../../Engine/Content/EngineMaterials/Substrate/GLints/dict_16_192_64_0p5_0p02_0027_0007.uasset" 7273
"../../../Engine/Content/EngineMaterials/Substrate/GLints/dict_16_192_64_0p5_0p02_0027_0008.uasset" 7274
"../../../Engine/Content/EngineMaterials/Substrate/GLints/dict_16_192_64_0p5_0p02_0027_0009.uasset" 7275
"../../../Engine/Content/EngineMaterials/Substrate/GLints/dict_16_192_64_0p5_0p02_0027_0010.uasset" 7276
"../../../Engine/Content/EngineMaterials/Substrate/GLints/dict_16_192_64_0p5_0p02_0027_0011.uasset" 7277
"../../../Engine/Content/EngineMaterials/Substrate/GLints/dict_16_192_64_0p5_0p02_0027_0012.uasset" 7278
"../../../Engine/Content/EngineMaterials/Substrate/GLints/dict_16_192_64_0p5_0p02_0027_0013.uasset" 7279
"../../../Engine/Content/EngineMaterials/Substrate/GLints/dict_16_192_64_0p5_0p02_0027_0014.uasset" 7280
"../../../Engine/Content/EngineMaterials/Substrate/GLints/dict_16_192_64_0p5_0p02_0027_0015.uasset" 7281
"../../../Engine/Content/EngineMaterials/Substrate/GLints/dict_16_192_64_0p5_0p02_0028_0000.uasset" 7282
"../../../Engine/Content/EngineMaterials/Substrate/GLints/dict_16_192_64_0p5_0p02_0028_0001.uasset" 7283
"../../../Engine/Content/EngineMaterials/Substrate/GLints/dict_16_192_64_0p5_0p02_0028_0002.uasset" 7284
"../../../Engine/Content/EngineMaterials/Substrate/GLints/dict_16_192_64_0p5_0p02_0028_0003.uasset" 7285
"../../../Engine/Content/EngineMaterials/Substrate/GLints/dict_16_192_64_0p5_0p02_0028_0004.uasset" 7286
"../../../Engine/Content/EngineMaterials/Substrate/GLints/dict_16_192_64_0p5_0p02_0028_0005.uasset" 7287
"../../../Engine/Content/EngineMaterials/Substrate/GLints/dict_16_192_64_0p5_0p02_0028_0006.uasset" 7288
"../../../Engine/Content/EngineMaterials/Substrate/GLints/dict_16_192_64_0p5_0p02_0028_0007.uasset" 7289
"../../../Engine/Content/EngineMaterials/Substrate/GLints/dict_16_192_64_0p5_0p02_0028_0008.uasset" 7290
"../../../Engine/Content/EngineMaterials/Substrate/GLints/dict_16_192_64_0p5_0p02_0028_0009.uasset" 7291
"../../../Engine/Content/EngineMaterials/Substrate/GLints/dict_16_192_64_0p5_0p02_0028_0010.uasset" 7292
"../../../Engine/Content/EngineMaterials/Substrate/GLints/dict_16_192_64_0p5_0p02_0028_0011.uasset" 7293
"../../../Engine/Content/EngineMaterials/Substrate/GLints/dict_16_192_64_0p5_0p02_0028_0012.uasset" 7294
"../../../Engine/Content/EngineMaterials/Substrate/GLints/dict_16_192_64_0p5_0p02_0028_0013.uasset" 7295
"../../../Engine/Content/EngineMaterials/Substrate/GLints/dict_16_192_64_0p5_0p02_0028_0014.uasset" 7296
"../../../Engine/Content/EngineMaterials/Substrate/GLints/dict_16_192_64_0p5_0p02_0028_0015.uasset" 7297
"../../../Engine/Content/EngineMaterials/Substrate/GLints/dict_16_192_64_0p5_0p02_0029_0000.uasset" 7298
"../../../Engine/Content/EngineMaterials/Substrate/GLints/dict_16_192_64_0p5_0p02_0029_0001.uasset" 7299
"../../../Engine/Content/EngineMaterials/Substrate/GLints/dict_16_192_64_0p5_0p02_0029_0002.uasset" 7300
"../../../Engine/Content/EngineMaterials/Substrate/GLints/dict_16_192_64_0p5_0p02_0029_0003.uasset" 7301
"../../../Engine/Content/EngineMaterials/Substrate/GLints/dict_16_192_64_0p5_0p02_0029_0004.uasset" 7302
"../../../Engine/Content/EngineMaterials/Substrate/GLints/dict_16_192_64_0p5_0p02_0029_0005.uasset" 7303
"../../../Engine/Content/EngineMaterials/Substrate/GLints/dict_16_192_64_0p5_0p02_0029_0006.uasset" 7304
"../../../Engine/Content/EngineMaterials/Substrate/GLints/dict_16_192_64_0p5_0p02_0029_0007.uasset" 7305
"../../../Engine/Content/EngineMaterials/Substrate/GLints/dict_16_192_64_0p5_0p02_0029_0008.uasset" 7306
"../../../Engine/Content/EngineMaterials/Substrate/GLints/dict_16_192_64_0p5_0p02_0029_0009.uasset" 7307
"../../../Engine/Content/EngineMaterials/Substrate/GLints/dict_16_192_64_0p5_0p02_0029_0010.uasset" 7308
"../../../Engine/Content/EngineMaterials/Substrate/GLints/dict_16_192_64_0p5_0p02_0029_0011.uasset" 7309
"../../../Engine/Content/EngineMaterials/Substrate/GLints/dict_16_192_64_0p5_0p02_0029_0012.uasset" 7310
"../../../Engine/Content/EngineMaterials/Substrate/GLints/dict_16_192_64_0p5_0p02_0029_0013.uasset" 7311
"../../../Engine/Content/EngineMaterials/Substrate/GLints/dict_16_192_64_0p5_0p02_0029_0014.uasset" 7312
"../../../Engine/Content/EngineMaterials/Substrate/GLints/dict_16_192_64_0p5_0p02_0029_0015.uasset" 7313
"../../../Engine/Content/EngineMaterials/Substrate/GLints/dict_16_192_64_0p5_0p02_0030_0000.uasset" 7314
"../../../Engine/Content/EngineMaterials/Substrate/GLints/dict_16_192_64_0p5_0p02_0030_0001.uasset" 7315
"../../../Engine/Content/EngineMaterials/Substrate/GLints/dict_16_192_64_0p5_0p02_0030_0002.uasset" 7316
"../../../Engine/Content/EngineMaterials/Substrate/GLints/dict_16_192_64_0p5_0p02_0030_0003.uasset" 7317
"../../../Engine/Content/EngineMaterials/Substrate/GLints/dict_16_192_64_0p5_0p02_0030_0004.uasset" 7318
"../../../Engine/Content/EngineMaterials/Substrate/GLints/dict_16_192_64_0p5_0p02_0030_0005.uasset" 7319
"../../../Engine/Content/EngineMaterials/Substrate/GLints/dict_16_192_64_0p5_0p02_0030_0006.uasset" 7320
"../../../Engine/Content/EngineMaterials/Substrate/GLints/dict_16_192_64_0p5_0p02_0030_0007.uasset" 7321
"../../../Engine/Content/EngineMaterials/Substrate/GLints/dict_16_192_64_0p5_0p02_0030_0008.uasset" 7322
"../../../Engine/Content/EngineMaterials/Substrate/GLints/dict_16_192_64_0p5_0p02_0030_0009.uasset" 7323
"../../../Engine/Content/EngineMaterials/Substrate/GLints/dict_16_192_64_0p5_0p02_0030_0010.uasset" 7324
"../../../Engine/Content/EngineMaterials/Substrate/GLints/dict_16_192_64_0p5_0p02_0030_0011.uasset" 7325
"../../../Engine/Content/EngineMaterials/Substrate/GLints/dict_16_192_64_0p5_0p02_0030_0012.uasset" 7326
"../../../Engine/Content/EngineMaterials/Substrate/GLints/dict_16_192_64_0p5_0p02_0030_0013.uasset" 7327
"../../../Engine/Content/EngineMaterials/Substrate/GLints/dict_16_192_64_0p5_0p02_0030_0014.uasset" 7328
"../../../Engine/Content/EngineMaterials/Substrate/GLints/dict_16_192_64_0p5_0p02_0030_0015.uasset" 7329
"../../../Engine/Content/EngineMaterials/Substrate/GLints/dict_16_192_64_0p5_0p02_0031_0000.uasset" 7330
"../../../Engine/Content/EngineMaterials/Substrate/GLints/dict_16_192_64_0p5_0p02_0031_0001.uasset" 7331
"../../../Engine/Content/EngineMaterials/Substrate/GLints/dict_16_192_64_0p5_0p02_0031_0002.uasset" 7332
"../../../Engine/Content/EngineMaterials/Substrate/GLints/dict_16_192_64_0p5_0p02_0031_0003.uasset" 7333
"../../../Engine/Content/EngineMaterials/Substrate/GLints/dict_16_192_64_0p5_0p02_0031_0004.uasset" 7334
"../../../Engine/Content/EngineMaterials/Substrate/GLints/dict_16_192_64_0p5_0p02_0031_0005.uasset" 7335
"../../../Engine/Content/EngineMaterials/Substrate/GLints/dict_16_192_64_0p5_0p02_0031_0006.uasset" 7336
"../../../Engine/Content/EngineMaterials/Substrate/GLints/dict_16_192_64_0p5_0p02_0031_0007.uasset" 7337
"../../../Engine/Content/EngineMaterials/Substrate/GLints/dict_16_192_64_0p5_0p02_0031_0008.uasset" 7338
"../../../Engine/Content/EngineMaterials/Substrate/GLints/dict_16_192_64_0p5_0p02_0031_0009.uasset" 7339
"../../../Engine/Content/EngineMaterials/Substrate/GLints/dict_16_192_64_0p5_0p02_0031_0010.uasset" 7340
"../../../Engine/Content/EngineMaterials/Substrate/GLints/dict_16_192_64_0p5_0p02_0031_0011.uasset" 7341
"../../../Engine/Content/EngineMaterials/Substrate/GLints/dict_16_192_64_0p5_0p02_0031_0012.uasset" 7342
"../../../Engine/Content/EngineMaterials/Substrate/GLints/dict_16_192_64_0p5_0p02_0031_0013.uasset" 7343
"../../../Engine/Content/EngineMaterials/Substrate/GLints/dict_16_192_64_0p5_0p02_0031_0014.uasset" 7344
"../../../Engine/Content/EngineMaterials/Substrate/GLints/dict_16_192_64_0p5_0p02_0031_0015.uasset" 7345
"../../../Engine/Content/EngineMaterials/Substrate/GLints/dict_16_192_64_0p5_0p02_0032_0000.uasset" 7346
"../../../Engine/Content/EngineMaterials/Substrate/GLints/dict_16_192_64_0p5_0p02_0032_0001.uasset" 7347
"../../../Engine/Content/EngineMaterials/Substrate/GLints/dict_16_192_64_0p5_0p02_0032_0002.uasset" 7348
"../../../Engine/Content/EngineMaterials/Substrate/GLints/dict_16_192_64_0p5_0p02_0032_0003.uasset" 7349
"../../../Engine/Content/EngineMaterials/Substrate/GLints/dict_16_192_64_0p5_0p02_0032_0004.uasset" 7350
"../../../Engine/Content/EngineMaterials/Substrate/GLints/dict_16_192_64_0p5_0p02_0032_0005.uasset" 7351
"../../../Engine/Content/EngineMaterials/Substrate/GLints/dict_16_192_64_0p5_0p02_0032_0006.uasset" 7352
"../../../Engine/Content/EngineMaterials/Substrate/GLints/dict_16_192_64_0p5_0p02_0032_0007.uasset" 7353
"../../../Engine/Content/EngineMaterials/Substrate/GLints/dict_16_192_64_0p5_0p02_0032_0008.uasset" 7354
"../../../Engine/Content/EngineMaterials/Substrate/GLints/dict_16_192_64_0p5_0p02_0032_0009.uasset" 7355
"../../../Engine/Content/EngineMaterials/Substrate/GLints/dict_16_192_64_0p5_0p02_0032_0010.uasset" 7356
"../../../Engine/Content/EngineMaterials/Substrate/GLints/dict_16_192_64_0p5_0p02_0032_0011.uasset" 7357
"../../../Engine/Content/EngineMaterials/Substrate/GLints/dict_16_192_64_0p5_0p02_0032_0012.uasset" 7358
"../../../Engine/Content/EngineMaterials/Substrate/GLints/dict_16_192_64_0p5_0p02_0032_0013.uasset" 7359
"../../../Engine/Content/EngineMaterials/Substrate/GLints/dict_16_192_64_0p5_0p02_0032_0014.uasset" 7360
"../../../Engine/Content/EngineMaterials/Substrate/GLints/dict_16_192_64_0p5_0p02_0032_0015.uasset" 7361
"../../../Engine/Content/EngineMaterials/Substrate/GLints/dict_16_192_64_0p5_0p02_0033_0000.uasset" 7362
"../../../Engine/Content/EngineMaterials/Substrate/GLints/dict_16_192_64_0p5_0p02_0033_0001.uasset" 7363
"../../../Engine/Content/EngineMaterials/Substrate/GLints/dict_16_192_64_0p5_0p02_0033_0002.uasset" 7364
"../../../Engine/Content/EngineMaterials/Substrate/GLints/dict_16_192_64_0p5_0p02_0033_0003.uasset" 7365
"../../../Engine/Content/EngineMaterials/Substrate/GLints/dict_16_192_64_0p5_0p02_0033_0004.uasset" 7366
"../../../Engine/Content/EngineMaterials/Substrate/GLints/dict_16_192_64_0p5_0p02_0033_0005.uasset" 7367
"../../../Engine/Content/EngineMaterials/Substrate/GLints/dict_16_192_64_0p5_0p02_0033_0006.uasset" 7368
"../../../Engine/Content/EngineMaterials/Substrate/GLints/dict_16_192_64_0p5_0p02_0033_0007.uasset" 7369
"../../../Engine/Content/EngineMaterials/Substrate/GLints/dict_16_192_64_0p5_0p02_0033_0008.uasset" 7370
"../../../Engine/Content/EngineMaterials/Substrate/GLints/dict_16_192_64_0p5_0p02_0033_0009.uasset" 7371
"../../../Engine/Content/EngineMaterials/Substrate/GLints/dict_16_192_64_0p5_0p02_0033_0010.uasset" 7372
"../../../Engine/Content/EngineMaterials/Substrate/GLints/dict_16_192_64_0p5_0p02_0033_0011.uasset" 7373
"../../../Engine/Content/EngineMaterials/Substrate/GLints/dict_16_192_64_0p5_0p02_0033_0012.uasset" 7374
"../../../Engine/Content/EngineMaterials/Substrate/GLints/dict_16_192_64_0p5_0p02_0033_0013.uasset" 7375
"../../../Engine/Content/EngineMaterials/Substrate/GLints/dict_16_192_64_0p5_0p02_0033_0014.uasset" 7376
"../../../Engine/Content/EngineMaterials/Substrate/GLints/dict_16_192_64_0p5_0p02_0033_0015.uasset" 7377
"../../../Engine/Content/EngineMaterials/Substrate/GLints/dict_16_192_64_0p5_0p02_0034_0000.uasset" 7378
"../../../Engine/Content/EngineMaterials/Substrate/GLints/dict_16_192_64_0p5_0p02_0034_0001.uasset" 7379
"../../../Engine/Content/EngineMaterials/Substrate/GLints/dict_16_192_64_0p5_0p02_0034_0002.uasset" 7380
"../../../Engine/Content/EngineMaterials/Substrate/GLints/dict_16_192_64_0p5_0p02_0034_0003.uasset" 7381
"../../../Engine/Content/EngineMaterials/Substrate/GLints/dict_16_192_64_0p5_0p02_0034_0004.uasset" 7382
"../../../Engine/Content/EngineMaterials/Substrate/GLints/dict_16_192_64_0p5_0p02_0034_0005.uasset" 7383
"../../../Engine/Content/EngineMaterials/Substrate/GLints/dict_16_192_64_0p5_0p02_0034_0006.uasset" 7384
"../../../Engine/Content/EngineMaterials/Substrate/GLints/dict_16_192_64_0p5_0p02_0034_0007.uasset" 7385
"../../../Engine/Content/EngineMaterials/Substrate/GLints/dict_16_192_64_0p5_0p02_0034_0008.uasset" 7386
"../../../Engine/Content/EngineMaterials/Substrate/GLints/dict_16_192_64_0p5_0p02_0034_0009.uasset" 7387
"../../../Engine/Content/EngineMaterials/Substrate/GLints/dict_16_192_64_0p5_0p02_0034_0010.uasset" 7388
"../../../Engine/Content/EngineMaterials/Substrate/GLints/dict_16_192_64_0p5_0p02_0034_0011.uasset" 7389
"../../../Engine/Content/EngineMaterials/Substrate/GLints/dict_16_192_64_0p5_0p02_0034_0012.uasset" 7390
"../../../Engine/Content/EngineMaterials/Substrate/GLints/dict_16_192_64_0p5_0p02_0034_0013.uasset" 7391
"../../../Engine/Content/EngineMaterials/Substrate/GLints/dict_16_192_64_0p5_0p02_0034_0014.uasset" 7392
"../../../Engine/Content/EngineMaterials/Substrate/GLints/dict_16_192_64_0p5_0p02_0034_0015.uasset" 7393
"../../../Engine/Content/EngineMaterials/Substrate/GLints/dict_16_192_64_0p5_0p02_0035_0000.uasset" 7394
"../../../Engine/Content/EngineMaterials/Substrate/GLints/dict_16_192_64_0p5_0p02_0035_0001.uasset" 7395
"../../../Engine/Content/EngineMaterials/Substrate/GLints/dict_16_192_64_0p5_0p02_0035_0002.uasset" 7396
"../../../Engine/Content/EngineMaterials/Substrate/GLints/dict_16_192_64_0p5_0p02_0035_0003.uasset" 7397
"../../../Engine/Content/EngineMaterials/Substrate/GLints/dict_16_192_64_0p5_0p02_0035_0004.uasset" 7398
"../../../Engine/Content/EngineMaterials/Substrate/GLints/dict_16_192_64_0p5_0p02_0035_0005.uasset" 7399
"../../../Engine/Content/EngineMaterials/Substrate/GLints/dict_16_192_64_0p5_0p02_0035_0006.uasset" 7400
"../../../Engine/Content/EngineMaterials/Substrate/GLints/dict_16_192_64_0p5_0p02_0035_0007.uasset" 7401
"../../../Engine/Content/EngineMaterials/Substrate/GLints/dict_16_192_64_0p5_0p02_0035_0008.uasset" 7402
"../../../Engine/Content/EngineMaterials/Substrate/GLints/dict_16_192_64_0p5_0p02_0035_0009.uasset" 7403
"../../../Engine/Content/EngineMaterials/Substrate/GLints/dict_16_192_64_0p5_0p02_0035_0010.uasset" 7404
"../../../Engine/Content/EngineMaterials/Substrate/GLints/dict_16_192_64_0p5_0p02_0035_0011.uasset" 7405
"../../../Engine/Content/EngineMaterials/Substrate/GLints/dict_16_192_64_0p5_0p02_0035_0012.uasset" 7406
"../../../Engine/Content/EngineMaterials/Substrate/GLints/dict_16_192_64_0p5_0p02_0035_0013.uasset" 7407
"../../../Engine/Content/EngineMaterials/Substrate/GLints/dict_16_192_64_0p5_0p02_0035_0014.uasset" 7408
"../../../Engine/Content/EngineMaterials/Substrate/GLints/dict_16_192_64_0p5_0p02_0035_0015.uasset" 7409
"../../../Engine/Content/EngineMaterials/Substrate/GLints/dict_16_192_64_0p5_0p02_0036_0000.uasset" 7410
"../../../Engine/Content/EngineMaterials/Substrate/GLints/dict_16_192_64_0p5_0p02_0036_0001.uasset" 7411
"../../../Engine/Content/EngineMaterials/Substrate/GLints/dict_16_192_64_0p5_0p02_0036_0002.uasset" 7412
"../../../Engine/Content/EngineMaterials/Substrate/GLints/dict_16_192_64_0p5_0p02_0036_0003.uasset" 7413
"../../../Engine/Content/EngineMaterials/Substrate/GLints/dict_16_192_64_0p5_0p02_0036_0004.uasset" 7414
"../../../Engine/Content/EngineMaterials/Substrate/GLints/dict_16_192_64_0p5_0p02_0036_0005.uasset" 7415
"../../../Engine/Content/EngineMaterials/Substrate/GLints/dict_16_192_64_0p5_0p02_0036_0006.uasset" 7416
"../../../Engine/Content/EngineMaterials/Substrate/GLints/dict_16_192_64_0p5_0p02_0036_0007.uasset" 7417
"../../../Engine/Content/EngineMaterials/Substrate/GLints/dict_16_192_64_0p5_0p02_0036_0008.uasset" 7418
"../../../Engine/Content/EngineMaterials/Substrate/GLints/dict_16_192_64_0p5_0p02_0036_0009.uasset" 7419
"../../../Engine/Content/EngineMaterials/Substrate/GLints/dict_16_192_64_0p5_0p02_0036_0010.uasset" 7420
"../../../Engine/Content/EngineMaterials/Substrate/GLints/dict_16_192_64_0p5_0p02_0036_0011.uasset" 7421
"../../../Engine/Content/EngineMaterials/Substrate/GLints/dict_16_192_64_0p5_0p02_0036_0012.uasset" 7422
"../../../Engine/Content/EngineMaterials/Substrate/GLints/dict_16_192_64_0p5_0p02_0036_0013.uasset" 7423
"../../../Engine/Content/EngineMaterials/Substrate/GLints/dict_16_192_64_0p5_0p02_0036_0014.uasset" 7424
"../../../Engine/Content/EngineMaterials/Substrate/GLints/dict_16_192_64_0p5_0p02_0036_0015.uasset" 7425
"../../../Engine/Content/EngineMaterials/Substrate/GLints/dict_16_192_64_0p5_0p02_0037_0000.uasset" 7426
"../../../Engine/Content/EngineMaterials/Substrate/GLints/dict_16_192_64_0p5_0p02_0037_0001.uasset" 7427
"../../../Engine/Content/EngineMaterials/Substrate/GLints/dict_16_192_64_0p5_0p02_0037_0002.uasset" 7428
"../../../Engine/Content/EngineMaterials/Substrate/GLints/dict_16_192_64_0p5_0p02_0037_0003.uasset" 7429
"../../../Engine/Content/EngineMaterials/Substrate/GLints/dict_16_192_64_0p5_0p02_0037_0004.uasset" 7430
"../../../Engine/Content/EngineMaterials/Substrate/GLints/dict_16_192_64_0p5_0p02_0037_0005.uasset" 7431
"../../../Engine/Content/EngineMaterials/Substrate/GLints/dict_16_192_64_0p5_0p02_0037_0006.uasset" 7432
"../../../Engine/Content/EngineMaterials/Substrate/GLints/dict_16_192_64_0p5_0p02_0037_0007.uasset" 7433
"../../../Engine/Content/EngineMaterials/Substrate/GLints/dict_16_192_64_0p5_0p02_0037_0008.uasset" 7434
"../../../Engine/Content/EngineMaterials/Substrate/GLints/dict_16_192_64_0p5_0p02_0037_0009.uasset" 7435
"../../../Engine/Content/EngineMaterials/Substrate/GLints/dict_16_192_64_0p5_0p02_0037_0010.uasset" 7436
"../../../Engine/Content/EngineMaterials/Substrate/GLints/dict_16_192_64_0p5_0p02_0037_0011.uasset" 7437
"../../../Engine/Content/EngineMaterials/Substrate/GLints/dict_16_192_64_0p5_0p02_0037_0012.uasset" 7438
"../../../Engine/Content/EngineMaterials/Substrate/GLints/dict_16_192_64_0p5_0p02_0037_0013.uasset" 7439
"../../../Engine/Content/EngineMaterials/Substrate/GLints/dict_16_192_64_0p5_0p02_0037_0014.uasset" 7440
"../../../Engine/Content/EngineMaterials/Substrate/GLints/dict_16_192_64_0p5_0p02_0037_0015.uasset" 7441
"../../../Engine/Content/EngineMaterials/Substrate/GLints/dict_16_192_64_0p5_0p02_0038_0000.uasset" 7442
"../../../Engine/Content/EngineMaterials/Substrate/GLints/dict_16_192_64_0p5_0p02_0038_0001.uasset" 7443
"../../../Engine/Content/EngineMaterials/Substrate/GLints/dict_16_192_64_0p5_0p02_0038_0002.uasset" 7444
"../../../Engine/Content/EngineMaterials/Substrate/GLints/dict_16_192_64_0p5_0p02_0038_0003.uasset" 7445
"../../../Engine/Content/EngineMaterials/Substrate/GLints/dict_16_192_64_0p5_0p02_0038_0004.uasset" 7446
"../../../Engine/Content/EngineMaterials/Substrate/GLints/dict_16_192_64_0p5_0p02_0038_0005.uasset" 7447
"../../../Engine/Content/EngineMaterials/Substrate/GLints/dict_16_192_64_0p5_0p02_0038_0006.uasset" 7448
"../../../Engine/Content/EngineMaterials/Substrate/GLints/dict_16_192_64_0p5_0p02_0038_0007.uasset" 7449
"../../../Engine/Content/EngineMaterials/Substrate/GLints/dict_16_192_64_0p5_0p02_0038_0008.uasset" 7450
"../../../Engine/Content/EngineMaterials/Substrate/GLints/dict_16_192_64_0p5_0p02_0038_0009.uasset" 7451
"../../../Engine/Content/EngineMaterials/Substrate/GLints/dict_16_192_64_0p5_0p02_0038_0010.uasset" 7452
"../../../Engine/Content/EngineMaterials/Substrate/GLints/dict_16_192_64_0p5_0p02_0038_0011.uasset" 7453
"../../../Engine/Content/EngineMaterials/Substrate/GLints/dict_16_192_64_0p5_0p02_0038_0012.uasset" 7454
"../../../Engine/Content/EngineMaterials/Substrate/GLints/dict_16_192_64_0p5_0p02_0038_0013.uasset" 7455
"../../../Engine/Content/EngineMaterials/Substrate/GLints/dict_16_192_64_0p5_0p02_0038_0014.uasset" 7456
"../../../Engine/Content/EngineMaterials/Substrate/GLints/dict_16_192_64_0p5_0p02_0038_0015.uasset" 7457
"../../../Engine/Content/EngineMaterials/Substrate/GLints/dict_16_192_64_0p5_0p02_0039_0000.uasset" 7458
"../../../Engine/Content/EngineMaterials/Substrate/GLints/dict_16_192_64_0p5_0p02_0039_0001.uasset" 7459
"../../../Engine/Content/EngineMaterials/Substrate/GLints/dict_16_192_64_0p5_0p02_0039_0002.uasset" 7460
"../../../Engine/Content/EngineMaterials/Substrate/GLints/dict_16_192_64_0p5_0p02_0039_0003.uasset" 7461
"../../../Engine/Content/EngineMaterials/Substrate/GLints/dict_16_192_64_0p5_0p02_0039_0004.uasset" 7462
"../../../Engine/Content/EngineMaterials/Substrate/GLints/dict_16_192_64_0p5_0p02_0039_0005.uasset" 7463
"../../../Engine/Content/EngineMaterials/Substrate/GLints/dict_16_192_64_0p5_0p02_0039_0006.uasset" 7464
"../../../Engine/Content/EngineMaterials/Substrate/GLints/dict_16_192_64_0p5_0p02_0039_0007.uasset" 7465
"../../../Engine/Content/EngineMaterials/Substrate/GLints/dict_16_192_64_0p5_0p02_0039_0008.uasset" 7466
"../../../Engine/Content/EngineMaterials/Substrate/GLints/dict_16_192_64_0p5_0p02_0039_0009.uasset" 7467
"../../../Engine/Content/EngineMaterials/Substrate/GLints/dict_16_192_64_0p5_0p02_0039_0010.uasset" 7468
"../../../Engine/Content/EngineMaterials/Substrate/GLints/dict_16_192_64_0p5_0p02_0039_0011.uasset" 7469
"../../../Engine/Content/EngineMaterials/Substrate/GLints/dict_16_192_64_0p5_0p02_0039_0012.uasset" 7470
"../../../Engine/Content/EngineMaterials/Substrate/GLints/dict_16_192_64_0p5_0p02_0039_0013.uasset" 7471
"../../../Engine/Content/EngineMaterials/Substrate/GLints/dict_16_192_64_0p5_0p02_0039_0014.uasset" 7472
"../../../Engine/Content/EngineMaterials/Substrate/GLints/dict_16_192_64_0p5_0p02_0039_0015.uasset" 7473
"../../../Engine/Content/EngineMaterials/Substrate/GLints/dict_16_192_64_0p5_0p02_0040_0000.uasset" 7474
"../../../Engine/Content/EngineMaterials/Substrate/GLints/dict_16_192_64_0p5_0p02_0040_0001.uasset" 7475
"../../../Engine/Content/EngineMaterials/Substrate/GLints/dict_16_192_64_0p5_0p02_0040_0002.uasset" 7476
"../../../Engine/Content/EngineMaterials/Substrate/GLints/dict_16_192_64_0p5_0p02_0040_0003.uasset" 7477
"../../../Engine/Content/EngineMaterials/Substrate/GLints/dict_16_192_64_0p5_0p02_0040_0004.uasset" 7478
"../../../Engine/Content/EngineMaterials/Substrate/GLints/dict_16_192_64_0p5_0p02_0040_0005.uasset" 7479
"../../../Engine/Content/EngineMaterials/Substrate/GLints/dict_16_192_64_0p5_0p02_0040_0006.uasset" 7480
"../../../Engine/Content/EngineMaterials/Substrate/GLints/dict_16_192_64_0p5_0p02_0040_0007.uasset" 7481
"../../../Engine/Content/EngineMaterials/Substrate/GLints/dict_16_192_64_0p5_0p02_0040_0008.uasset" 7482
"../../../Engine/Content/EngineMaterials/Substrate/GLints/dict_16_192_64_0p5_0p02_0040_0009.uasset" 7483
"../../../Engine/Content/EngineMaterials/Substrate/GLints/dict_16_192_64_0p5_0p02_0040_0010.uasset" 7484
"../../../Engine/Content/EngineMaterials/Substrate/GLints/dict_16_192_64_0p5_0p02_0040_0011.uasset" 7485
"../../../Engine/Content/EngineMaterials/Substrate/GLints/dict_16_192_64_0p5_0p02_0040_0012.uasset" 7486
"../../../Engine/Content/EngineMaterials/Substrate/GLints/dict_16_192_64_0p5_0p02_0040_0013.uasset" 7487
"../../../Engine/Content/EngineMaterials/Substrate/GLints/dict_16_192_64_0p5_0p02_0040_0014.uasset" 7488
"../../../Engine/Content/EngineMaterials/Substrate/GLints/dict_16_192_64_0p5_0p02_0040_0015.uasset" 7489
"../../../Engine/Content/EngineMaterials/Substrate/GLints/dict_16_192_64_0p5_0p02_0041_0000.uasset" 7490
"../../../Engine/Content/EngineMaterials/Substrate/GLints/dict_16_192_64_0p5_0p02_0041_0001.uasset" 7491
"../../../Engine/Content/EngineMaterials/Substrate/GLints/dict_16_192_64_0p5_0p02_0041_0002.uasset" 7492
"../../../Engine/Content/EngineMaterials/Substrate/GLints/dict_16_192_64_0p5_0p02_0041_0003.uasset" 7493
"../../../Engine/Content/EngineMaterials/Substrate/GLints/dict_16_192_64_0p5_0p02_0041_0004.uasset" 7494
"../../../Engine/Content/EngineMaterials/Substrate/GLints/dict_16_192_64_0p5_0p02_0041_0005.uasset" 7495
"../../../Engine/Content/EngineMaterials/Substrate/GLints/dict_16_192_64_0p5_0p02_0041_0006.uasset" 7496
"../../../Engine/Content/EngineMaterials/Substrate/GLints/dict_16_192_64_0p5_0p02_0041_0007.uasset" 7497
"../../../Engine/Content/EngineMaterials/Substrate/GLints/dict_16_192_64_0p5_0p02_0041_0008.uasset" 7498
"../../../Engine/Content/EngineMaterials/Substrate/GLints/dict_16_192_64_0p5_0p02_0041_0009.uasset" 7499
"../../../Engine/Content/EngineMaterials/Substrate/GLints/dict_16_192_64_0p5_0p02_0041_0010.uasset" 7500
"../../../Engine/Content/EngineMaterials/Substrate/GLints/dict_16_192_64_0p5_0p02_0041_0011.uasset" 7501
"../../../Engine/Content/EngineMaterials/Substrate/GLints/dict_16_192_64_0p5_0p02_0041_0012.uasset" 7502
"../../../Engine/Content/EngineMaterials/Substrate/GLints/dict_16_192_64_0p5_0p02_0041_0013.uasset" 7503
"../../../Engine/Content/EngineMaterials/Substrate/GLints/dict_16_192_64_0p5_0p02_0041_0014.uasset" 7504
"../../../Engine/Content/EngineMaterials/Substrate/GLints/dict_16_192_64_0p5_0p02_0041_0015.uasset" 7505
"../../../Engine/Content/EngineMaterials/Substrate/GLints/dict_16_192_64_0p5_0p02_0042_0000.uasset" 7506
"../../../Engine/Content/EngineMaterials/Substrate/GLints/dict_16_192_64_0p5_0p02_0042_0001.uasset" 7507
"../../../Engine/Content/EngineMaterials/Substrate/GLints/dict_16_192_64_0p5_0p02_0042_0002.uasset" 7508
"../../../Engine/Content/EngineMaterials/Substrate/GLints/dict_16_192_64_0p5_0p02_0042_0003.uasset" 7509
"../../../Engine/Content/EngineMaterials/Substrate/GLints/dict_16_192_64_0p5_0p02_0042_0004.uasset" 7510
"../../../Engine/Content/EngineMaterials/Substrate/GLints/dict_16_192_64_0p5_0p02_0042_0005.uasset" 7511
"../../../Engine/Content/EngineMaterials/Substrate/GLints/dict_16_192_64_0p5_0p02_0042_0006.uasset" 7512
"../../../Engine/Content/EngineMaterials/Substrate/GLints/dict_16_192_64_0p5_0p02_0042_0007.uasset" 7513
"../../../Engine/Content/EngineMaterials/Substrate/GLints/dict_16_192_64_0p5_0p02_0042_0008.uasset" 7514
"../../../Engine/Content/EngineMaterials/Substrate/GLints/dict_16_192_64_0p5_0p02_0042_0009.uasset" 7515
"../../../Engine/Content/EngineMaterials/Substrate/GLints/dict_16_192_64_0p5_0p02_0042_0010.uasset" 7516
"../../../Engine/Content/EngineMaterials/Substrate/GLints/dict_16_192_64_0p5_0p02_0042_0011.uasset" 7517
"../../../Engine/Content/EngineMaterials/Substrate/GLints/dict_16_192_64_0p5_0p02_0042_0012.uasset" 7518
"../../../Engine/Content/EngineMaterials/Substrate/GLints/dict_16_192_64_0p5_0p02_0042_0013.uasset" 7519
"../../../Engine/Content/EngineMaterials/Substrate/GLints/dict_16_192_64_0p5_0p02_0042_0014.uasset" 7520
"../../../Engine/Content/EngineMaterials/Substrate/GLints/dict_16_192_64_0p5_0p02_0042_0015.uasset" 7521
"../../../Engine/Content/EngineMaterials/Substrate/GLints/dict_16_192_64_0p5_0p02_0043_0000.uasset" 7522
"../../../Engine/Content/EngineMaterials/Substrate/GLints/dict_16_192_64_0p5_0p02_0043_0001.uasset" 7523
"../../../Engine/Content/EngineMaterials/Substrate/GLints/dict_16_192_64_0p5_0p02_0043_0002.uasset" 7524
"../../../Engine/Content/EngineMaterials/Substrate/GLints/dict_16_192_64_0p5_0p02_0043_0003.uasset" 7525
"../../../Engine/Content/EngineMaterials/Substrate/GLints/dict_16_192_64_0p5_0p02_0043_0004.uasset" 7526
"../../../Engine/Content/EngineMaterials/Substrate/GLints/dict_16_192_64_0p5_0p02_0043_0005.uasset" 7527
"../../../Engine/Content/EngineMaterials/Substrate/GLints/dict_16_192_64_0p5_0p02_0043_0006.uasset" 7528
"../../../Engine/Content/EngineMaterials/Substrate/GLints/dict_16_192_64_0p5_0p02_0043_0007.uasset" 7529
"../../../Engine/Content/EngineMaterials/Substrate/GLints/dict_16_192_64_0p5_0p02_0043_0008.uasset" 7530
"../../../Engine/Content/EngineMaterials/Substrate/GLints/dict_16_192_64_0p5_0p02_0043_0009.uasset" 7531
"../../../Engine/Content/EngineMaterials/Substrate/GLints/dict_16_192_64_0p5_0p02_0043_0010.uasset" 7532
"../../../Engine/Content/EngineMaterials/Substrate/GLints/dict_16_192_64_0p5_0p02_0043_0011.uasset" 7533
"../../../Engine/Content/EngineMaterials/Substrate/GLints/dict_16_192_64_0p5_0p02_0043_0012.uasset" 7534
"../../../Engine/Content/EngineMaterials/Substrate/GLints/dict_16_192_64_0p5_0p02_0043_0013.uasset" 7535
"../../../Engine/Content/EngineMaterials/Substrate/GLints/dict_16_192_64_0p5_0p02_0043_0014.uasset" 7536
"../../../Engine/Content/EngineMaterials/Substrate/GLints/dict_16_192_64_0p5_0p02_0043_0015.uasset" 7537
"../../../Engine/Content/EngineMaterials/Substrate/GLints/dict_16_192_64_0p5_0p02_0044_0000.uasset" 7538
"../../../Engine/Content/EngineMaterials/Substrate/GLints/dict_16_192_64_0p5_0p02_0044_0001.uasset" 7539
"../../../Engine/Content/EngineMaterials/Substrate/GLints/dict_16_192_64_0p5_0p02_0044_0002.uasset" 7540
"../../../Engine/Content/EngineMaterials/Substrate/GLints/dict_16_192_64_0p5_0p02_0044_0003.uasset" 7541
"../../../Engine/Content/EngineMaterials/Substrate/GLints/dict_16_192_64_0p5_0p02_0044_0004.uasset" 7542
"../../../Engine/Content/EngineMaterials/Substrate/GLints/dict_16_192_64_0p5_0p02_0044_0005.uasset" 7543
"../../../Engine/Content/EngineMaterials/Substrate/GLints/dict_16_192_64_0p5_0p02_0044_0006.uasset" 7544
"../../../Engine/Content/EngineMaterials/Substrate/GLints/dict_16_192_64_0p5_0p02_0044_0007.uasset" 7545
"../../../Engine/Content/EngineMaterials/Substrate/GLints/dict_16_192_64_0p5_0p02_0044_0008.uasset" 7546
"../../../Engine/Content/EngineMaterials/Substrate/GLints/dict_16_192_64_0p5_0p02_0044_0009.uasset" 7547
"../../../Engine/Content/EngineMaterials/Substrate/GLints/dict_16_192_64_0p5_0p02_0044_0010.uasset" 7548
"../../../Engine/Content/EngineMaterials/Substrate/GLints/dict_16_192_64_0p5_0p02_0044_0011.uasset" 7549
"../../../Engine/Content/EngineMaterials/Substrate/GLints/dict_16_192_64_0p5_0p02_0044_0012.uasset" 7550
"../../../Engine/Content/EngineMaterials/Substrate/GLints/dict_16_192_64_0p5_0p02_0044_0013.uasset" 7551
"../../../Engine/Content/EngineMaterials/Substrate/GLints/dict_16_192_64_0p5_0p02_0044_0014.uasset" 7552
"../../../Engine/Content/EngineMaterials/Substrate/GLints/dict_16_192_64_0p5_0p02_0044_0015.uasset" 7553
"../../../Engine/Content/EngineMaterials/Substrate/GLints/dict_16_192_64_0p5_0p02_0045_0000.uasset" 7554
"../../../Engine/Content/EngineMaterials/Substrate/GLints/dict_16_192_64_0p5_0p02_0045_0001.uasset" 7555
"../../../Engine/Content/EngineMaterials/Substrate/GLints/dict_16_192_64_0p5_0p02_0045_0002.uasset" 7556
"../../../Engine/Content/EngineMaterials/Substrate/GLints/dict_16_192_64_0p5_0p02_0045_0003.uasset" 7557
"../../../Engine/Content/EngineMaterials/Substrate/GLints/dict_16_192_64_0p5_0p02_0045_0004.uasset" 7558
"../../../Engine/Content/EngineMaterials/Substrate/GLints/dict_16_192_64_0p5_0p02_0045_0005.uasset" 7559
"../../../Engine/Content/EngineMaterials/Substrate/GLints/dict_16_192_64_0p5_0p02_0045_0006.uasset" 7560
"../../../Engine/Content/EngineMaterials/Substrate/GLints/dict_16_192_64_0p5_0p02_0045_0007.uasset" 7561
"../../../Engine/Content/EngineMaterials/Substrate/GLints/dict_16_192_64_0p5_0p02_0045_0008.uasset" 7562
"../../../Engine/Content/EngineMaterials/Substrate/GLints/dict_16_192_64_0p5_0p02_0045_0009.uasset" 7563
"../../../Engine/Content/EngineMaterials/Substrate/GLints/dict_16_192_64_0p5_0p02_0045_0010.uasset" 7564
"../../../Engine/Content/EngineMaterials/Substrate/GLints/dict_16_192_64_0p5_0p02_0045_0011.uasset" 7565
"../../../Engine/Content/EngineMaterials/Substrate/GLints/dict_16_192_64_0p5_0p02_0045_0012.uasset" 7566
"../../../Engine/Content/EngineMaterials/Substrate/GLints/dict_16_192_64_0p5_0p02_0045_0013.uasset" 7567
"../../../Engine/Content/EngineMaterials/Substrate/GLints/dict_16_192_64_0p5_0p02_0045_0014.uasset" 7568
"../../../Engine/Content/EngineMaterials/Substrate/GLints/dict_16_192_64_0p5_0p02_0045_0015.uasset" 7569
"../../../Engine/Content/EngineMaterials/Substrate/GLints/dict_16_192_64_0p5_0p02_0046_0000.uasset" 7570
"../../../Engine/Content/EngineMaterials/Substrate/GLints/dict_16_192_64_0p5_0p02_0046_0001.uasset" 7571
"../../../Engine/Content/EngineMaterials/Substrate/GLints/dict_16_192_64_0p5_0p02_0046_0002.uasset" 7572
"../../../Engine/Content/EngineMaterials/Substrate/GLints/dict_16_192_64_0p5_0p02_0046_0003.uasset" 7573
"../../../Engine/Content/EngineMaterials/Substrate/GLints/dict_16_192_64_0p5_0p02_0046_0004.uasset" 7574
"../../../Engine/Content/EngineMaterials/Substrate/GLints/dict_16_192_64_0p5_0p02_0046_0005.uasset" 7575
"../../../Engine/Content/EngineMaterials/Substrate/GLints/dict_16_192_64_0p5_0p02_0046_0006.uasset" 7576
"../../../Engine/Content/EngineMaterials/Substrate/GLints/dict_16_192_64_0p5_0p02_0046_0007.uasset" 7577
"../../../Engine/Content/EngineMaterials/Substrate/GLints/dict_16_192_64_0p5_0p02_0046_0008.uasset" 7578
"../../../Engine/Content/EngineMaterials/Substrate/GLints/dict_16_192_64_0p5_0p02_0046_0009.uasset" 7579
"../../../Engine/Content/EngineMaterials/Substrate/GLints/dict_16_192_64_0p5_0p02_0046_0010.uasset" 7580
"../../../Engine/Content/EngineMaterials/Substrate/GLints/dict_16_192_64_0p5_0p02_0046_0011.uasset" 7581
"../../../Engine/Content/EngineMaterials/Substrate/GLints/dict_16_192_64_0p5_0p02_0046_0012.uasset" 7582
"../../../Engine/Content/EngineMaterials/Substrate/GLints/dict_16_192_64_0p5_0p02_0046_0013.uasset" 7583
"../../../Engine/Content/EngineMaterials/Substrate/GLints/dict_16_192_64_0p5_0p02_0046_0014.uasset" 7584
"../../../Engine/Content/EngineMaterials/Substrate/GLints/dict_16_192_64_0p5_0p02_0046_0015.uasset" 7585
"../../../Engine/Content/EngineMaterials/Substrate/GLints/dict_16_192_64_0p5_0p02_0047_0000.uasset" 7586
"../../../Engine/Content/EngineMaterials/Substrate/GLints/dict_16_192_64_0p5_0p02_0047_0001.uasset" 7587
"../../../Engine/Content/EngineMaterials/Substrate/GLints/dict_16_192_64_0p5_0p02_0047_0002.uasset" 7588
"../../../Engine/Content/EngineMaterials/Substrate/GLints/dict_16_192_64_0p5_0p02_0047_0003.uasset" 7589
"../../../Engine/Content/EngineMaterials/Substrate/GLints/dict_16_192_64_0p5_0p02_0047_0004.uasset" 7590
"../../../Engine/Content/EngineMaterials/Substrate/GLints/dict_16_192_64_0p5_0p02_0047_0005.uasset" 7591
"../../../Engine/Content/EngineMaterials/Substrate/GLints/dict_16_192_64_0p5_0p02_0047_0006.uasset" 7592
"../../../Engine/Content/EngineMaterials/Substrate/GLints/dict_16_192_64_0p5_0p02_0047_0007.uasset" 7593
"../../../Engine/Content/EngineMaterials/Substrate/GLints/dict_16_192_64_0p5_0p02_0047_0008.uasset" 7594
"../../../Engine/Content/EngineMaterials/Substrate/GLints/dict_16_192_64_0p5_0p02_0047_0009.uasset" 7595
"../../../Engine/Content/EngineMaterials/Substrate/GLints/dict_16_192_64_0p5_0p02_0047_0010.uasset" 7596
"../../../Engine/Content/EngineMaterials/Substrate/GLints/dict_16_192_64_0p5_0p02_0047_0011.uasset" 7597
"../../../Engine/Content/EngineMaterials/Substrate/GLints/dict_16_192_64_0p5_0p02_0047_0012.uasset" 7598
"../../../Engine/Content/EngineMaterials/Substrate/GLints/dict_16_192_64_0p5_0p02_0047_0013.uasset" 7599
"../../../Engine/Content/EngineMaterials/Substrate/GLints/dict_16_192_64_0p5_0p02_0047_0014.uasset" 7600
"../../../Engine/Content/EngineMaterials/Substrate/GLints/dict_16_192_64_0p5_0p02_0047_0015.uasset" 7601
"../../../Engine/Content/EngineMaterials/Substrate/GLints/dict_16_192_64_0p5_0p02_0048_0000.uasset" 7602
"../../../Engine/Content/EngineMaterials/Substrate/GLints/dict_16_192_64_0p5_0p02_0048_0001.uasset" 7603
"../../../Engine/Content/EngineMaterials/Substrate/GLints/dict_16_192_64_0p5_0p02_0048_0002.uasset" 7604
"../../../Engine/Content/EngineMaterials/Substrate/GLints/dict_16_192_64_0p5_0p02_0048_0003.uasset" 7605
"../../../Engine/Content/EngineMaterials/Substrate/GLints/dict_16_192_64_0p5_0p02_0048_0004.uasset" 7606
"../../../Engine/Content/EngineMaterials/Substrate/GLints/dict_16_192_64_0p5_0p02_0048_0005.uasset" 7607
"../../../Engine/Content/EngineMaterials/Substrate/GLints/dict_16_192_64_0p5_0p02_0048_0006.uasset" 7608
"../../../Engine/Content/EngineMaterials/Substrate/GLints/dict_16_192_64_0p5_0p02_0048_0007.uasset" 7609
"../../../Engine/Content/EngineMaterials/Substrate/GLints/dict_16_192_64_0p5_0p02_0048_0008.uasset" 7610
"../../../Engine/Content/EngineMaterials/Substrate/GLints/dict_16_192_64_0p5_0p02_0048_0009.uasset" 7611
"../../../Engine/Content/EngineMaterials/Substrate/GLints/dict_16_192_64_0p5_0p02_0048_0010.uasset" 7612
"../../../Engine/Content/EngineMaterials/Substrate/GLints/dict_16_192_64_0p5_0p02_0048_0011.uasset" 7613
"../../../Engine/Content/EngineMaterials/Substrate/GLints/dict_16_192_64_0p5_0p02_0048_0012.uasset" 7614
"../../../Engine/Content/EngineMaterials/Substrate/GLints/dict_16_192_64_0p5_0p02_0048_0013.uasset" 7615
"../../../Engine/Content/EngineMaterials/Substrate/GLints/dict_16_192_64_0p5_0p02_0048_0014.uasset" 7616
"../../../Engine/Content/EngineMaterials/Substrate/GLints/dict_16_192_64_0p5_0p02_0048_0015.uasset" 7617
"../../../Engine/Content/EngineMaterials/Substrate/GLints/dict_16_192_64_0p5_0p02_0049_0000.uasset" 7618
"../../../Engine/Content/EngineMaterials/Substrate/GLints/dict_16_192_64_0p5_0p02_0049_0001.uasset" 7619
"../../../Engine/Content/EngineMaterials/Substrate/GLints/dict_16_192_64_0p5_0p02_0049_0002.uasset" 7620
"../../../Engine/Content/EngineMaterials/Substrate/GLints/dict_16_192_64_0p5_0p02_0049_0003.uasset" 7621
"../../../Engine/Content/EngineMaterials/Substrate/GLints/dict_16_192_64_0p5_0p02_0049_0004.uasset" 7622
"../../../Engine/Content/EngineMaterials/Substrate/GLints/dict_16_192_64_0p5_0p02_0049_0005.uasset" 7623
"../../../Engine/Content/EngineMaterials/Substrate/GLints/dict_16_192_64_0p5_0p02_0049_0006.uasset" 7624
"../../../Engine/Content/EngineMaterials/Substrate/GLints/dict_16_192_64_0p5_0p02_0049_0007.uasset" 7625
"../../../Engine/Content/EngineMaterials/Substrate/GLints/dict_16_192_64_0p5_0p02_0049_0008.uasset" 7626
"../../../Engine/Content/EngineMaterials/Substrate/GLints/dict_16_192_64_0p5_0p02_0049_0009.uasset" 7627
"../../../Engine/Content/EngineMaterials/Substrate/GLints/dict_16_192_64_0p5_0p02_0049_0010.uasset" 7628
"../../../Engine/Content/EngineMaterials/Substrate/GLints/dict_16_192_64_0p5_0p02_0049_0011.uasset" 7629
"../../../Engine/Content/EngineMaterials/Substrate/GLints/dict_16_192_64_0p5_0p02_0049_0012.uasset" 7630
"../../../Engine/Content/EngineMaterials/Substrate/GLints/dict_16_192_64_0p5_0p02_0049_0013.uasset" 7631
"../../../Engine/Content/EngineMaterials/Substrate/GLints/dict_16_192_64_0p5_0p02_0049_0014.uasset" 7632
"../../../Engine/Content/EngineMaterials/Substrate/GLints/dict_16_192_64_0p5_0p02_0049_0015.uasset" 7633
"../../../Engine/Content/EngineMaterials/Substrate/GLints/dict_16_192_64_0p5_0p02_0050_0000.uasset" 7634
"../../../Engine/Content/EngineMaterials/Substrate/GLints/dict_16_192_64_0p5_0p02_0050_0001.uasset" 7635
"../../../Engine/Content/EngineMaterials/Substrate/GLints/dict_16_192_64_0p5_0p02_0050_0002.uasset" 7636
"../../../Engine/Content/EngineMaterials/Substrate/GLints/dict_16_192_64_0p5_0p02_0050_0003.uasset" 7637
"../../../Engine/Content/EngineMaterials/Substrate/GLints/dict_16_192_64_0p5_0p02_0050_0004.uasset" 7638
"../../../Engine/Content/EngineMaterials/Substrate/GLints/dict_16_192_64_0p5_0p02_0050_0005.uasset" 7639
"../../../Engine/Content/EngineMaterials/Substrate/GLints/dict_16_192_64_0p5_0p02_0050_0006.uasset" 7640
"../../../Engine/Content/EngineMaterials/Substrate/GLints/dict_16_192_64_0p5_0p02_0050_0007.uasset" 7641
"../../../Engine/Content/EngineMaterials/Substrate/GLints/dict_16_192_64_0p5_0p02_0050_0008.uasset" 7642
"../../../Engine/Content/EngineMaterials/Substrate/GLints/dict_16_192_64_0p5_0p02_0050_0009.uasset" 7643
"../../../Engine/Content/EngineMaterials/Substrate/GLints/dict_16_192_64_0p5_0p02_0050_0010.uasset" 7644
"../../../Engine/Content/EngineMaterials/Substrate/GLints/dict_16_192_64_0p5_0p02_0050_0011.uasset" 7645
"../../../Engine/Content/EngineMaterials/Substrate/GLints/dict_16_192_64_0p5_0p02_0050_0012.uasset" 7646
"../../../Engine/Content/EngineMaterials/Substrate/GLints/dict_16_192_64_0p5_0p02_0050_0013.uasset" 7647
"../../../Engine/Content/EngineMaterials/Substrate/GLints/dict_16_192_64_0p5_0p02_0050_0014.uasset" 7648
"../../../Engine/Content/EngineMaterials/Substrate/GLints/dict_16_192_64_0p5_0p02_0050_0015.uasset" 7649
"../../../Engine/Content/EngineMaterials/Substrate/GLints/dict_16_192_64_0p5_0p02_0051_0000.uasset" 7650
"../../../Engine/Content/EngineMaterials/Substrate/GLints/dict_16_192_64_0p5_0p02_0051_0001.uasset" 7651
"../../../Engine/Content/EngineMaterials/Substrate/GLints/dict_16_192_64_0p5_0p02_0051_0002.uasset" 7652
"../../../Engine/Content/EngineMaterials/Substrate/GLints/dict_16_192_64_0p5_0p02_0051_0003.uasset" 7653
"../../../Engine/Content/EngineMaterials/Substrate/GLints/dict_16_192_64_0p5_0p02_0051_0004.uasset" 7654
"../../../Engine/Content/EngineMaterials/Substrate/GLints/dict_16_192_64_0p5_0p02_0051_0005.uasset" 7655
"../../../Engine/Content/EngineMaterials/Substrate/GLints/dict_16_192_64_0p5_0p02_0051_0006.uasset" 7656
"../../../Engine/Content/EngineMaterials/Substrate/GLints/dict_16_192_64_0p5_0p02_0051_0007.uasset" 7657
"../../../Engine/Content/EngineMaterials/Substrate/GLints/dict_16_192_64_0p5_0p02_0051_0008.uasset" 7658
"../../../Engine/Content/EngineMaterials/Substrate/GLints/dict_16_192_64_0p5_0p02_0051_0009.uasset" 7659
"../../../Engine/Content/EngineMaterials/Substrate/GLints/dict_16_192_64_0p5_0p02_0051_0010.uasset" 7660
"../../../Engine/Content/EngineMaterials/Substrate/GLints/dict_16_192_64_0p5_0p02_0051_0011.uasset" 7661
"../../../Engine/Content/EngineMaterials/Substrate/GLints/dict_16_192_64_0p5_0p02_0051_0012.uasset" 7662
"../../../Engine/Content/EngineMaterials/Substrate/GLints/dict_16_192_64_0p5_0p02_0051_0013.uasset" 7663
"../../../Engine/Content/EngineMaterials/Substrate/GLints/dict_16_192_64_0p5_0p02_0051_0014.uasset" 7664
"../../../Engine/Content/EngineMaterials/Substrate/GLints/dict_16_192_64_0p5_0p02_0051_0015.uasset" 7665
"../../../Engine/Content/EngineMaterials/Substrate/GLints/dict_16_192_64_0p5_0p02_0052_0000.uasset" 7666
"../../../Engine/Content/EngineMaterials/Substrate/GLints/dict_16_192_64_0p5_0p02_0052_0001.uasset" 7667
"../../../Engine/Content/EngineMaterials/Substrate/GLints/dict_16_192_64_0p5_0p02_0052_0002.uasset" 7668
"../../../Engine/Content/EngineMaterials/Substrate/GLints/dict_16_192_64_0p5_0p02_0052_0003.uasset" 7669
"../../../Engine/Content/EngineMaterials/Substrate/GLints/dict_16_192_64_0p5_0p02_0052_0004.uasset" 7670
"../../../Engine/Content/EngineMaterials/Substrate/GLints/dict_16_192_64_0p5_0p02_0052_0005.uasset" 7671
"../../../Engine/Content/EngineMaterials/Substrate/GLints/dict_16_192_64_0p5_0p02_0052_0006.uasset" 7672
"../../../Engine/Content/EngineMaterials/Substrate/GLints/dict_16_192_64_0p5_0p02_0052_0007.uasset" 7673
"../../../Engine/Content/EngineMaterials/Substrate/GLints/dict_16_192_64_0p5_0p02_0052_0008.uasset" 7674
"../../../Engine/Content/EngineMaterials/Substrate/GLints/dict_16_192_64_0p5_0p02_0052_0009.uasset" 7675
"../../../Engine/Content/EngineMaterials/Substrate/GLints/dict_16_192_64_0p5_0p02_0052_0010.uasset" 7676
"../../../Engine/Content/EngineMaterials/Substrate/GLints/dict_16_192_64_0p5_0p02_0052_0011.uasset" 7677
"../../../Engine/Content/EngineMaterials/Substrate/GLints/dict_16_192_64_0p5_0p02_0052_0012.uasset" 7678
"../../../Engine/Content/EngineMaterials/Substrate/GLints/dict_16_192_64_0p5_0p02_0052_0013.uasset" 7679
"../../../Engine/Content/EngineMaterials/Substrate/GLints/dict_16_192_64_0p5_0p02_0052_0014.uasset" 7680
"../../../Engine/Content/EngineMaterials/Substrate/GLints/dict_16_192_64_0p5_0p02_0052_0015.uasset" 7681
"../../../Engine/Content/EngineMaterials/Substrate/GLints/dict_16_192_64_0p5_0p02_0053_0000.uasset" 7682
"../../../Engine/Content/EngineMaterials/Substrate/GLints/dict_16_192_64_0p5_0p02_0053_0001.uasset" 7683
"../../../Engine/Content/EngineMaterials/Substrate/GLints/dict_16_192_64_0p5_0p02_0053_0002.uasset" 7684
"../../../Engine/Content/EngineMaterials/Substrate/GLints/dict_16_192_64_0p5_0p02_0053_0003.uasset" 7685
"../../../Engine/Content/EngineMaterials/Substrate/GLints/dict_16_192_64_0p5_0p02_0053_0004.uasset" 7686
"../../../Engine/Content/EngineMaterials/Substrate/GLints/dict_16_192_64_0p5_0p02_0053_0005.uasset" 7687
"../../../Engine/Content/EngineMaterials/Substrate/GLints/dict_16_192_64_0p5_0p02_0053_0006.uasset" 7688
"../../../Engine/Content/EngineMaterials/Substrate/GLints/dict_16_192_64_0p5_0p02_0053_0007.uasset" 7689
"../../../Engine/Content/EngineMaterials/Substrate/GLints/dict_16_192_64_0p5_0p02_0053_0008.uasset" 7690
"../../../Engine/Content/EngineMaterials/Substrate/GLints/dict_16_192_64_0p5_0p02_0053_0009.uasset" 7691
"../../../Engine/Content/EngineMaterials/Substrate/GLints/dict_16_192_64_0p5_0p02_0053_0010.uasset" 7692
"../../../Engine/Content/EngineMaterials/Substrate/GLints/dict_16_192_64_0p5_0p02_0053_0011.uasset" 7693
"../../../Engine/Content/EngineMaterials/Substrate/GLints/dict_16_192_64_0p5_0p02_0053_0012.uasset" 7694
"../../../Engine/Content/EngineMaterials/Substrate/GLints/dict_16_192_64_0p5_0p02_0053_0013.uasset" 7695
"../../../Engine/Content/EngineMaterials/Substrate/GLints/dict_16_192_64_0p5_0p02_0053_0014.uasset" 7696
"../../../Engine/Content/EngineMaterials/Substrate/GLints/dict_16_192_64_0p5_0p02_0053_0015.uasset" 7697
"../../../Engine/Content/EngineMaterials/Substrate/GLints/dict_16_192_64_0p5_0p02_0054_0000.uasset" 7698
"../../../Engine/Content/EngineMaterials/Substrate/GLints/dict_16_192_64_0p5_0p02_0054_0001.uasset" 7699
"../../../Engine/Content/EngineMaterials/Substrate/GLints/dict_16_192_64_0p5_0p02_0054_0002.uasset" 7700
"../../../Engine/Content/EngineMaterials/Substrate/GLints/dict_16_192_64_0p5_0p02_0054_0003.uasset" 7701
"../../../Engine/Content/EngineMaterials/Substrate/GLints/dict_16_192_64_0p5_0p02_0054_0004.uasset" 7702
"../../../Engine/Content/EngineMaterials/Substrate/GLints/dict_16_192_64_0p5_0p02_0054_0005.uasset" 7703
"../../../Engine/Content/EngineMaterials/Substrate/GLints/dict_16_192_64_0p5_0p02_0054_0006.uasset" 7704
"../../../Engine/Content/EngineMaterials/Substrate/GLints/dict_16_192_64_0p5_0p02_0054_0007.uasset" 7705
"../../../Engine/Content/EngineMaterials/Substrate/GLints/dict_16_192_64_0p5_0p02_0054_0008.uasset" 7706
"../../../Engine/Content/EngineMaterials/Substrate/GLints/dict_16_192_64_0p5_0p02_0054_0009.uasset" 7707
"../../../Engine/Content/EngineMaterials/Substrate/GLints/dict_16_192_64_0p5_0p02_0054_0010.uasset" 7708
"../../../Engine/Content/EngineMaterials/Substrate/GLints/dict_16_192_64_0p5_0p02_0054_0011.uasset" 7709
"../../../Engine/Content/EngineMaterials/Substrate/GLints/dict_16_192_64_0p5_0p02_0054_0012.uasset" 7710
"../../../Engine/Content/EngineMaterials/Substrate/GLints/dict_16_192_64_0p5_0p02_0054_0013.uasset" 7711
"../../../Engine/Content/EngineMaterials/Substrate/GLints/dict_16_192_64_0p5_0p02_0054_0014.uasset" 7712
"../../../Engine/Content/EngineMaterials/Substrate/GLints/dict_16_192_64_0p5_0p02_0054_0015.uasset" 7713
"../../../Engine/Content/EngineMaterials/Substrate/GLints/dict_16_192_64_0p5_0p02_0055_0000.uasset" 7714
"../../../Engine/Content/EngineMaterials/Substrate/GLints/dict_16_192_64_0p5_0p02_0055_0001.uasset" 7715
"../../../Engine/Content/EngineMaterials/Substrate/GLints/dict_16_192_64_0p5_0p02_0055_0002.uasset" 7716
"../../../Engine/Content/EngineMaterials/Substrate/GLints/dict_16_192_64_0p5_0p02_0055_0003.uasset" 7717
"../../../Engine/Content/EngineMaterials/Substrate/GLints/dict_16_192_64_0p5_0p02_0055_0004.uasset" 7718
"../../../Engine/Content/EngineMaterials/Substrate/GLints/dict_16_192_64_0p5_0p02_0055_0005.uasset" 7719
"../../../Engine/Content/EngineMaterials/Substrate/GLints/dict_16_192_64_0p5_0p02_0055_0006.uasset" 7720
"../../../Engine/Content/EngineMaterials/Substrate/GLints/dict_16_192_64_0p5_0p02_0055_0007.uasset" 7721
"../../../Engine/Content/EngineMaterials/Substrate/GLints/dict_16_192_64_0p5_0p02_0055_0008.uasset" 7722
"../../../Engine/Content/EngineMaterials/Substrate/GLints/dict_16_192_64_0p5_0p02_0055_0009.uasset" 7723
"../../../Engine/Content/EngineMaterials/Substrate/GLints/dict_16_192_64_0p5_0p02_0055_0010.uasset" 7724
"../../../Engine/Content/EngineMaterials/Substrate/GLints/dict_16_192_64_0p5_0p02_0055_0011.uasset" 7725
"../../../Engine/Content/EngineMaterials/Substrate/GLints/dict_16_192_64_0p5_0p02_0055_0012.uasset" 7726
"../../../Engine/Content/EngineMaterials/Substrate/GLints/dict_16_192_64_0p5_0p02_0055_0013.uasset" 7727
"../../../Engine/Content/EngineMaterials/Substrate/GLints/dict_16_192_64_0p5_0p02_0055_0014.uasset" 7728
"../../../Engine/Content/EngineMaterials/Substrate/GLints/dict_16_192_64_0p5_0p02_0055_0015.uasset" 7729
"../../../Engine/Content/EngineMaterials/Substrate/GLints/dict_16_192_64_0p5_0p02_0056_0000.uasset" 7730
"../../../Engine/Content/EngineMaterials/Substrate/GLints/dict_16_192_64_0p5_0p02_0056_0001.uasset" 7731
"../../../Engine/Content/EngineMaterials/Substrate/GLints/dict_16_192_64_0p5_0p02_0056_0002.uasset" 7732
"../../../Engine/Content/EngineMaterials/Substrate/GLints/dict_16_192_64_0p5_0p02_0056_0003.uasset" 7733
"../../../Engine/Content/EngineMaterials/Substrate/GLints/dict_16_192_64_0p5_0p02_0056_0004.uasset" 7734
"../../../Engine/Content/EngineMaterials/Substrate/GLints/dict_16_192_64_0p5_0p02_0056_0005.uasset" 7735
"../../../Engine/Content/EngineMaterials/Substrate/GLints/dict_16_192_64_0p5_0p02_0056_0006.uasset" 7736
"../../../Engine/Content/EngineMaterials/Substrate/GLints/dict_16_192_64_0p5_0p02_0056_0007.uasset" 7737
"../../../Engine/Content/EngineMaterials/Substrate/GLints/dict_16_192_64_0p5_0p02_0056_0008.uasset" 7738
"../../../Engine/Content/EngineMaterials/Substrate/GLints/dict_16_192_64_0p5_0p02_0056_0009.uasset" 7739
"../../../Engine/Content/EngineMaterials/Substrate/GLints/dict_16_192_64_0p5_0p02_0056_0010.uasset" 7740
"../../../Engine/Content/EngineMaterials/Substrate/GLints/dict_16_192_64_0p5_0p02_0056_0011.uasset" 7741
"../../../Engine/Content/EngineMaterials/Substrate/GLints/dict_16_192_64_0p5_0p02_0056_0012.uasset" 7742
"../../../Engine/Content/EngineMaterials/Substrate/GLints/dict_16_192_64_0p5_0p02_0056_0013.uasset" 7743
"../../../Engine/Content/EngineMaterials/Substrate/GLints/dict_16_192_64_0p5_0p02_0056_0014.uasset" 7744
"../../../Engine/Content/EngineMaterials/Substrate/GLints/dict_16_192_64_0p5_0p02_0056_0015.uasset" 7745
"../../../Engine/Content/EngineMaterials/Substrate/GLints/dict_16_192_64_0p5_0p02_0057_0000.uasset" 7746
"../../../Engine/Content/EngineMaterials/Substrate/GLints/dict_16_192_64_0p5_0p02_0057_0001.uasset" 7747
"../../../Engine/Content/EngineMaterials/Substrate/GLints/dict_16_192_64_0p5_0p02_0057_0002.uasset" 7748
"../../../Engine/Content/EngineMaterials/Substrate/GLints/dict_16_192_64_0p5_0p02_0057_0003.uasset" 7749
"../../../Engine/Content/EngineMaterials/Substrate/GLints/dict_16_192_64_0p5_0p02_0057_0004.uasset" 7750
"../../../Engine/Content/EngineMaterials/Substrate/GLints/dict_16_192_64_0p5_0p02_0057_0005.uasset" 7751
"../../../Engine/Content/EngineMaterials/Substrate/GLints/dict_16_192_64_0p5_0p02_0057_0006.uasset" 7752
"../../../Engine/Content/EngineMaterials/Substrate/GLints/dict_16_192_64_0p5_0p02_0057_0007.uasset" 7753
"../../../Engine/Content/EngineMaterials/Substrate/GLints/dict_16_192_64_0p5_0p02_0057_0008.uasset" 7754
"../../../Engine/Content/EngineMaterials/Substrate/GLints/dict_16_192_64_0p5_0p02_0057_0009.uasset" 7755
"../../../Engine/Content/EngineMaterials/Substrate/GLints/dict_16_192_64_0p5_0p02_0057_0010.uasset" 7756
"../../../Engine/Content/EngineMaterials/Substrate/GLints/dict_16_192_64_0p5_0p02_0057_0011.uasset" 7757
"../../../Engine/Content/EngineMaterials/Substrate/GLints/dict_16_192_64_0p5_0p02_0057_0012.uasset" 7758
"../../../Engine/Content/EngineMaterials/Substrate/GLints/dict_16_192_64_0p5_0p02_0057_0013.uasset" 7759
"../../../Engine/Content/EngineMaterials/Substrate/GLints/dict_16_192_64_0p5_0p02_0057_0014.uasset" 7760
"../../../Engine/Content/EngineMaterials/Substrate/GLints/dict_16_192_64_0p5_0p02_0057_0015.uasset" 7761
"../../../Engine/Content/EngineMaterials/Substrate/GLints/dict_16_192_64_0p5_0p02_0058_0000.uasset" 7762
"../../../Engine/Content/EngineMaterials/Substrate/GLints/dict_16_192_64_0p5_0p02_0058_0001.uasset" 7763
"../../../Engine/Content/EngineMaterials/Substrate/GLints/dict_16_192_64_0p5_0p02_0058_0002.uasset" 7764
"../../../Engine/Content/EngineMaterials/Substrate/GLints/dict_16_192_64_0p5_0p02_0058_0003.uasset" 7765
"../../../Engine/Content/EngineMaterials/Substrate/GLints/dict_16_192_64_0p5_0p02_0058_0004.uasset" 7766
"../../../Engine/Content/EngineMaterials/Substrate/GLints/dict_16_192_64_0p5_0p02_0058_0005.uasset" 7767
"../../../Engine/Content/EngineMaterials/Substrate/GLints/dict_16_192_64_0p5_0p02_0058_0006.uasset" 7768
"../../../Engine/Content/EngineMaterials/Substrate/GLints/dict_16_192_64_0p5_0p02_0058_0007.uasset" 7769
"../../../Engine/Content/EngineMaterials/Substrate/GLints/dict_16_192_64_0p5_0p02_0058_0008.uasset" 7770
"../../../Engine/Content/EngineMaterials/Substrate/GLints/dict_16_192_64_0p5_0p02_0058_0009.uasset" 7771
"../../../Engine/Content/EngineMaterials/Substrate/GLints/dict_16_192_64_0p5_0p02_0058_0010.uasset" 7772
"../../../Engine/Content/EngineMaterials/Substrate/GLints/dict_16_192_64_0p5_0p02_0058_0011.uasset" 7773
"../../../Engine/Content/EngineMaterials/Substrate/GLints/dict_16_192_64_0p5_0p02_0058_0012.uasset" 7774
"../../../Engine/Content/EngineMaterials/Substrate/GLints/dict_16_192_64_0p5_0p02_0058_0013.uasset" 7775
"../../../Engine/Content/EngineMaterials/Substrate/GLints/dict_16_192_64_0p5_0p02_0058_0014.uasset" 7776
"../../../Engine/Content/EngineMaterials/Substrate/GLints/dict_16_192_64_0p5_0p02_0058_0015.uasset" 7777
"../../../Engine/Content/EngineMaterials/Substrate/GLints/dict_16_192_64_0p5_0p02_0059_0000.uasset" 7778
"../../../Engine/Content/EngineMaterials/Substrate/GLints/dict_16_192_64_0p5_0p02_0059_0001.uasset" 7779
"../../../Engine/Content/EngineMaterials/Substrate/GLints/dict_16_192_64_0p5_0p02_0059_0002.uasset" 7780
"../../../Engine/Content/EngineMaterials/Substrate/GLints/dict_16_192_64_0p5_0p02_0059_0003.uasset" 7781
"../../../Engine/Content/EngineMaterials/Substrate/GLints/dict_16_192_64_0p5_0p02_0059_0004.uasset" 7782
"../../../Engine/Content/EngineMaterials/Substrate/GLints/dict_16_192_64_0p5_0p02_0059_0005.uasset" 7783
"../../../Engine/Content/EngineMaterials/Substrate/GLints/dict_16_192_64_0p5_0p02_0059_0006.uasset" 7784
"../../../Engine/Content/EngineMaterials/Substrate/GLints/dict_16_192_64_0p5_0p02_0059_0007.uasset" 7785
"../../../Engine/Content/EngineMaterials/Substrate/GLints/dict_16_192_64_0p5_0p02_0059_0008.uasset" 7786
"../../../Engine/Content/EngineMaterials/Substrate/GLints/dict_16_192_64_0p5_0p02_0059_0009.uasset" 7787
"../../../Engine/Content/EngineMaterials/Substrate/GLints/dict_16_192_64_0p5_0p02_0059_0010.uasset" 7788
"../../../Engine/Content/EngineMaterials/Substrate/GLints/dict_16_192_64_0p5_0p02_0059_0011.uasset" 7789
"../../../Engine/Content/EngineMaterials/Substrate/GLints/dict_16_192_64_0p5_0p02_0059_0012.uasset" 7790
"../../../Engine/Content/EngineMaterials/Substrate/GLints/dict_16_192_64_0p5_0p02_0059_0013.uasset" 7791
"../../../Engine/Content/EngineMaterials/Substrate/GLints/dict_16_192_64_0p5_0p02_0059_0014.uasset" 7792
"../../../Engine/Content/EngineMaterials/Substrate/GLints/dict_16_192_64_0p5_0p02_0059_0015.uasset" 7793
"../../../Engine/Content/EngineMaterials/Substrate/GLints/dict_16_192_64_0p5_0p02_0060_0000.uasset" 7794
"../../../Engine/Content/EngineMaterials/Substrate/GLints/dict_16_192_64_0p5_0p02_0060_0001.uasset" 7795
"../../../Engine/Content/EngineMaterials/Substrate/GLints/dict_16_192_64_0p5_0p02_0060_0002.uasset" 7796
"../../../Engine/Content/EngineMaterials/Substrate/GLints/dict_16_192_64_0p5_0p02_0060_0003.uasset" 7797
"../../../Engine/Content/EngineMaterials/Substrate/GLints/dict_16_192_64_0p5_0p02_0060_0004.uasset" 7798
"../../../Engine/Content/EngineMaterials/Substrate/GLints/dict_16_192_64_0p5_0p02_0060_0005.uasset" 7799
"../../../Engine/Content/EngineMaterials/Substrate/GLints/dict_16_192_64_0p5_0p02_0060_0006.uasset" 7800
"../../../Engine/Content/EngineMaterials/Substrate/GLints/dict_16_192_64_0p5_0p02_0060_0007.uasset" 7801
"../../../Engine/Content/EngineMaterials/Substrate/GLints/dict_16_192_64_0p5_0p02_0060_0008.uasset" 7802
"../../../Engine/Content/EngineMaterials/Substrate/GLints/dict_16_192_64_0p5_0p02_0060_0009.uasset" 7803
"../../../Engine/Content/EngineMaterials/Substrate/GLints/dict_16_192_64_0p5_0p02_0060_0010.uasset" 7804
"../../../Engine/Content/EngineMaterials/Substrate/GLints/dict_16_192_64_0p5_0p02_0060_0011.uasset" 7805
"../../../Engine/Content/EngineMaterials/Substrate/GLints/dict_16_192_64_0p5_0p02_0060_0012.uasset" 7806
"../../../Engine/Content/EngineMaterials/Substrate/GLints/dict_16_192_64_0p5_0p02_0060_0013.uasset" 7807
"../../../Engine/Content/EngineMaterials/Substrate/GLints/dict_16_192_64_0p5_0p02_0060_0014.uasset" 7808
"../../../Engine/Content/EngineMaterials/Substrate/GLints/dict_16_192_64_0p5_0p02_0060_0015.uasset" 7809
"../../../Engine/Content/EngineMaterials/Substrate/GLints/dict_16_192_64_0p5_0p02_0061_0000.uasset" 7810
"../../../Engine/Content/EngineMaterials/Substrate/GLints/dict_16_192_64_0p5_0p02_0061_0001.uasset" 7811
"../../../Engine/Content/EngineMaterials/Substrate/GLints/dict_16_192_64_0p5_0p02_0061_0002.uasset" 7812
"../../../Engine/Content/EngineMaterials/Substrate/GLints/dict_16_192_64_0p5_0p02_0061_0003.uasset" 7813
"../../../Engine/Content/EngineMaterials/Substrate/GLints/dict_16_192_64_0p5_0p02_0061_0004.uasset" 7814
"../../../Engine/Content/EngineMaterials/Substrate/GLints/dict_16_192_64_0p5_0p02_0061_0005.uasset" 7815
"../../../Engine/Content/EngineMaterials/Substrate/GLints/dict_16_192_64_0p5_0p02_0061_0006.uasset" 7816
"../../../Engine/Content/EngineMaterials/Substrate/GLints/dict_16_192_64_0p5_0p02_0061_0007.uasset" 7817
"../../../Engine/Content/EngineMaterials/Substrate/GLints/dict_16_192_64_0p5_0p02_0061_0008.uasset" 7818
"../../../Engine/Content/EngineMaterials/Substrate/GLints/dict_16_192_64_0p5_0p02_0061_0009.uasset" 7819
"../../../Engine/Content/EngineMaterials/Substrate/GLints/dict_16_192_64_0p5_0p02_0061_0010.uasset" 7820
"../../../Engine/Content/EngineMaterials/Substrate/GLints/dict_16_192_64_0p5_0p02_0061_0011.uasset" 7821
"../../../Engine/Content/EngineMaterials/Substrate/GLints/dict_16_192_64_0p5_0p02_0061_0012.uasset" 7822
"../../../Engine/Content/EngineMaterials/Substrate/GLints/dict_16_192_64_0p5_0p02_0061_0013.uasset" 7823
"../../../Engine/Content/EngineMaterials/Substrate/GLints/dict_16_192_64_0p5_0p02_0061_0014.uasset" 7824
"../../../Engine/Content/EngineMaterials/Substrate/GLints/dict_16_192_64_0p5_0p02_0061_0015.uasset" 7825
"../../../Engine/Content/EngineMaterials/Substrate/GLints/dict_16_192_64_0p5_0p02_0062_0000.uasset" 7826
"../../../Engine/Content/EngineMaterials/Substrate/GLints/dict_16_192_64_0p5_0p02_0062_0001.uasset" 7827
"../../../Engine/Content/EngineMaterials/Substrate/GLints/dict_16_192_64_0p5_0p02_0062_0002.uasset" 7828
"../../../Engine/Content/EngineMaterials/Substrate/GLints/dict_16_192_64_0p5_0p02_0062_0003.uasset" 7829
"../../../Engine/Content/EngineMaterials/Substrate/GLints/dict_16_192_64_0p5_0p02_0062_0004.uasset" 7830
"../../../Engine/Content/EngineMaterials/Substrate/GLints/dict_16_192_64_0p5_0p02_0062_0005.uasset" 7831
"../../../Engine/Content/EngineMaterials/Substrate/GLints/dict_16_192_64_0p5_0p02_0062_0006.uasset" 7832
"../../../Engine/Content/EngineMaterials/Substrate/GLints/dict_16_192_64_0p5_0p02_0062_0007.uasset" 7833
"../../../Engine/Content/EngineMaterials/Substrate/GLints/dict_16_192_64_0p5_0p02_0062_0008.uasset" 7834
"../../../Engine/Content/EngineMaterials/Substrate/GLints/dict_16_192_64_0p5_0p02_0062_0009.uasset" 7835
"../../../Engine/Content/EngineMaterials/Substrate/GLints/dict_16_192_64_0p5_0p02_0062_0010.uasset" 7836
"../../../Engine/Content/EngineMaterials/Substrate/GLints/dict_16_192_64_0p5_0p02_0062_0011.uasset" 7837
"../../../Engine/Content/EngineMaterials/Substrate/GLints/dict_16_192_64_0p5_0p02_0062_0012.uasset" 7838
"../../../Engine/Content/EngineMaterials/Substrate/GLints/dict_16_192_64_0p5_0p02_0062_0013.uasset" 7839
"../../../Engine/Content/EngineMaterials/Substrate/GLints/dict_16_192_64_0p5_0p02_0062_0014.uasset" 7840
"../../../Engine/Content/EngineMaterials/Substrate/GLints/dict_16_192_64_0p5_0p02_0062_0015.uasset" 7841
"../../../Engine/Content/EngineMaterials/Substrate/GLints/dict_16_192_64_0p5_0p02_0063_0000.uasset" 7842
"../../../Engine/Content/EngineMaterials/Substrate/GLints/dict_16_192_64_0p5_0p02_0063_0001.uasset" 7843
"../../../Engine/Content/EngineMaterials/Substrate/GLints/dict_16_192_64_0p5_0p02_0063_0002.uasset" 7844
"../../../Engine/Content/EngineMaterials/Substrate/GLints/dict_16_192_64_0p5_0p02_0063_0003.uasset" 7845
"../../../Engine/Content/EngineMaterials/Substrate/GLints/dict_16_192_64_0p5_0p02_0063_0004.uasset" 7846
"../../../Engine/Content/EngineMaterials/Substrate/GLints/dict_16_192_64_0p5_0p02_0063_0005.uasset" 7847
"../../../Engine/Content/EngineMaterials/Substrate/GLints/dict_16_192_64_0p5_0p02_0063_0006.uasset" 7848
"../../../Engine/Content/EngineMaterials/Substrate/GLints/dict_16_192_64_0p5_0p02_0063_0007.uasset" 7849
"../../../Engine/Content/EngineMaterials/Substrate/GLints/dict_16_192_64_0p5_0p02_0063_0008.uasset" 7850
"../../../Engine/Content/EngineMaterials/Substrate/GLints/dict_16_192_64_0p5_0p02_0063_0009.uasset" 7851
"../../../Engine/Content/EngineMaterials/Substrate/GLints/dict_16_192_64_0p5_0p02_0063_0010.uasset" 7852
"../../../Engine/Content/EngineMaterials/Substrate/GLints/dict_16_192_64_0p5_0p02_0063_0011.uasset" 7853
"../../../Engine/Content/EngineMaterials/Substrate/GLints/dict_16_192_64_0p5_0p02_0063_0012.uasset" 7854
"../../../Engine/Content/EngineMaterials/Substrate/GLints/dict_16_192_64_0p5_0p02_0063_0013.uasset" 7855
"../../../Engine/Content/EngineMaterials/Substrate/GLints/dict_16_192_64_0p5_0p02_0063_0014.uasset" 7856
"../../../Engine/Content/EngineMaterials/Substrate/GLints/dict_16_192_64_0p5_0p02_0063_0015.uasset" 7857
"C:/Users/Admin/Documents/Unreal Projects/ai-project/Content/ExternalAssets/FBX_format_graveyard/pumpkin-tall_pumpkin-tall.uasset" 7858
"C:/Users/Admin/Documents/Unreal Projects/ai-project/Content/ExternalAssets/FBX_format_graveyard/pumpkin-tall-carved_pumpkin-tall-carved.uasset" 7859
"C:/Users/Admin/Documents/Unreal Projects/ai-project/Content/ExternalAssets/FBX_format_graveyard/pumpkin-carved_pumpkin-carved.uasset" 7860
"C:/Users/Admin/Documents/Unreal Projects/ai-project/Content/ExternalAssets/FBX_format_graveyard/pine_pine.uasset" 7861
"C:/Users/Admin/Documents/Unreal Projects/ai-project/Content/ExternalAssets/FBX_format_graveyard/pine-fall_pine-fall.uasset" 7862
"C:/Users/Admin/Documents/Unreal Projects/ai-project/Content/ExternalAssets/FBX_format_graveyard/pine-fall-crooked_pine-fall-crooked.uasset" 7863
"C:/Users/Admin/Documents/Unreal Projects/ai-project/Content/ExternalAssets/FBX_format_graveyard/pine-crooked_pine-crooked.uasset" 7864
"C:/Users/Admin/Documents/Unreal Projects/ai-project/Content/ExternalAssets/FBX_format_graveyard/pillar-square_pillar-square.uasset" 7865
"C:/Users/Admin/Documents/Unreal Projects/ai-project/Content/ExternalAssets/FBX_format_graveyard/pillar-small_pillar-small.uasset" 7866
"C:/Users/Admin/Documents/Unreal Projects/ai-project/Content/ExternalAssets/FBX_format_graveyard/pillar-obelisk_pillar-obelisk.uasset" 7867
"C:/Users/Admin/Documents/Unreal Projects/ai-project/Content/ExternalAssets/FBX_format_graveyard/pillar-large_pillar-large.uasset" 7868
"C:/Users/Admin/Documents/Unreal Projects/ai-project/Content/ExternalAssets/FBX_format_graveyard/lightpost-single_lightpost-single.uasset" 7869
"C:/Users/Admin/Documents/Unreal Projects/ai-project/Content/ExternalAssets/FBX_format_graveyard/lightpost-double_lightpost-double.uasset" 7870
"C:/Users/Admin/Documents/Unreal Projects/ai-project/Content/ExternalAssets/FBX_format_graveyard/lightpost-all_lightpost-all.uasset" 7871
"C:/Users/Admin/Documents/Unreal Projects/ai-project/Content/ExternalAssets/FBX_format_graveyard/lantern-glass_lantern-glass.uasset" 7872
"C:/Users/Admin/Documents/Unreal Projects/ai-project/Content/ExternalAssets/FBX_format_graveyard/lantern-candle_lantern-candle.uasset" 7873
"C:/Users/Admin/Documents/Unreal Projects/ai-project/Content/ExternalAssets/FBX_format_graveyard/iron-fence_iron-fence.uasset" 7874
"C:/Users/Admin/Documents/Unreal Projects/ai-project/Content/ExternalAssets/FBX_format_graveyard/iron-fence-damaged_iron-fence-damaged.uasset" 7875
"C:/Users/Admin/Documents/Unreal Projects/ai-project/Content/ExternalAssets/FBX_format_graveyard/iron-fence-curve_iron-fence-curve.uasset" 7876
"C:/Users/Admin/Documents/Unreal Projects/ai-project/Content/ExternalAssets/FBX_format_graveyard/iron-fence-border_iron-fence-border.uasset" 7877
"C:/Users/Admin/Documents/Unreal Projects/ai-project/Content/ExternalAssets/FBX_format_graveyard/iron-fence-border-gate_iron-fence-border-gate.uasset" 7878
"C:/Users/Admin/Documents/Unreal Projects/ai-project/Content/ExternalAssets/FBX_format_graveyard/iron-fence-border-curve_iron-fence-border-curve.uasset" 7879
"C:/Users/Admin/Documents/Unreal Projects/ai-project/Content/ExternalAssets/FBX_format_graveyard/iron-fence-border-column_iron-fence-border-column.uasset" 7880
"C:/Users/Admin/Documents/Unreal Projects/ai-project/Content/ExternalAssets/FBX_format_graveyard/iron-fence-bar_iron-fence-bar.uasset" 7881
"C:/Users/Admin/Documents/Unreal Projects/ai-project/Content/ExternalAssets/FBX_format_graveyard/hay-bale_hay-bale.uasset" 7882
"C:/Users/Admin/Documents/Unreal Projects/ai-project/Content/ExternalAssets/FBX_format_graveyard/hay-bale-bundled_hay-bale-bundled.uasset" 7883
"C:/Users/Admin/Documents/Unreal Projects/ai-project/Content/ExternalAssets/FBX_format_graveyard/grave_grave.uasset" 7884
"C:/Users/Admin/Documents/Unreal Projects/ai-project/Content/ExternalAssets/FBX_format_graveyard/gravestone-wide_gravestone-wide.uasset" 7885
"C:/Users/Admin/Documents/Unreal Projects/ai-project/Content/ExternalAssets/FBX_format_graveyard/gravestone-round_gravestone-round.uasset" 7886
"C:/Users/Admin/Documents/Unreal Projects/ai-project/Content/ExternalAssets/FBX_format_graveyard/gravestone-roof_gravestone-roof.uasset" 7887
"C:/Users/Admin/Documents/Unreal Projects/ai-project/Content/ExternalAssets/FBX_format_graveyard/gravestone-decorative_gravestone-decorative.uasset" 7888
"C:/Users/Admin/Documents/Unreal Projects/ai-project/Content/ExternalAssets/FBX_format_graveyard/gravestone-debris_gravestone-debris.uasset" 7889
"C:/Users/Admin/Documents/Unreal Projects/ai-project/Content/ExternalAssets/FBX_format_graveyard/gravestone-cross_gravestone-cross.uasset" 7890
"C:/Users/Admin/Documents/Unreal Projects/ai-project/Content/ExternalAssets/FBX_format_graveyard/gravestone-cross-large_gravestone-cross-large.uasset" 7891
"C:/Users/Admin/Documents/Unreal Projects/ai-project/Content/ExternalAssets/FBX_format_graveyard/gravestone-broken_gravestone-broken.uasset" 7892
"C:/Users/Admin/Documents/Unreal Projects/ai-project/Content/ExternalAssets/FBX_format_graveyard/gravestone-bevel_gravestone-bevel.uasset" 7893
"C:/Users/Admin/Documents/Unreal Projects/ai-project/Content/ExternalAssets/FBX_format_graveyard/grave-border_grave-border.uasset" 7894
"C:/Users/Admin/Documents/Unreal Projects/ai-project/Content/ExternalAssets/FBX_format_graveyard/fire-basket_fire-basket.uasset" 7895
"C:/Users/Admin/Documents/Unreal Projects/ai-project/Content/ExternalAssets/FBX_format_graveyard/fence_fence.uasset" 7896
"C:/Users/Admin/Documents/Unreal Projects/ai-project/Content/ExternalAssets/FBX_format_graveyard/fence-gate_fence-gate.uasset" 7897
"C:/Users/Admin/Documents/Unreal Projects/ai-project/Content/ExternalAssets/FBX_format_graveyard/fence-damaged_fence-damaged.uasset" 7898
"C:/Users/Admin/Documents/Unreal Projects/ai-project/Content/ExternalAssets/FBX_format_graveyard/detail-plate_detail-plate.uasset" 7899
"C:/Users/Admin/Documents/Unreal Projects/ai-project/Content/ExternalAssets/FBX_format_graveyard/detail-chalice_detail-chalice.uasset" 7900
"C:/Users/Admin/Documents/Unreal Projects/ai-project/Content/ExternalAssets/FBX_format_graveyard/detail-bowl_detail-bowl.uasset" 7901
"C:/Users/Admin/Documents/Unreal Projects/ai-project/Content/ExternalAssets/FBX_format_graveyard/debris_debris.uasset" 7902
"C:/Users/Admin/Documents/Unreal Projects/ai-project/Content/ExternalAssets/FBX_format_graveyard/debris-wood_debris-wood.uasset" 7903
"C:/Users/Admin/Documents/Unreal Projects/ai-project/Content/ExternalAssets/FBX_format_graveyard/crypt_crypt.uasset" 7904
"C:/Users/Admin/Documents/Unreal Projects/ai-project/Content/ExternalAssets/FBX_format_graveyard/crypt-small_crypt-small.uasset" 7905
"C:/Users/Admin/Documents/Unreal Projects/ai-project/Content/ExternalAssets/FBX_format_graveyard/crypt-small-roof_crypt-small-roof.uasset" 7906
"C:/Users/Admin/Documents/Unreal Projects/ai-project/Content/ExternalAssets/FBX_format_graveyard/crypt-large_crypt-large.uasset" 7907
"C:/Users/Admin/Documents/Unreal Projects/ai-project/Content/ExternalAssets/FBX_format_graveyard/crypt-large-roof_crypt-large-roof.uasset" 7908
"C:/Users/Admin/Documents/Unreal Projects/ai-project/Content/ExternalAssets/FBX_format_graveyard/crypt-large-door_door.uasset" 7909
"C:/Users/Admin/Documents/Unreal Projects/ai-project/Content/ExternalAssets/FBX_format_graveyard/crypt-door_door.uasset" 7910
"C:/Users/Admin/Documents/Unreal Projects/ai-project/Content/ExternalAssets/FBX_format_graveyard/crypt-b_crypt-b.uasset" 7911
"C:/Users/Admin/Documents/Unreal Projects/ai-project/Content/ExternalAssets/FBX_format_graveyard/crypt-a_crypt-a.uasset" 7912
"C:/Users/Admin/Documents/Unreal Projects/ai-project/Content/ExternalAssets/FBX_format_graveyard/cross_cross.uasset" 7913
"C:/Users/Admin/Documents/Unreal Projects/ai-project/Content/ExternalAssets/FBX_format_graveyard/cross-wood_cross-wood.uasset" 7914
"C:/Users/Admin/Documents/Unreal Projects/ai-project/Content/ExternalAssets/FBX_format_graveyard/cross-column_cross-column.uasset" 7915
"C:/Users/Admin/Documents/Unreal Projects/ai-project/Content/ExternalAssets/FBX_format_graveyard/column-large_column-large.uasset" 7916
"C:/Users/Admin/Documents/Unreal Projects/ai-project/Content/ExternalAssets/FBX_format_graveyard/coffin_lid.uasset" 7917
"C:/Users/Admin/Documents/Unreal Projects/ai-project/Content/ExternalAssets/FBX_format_graveyard/coffin_coffin.uasset" 7918
"C:/Users/Admin/Documents/Unreal Projects/ai-project/Content/ExternalAssets/FBX_format_graveyard/coffin-old_coffin-old.uasset" 7919
"C:/Users/Admin/Documents/Unreal Projects/ai-project/Content/ExternalAssets/FBX_format_graveyard/character-zombie_torso.uasset" 7920
"C:/Users/Admin/Documents/Unreal Projects/ai-project/Content/ExternalAssets/FBX_format_graveyard/character-zombie_leg-right.uasset" 7921
"C:/Users/Admin/Documents/Unreal Projects/ai-project/Content/ExternalAssets/FBX_format_graveyard/character-zombie_leg-left.uasset" 7922
"C:/Users/Admin/Documents/Unreal Projects/ai-project/Content/ExternalAssets/FBX_format_graveyard/character-zombie_head.uasset" 7923
"C:/Users/Admin/Documents/Unreal Projects/ai-project/Content/ExternalAssets/FBX_format_graveyard/character-zombie_arm-right.uasset" 7924
"C:/Users/Admin/Documents/Unreal Projects/ai-project/Content/ExternalAssets/FBX_format_graveyard/character-zombie_arm-left.uasset" 7925
"C:/Users/Admin/Documents/Unreal Projects/ai-project/Content/ExternalAssets/FBX_format_graveyard/character-vampire_torso.uasset" 7926
"C:/Users/Admin/Documents/Unreal Projects/ai-project/Content/ExternalAssets/FBX_format_graveyard/character-vampire_leg-right.uasset" 7927
"C:/Users/Admin/Documents/Unreal Projects/ai-project/Content/ExternalAssets/FBX_format_graveyard/character-vampire_leg-left.uasset" 7928
"C:/Users/Admin/Documents/Unreal Projects/ai-project/Content/ExternalAssets/FBX_format_graveyard/character-vampire_head.uasset" 7929
"C:/Users/Admin/Documents/Unreal Projects/ai-project/Content/ExternalAssets/FBX_format_graveyard/character-vampire_arm-right.uasset" 7930
"C:/Users/Admin/Documents/Unreal Projects/ai-project/Content/ExternalAssets/FBX_format_graveyard/character-vampire_arm-left.uasset" 7931
"C:/Users/Admin/Documents/Unreal Projects/ai-project/Content/ExternalAssets/FBX_format_graveyard/character-skeleton_torso.uasset" 7932
"C:/Users/Admin/Documents/Unreal Projects/ai-project/Content/ExternalAssets/FBX_format_graveyard/character-skeleton_leg-right.uasset" 7933
"C:/Users/Admin/Documents/Unreal Projects/ai-project/Content/ExternalAssets/FBX_format_graveyard/character-skeleton_leg-left.uasset" 7934
"C:/Users/Admin/Documents/Unreal Projects/ai-project/Content/ExternalAssets/FBX_format_graveyard/character-skeleton_head.uasset" 7935
"C:/Users/Admin/Documents/Unreal Projects/ai-project/Content/ExternalAssets/FBX_format_graveyard/character-skeleton_arm-right.uasset" 7936
"C:/Users/Admin/Documents/Unreal Projects/ai-project/Content/ExternalAssets/FBX_format_graveyard/character-skeleton_arm-left.uasset" 7937
"C:/Users/Admin/Documents/Unreal Projects/ai-project/Content/ExternalAssets/FBX_format_graveyard/character-keeper_torso.uasset" 7938
"C:/Users/Admin/Documents/Unreal Projects/ai-project/Content/ExternalAssets/FBX_format_graveyard/character-keeper_leg-right.uasset" 7939
"C:/Users/Admin/Documents/Unreal Projects/ai-project/Content/ExternalAssets/FBX_format_graveyard/character-keeper_leg-left.uasset" 7940
"C:/Users/Admin/Documents/Unreal Projects/ai-project/Content/ExternalAssets/FBX_format_graveyard/character-keeper_head.uasset" 7941
"C:/Users/Admin/Documents/Unreal Projects/ai-project/Content/ExternalAssets/FBX_format_graveyard/character-keeper_arm-right.uasset" 7942
"C:/Users/Admin/Documents/Unreal Projects/ai-project/Content/ExternalAssets/FBX_format_graveyard/character-keeper_arm-left.uasset" 7943
"C:/Users/Admin/Documents/Unreal Projects/ai-project/Content/ExternalAssets/FBX_format_graveyard/character-ghost_torso.uasset" 7944
"C:/Users/Admin/Documents/Unreal Projects/ai-project/Content/ExternalAssets/FBX_format_graveyard/character-ghost_arm-right.uasset" 7945
"C:/Users/Admin/Documents/Unreal Projects/ai-project/Content/ExternalAssets/FBX_format_graveyard/character-ghost_arm-left.uasset" 7946
"C:/Users/Admin/Documents/Unreal Projects/ai-project/Content/ExternalAssets/FBX_format_graveyard/candle.uasset" 7947
"C:/Users/Admin/Documents/Unreal Projects/ai-project/Content/ExternalAssets/FBX_format_graveyard/candle-multiple.uasset" 7948
"C:/Users/Admin/Documents/Unreal Projects/ai-project/Content/ExternalAssets/FBX_format_graveyard/brick-wall.uasset" 7949
"C:/Users/Admin/Documents/Unreal Projects/ai-project/Content/ExternalAssets/FBX_format_graveyard/brick-wall-end.uasset" 7950
"C:/Users/Admin/Documents/Unreal Projects/ai-project/Content/ExternalAssets/FBX_format_graveyard/brick-wall-curve-small.uasset" 7951
"C:/Users/Admin/Documents/Unreal Projects/ai-project/Content/ExternalAssets/FBX_format_graveyard/border-pillar.uasset" 7952
"C:/Users/Admin/Documents/Unreal Projects/ai-project/Content/ExternalAssets/FBX_format_graveyard/bench.uasset" 7953
"C:/Users/Admin/Documents/Unreal Projects/ai-project/Content/ExternalAssets/FBX_format_graveyard/bench-damaged.uasset" 7954
"C:/Users/Admin/Documents/Unreal Projects/ai-project/Content/ExternalAssets/FBX_format_graveyard/altar-wood.uasset" 7955
"C:/Users/Admin/Documents/Unreal Projects/ai-project/Content/ExternalAssets/FBX_format_graveyard/altar-stone.uasset" 7956
"C:/Users/Admin/Documents/Unreal Projects/ai-project/Content/ExternalAssets/FBX_format_food/wine-white_wine-white.uasset" 7957
"C:/Users/Admin/Documents/Unreal Projects/ai-project/Content/ExternalAssets/FBX_format_food/wine-red_wine-red.uasset" 7958
"C:/Users/Admin/Documents/Unreal Projects/ai-project/Content/ExternalAssets/FBX_format_food/wholer-ham_wholer-ham.uasset" 7959
"C:/Users/Admin/Documents/Unreal Projects/ai-project/Content/ExternalAssets/FBX_format_food/whole-ham_whole-ham.uasset" 7960
"C:/Users/Admin/Documents/Unreal Projects/ai-project/Content/ExternalAssets/FBX_format_food/whisk_whisk.uasset" 7961
"C:/Users/Admin/Documents/Unreal Projects/ai-project/Content/ExternalAssets/FBX_format_food/whipped-cream_whipped-cream.uasset" 7962
"C:/Users/Admin/Documents/Unreal Projects/ai-project/Content/ExternalAssets/FBX_format_food/watermelon_slice_7.uasset" 7963
"C:/Users/Admin/Documents/Unreal Projects/ai-project/Content/ExternalAssets/FBX_format_food/watermelon_slice_6.uasset" 7964
"C:/Users/Admin/Documents/Unreal Projects/ai-project/Content/ExternalAssets/FBX_format_food/watermelon_slice_5.uasset" 7965
"C:/Users/Admin/Documents/Unreal Projects/ai-project/Content/ExternalAssets/FBX_format_food/watermelon_slice_4.uasset" 7966
"C:/Users/Admin/Documents/Unreal Projects/ai-project/Content/ExternalAssets/FBX_format_food/watermelon_slice_3.uasset" 7967
"C:/Users/Admin/Documents/Unreal Projects/ai-project/Content/ExternalAssets/FBX_format_food/watermelon_slice_2.uasset" 7968
"C:/Users/Admin/Documents/Unreal Projects/ai-project/Content/ExternalAssets/FBX_format_food/watermelon_slice_1.uasset" 7969
"C:/Users/Admin/Documents/Unreal Projects/ai-project/Content/ExternalAssets/FBX_format_food/watermelon_slice.uasset" 7970
"C:/Users/Admin/Documents/Unreal Projects/ai-project/Content/ExternalAssets/FBX_format_food/waffle_waffle.uasset" 7971
"C:/Users/Admin/Documents/Unreal Projects/ai-project/Content/ExternalAssets/FBX_format_food/utensil-spoon_utensil-spoon.uasset" 7972
"C:/Users/Admin/Documents/Unreal Projects/ai-project/Content/ExternalAssets/FBX_format_food/utensil-knife_utensil-knife.uasset" 7973
"C:/Users/Admin/Documents/Unreal Projects/ai-project/Content/ExternalAssets/FBX_format_food/turkey_turkey.uasset" 7974
"C:/Users/Admin/Documents/Unreal Projects/ai-project/Content/ExternalAssets/FBX_format_food/turkey_leg_1.uasset" 7975
"C:/Users/Admin/Documents/Unreal Projects/ai-project/Content/ExternalAssets/FBX_format_food/turkey_leg.uasset" 7976
"C:/Users/Admin/Documents/Unreal Projects/ai-project/Content/ExternalAssets/FBX_format_food/tomato_tomato.uasset" 7977
"C:/Users/Admin/Documents/Unreal Projects/ai-project/Content/ExternalAssets/FBX_format_food/tomato-slice_tomato-slice.uasset" 7978
"C:/Users/Admin/Documents/Unreal Projects/ai-project/Content/ExternalAssets/FBX_format_food/tajine_tajine.uasset" 7979
"C:/Users/Admin/Documents/Unreal Projects/ai-project/Content/ExternalAssets/FBX_format_food/tajine-lid_tajine-lid.uasset" 7980
"C:/Users/Admin/Documents/Unreal Projects/ai-project/Content/ExternalAssets/FBX_format_food/taco_taco.uasset" 7981
"C:/Users/Admin/Documents/Unreal Projects/ai-project/Content/ExternalAssets/FBX_format_food/sushi-salmon_sushi-salmon.uasset" 7982
"C:/Users/Admin/Documents/Unreal Projects/ai-project/Content/ExternalAssets/FBX_format_food/sushi-egg_sushi-egg.uasset" 7983
"C:/Users/Admin/Documents/Unreal Projects/ai-project/Content/ExternalAssets/FBX_format_food/sundae_sundae.uasset" 7984
"C:/Users/Admin/Documents/Unreal Projects/ai-project/Content/ExternalAssets/FBX_format_food/sundae_straw.uasset" 7985
"C:/Users/Admin/Documents/Unreal Projects/ai-project/Content/ExternalAssets/FBX_format_food/sundae_cherry.uasset" 7986
"C:/Users/Admin/Documents/Unreal Projects/ai-project/Content/ExternalAssets/FBX_format_food/sub_tomato_2.uasset" 7987
"C:/Users/Admin/Documents/Unreal Projects/ai-project/Content/ExternalAssets/FBX_format_food/sub_tomato_1.uasset" 7988
"C:/Users/Admin/Documents/Unreal Projects/ai-project/Content/ExternalAssets/FBX_format_food/sub_tomato.uasset" 7989
"C:/Users/Admin/Documents/Unreal Projects/ai-project/Content/ExternalAssets/FBX_format_food/sub_meat.uasset" 7990
"C:/Users/Admin/Documents/Unreal Projects/ai-project/Content/ExternalAssets/FBX_format_food/sub_lettuce.uasset" 7991
"C:/Users/Admin/Documents/Unreal Projects/ai-project/Content/ExternalAssets/FBX_format_food/sub_bun-top.uasset" 7992
"C:/Users/Admin/Documents/Unreal Projects/ai-project/Content/ExternalAssets/FBX_format_food/sub_bun-bottom.uasset" 7993
"C:/Users/Admin/Documents/Unreal Projects/ai-project/Content/ExternalAssets/FBX_format_food/styrofoam_styrofoam.uasset" 7994
"C:/Users/Admin/Documents/Unreal Projects/ai-project/Content/ExternalAssets/FBX_format_food/styrofoam_lid.uasset" 7995
"C:/Users/Admin/Documents/Unreal Projects/ai-project/Content/ExternalAssets/FBX_format_food/styrofoam-dinner_styrofoam-dinner.uasset" 7996
"C:/Users/Admin/Documents/Unreal Projects/ai-project/Content/ExternalAssets/FBX_format_food/styrofoam-dinner_lid.uasset" 7997
"C:/Users/Admin/Documents/Unreal Projects/ai-project/Content/ExternalAssets/FBX_format_food/styrofoam-dinner_Group_2.uasset" 7998
"C:/Users/Admin/Documents/Unreal Projects/ai-project/Content/ExternalAssets/FBX_format_food/styrofoam-dinner_Group_1.uasset" 7999
"C:/Users/Admin/Documents/Unreal Projects/ai-project/Content/ExternalAssets/FBX_format_food/styrofoam-dinner_Group.uasset" 8000
"C:/Users/Admin/Documents/Unreal Projects/ai-project/Content/ExternalAssets/FBX_format_food/strawberry_strawberry.uasset" 8001
"C:/Users/Admin/Documents/Unreal Projects/ai-project/Content/ExternalAssets/FBX_format_food/steamer_lid.uasset" 8002
"C:/Users/Admin/Documents/Unreal Projects/ai-project/Content/ExternalAssets/FBX_format_food/steamer_layer_2.uasset" 8003
"C:/Users/Admin/Documents/Unreal Projects/ai-project/Content/ExternalAssets/FBX_format_food/steamer_layer_1.uasset" 8004
"C:/Users/Admin/Documents/Unreal Projects/ai-project/Content/ExternalAssets/FBX_format_food/steamer_layer.uasset" 8005
"C:/Users/Admin/Documents/Unreal Projects/ai-project/Content/ExternalAssets/FBX_format_food/soy_soy.uasset" 8006
"C:/Users/Admin/Documents/Unreal Projects/ai-project/Content/ExternalAssets/FBX_format_food/soda_soda.uasset" 8007
"C:/Users/Admin/Documents/Unreal Projects/ai-project/Content/ExternalAssets/FBX_format_food/soda-glass_straw.uasset" 8008
"C:/Users/Admin/Documents/Unreal Projects/ai-project/Content/ExternalAssets/FBX_format_food/soda-glass_soda-glass.uasset" 8009
"C:/Users/Admin/Documents/Unreal Projects/ai-project/Content/ExternalAssets/FBX_format_food/soda-glass_lemon.uasset" 8010
"C:/Users/Admin/Documents/Unreal Projects/ai-project/Content/ExternalAssets/FBX_format_food/soda-can_soda-can.uasset" 8011
"C:/Users/Admin/Documents/Unreal Projects/ai-project/Content/ExternalAssets/FBX_format_food/soda-can-crushed_soda-can-crushed.uasset" 8012
"C:/Users/Admin/Documents/Unreal Projects/ai-project/Content/ExternalAssets/FBX_format_food/soda-bottle_soda-bottle.uasset" 8013
"C:/Users/Admin/Documents/Unreal Projects/ai-project/Content/ExternalAssets/FBX_format_food/skewer_meat_2.uasset" 8014
"C:/Users/Admin/Documents/Unreal Projects/ai-project/Content/ExternalAssets/FBX_format_food/skewer_meat.uasset" 8015
"C:/Users/Admin/Documents/Unreal Projects/ai-project/Content/ExternalAssets/FBX_format_food/skewer_meat_1.uasset" 8016
"C:/Users/Admin/Documents/Unreal Projects/ai-project/Content/ExternalAssets/FBX_format_food/skewer-vegetables_meat.uasset" 8017
"C:/Users/Admin/Documents/Unreal Projects/ai-project/Content/ExternalAssets/FBX_format_food/skewer-vegetables_vegetables.uasset" 8018
"C:/Users/Admin/Documents/Unreal Projects/ai-project/Content/ExternalAssets/FBX_format_food/skewer-vegetables_vegetables_1.uasset" 8019
"C:/Users/Admin/Documents/Unreal Projects/ai-project/Content/ExternalAssets/FBX_format_food/shaker-pepper_shaker-pepper.uasset" 8020
"C:/Users/Admin/Documents/Unreal Projects/ai-project/Content/ExternalAssets/FBX_format_food/skewer-vegetables_skewer-vegetables.uasset" 8021
"C:/Users/Admin/Documents/Unreal Projects/ai-project/Content/ExternalAssets/FBX_format_food/skewer-vegetables_meat_2.uasset" 8022
"C:/Users/Admin/Documents/Unreal Projects/ai-project/Content/ExternalAssets/FBX_format_food/skewer-vegetables_meat_1.uasset" 8023
"C:/Users/Admin/Documents/Unreal Projects/ai-project/Content/ExternalAssets/FBX_format_food/skewer_skewer.uasset" 8024
"C:/Users/Admin/Documents/Unreal Projects/ai-project/Content/ExternalAssets/FBX_format_food/shaker-salt_shaker-salt.uasset" 8025
"C:/Users/Admin/Documents/Unreal Projects/ai-project/Content/ExternalAssets/FBX_format_food/sausage_sausage.uasset" 8026
"C:/Users/Admin/Documents/Unreal Projects/ai-project/Content/ExternalAssets/FBX_format_food/sandwich_meat.uasset" 8027
"C:/Users/Admin/Documents/Unreal Projects/ai-project/Content/ExternalAssets/FBX_format_food/sandwich_lettuce.uasset" 8028
"C:/Users/Admin/Documents/Unreal Projects/ai-project/Content/ExternalAssets/FBX_format_food/salad_salad.uasset" 8029
"C:/Users/Admin/Documents/Unreal Projects/ai-project/Content/ExternalAssets/FBX_format_food/sandwich_bun.uasset" 8030
"C:/Users/Admin/Documents/Unreal Projects/ai-project/Content/ExternalAssets/FBX_format_food/sandwich_bun_1.uasset" 8031
"C:/Users/Admin/Documents/Unreal Projects/ai-project/Content/ExternalAssets/FBX_format_food/rollingPin_rollingPin.uasset" 8032
"C:/Users/Admin/Documents/Unreal Projects/ai-project/Content/ExternalAssets/FBX_format_food/sausage-half_sausage-half.uasset" 8033
"C:/Users/Admin/Documents/Unreal Projects/ai-project/Content/ExternalAssets/FBX_format_food/radish_radish.uasset" 8034
"C:/Users/Admin/Documents/Unreal Projects/ai-project/Content/ExternalAssets/FBX_format_food/rice-ball_rice-ball.uasset" 8035
"C:/Users/Admin/Documents/Unreal Projects/ai-project/Content/ExternalAssets/FBX_format_food/pumpkin_pumpkin.uasset" 8036
"C:/Users/Admin/Documents/Unreal Projects/ai-project/Content/ExternalAssets/FBX_format_food/pumpkin-basic_pumpkin-basic.uasset" 8037
"C:/Users/Admin/Documents/Unreal Projects/ai-project/Content/ExternalAssets/FBX_format_food/pudding_pudding.uasset" 8038
"C:/Users/Admin/Documents/Unreal Projects/ai-project/Content/ExternalAssets/FBX_format_food/pot_pot.uasset" 8039
"C:/Users/Admin/Documents/Unreal Projects/ai-project/Content/ExternalAssets/FBX_format_food/pot-stew_pot-stew.uasset" 8040
"C:/Users/Admin/Documents/Unreal Projects/ai-project/Content/ExternalAssets/FBX_format_food/pot-stew-lid_pot-stew-lid.uasset" 8041
"C:/Users/Admin/Documents/Unreal Projects/ai-project/Content/ExternalAssets/FBX_format_food/pot-lid_pot-lid.uasset" 8042
"C:/Users/Admin/Documents/Unreal Projects/ai-project/Content/ExternalAssets/FBX_format_food/popsicle_popsicle.uasset" 8043
"C:/Users/Admin/Documents/Unreal Projects/ai-project/Content/ExternalAssets/FBX_format_food/popsicle-stick_popsicle-stick.uasset" 8044
"C:/Users/Admin/Documents/Unreal Projects/ai-project/Content/ExternalAssets/FBX_format_food/popsicle-chocolate_popsicle-chocolate.uasset" 8045
"C:/Users/Admin/Documents/Unreal Projects/ai-project/Content/ExternalAssets/FBX_format_food/plate-deep_plate-deep.uasset" 8046
"C:/Users/Admin/Documents/Unreal Projects/ai-project/Content/ExternalAssets/FBX_format_food/plate-dinner_plate-dinner.uasset" 8047
"C:/Users/Admin/Documents/Unreal Projects/ai-project/Content/ExternalAssets/FBX_format_food/plate-sauerkraut_plate-sauerkraut.uasset" 8048
"C:/Users/Admin/Documents/Unreal Projects/ai-project/Content/ExternalAssets/FBX_format_food/plate-rectangle_plate-rectangle.uasset" 8049
"C:/Users/Admin/Documents/Unreal Projects/ai-project/Content/ExternalAssets/FBX_format_food/plate_plate.uasset" 8050
"C:/Users/Admin/Documents/Unreal Projects/ai-project/Content/ExternalAssets/FBX_format_food/plate-broken_piece_7.uasset" 8051
"C:/Users/Admin/Documents/Unreal Projects/ai-project/Content/ExternalAssets/FBX_format_food/plate-broken_piece_4.uasset" 8052
"C:/Users/Admin/Documents/Unreal Projects/ai-project/Content/ExternalAssets/FBX_format_food/plate-broken_piece_5.uasset" 8053
"C:/Users/Admin/Documents/Unreal Projects/ai-project/Content/ExternalAssets/FBX_format_food/plate-broken_piece_3.uasset" 8054
"C:/Users/Admin/Documents/Unreal Projects/ai-project/Content/ExternalAssets/FBX_format_food/plate-broken_piece_6.uasset" 8055
"C:/Users/Admin/Documents/Unreal Projects/ai-project/Content/ExternalAssets/FBX_format_food/plate-broken_piece_1.uasset" 8056
"C:/Users/Admin/Documents/Unreal Projects/ai-project/Content/ExternalAssets/FBX_format_food/plate-broken_piece_2.uasset" 8057
"C:/Users/Admin/Documents/Unreal Projects/ai-project/Content/ExternalAssets/FBX_format_food/plate-broken_piece.uasset" 8058
"C:/Users/Admin/Documents/Unreal Projects/ai-project/Content/ExternalAssets/FBX_format_food/pizza_slice8.uasset" 8059
"C:/Users/Admin/Documents/Unreal Projects/ai-project/Content/ExternalAssets/FBX_format_food/pizza_slice7.uasset" 8060
"C:/Users/Admin/Documents/Unreal Projects/ai-project/Content/ExternalAssets/FBX_format_food/pizza_slice6.uasset" 8061
"C:/Users/Admin/Documents/Unreal Projects/ai-project/Content/ExternalAssets/FBX_format_food/pizza_slice5.uasset" 8062
"C:/Users/Admin/Documents/Unreal Projects/ai-project/Content/ExternalAssets/FBX_format_food/pizza_slice4.uasset" 8063
"C:/Users/Admin/Documents/Unreal Projects/ai-project/Content/ExternalAssets/FBX_format_food/pizza_slice3.uasset" 8064
"C:/Users/Admin/Documents/Unreal Projects/ai-project/Content/ExternalAssets/FBX_format_food/pizza_slice2.uasset" 8065
"C:/Users/Admin/Documents/Unreal Projects/ai-project/Content/ExternalAssets/FBX_format_food/pizza_slice1.uasset" 8066
"C:/Users/Admin/Documents/Unreal Projects/ai-project/Content/ExternalAssets/FBX_format_food/pizza-cutter_pizza-cutter.uasset" 8067
"C:/Users/Admin/Documents/Unreal Projects/ai-project/Content/ExternalAssets/FBX_format_food/pizza-box_lid.uasset" 8068
"C:/Users/Admin/Documents/Unreal Projects/ai-project/Content/ExternalAssets/FBX_format_food/pizza-box_pizza-box.uasset" 8069
"C:/Users/Admin/Documents/Unreal Projects/ai-project/Content/ExternalAssets/FBX_format_food/pineapple_pineapple.uasset" 8070
"C:/Users/Admin/Documents/Unreal Projects/ai-project/Content/ExternalAssets/FBX_format_food/pie_pie.uasset" 8071
"C:/Users/Admin/Documents/Unreal Projects/ai-project/Content/ExternalAssets/FBX_format_food/pepper_pepper.uasset" 8072
"C:/Users/Admin/Documents/Unreal Projects/ai-project/Content/ExternalAssets/FBX_format_food/pepper-mill_pepper-mill.uasset" 8073
"C:/Users/Admin/Documents/Unreal Projects/ai-project/Content/ExternalAssets/FBX_format_food/pear_pear.uasset" 8074
"C:/Users/Admin/Documents/Unreal Projects/ai-project/Content/ExternalAssets/FBX_format_food/pear-half_pear-half.uasset" 8075
"C:/Users/Admin/Documents/Unreal Projects/ai-project/Content/ExternalAssets/FBX_format_food/peanut-butter_peanut-butter.uasset" 8076
"C:/Users/Admin/Documents/Unreal Projects/ai-project/Content/ExternalAssets/FBX_format_food/paprika_paprika.uasset" 8077
"C:/Users/Admin/Documents/Unreal Projects/ai-project/Content/ExternalAssets/FBX_format_food/paprika-slice_paprika-slice.uasset" 8078
"C:/Users/Admin/Documents/Unreal Projects/ai-project/Content/ExternalAssets/FBX_format_food/pancakes_pancake_1.uasset" 8079
"C:/Users/Admin/Documents/Unreal Projects/ai-project/Content/ExternalAssets/FBX_format_food/pancakes_pancake_2.uasset" 8080
"C:/Users/Admin/Documents/Unreal Projects/ai-project/Content/ExternalAssets/FBX_format_food/pancakes_pancakes.uasset" 8081
"C:/Users/Admin/Documents/Unreal Projects/ai-project/Content/ExternalAssets/FBX_format_food/pancakes_pancake.uasset" 8082
"C:/Users/Admin/Documents/Unreal Projects/ai-project/Content/ExternalAssets/FBX_format_food/pan-stew_pan-stew.uasset" 8083
"C:/Users/Admin/Documents/Unreal Projects/ai-project/Content/ExternalAssets/FBX_format_food/pancakes_butter.uasset" 8084
"C:/Users/Admin/Documents/Unreal Projects/ai-project/Content/ExternalAssets/FBX_format_food/onion-half_onion-half.uasset" 8085
"C:/Users/Admin/Documents/Unreal Projects/ai-project/Content/ExternalAssets/FBX_format_food/pan_pan.uasset" 8086
"C:/Users/Admin/Documents/Unreal Projects/ai-project/Content/ExternalAssets/FBX_format_food/mussel_mussel.uasset" 8087
"C:/Users/Admin/Documents/Unreal Projects/ai-project/Content/ExternalAssets/FBX_format_food/onion_onion.uasset" 8088
"C:/Users/Admin/Documents/Unreal Projects/ai-project/Content/ExternalAssets/FBX_format_food/orange_orange.uasset" 8089
"C:/Users/Admin/Documents/Unreal Projects/ai-project/Content/ExternalAssets/FBX_format_food/mussel-open_mussel-open.uasset" 8090
"C:/Users/Admin/Documents/Unreal Projects/ai-project/Content/ExternalAssets/FBX_format_food/mushroom-half_mushroom-half.uasset" 8091
"C:/Users/Admin/Documents/Unreal Projects/ai-project/Content/ExternalAssets/FBX_format_food/mushroom_mushroom.uasset" 8092
"C:/Users/Admin/Documents/Unreal Projects/ai-project/Content/ExternalAssets/FBX_format_food/mug_mug.uasset" 8093
"C:/Users/Admin/Documents/Unreal Projects/ai-project/Content/ExternalAssets/FBX_format_food/mortar_mortar.uasset" 8094
"C:/Users/Admin/Documents/Unreal Projects/ai-project/Content/ExternalAssets/FBX_format_food/muffin_muffin.uasset" 8095
"C:/Users/Admin/Documents/Unreal Projects/ai-project/Content/ExternalAssets/FBX_format_food/mortar-pestle_mortar-pestle.uasset" 8096
"C:/Users/Admin/Documents/Unreal Projects/ai-project/Content/ExternalAssets/FBX_format_food/meat-tenderizer_meat-tenderizer.uasset" 8097
"C:/Users/Admin/Documents/Unreal Projects/ai-project/Content/ExternalAssets/FBX_format_food/mincemeat-pie_mincemeat-pie.uasset" 8098
"C:/Users/Admin/Documents/Unreal Projects/ai-project/Content/ExternalAssets/FBX_format_food/meat-sausage_meat-sausage.uasset" 8099
"C:/Users/Admin/Documents/Unreal Projects/ai-project/Content/ExternalAssets/FBX_format_food/meat-raw_meat-raw.uasset" 8100
"C:/Users/Admin/Documents/Unreal Projects/ai-project/Content/ExternalAssets/FBX_format_food/meat-ribs_meat-ribs.uasset" 8101
"C:/Users/Admin/Documents/Unreal Projects/ai-project/Content/ExternalAssets/FBX_format_food/meat-patty_meat-patty.uasset" 8102
"C:/Users/Admin/Documents/Unreal Projects/ai-project/Content/ExternalAssets/FBX_format_food/meat-cooked_meat-cooked.uasset" 8103
"C:/Users/Admin/Documents/Unreal Projects/ai-project/Content/ExternalAssets/FBX_format_food/maki-vegetable_maki-vegetable.uasset" 8104
"C:/Users/Admin/Documents/Unreal Projects/ai-project/Content/ExternalAssets/FBX_format_food/maki-salmon_maki-salmon.uasset" 8105
"C:/Users/Admin/Documents/Unreal Projects/ai-project/Content/ExternalAssets/FBX_format_food/maki-roe_maki-roe.uasset" 8106
"C:/Users/Admin/Documents/Unreal Projects/ai-project/Content/ExternalAssets/FBX_format_food/lollypop_lollypop.uasset" 8107
"C:/Users/Admin/Documents/Unreal Projects/ai-project/Content/ExternalAssets/FBX_format_food/loaf_loaf.uasset" 8108
"C:/Users/Admin/Documents/Unreal Projects/ai-project/Content/ExternalAssets/FBX_format_food/loaf-round_loaf-round.uasset" 8109
"C:/Users/Admin/Documents/Unreal Projects/ai-project/Content/ExternalAssets/FBX_format_food/lemon-half_lemon-half.uasset" 8110
"C:/Users/Admin/Documents/Unreal Projects/ai-project/Content/ExternalAssets/FBX_format_food/lemon_lemon.uasset" 8111
"C:/Users/Admin/Documents/Unreal Projects/ai-project/Content/ExternalAssets/FBX_format_food/loaf-baguette_loaf-baguette.uasset" 8112
"C:/Users/Admin/Documents/Unreal Projects/ai-project/Content/ExternalAssets/FBX_format_food/ice-cream_ice-cream.uasset" 8113
"C:/Users/Admin/Documents/Unreal Projects/ai-project/Content/ExternalAssets/FBX_format_food/ice-cream-scoop-mint_ice-cream-scoop-mint.uasset" 8114
"C:/Users/Admin/Documents/Unreal Projects/ai-project/Content/ExternalAssets/FBX_format_food/knife-block_cooking-knife.uasset" 8115
"C:/Users/Admin/Documents/Unreal Projects/ai-project/Content/ExternalAssets/FBX_format_food/knife-block_cooking-knife_1.uasset" 8116
"C:/Users/Admin/Documents/Unreal Projects/ai-project/Content/ExternalAssets/FBX_format_food/ice-cream_Group.uasset" 8117
"C:/Users/Admin/Documents/Unreal Projects/ai-project/Content/ExternalAssets/FBX_format_food/leek_leek.uasset" 8118
"C:/Users/Admin/Documents/Unreal Projects/ai-project/Content/ExternalAssets/FBX_format_food/knife-block_knife-block.uasset" 8119
"C:/Users/Admin/Documents/Unreal Projects/ai-project/Content/ExternalAssets/FBX_format_food/ice-cream-scoop-chocolate_ice-cream-scoop-chocolate.uasset" 8120
"C:/Users/Admin/Documents/Unreal Projects/ai-project/Content/ExternalAssets/FBX_format_food/knife-block_cooking-knife_2.uasset" 8121
"C:/Users/Admin/Documents/Unreal Projects/ai-project/Content/ExternalAssets/FBX_format_food/hot-dog_sausage.uasset" 8122
"C:/Users/Admin/Documents/Unreal Projects/ai-project/Content/ExternalAssets/FBX_format_food/hot-dog_hot-dog.uasset" 8123
"C:/Users/Admin/Documents/Unreal Projects/ai-project/Content/ExternalAssets/FBX_format_food/grapes_grapes.uasset" 8124
"C:/Users/Admin/Documents/Unreal Projects/ai-project/Content/ExternalAssets/FBX_format_food/honey_honey.uasset" 8125
"C:/Users/Admin/Documents/Unreal Projects/ai-project/Content/ExternalAssets/FBX_format_food/ice-cream-cup_ice-cream-cup.uasset" 8126
"C:/Users/Admin/Documents/Unreal Projects/ai-project/Content/ExternalAssets/FBX_format_food/hot-dog_sauce.uasset" 8127
"C:/Users/Admin/Documents/Unreal Projects/ai-project/Content/ExternalAssets/FBX_format_food/hot-dog-raw_hot-dog-raw.uasset" 8128
"C:/Users/Admin/Documents/Unreal Projects/ai-project/Content/ExternalAssets/FBX_format_food/glass-wine_glass-wine.uasset" 8129
"C:/Users/Admin/Documents/Unreal Projects/ai-project/Content/ExternalAssets/FBX_format_food/ice-cream-cne_ice-cream-cne.uasset" 8130
"C:/Users/Admin/Documents/Unreal Projects/ai-project/Content/ExternalAssets/FBX_format_food/ginger-bread_ginger-bread.uasset" 8131
"C:/Users/Admin/Documents/Unreal Projects/ai-project/Content/ExternalAssets/FBX_format_food/frying-pan_frying-pan.uasset" 8132
"C:/Users/Admin/Documents/Unreal Projects/ai-project/Content/ExternalAssets/FBX_format_food/ginger-bread-cutter_ginger-bread-cutter.uasset" 8133
"C:/Users/Admin/Documents/Unreal Projects/ai-project/Content/ExternalAssets/FBX_format_food/frying-pan-lid_frying-pan-lid.uasset" 8134
"C:/Users/Admin/Documents/Unreal Projects/ai-project/Content/ExternalAssets/FBX_format_food/frikandel-speciaal_sauce-onions.uasset" 8135
"C:/Users/Admin/Documents/Unreal Projects/ai-project/Content/ExternalAssets/FBX_format_food/frikandel-speciaal_frikandel.uasset" 8136
"C:/Users/Admin/Documents/Unreal Projects/ai-project/Content/ExternalAssets/FBX_format_food/frikandel-speciaal_frikandel-speciaal.uasset" 8137
"C:/Users/Admin/Documents/Unreal Projects/ai-project/Content/ExternalAssets/FBX_format_food/fries_fries_1.uasset" 8138
"C:/Users/Admin/Documents/Unreal Projects/ai-project/Content/ExternalAssets/FBX_format_food/fries_fries.uasset" 8139
"C:/Users/Admin/Documents/Unreal Projects/ai-project/Content/ExternalAssets/FBX_format_food/fries-empty_fries-empty.uasset" 8140
"C:/Users/Admin/Documents/Unreal Projects/ai-project/Content/ExternalAssets/FBX_format_food/frappe_frappe.uasset" 8141
"C:/Users/Admin/Documents/Unreal Projects/ai-project/Content/ExternalAssets/FBX_format_food/fish-bones_fish-bones.uasset" 8142
"C:/Users/Admin/Documents/Unreal Projects/ai-project/Content/ExternalAssets/FBX_format_food/egg_egg.uasset" 8143
"C:/Users/Admin/Documents/Unreal Projects/ai-project/Content/ExternalAssets/FBX_format_food/eggplant_eggplant.uasset" 8144
"C:/Users/Admin/Documents/Unreal Projects/ai-project/Content/ExternalAssets/FBX_format_food/fish_fish.uasset" 8145
"C:/Users/Admin/Documents/Unreal Projects/ai-project/Content/ExternalAssets/FBX_format_food/donut-chocolate_donut-chocolate.uasset" 8146
"C:/Users/Admin/Documents/Unreal Projects/ai-project/Content/ExternalAssets/FBX_format_food/dim-sum_dim-sum.uasset" 8147
"C:/Users/Admin/Documents/Unreal Projects/ai-project/Content/ExternalAssets/FBX_format_food/donut-sprinkles_donut-sprinkles.uasset" 8148
"C:/Users/Admin/Documents/Unreal Projects/ai-project/Content/ExternalAssets/FBX_format_food/cutting-board_cutting-board.uasset" 8149
"C:/Users/Admin/Documents/Unreal Projects/ai-project/Content/ExternalAssets/FBX_format_food/egg-half_egg-half.uasset" 8150
"C:/Users/Admin/Documents/Unreal Projects/ai-project/Content/ExternalAssets/FBX_format_food/egg-cooked_egg-cooked.uasset" 8151
"C:/Users/Admin/Documents/Unreal Projects/ai-project/Content/ExternalAssets/FBX_format_food/donut_donut.uasset" 8152
"C:/Users/Admin/Documents/Unreal Projects/ai-project/Content/ExternalAssets/FBX_format_food/egg-cup_egg-cup.uasset" 8153
"C:/Users/Admin/Documents/Unreal Projects/ai-project/Content/ExternalAssets/FBX_format_food/cutting-board-japanese_cutting-board-japanese.uasset" 8154
"C:/Users/Admin/Documents/Unreal Projects/ai-project/Content/ExternalAssets/FBX_format_food/cutting-board-round_cutting-board-round.uasset" 8155
"C:/Users/Admin/Documents/Unreal Projects/ai-project/Content/ExternalAssets/FBX_format_food/cupcake_cake.uasset" 8156
"C:/Users/Admin/Documents/Unreal Projects/ai-project/Content/ExternalAssets/FBX_format_food/cup-saucer_cup-saucer.uasset" 8157
"C:/Users/Admin/Documents/Unreal Projects/ai-project/Content/ExternalAssets/FBX_format_food/cup-coffee_cup-coffee.uasset" 8158
"C:/Users/Admin/Documents/Unreal Projects/ai-project/Content/ExternalAssets/FBX_format_food/cup_cup.uasset" 8159
"C:/Users/Admin/Documents/Unreal Projects/ai-project/Content/ExternalAssets/FBX_format_food/cupcake_cherry.uasset" 8160
"C:/Users/Admin/Documents/Unreal Projects/ai-project/Content/ExternalAssets/FBX_format_food/cup-tea_cup-tea.uasset" 8161
"C:/Users/Admin/Documents/Unreal Projects/ai-project/Content/ExternalAssets/FBX_format_food/cupcake_cupcake.uasset" 8162
"C:/Users/Admin/Documents/Unreal Projects/ai-project/Content/ExternalAssets/FBX_format_food/corn_corn.uasset" 8163
"C:/Users/Admin/Documents/Unreal Projects/ai-project/Content/ExternalAssets/FBX_format_food/croissant_croissant.uasset" 8164
"C:/Users/Admin/Documents/Unreal Projects/ai-project/Content/ExternalAssets/FBX_format_food/corn-dog_dog.uasset" 8165
"C:/Users/Admin/Documents/Unreal Projects/ai-project/Content/ExternalAssets/FBX_format_food/corn-dog_corn-dog.uasset" 8166
"C:/Users/Admin/Documents/Unreal Projects/ai-project/Content/ExternalAssets/FBX_format_food/cooking-spoon_cooking-spoon.uasset" 8167
"C:/Users/Admin/Documents/Unreal Projects/ai-project/Content/ExternalAssets/FBX_format_food/cooking-spatula_cooking-spatula.uasset" 8168
"C:/Users/Admin/Documents/Unreal Projects/ai-project/Content/ExternalAssets/FBX_format_food/cooking-knife_cooking-knife.uasset" 8169
"C:/Users/Admin/Documents/Unreal Projects/ai-project/Content/ExternalAssets/FBX_format_food/cooking-knife-chopping_cooking-knife-chopping.uasset" 8170
"C:/Users/Admin/Documents/Unreal Projects/ai-project/Content/ExternalAssets/FBX_format_food/cooking-fork_cooking-fork.uasset" 8171
"C:/Users/Admin/Documents/Unreal Projects/ai-project/Content/ExternalAssets/FBX_format_food/cookie_cookie.uasset" 8172
"C:/Users/Admin/Documents/Unreal Projects/ai-project/Content/ExternalAssets/FBX_format_food/cookie-chocolate_cookie-chocolate.uasset" 8173
"C:/Users/Admin/Documents/Unreal Projects/ai-project/Content/ExternalAssets/FBX_format_food/chopstick_chopstick.uasset" 8174
"C:/Users/Admin/Documents/Unreal Projects/ai-project/Content/ExternalAssets/FBX_format_food/coconut_coconut.uasset" 8175
"C:/Users/Admin/Documents/Unreal Projects/ai-project/Content/ExternalAssets/FBX_format_food/coconut-half_coconut-half.uasset" 8176
"C:/Users/Admin/Documents/Unreal Projects/ai-project/Content/ExternalAssets/FBX_format_food/chopstic-decorative_chopstic-decorative.uasset" 8177
"C:/Users/Admin/Documents/Unreal Projects/ai-project/Content/ExternalAssets/FBX_format_food/chinese_chopstick_1.uasset" 8178
"C:/Users/Admin/Documents/Unreal Projects/ai-project/Content/ExternalAssets/FBX_format_food/cocktail_lemon.uasset" 8179
"C:/Users/Admin/Documents/Unreal Projects/ai-project/Content/ExternalAssets/FBX_format_food/chocolate_chocolate.uasset" 8180
"C:/Users/Admin/Documents/Unreal Projects/ai-project/Content/ExternalAssets/FBX_format_food/chocolate-wrapper_chocolate-wrapper.uasset" 8181
"C:/Users/Admin/Documents/Unreal Projects/ai-project/Content/ExternalAssets/FBX_format_food/chinese_chinese.uasset" 8182
"C:/Users/Admin/Documents/Unreal Projects/ai-project/Content/ExternalAssets/FBX_format_food/cocktail_cocktail.uasset" 8183
"C:/Users/Admin/Documents/Unreal Projects/ai-project/Content/ExternalAssets/FBX_format_food/cocktail_straw.uasset" 8184
"C:/Users/Admin/Documents/Unreal Projects/ai-project/Content/ExternalAssets/FBX_format_food/chinese_chopstick.uasset" 8185
"C:/Users/Admin/Documents/Unreal Projects/ai-project/Content/ExternalAssets/FBX_format_food/cherries_cherries.uasset" 8186
"C:/Users/Admin/Documents/Unreal Projects/ai-project/Content/ExternalAssets/FBX_format_food/cheese_wedge_8.uasset" 8187
"C:/Users/Admin/Documents/Unreal Projects/ai-project/Content/ExternalAssets/FBX_format_food/cheese_wedge_9.uasset" 8188
"C:/Users/Admin/Documents/Unreal Projects/ai-project/Content/ExternalAssets/FBX_format_food/cheese_wedge_7.uasset" 8189
"C:/Users/Admin/Documents/Unreal Projects/ai-project/Content/ExternalAssets/FBX_format_food/cheese_wedge_6.uasset" 8190
"C:/Users/Admin/Documents/Unreal Projects/ai-project/Content/ExternalAssets/FBX_format_food/cheese_wedge_5.uasset" 8191
"C:/Users/Admin/Documents/Unreal Projects/ai-project/Content/ExternalAssets/FBX_format_food/cheese_wedge_3.uasset" 8192
"C:/Users/Admin/Documents/Unreal Projects/ai-project/Content/ExternalAssets/FBX_format_food/cheese_wedge_2.uasset" 8193
"C:/Users/Admin/Documents/Unreal Projects/ai-project/Content/ExternalAssets/FBX_format_food/cheese_wedge_11.uasset" 8194
"C:/Users/Admin/Documents/Unreal Projects/ai-project/Content/ExternalAssets/FBX_format_food/cheese_wedge_4.uasset" 8195
"C:/Users/Admin/Documents/Unreal Projects/ai-project/Content/ExternalAssets/FBX_format_food/cheese_wedge_10.uasset" 8196
"C:/Users/Admin/Documents/Unreal Projects/ai-project/Content/ExternalAssets/FBX_format_food/cheese_wedge_1.uasset" 8197
"C:/Users/Admin/Documents/Unreal Projects/ai-project/Content/ExternalAssets/FBX_format_food/cheese_wedge.uasset" 8198
"C:/Users/Admin/Documents/Unreal Projects/ai-project/Content/ExternalAssets/FBX_format_food/cheese-slicer_cheese-slicer.uasset" 8199
"C:/Users/Admin/Documents/Unreal Projects/ai-project/Content/ExternalAssets/FBX_format_food/cheese-cut_cheese-cut.uasset" 8200
"C:/Users/Admin/Documents/Unreal Projects/ai-project/Content/ExternalAssets/FBX_format_food/celery-stick_celery-stick.uasset" 8201
"C:/Users/Admin/Documents/Unreal Projects/ai-project/Content/ExternalAssets/FBX_format_food/carton_carton.uasset" 8202
"C:/Users/Admin/Documents/Unreal Projects/ai-project/Content/ExternalAssets/FBX_format_food/carton-small_carton-small.uasset" 8203
"C:/Users/Admin/Documents/Unreal Projects/ai-project/Content/ExternalAssets/FBX_format_food/carrot_carrot.uasset" 8204
"C:/Users/Admin/Documents/Unreal Projects/ai-project/Content/ExternalAssets/FBX_format_food/can_can.uasset" 8205
"C:/Users/Admin/Documents/Unreal Projects/ai-project/Content/ExternalAssets/FBX_format_food/can-small_Group.uasset" 8206
"C:/Users/Admin/Documents/Unreal Projects/ai-project/Content/ExternalAssets/FBX_format_food/candy-bar_candy-bar.uasset" 8207
"C:/Users/Admin/Documents/Unreal Projects/ai-project/Content/ExternalAssets/FBX_format_food/cake_slice_1.uasset" 8208
"C:/Users/Admin/Documents/Unreal Projects/ai-project/Content/ExternalAssets/FBX_format_food/cake_slice_2.uasset" 8209
"C:/Users/Admin/Documents/Unreal Projects/ai-project/Content/ExternalAssets/FBX_format_food/cake_slice_4.uasset" 8210
"C:/Users/Admin/Documents/Unreal Projects/ai-project/Content/ExternalAssets/FBX_format_food/cake_slice_5.uasset" 8211
"C:/Users/Admin/Documents/Unreal Projects/ai-project/Content/ExternalAssets/FBX_format_food/cake_slice.uasset" 8212
"C:/Users/Admin/Documents/Unreal Projects/ai-project/Content/ExternalAssets/FBX_format_food/cake-birthday_slice_5.uasset" 8213
"C:/Users/Admin/Documents/Unreal Projects/ai-project/Content/ExternalAssets/FBX_format_food/cake-slicer_cake-slicer.uasset" 8214
"C:/Users/Admin/Documents/Unreal Projects/ai-project/Content/ExternalAssets/FBX_format_food/can-open_can-open.uasset" 8215
"C:/Users/Admin/Documents/Unreal Projects/ai-project/Content/ExternalAssets/FBX_format_food/cake_slice_3.uasset" 8216
"C:/Users/Admin/Documents/Unreal Projects/ai-project/Content/ExternalAssets/FBX_format_food/can-small_can-small.uasset" 8217
"C:/Users/Admin/Documents/Unreal Projects/ai-project/Content/ExternalAssets/FBX_format_food/candy-bar-wrapper_candy-bar-wrapper.uasset" 8218
"C:/Users/Admin/Documents/Unreal Projects/ai-project/Content/ExternalAssets/FBX_format_food/cake-birthday_slice_4.uasset" 8219
"C:/Users/Admin/Documents/Unreal Projects/ai-project/Content/ExternalAssets/FBX_format_food/cake-birthday_slice_1.uasset" 8220
"C:/Users/Admin/Documents/Unreal Projects/ai-project/Content/ExternalAssets/FBX_format_food/cake-birthday_slice_2.uasset" 8221
"C:/Users/Admin/Documents/Unreal Projects/ai-project/Content/ExternalAssets/FBX_format_food/cake-birthday_slice.uasset" 8222
"C:/Users/Admin/Documents/Unreal Projects/ai-project/Content/ExternalAssets/FBX_format_food/burger_salad.uasset" 8223
"C:/Users/Admin/Documents/Unreal Projects/ai-project/Content/ExternalAssets/FBX_format_food/burger_tomato.uasset" 8224
"C:/Users/Admin/Documents/Unreal Projects/ai-project/Content/ExternalAssets/FBX_format_food/cake-birthday_slice_3.uasset" 8225
"C:/Users/Admin/Documents/Unreal Projects/ai-project/Content/ExternalAssets/FBX_format_food/burger_cheese.uasset" 8226
"C:/Users/Admin/Documents/Unreal Projects/ai-project/Content/ExternalAssets/FBX_format_food/burger_bun-top.uasset" 8227
"C:/Users/Admin/Documents/Unreal Projects/ai-project/Content/ExternalAssets/FBX_format_food/burger_patty.uasset" 8228
"C:/Users/Admin/Documents/Unreal Projects/ai-project/Content/ExternalAssets/FBX_format_food/cabbage_cabbage.uasset" 8229
"C:/Users/Admin/Documents/Unreal Projects/ai-project/Content/ExternalAssets/FBX_format_food/burger_bun-bottom.uasset" 8230
"C:/Users/Admin/Documents/Unreal Projects/ai-project/Content/ExternalAssets/FBX_format_food/burger-double_tomato.uasset" 8231
"C:/Users/Admin/Documents/Unreal Projects/ai-project/Content/ExternalAssets/FBX_format_food/burger-double_salad_1.uasset" 8232
"C:/Users/Admin/Documents/Unreal Projects/ai-project/Content/ExternalAssets/FBX_format_food/burger-double_salad.uasset" 8233
"C:/Users/Admin/Documents/Unreal Projects/ai-project/Content/ExternalAssets/FBX_format_food/burger-double_patty_1.uasset" 8234
"C:/Users/Admin/Documents/Unreal Projects/ai-project/Content/ExternalAssets/FBX_format_food/burger-double_patty.uasset" 8235
"C:/Users/Admin/Documents/Unreal Projects/ai-project/Content/ExternalAssets/FBX_format_food/burger-double_cheese_1.uasset" 8236
"C:/Users/Admin/Documents/Unreal Projects/ai-project/Content/ExternalAssets/FBX_format_food/burger-double_cheese.uasset" 8237
"C:/Users/Admin/Documents/Unreal Projects/ai-project/Content/ExternalAssets/FBX_format_food/burger-double_bun-middle.uasset" 8238
"C:/Users/Admin/Documents/Unreal Projects/ai-project/Content/ExternalAssets/FBX_format_food/burger-cheese_patty.uasset" 8239
"C:/Users/Admin/Documents/Unreal Projects/ai-project/Content/ExternalAssets/FBX_format_food/burger-cheese_bun-top.uasset" 8240
"C:/Users/Admin/Documents/Unreal Projects/ai-project/Content/ExternalAssets/FBX_format_food/burger-cheese-double_cheese.uasset" 8241
"C:/Users/Admin/Documents/Unreal Projects/ai-project/Content/ExternalAssets/FBX_format_food/burger-cheese-double_patty.uasset" 8242
"C:/Users/Admin/Documents/Unreal Projects/ai-project/Content/ExternalAssets/FBX_format_food/burger-double_bun-top.uasset" 8243
"C:/Users/Admin/Documents/Unreal Projects/ai-project/Content/ExternalAssets/FBX_format_food/burger-cheese-double_bun-middle.uasset" 8244
"C:/Users/Admin/Documents/Unreal Projects/ai-project/Content/ExternalAssets/FBX_format_food/burger-double_bun-bottom.uasset" 8245
"C:/Users/Admin/Documents/Unreal Projects/ai-project/Content/ExternalAssets/FBX_format_food/burger-cheese_cheese.uasset" 8246
"C:/Users/Admin/Documents/Unreal Projects/ai-project/Content/ExternalAssets/FBX_format_food/burger-cheese_bun-bottom.uasset" 8247
"C:/Users/Admin/Documents/Unreal Projects/ai-project/Content/ExternalAssets/FBX_format_food/burger-cheese-double_bun-top.uasset" 8248
"C:/Users/Admin/Documents/Unreal Projects/ai-project/Content/ExternalAssets/FBX_format_food/burger-cheese-double_cheese_1.uasset" 8249
"C:/Users/Admin/Documents/Unreal Projects/ai-project/Content/ExternalAssets/FBX_format_food/burger-cheese-double_patty_1.uasset" 8250
"C:/Users/Admin/Documents/Unreal Projects/ai-project/Content/ExternalAssets/FBX_format_food/bread_bread.uasset" 8251
"C:/Users/Admin/Documents/Unreal Projects/ai-project/Content/ExternalAssets/FBX_format_food/broccoli_broccoli.uasset" 8252
"C:/Users/Admin/Documents/Unreal Projects/ai-project/Content/ExternalAssets/FBX_format_food/bowl_bowl.uasset" 8253
"C:/Users/Admin/Documents/Unreal Projects/ai-project/Content/ExternalAssets/FBX_format_food/burger-cheese-double_bun-bottom.uasset" 8254
"C:/Users/Admin/Documents/Unreal Projects/ai-project/Content/ExternalAssets/FBX_format_food/bowl-broth_bowl-broth.uasset" 8255
"C:/Users/Admin/Documents/Unreal Projects/ai-project/Content/ExternalAssets/FBX_format_food/bowl-cereal_bowl-cereal.uasset" 8256
"C:/Users/Admin/Documents/Unreal Projects/ai-project/Content/ExternalAssets/FBX_format_food/bottle-oil_bottle-oil.uasset" 8257
"C:/Users/Admin/Documents/Unreal Projects/ai-project/Content/ExternalAssets/FBX_format_food/bottle-musterd_bottle-musterd.uasset" 8258
"C:/Users/Admin/Documents/Unreal Projects/ai-project/Content/ExternalAssets/FBX_format_food/bowl-soup_bowl-soup.uasset" 8259
"C:/Users/Admin/Documents/Unreal Projects/ai-project/Content/ExternalAssets/FBX_format_food/bowl-broth_Group.uasset" 8260
"C:/Users/Admin/Documents/Unreal Projects/ai-project/Content/ExternalAssets/FBX_format_food/bottle-ketchup_bottle-ketchup.uasset" 8261
"C:/Users/Admin/Documents/Unreal Projects/ai-project/Content/ExternalAssets/FBX_format_food/beet_beet.uasset" 8262
"C:/Users/Admin/Documents/Unreal Projects/ai-project/Content/ExternalAssets/FBX_format_food/barrel_barrel.uasset" 8263
"C:/Users/Admin/Documents/Unreal Projects/ai-project/Content/ExternalAssets/FBX_format_food/banana_banana.uasset" 8264
"C:/Users/Admin/Documents/Unreal Projects/ai-project/Content/ExternalAssets/FBX_format_food/bag_bag.uasset" 8265
"C:/Users/Admin/Documents/Unreal Projects/ai-project/Content/ExternalAssets/FBX_format_food/bag-flat_bag-flat.uasset" 8266
"C:/Users/Admin/Documents/Unreal Projects/ai-project/Content/ExternalAssets/FBX_format_food/bacon_bacon.uasset" 8267
"C:/Users/Admin/Documents/Unreal Projects/ai-project/Content/ExternalAssets/FBX_format_food/bacon-raw_bacon-raw.uasset" 8268
"C:/Users/Admin/Documents/Unreal Projects/ai-project/Content/ExternalAssets/FBX_format_food/avocado_avocado.uasset" 8269
"C:/Users/Admin/Documents/Unreal Projects/ai-project/Content/ExternalAssets/FBX_format_food/apple-half_apple-half.uasset" 8270
"C:/Users/Admin/Documents/Unreal Projects/ai-project/Content/Goals/ghost/controller/GhostController.uasset" 8271
"C:/Users/Admin/Documents/Unreal Projects/ai-project/Content/Goals/Guard/Controller/CT_Guard.uasset" 8272
"C:/Users/Admin/Documents/Unreal Projects/ai-project/Content/FiniteMachine/MyFMController.uasset" 8273
"C:/Users/Admin/Documents/Unreal Projects/ai-project/Content/ExternalAssets/FBX_format_food/apple_apple.uasset" 8274
"C:/Users/Admin/Documents/Unreal Projects/ai-project/Content/Characters/Mannequins/Rigs/Poses/Quinn/Quinn_thigh_r_pose.uasset" 8275
"C:/Users/Admin/Documents/Unreal Projects/ai-project/Content/AI/MyFMController.uasset" 8276
"C:/Users/Admin/Documents/Unreal Projects/ai-project/Content/Characters/Mannequins/Rigs/Poses/Quinn/Quinn_lowerarm_r_pose.uasset" 8277
"C:/Users/Admin/Documents/Unreal Projects/ai-project/Content/Characters/Mannequins/Rigs/Poses/Quinn/Quinn_upperarm_r_pose.uasset" 8278
"C:/Users/Admin/Documents/Unreal Projects/ai-project/Content/Characters/Mannequins/Rigs/Poses/Quinn/Quinn_lowerarm_l_pose.uasset" 8279
"C:/Users/Admin/Documents/Unreal Projects/ai-project/Content/Characters/Mannequins/Rigs/Poses/Quinn/Quinn_hand_r_pose.uasset" 8280
"C:/Users/Admin/Documents/Unreal Projects/ai-project/Content/Characters/Mannequins/Rigs/Poses/Quinn/Quinn_thigh_l_pose.uasset" 8281
"C:/Users/Admin/Documents/Unreal Projects/ai-project/Content/Characters/Mannequins/Rigs/Poses/Quinn/Quinn_upperarm_l_pose.uasset" 8282
"C:/Users/Admin/Documents/Unreal Projects/ai-project/Content/Characters/Mannequins/Rigs/Poses/Quinn/Quinn_hand_l_pose.uasset" 8283
"C:/Users/Admin/Documents/Unreal Projects/ai-project/Content/Characters/Mannequins/Rigs/Poses/Quinn/Quinn_foot_r_pose.uasset" 8284
"C:/Users/Admin/Documents/Unreal Projects/ai-project/Content/Characters/Mannequins/Rigs/Poses/Quinn/Quinn_foot_l_pose.uasset" 8285
"C:/Users/Admin/Documents/Unreal Projects/ai-project/Content/Characters/Mannequins/Rigs/Poses/Quinn/Quinn_calf_r_pose.uasset" 8286
"C:/Users/Admin/Documents/Unreal Projects/ai-project/Content/Characters/Mannequins/Rigs/Poses/Quinn/Quinn_clavicle_r_pose.uasset" 8287
"C:/Users/Admin/Documents/Unreal Projects/ai-project/Content/Characters/Mannequins/Rigs/Poses/Quinn/Quinn_clavicle_l_pose.uasset" 8288
"C:/Users/Admin/Documents/Unreal Projects/ai-project/Content/Characters/Mannequins/Rigs/Poses/Quinn/Quinn_calf_l_pose.uasset" 8289
"C:/Users/Admin/Documents/Unreal Projects/ai-project/Content/Characters/Mannequins/Rigs/Poses/Manny/Manny_upperarm_l_pose.uasset" 8290
"C:/Users/Admin/Documents/Unreal Projects/ai-project/Content/Characters/Mannequins/Rigs/Poses/Manny/Manny_upperarm_r_pose.uasset" 8291
"C:/Users/Admin/Documents/Unreal Projects/ai-project/Content/Characters/Mannequins/Rigs/Poses/Manny/Manny_thigh_r_pose.uasset" 8292
"C:/Users/Admin/Documents/Unreal Projects/ai-project/Content/Characters/Mannequins/Rigs/Poses/Manny/Manny_thigh_l_pose.uasset" 8293
"C:/Users/Admin/Documents/Unreal Projects/ai-project/Content/Characters/Mannequins/Rigs/Poses/Manny/Manny_lowerarm_r_pose.uasset" 8294
"C:/Users/Admin/Documents/Unreal Projects/ai-project/Content/Characters/Mannequins/Rigs/Poses/Manny/Manny_lowerarm_l_pose.uasset" 8295
"C:/Users/Admin/Documents/Unreal Projects/ai-project/Content/Characters/Mannequins/Rigs/Poses/Manny/Manny_hand_r_pose.uasset" 8296
"C:/Users/Admin/Documents/Unreal Projects/ai-project/Content/Characters/Mannequins/Rigs/Poses/Manny/Manny_hand_l_pose.uasset" 8297
"C:/Users/Admin/Documents/Unreal Projects/ai-project/Content/Characters/Mannequins/Rigs/Poses/Manny/Manny_foot_r_pose.uasset" 8298
"C:/Users/Admin/Documents/Unreal Projects/ai-project/Content/Characters/Mannequins/Rigs/Poses/Manny/Manny_foot_l_pose.uasset" 8299
"C:/Users/Admin/Documents/Unreal Projects/ai-project/Content/Characters/Mannequins/Rigs/Poses/Manny/Manny_clavicle_r_pose.uasset" 8300
"C:/Users/Admin/Documents/Unreal Projects/ai-project/Content/Characters/Mannequins/Rigs/Poses/Manny/Manny_clavicle_l_pose.uasset" 8301
"C:/Users/Admin/Documents/Unreal Projects/ai-project/Content/Anim/Guard/GuardBS_MM_WalkRun.uasset" 8302
"C:/Users/Admin/Documents/Unreal Projects/ai-project/Content/Characters/Mannequins/Rigs/Poses/Manny/Manny_calf_r_pose.uasset" 8303
"C:/Users/Admin/Documents/Unreal Projects/ai-project/Content/Characters/Mannequins/Rigs/Poses/Manny/Manny_calf_l_pose.uasset" 8304
"C:/Users/Admin/Documents/Unreal Projects/ai-project/Content/Characters/Mannequins/Animations/Quinn/BS_MF_Unarmed_WalkRun.uasset" 8305
"C:/Users/Admin/Documents/Unreal Projects/ai-project/Content/Actions/A_PickupKey.uasset" 8306
"../../../Engine/Plugins/Interchange/Runtime/Content/Functions/MX_StandardSurface.uasset" 8307
"../../../Engine/Plugins/Interchange/Runtime/Content/Functions/MX_Transmission.uasset" 8308
"../../../Engine/Content/Functions/Engine_MaterialFunctions02/Texturing/ScreenAlignedUVs.uasset" 8309
"../../../Engine/Content/Maps/Entry.umap" 8310
"../../../Engine/Content/MapTemplates/SM_Template_Map_Floor.uasset" 8311
"C:/Users/Admin/Documents/Unreal Projects/ai-project/Content/DetectiveAnimations/Demo/Mannequins/Materials/Functions/MF_logo3layers.uasset" 8312
"../../../Engine/Plugins/Animation/ControlRig/Content/Controls/ControlRig_Star4_1mm.uasset" 8313
"../../../Engine/Plugins/Animation/ControlRig/Content/Controls/ControlRig_Triangle_solid.uasset" 8314
"../../../Engine/Plugins/Animation/ControlRig/Content/Controls/ControlRig_Wedge_solid.uasset" 8315
"../../../Engine/Plugins/Animation/ControlRig/Content/Controls/ControlRig_Wedge_3mm.uasset" 8316
"../../../Engine/Plugins/Animation/ControlRig/Content/Controls/ControlRig_Star4_3mm.uasset" 8317
"../../../Engine/Plugins/Animation/ControlRig/Content/Controls/ControlRig_Star4_solid.uasset" 8318
"../../../Engine/Plugins/Animation/ControlRig/Content/Controls/ControlRig_Triangle_3mm.uasset" 8319
"../../../Engine/Plugins/Animation/ControlRig/Content/Controls/ControlRig_Triangle_1mm.uasset" 8320
"../../../Engine/Plugins/Animation/ControlRig/Content/Controls/ControlRig_Wedge_1mm.uasset" 8321
"../../../Engine/Plugins/Animation/ControlRig/Content/Controls/ControlRig_Square_solid.uasset" 8322
"../../../Engine/Plugins/Animation/ControlRig/Content/Controls/ControlRig_Square_3mm.uasset" 8323
"../../../Engine/Plugins/Animation/ControlRig/Content/Controls/ControlRig_Square_1mm.uasset" 8324
"../../../Engine/Plugins/Animation/ControlRig/Content/Controls/ControlRig_Sphere_3mm.uasset" 8325
"../../../Engine/Plugins/Animation/ControlRig/Content/Controls/ControlRig_Sphere_1mm.uasset" 8326
"../../../Engine/Plugins/Animation/ControlRig/Content/Controls/ControlRig_RoundedTriangle_solid.uasset" 8327
"../../../Engine/Plugins/Animation/ControlRig/Content/Controls/ControlRig_RoundedSquare_solid.uasset" 8328
"../../../Engine/Plugins/Animation/ControlRig/Content/Controls/ControlRig_RoundedSquare_3mm.uasset" 8329
"../../../Engine/Plugins/Animation/ControlRig/Content/Controls/ControlRig_RoundedTriangle_1mm.uasset" 8330
"../../../Engine/Plugins/Animation/ControlRig/Content/Controls/ControlRig_Pyramid_3mm.uasset" 8331
"../../../Engine/Plugins/Animation/ControlRig/Content/Controls/ControlRig_Octagon_solid.uasset" 8332
"../../../Engine/Plugins/Animation/ControlRig/Content/Controls/ControlRig_QuarterCircle_1mm.uasset" 8333
"../../../Engine/Plugins/Animation/ControlRig/Content/Controls/ControlRig_QuarterCircle_3mm.uasset" 8334
"../../../Engine/Plugins/Animation/ControlRig/Content/Controls/ControlRig_QuarterCircle_solid.uasset" 8335
"../../../Engine/Plugins/Animation/ControlRig/Content/Controls/ControlRig_Octagon_3mm.uasset" 8336
"../../../Engine/Plugins/Animation/ControlRig/Content/Controls/ControlRig_Pyramid_1mm.uasset" 8337
"../../../Engine/Plugins/Animation/ControlRig/Content/Controls/ControlRig_Pyramid_solid.uasset" 8338
"../../../Engine/Plugins/Animation/ControlRig/Content/Controls/ControlRig_RoundedSquare_1mm.uasset" 8339
"../../../Engine/Plugins/Animation/ControlRig/Content/Controls/ControlRig_RoundedTriangle_3mm.uasset" 8340
"../../../Engine/Plugins/Animation/ControlRig/Content/Controls/ControlRig_Hexagon_solid.uasset" 8341
"../../../Engine/Plugins/Animation/ControlRig/Content/Controls/ControlRig_Hexagon_1mm.uasset" 8342
"../../../Engine/Plugins/Animation/ControlRig/Content/Controls/ControlRig_Octagon_1mm.uasset" 8343
"../../../Engine/Plugins/Animation/ControlRig/Content/Controls/ControlRig_Hexagon_3mm.uasset" 8344
"../../../Engine/Plugins/Animation/ControlRig/Content/Controls/ControlRig_HalfCircle_1mm.uasset" 8345
"../../../Engine/Plugins/Animation/ControlRig/Content/Controls/ControlRig_Diamond_solid.uasset" 8346
"../../../Engine/Plugins/Animation/ControlRig/Content/Controls/ControlRig_Circle_solid.uasset" 8347
"../../../Engine/Plugins/Animation/ControlRig/Content/Controls/ControlRig_Diamond_3mm.uasset" 8348
"../../../Engine/Plugins/Animation/ControlRig/Content/Controls/ControlRig_HalfCircle_solid.uasset" 8349
"../../../Engine/Plugins/Animation/ControlRig/Content/Controls/ControlRig_Diamond_1mm.uasset" 8350
"../../../Engine/Plugins/Animation/ControlRig/Content/Controls/ControlRig_HalfCircle_3mm.uasset" 8351
"../../../Engine/Plugins/Animation/ControlRig/Content/Controls/ControlRig_Circle_3mm.uasset" 8352
"../../../Engine/Plugins/Animation/ControlRig/Content/Controls/ControlRig_Circle_1mm.uasset" 8353
"../../../Engine/Plugins/Animation/ControlRig/Content/Controls/ControlRig_Box_solid.uasset" 8354
"../../../Engine/Plugins/Animation/ControlRig/Content/Controls/ControlRig_Box_3mm.uasset" 8355
"../../../Engine/Plugins/Animation/ControlRig/Content/Controls/ControlRig_Box_1mm.uasset" 8356
"../../../Engine/Plugins/Animation/ControlRig/Content/Controls/ControlRig_Arrow_solid.uasset" 8357
"../../../Engine/Plugins/Animation/ControlRig/Content/Controls/ControlRig_Arrow_3mm.uasset" 8358
"../../../Engine/Plugins/Animation/ControlRig/Content/Controls/ControlRig_Arrow_1mm.uasset" 8359
"../../../Engine/Plugins/Animation/ControlRig/Content/Controls/ControlRig_Sphere_solid.uasset" 8360
"../../../Engine/Plugins/Animation/ControlRig/Content/Controls/ControlRig_Arrow4_solid.uasset" 8361
"../../../Engine/Plugins/Animation/ControlRig/Content/Controls/ControlRig_Arrow2_solid.uasset" 8362
"../../../Engine/Plugins/Animation/ControlRig/Content/Controls/ControlRig_Arrow2_3mm.uasset" 8363
"C:/Users/Admin/Documents/Unreal Projects/ai-project/Content/Maps/_GENERATED/Josephine/CubeGridToolOutput_F5494416.uasset" 8364
"../../../Engine/Plugins/Animation/ControlRig/Content/Controls/ControlRig_Arrow4_1mm.uasset" 8365
"C:/Users/Admin/Documents/Unreal Projects/ai-project/Content/Maps/_GENERATED/Josephine/CubeGridToolOutput_F85E903D.uasset" 8366
"C:/Users/Admin/Documents/Unreal Projects/ai-project/Content/Maps/_GENERATED/Josephine/CubeGridToolOutput_FAD2EDBB.uasset" 8367
"../../../Engine/Plugins/Animation/ControlRig/Content/Controls/ControlRig_Arrow4_3mm.uasset" 8368
"../../../Engine/Plugins/Animation/ControlRig/Content/Controls/ControlRig_Arrow2_1mm.uasset" 8369
"C:/Users/Admin/Documents/Unreal Projects/ai-project/Content/Maps/_GENERATED/Josephine/CubeGridToolOutput_E6F5256E.uasset" 8370
"C:/Users/Admin/Documents/Unreal Projects/ai-project/Content/Maps/_GENERATED/Josephine/CubeGridToolOutput_D98F4D4D.uasset" 8371
"C:/Users/Admin/Documents/Unreal Projects/ai-project/Content/Maps/_GENERATED/Josephine/CubeGridToolOutput_C337F727.uasset" 8372
"C:/Users/Admin/Documents/Unreal Projects/ai-project/Content/Maps/_GENERATED/Josephine/CubeGridToolOutput_9524E72F.uasset" 8373
"C:/Users/Admin/Documents/Unreal Projects/ai-project/Content/Maps/_GENERATED/Josephine/CubeGridToolOutput_C8D47B1C.uasset" 8374
"C:/Users/Admin/Documents/Unreal Projects/ai-project/Content/Maps/_GENERATED/Josephine/CubeGridToolOutput_B275BA0F.uasset" 8375
"C:/Users/Admin/Documents/Unreal Projects/ai-project/Content/Maps/_GENERATED/Josephine/CubeGridToolOutput_BB96F733.uasset" 8376
"C:/Users/Admin/Documents/Unreal Projects/ai-project/Content/Maps/_GENERATED/Josephine/CubeGridToolOutput_8A77025D.uasset" 8377
"C:/Users/Admin/Documents/Unreal Projects/ai-project/Content/Maps/_GENERATED/Josephine/CubeGridToolOutput_7A5C3CB7.uasset" 8378
"C:/Users/Admin/Documents/Unreal Projects/ai-project/Content/Maps/_GENERATED/Josephine/CubeGridToolOutput_63469F66.uasset" 8379
"C:/Users/Admin/Documents/Unreal Projects/ai-project/Content/Maps/_GENERATED/Josephine/CubeGridToolOutput_5E2475A4.uasset" 8380
"C:/Users/Admin/Documents/Unreal Projects/ai-project/Content/Maps/_GENERATED/Josephine/CubeGridToolOutput_5E6627F1.uasset" 8381
"C:/Users/Admin/Documents/Unreal Projects/ai-project/Content/Maps/_GENERATED/Josephine/CubeGridToolOutput_23A387F6.uasset" 8382
"C:/Users/Admin/Documents/Unreal Projects/ai-project/Content/Maps/_GENERATED/Josephine/CubeGridToolOutput_209F1968.uasset" 8383
"C:/Users/Admin/Documents/Unreal Projects/ai-project/Content/Maps/_GENERATED/Josephine/CubeGridToolOutput_19FBE70D.uasset" 8384
"C:/Users/Admin/Documents/Unreal Projects/ai-project/Content/Maps/_GENERATED/Josephine/CubeGridToolOutput_18B24C8F.uasset" 8385
"C:/Users/Admin/Documents/Unreal Projects/ai-project/Content/Maps/_GENERATED/Josephine/CubeGridToolOutput_10D07EAF.uasset" 8386
"C:/Users/Admin/Documents/Unreal Projects/ai-project/Content/Maps/_GENERATED/Josephine/CubeGridToolOutput_17FC65DD.uasset" 8387
"C:/Users/Admin/Documents/Unreal Projects/ai-project/Content/Maps/_GENERATED/Josephine/CubeGridToolOutput_119AD43C.uasset" 8388
"C:/Users/Admin/Documents/Unreal Projects/ai-project/Content/Maps/_GENERATED/Josephine/CubeGridToolOutput_0ECABDAB.uasset" 8389
"C:/Users/Admin/Documents/Unreal Projects/ai-project/Content/Maps/_GENERATED/Josephine/CubeGridToolOutput_E10D966B.uasset" 8390
"C:/Users/Admin/Documents/Unreal Projects/ai-project/Content/Maps/_GENERATED/Josephine/wallseg.uasset" 8391
"C:/Users/Admin/Documents/Unreal Projects/ai-project/Content/Maps/_GENERATED/Josephine/CubeGridToolOutput_6EBDFD3E.uasset" 8392
"C:/Users/Admin/Documents/Unreal Projects/ai-project/Content/Maps/_GENERATED/Josephine/CubeGridToolOutput_366A40F0.uasset" 8393
"C:/Users/Admin/Documents/Unreal Projects/ai-project/Content/RamsterZ_FreeAnims_Volume1/Demo/Props/OneHandSword_Mesh.uasset" 8394
"C:/Users/Admin/Documents/Unreal Projects/ai-project/Content/LevelPrototyping/Meshes/SM_ChamferCube.uasset" 8395
"C:/Users/Admin/Documents/Unreal Projects/ai-project/Content/GuardBTController.uasset" 8396
"C:/Users/Admin/Documents/Unreal Projects/ai-project/Content/UI/MyPlayerHUDUI.uasset" 8397
"C:/Users/Admin/Documents/Unreal Projects/ai-project/Content/ExternalAssets/Characters/FBX_format/leg-left.uasset" 8398
"C:/Users/Admin/Documents/Unreal Projects/ai-project/Content/ExternalAssets/Characters/FBX_format/torso.uasset" 8399
"C:/Users/Admin/Documents/Unreal Projects/ai-project/Content/ExternalAssets/Characters/FBX_format/leg-right.uasset" 8400
"C:/Users/Admin/Documents/Unreal Projects/ai-project/Content/ThirdPerson/Maps/_GENERATED/Josephine/PrisonerMesh.uasset" 8401
"C:/Users/Admin/Documents/Unreal Projects/ai-project/Content/ExternalAssets/Characters/leg-left.uasset" 8402
"C:/Users/Admin/Documents/Unreal Projects/ai-project/Content/ExternalAssets/Characters/torso.uasset" 8403
"C:/Users/Admin/Documents/Unreal Projects/ai-project/Content/ThirdPerson/Maps/_GENERATED/Josephine/GuardMesh.uasset" 8404
"C:/Users/Admin/Documents/Unreal Projects/ai-project/Content/ExternalAssets/Characters/leg-right.uasset" 8405
"C:/Users/Admin/Documents/Unreal Projects/ai-project/Content/ExternalAssets/Characters/head.uasset" 8406
"C:/Users/Admin/Documents/Unreal Projects/ai-project/Content/DetectiveAnimations/Demo/Mannequins/Rigs/Poses/Quinn/Quinn_upperarm_r_pose.uasset" 8407
"C:/Users/Admin/Documents/Unreal Projects/ai-project/Content/DetectiveAnimations/Demo/Mannequins/Rigs/Poses/Quinn/Quinn_thigh_r_pose.uasset" 8408
"C:/Users/Admin/Documents/Unreal Projects/ai-project/Content/ExternalAssets/Characters/arm-right.uasset" 8409
"C:/Users/Admin/Documents/Unreal Projects/ai-project/Content/ExternalAssets/Characters/arm-left.uasset" 8410
"C:/Users/Admin/Documents/Unreal Projects/ai-project/Content/DetectiveAnimations/Demo/Mannequins/Rigs/Poses/Quinn/Quinn_upperarm_l_pose.uasset" 8411
"C:/Users/Admin/Documents/Unreal Projects/ai-project/Content/DetectiveAnimations/Demo/Mannequins/Rigs/Poses/Quinn/Quinn_thigh_l_pose.uasset" 8412
"C:/Users/Admin/Documents/Unreal Projects/ai-project/Content/DetectiveAnimations/Demo/Mannequins/Rigs/Poses/Quinn/Quinn_lowerarm_r_pose.uasset" 8413
"C:/Users/Admin/Documents/Unreal Projects/ai-project/Content/DetectiveAnimations/Demo/Mannequins/Rigs/Poses/Quinn/Quinn_lowerarm_l_pose.uasset" 8414
"C:/Users/Admin/Documents/Unreal Projects/ai-project/Content/DetectiveAnimations/Demo/Mannequins/Rigs/Poses/Quinn/Quinn_hand_l_pose.uasset" 8415
"C:/Users/Admin/Documents/Unreal Projects/ai-project/Content/DetectiveAnimations/Demo/Mannequins/Rigs/Poses/Quinn/Quinn_hand_r_pose.uasset" 8416
"C:/Users/Admin/Documents/Unreal Projects/ai-project/Content/DetectiveAnimations/Demo/Mannequins/Rigs/Poses/Quinn/Quinn_foot_r_pose.uasset" 8417
"C:/Users/Admin/Documents/Unreal Projects/ai-project/Content/DetectiveAnimations/Demo/Mannequins/Rigs/Poses/Quinn/Quinn_clavicle_r_pose.uasset" 8418
"C:/Users/Admin/Documents/Unreal Projects/ai-project/Content/DetectiveAnimations/Demo/Mannequins/Rigs/Poses/Quinn/Quinn_clavicle_l_pose.uasset" 8419
"C:/Users/Admin/Documents/Unreal Projects/ai-project/Content/DetectiveAnimations/Demo/Mannequins/Rigs/Poses/Quinn/Quinn_foot_l_pose.uasset" 8420
"C:/Users/Admin/Documents/Unreal Projects/ai-project/Content/DetectiveAnimations/Demo/Mannequins/Rigs/Poses/Quinn/Quinn_calf_l_pose.uasset" 8421
"C:/Users/Admin/Documents/Unreal Projects/ai-project/Content/DetectiveAnimations/Demo/Mannequins/Rigs/Poses/Manny/Manny_upperarm_r_pose.uasset" 8422
"C:/Users/Admin/Documents/Unreal Projects/ai-project/Content/DetectiveAnimations/Demo/Mannequins/Rigs/Poses/Quinn/Quinn_calf_r_pose.uasset" 8423
"C:/Users/Admin/Documents/Unreal Projects/ai-project/Content/DetectiveAnimations/Demo/Mannequins/Rigs/Poses/Manny/Manny_upperarm_l_pose.uasset" 8424
"C:/Users/Admin/Documents/Unreal Projects/ai-project/Content/DetectiveAnimations/Demo/Mannequins/Rigs/Poses/Manny/Manny_thigh_r_pose.uasset" 8425
"C:/Users/Admin/Documents/Unreal Projects/ai-project/Content/DetectiveAnimations/Demo/Mannequins/Rigs/Poses/Manny/Manny_thigh_l_pose.uasset" 8426
"C:/Users/Admin/Documents/Unreal Projects/ai-project/Content/DetectiveAnimations/Demo/Mannequins/Rigs/Poses/Manny/Manny_lowerarm_r_pose.uasset" 8427
"C:/Users/Admin/Documents/Unreal Projects/ai-project/Content/DetectiveAnimations/Demo/Mannequins/Rigs/Poses/Manny/Manny_lowerarm_l_pose.uasset" 8428
"C:/Users/Admin/Documents/Unreal Projects/ai-project/Content/DetectiveAnimations/Demo/Mannequins/Rigs/Poses/Manny/Manny_hand_r_pose.uasset" 8429
"C:/Users/Admin/Documents/Unreal Projects/ai-project/Content/DetectiveAnimations/Demo/Mannequins/Rigs/Poses/Manny/Manny_hand_l_pose.uasset" 8430
"C:/Users/Admin/Documents/Unreal Projects/ai-project/Content/DetectiveAnimations/Demo/Mannequins/Rigs/Poses/Manny/Manny_foot_r_pose.uasset" 8431
"C:/Users/Admin/Documents/Unreal Projects/ai-project/Content/DetectiveAnimations/Demo/Mannequins/Rigs/Poses/Manny/Manny_foot_l_pose.uasset" 8432
"C:/Users/Admin/Documents/Unreal Projects/ai-project/Content/DetectiveAnimations/Demo/Mannequins/Rigs/Poses/Manny/Manny_clavicle_l_pose.uasset" 8433
"C:/Users/Admin/Documents/Unreal Projects/ai-project/Content/DetectiveAnimations/Demo/Mannequins/Animations/Quinn/BS_MF_Unarmed_WalkRun.uasset" 8434
"C:/Users/Admin/Documents/Unreal Projects/ai-project/Content/DetectiveAnimations/Demo/Mannequins/Materials/Functions/MF_Diffraction.uasset" 8435
"C:/Users/Admin/Documents/Unreal Projects/ai-project/Content/Anim/Guard/GuardAS_Inspects_Montage.uasset" 8436
"C:/Users/Admin/Documents/Unreal Projects/ai-project/Content/DetectiveAnimations/Demo/Mannequins/Rigs/Poses/Manny/Manny_calf_l_pose.uasset" 8437
"C:/Users/Admin/Documents/Unreal Projects/ai-project/Content/DetectiveAnimations/Demo/Mannequins/Rigs/Poses/Manny/Manny_clavicle_r_pose.uasset" 8438
"C:/Users/Admin/Documents/Unreal Projects/ai-project/Content/DetectiveAnimations/Demo/Mannequins/Animations/Manny/BS_MM_WalkRun.uasset" 8439
"C:/Users/Admin/Documents/Unreal Projects/ai-project/Content/AI/Guard/BP_Guard.uasset" 8440
"C:/Users/Admin/Documents/Unreal Projects/ai-project/Content/DetectiveAnimations/Demo/Mannequins/Rigs/Poses/Manny/Manny_calf_r_pose.uasset" 8441
"../../../Engine/Content/EngineSky/SM_SkySphere.uasset" 8442
"C:/Users/Admin/Documents/Unreal Projects/ai-project/Content/Characters/Prisoner/SM_Prisoner.uasset" 8443
"C:/Users/Admin/Documents/Unreal Projects/ai-project/Content/UI/WBP_PrisonUI.uasset" 8444
"C:/Users/Admin/Documents/Unreal Projects/ai-project/Content/Characters/Mannequin_UE4/Materials/M_MannequinUE4_Body.uasset" 8445
"C:/Users/Admin/Documents/Unreal Projects/ai-project/Content/RamsterZ_FreeAnims_Volume1/Demo/Mannequin/Character/Materials/M_UE4Man_Body.uasset" 8446
"C:/Users/Admin/Documents/Unreal Projects/ai-project/Content/LevelPrototyping/Materials/MF_ProcGrid.uasset" 8447
"C:/Users/Admin/Documents/Unreal Projects/ai-project/Content/BP_EntranceDoor.uasset" 8448
"../../../Engine/Content/EditorMeshes/ColorCalibrator/SM_ColorCalibrator.uasset" 8449
"../../../Engine/Content/OpenWorldTemplate/LandscapeMaterial/MF_ProcGrid.uasset" 8450
"C:/Users/Admin/Documents/Unreal Projects/ai-project/Content/ExternalAssets/BP_SplineWall.uasset" 8451
"C:/Users/Admin/Documents/Unreal Projects/ai-project/Content/Characters/Mannequins/Rigs/ABP_Quinn_PostProcess.uasset" 8452
"C:/Users/Admin/Documents/Unreal Projects/ai-project/Content/Characters/Mannequins/Rigs/ABP_Manny_PostProcess.uasset" 8453
"../../../Engine/Plugins/Interchange/Runtime/Content/Functions/MX_OpenPBR_Opaque.uasset" 8454
"../../../Engine/Plugins/Interchange/Runtime/Content/gltf/M_Unlit.uasset" 8455
"C:/Users/Admin/Documents/Unreal Projects/ai-project/Content/Anim/Guard/ABP_Inmate.uasset" 8456
"../../../Engine/Content/EditorMaterials/Thumbnails/SkySphereMaterial.uasset" 8457
"../../../Engine/Plugins/Interchange/Runtime/Content/Functions/MX_TransmissionSurface.uasset" 8458
"C:/Users/Admin/Documents/Unreal Projects/ai-project/Content/MyBTRobot.uasset" 8459
"C:/Users/Admin/Documents/Unreal Projects/ai-project/Content/Door.uasset" 8460
"C:/Users/Admin/Documents/Unreal Projects/ai-project/Content/DetectiveAnimations/Demo/Mannequins/Animations/ABP_Manny.uasset" 8461
"C:/Users/Admin/Documents/Unreal Projects/ai-project/Content/DetectiveAnimations/Demo/Mannequins/Rigs/ABP_Quinn_PostProcess.uasset" 8462
"../../../Engine/Content/EngineSky/BP_Sky_Sphere.uasset" 8463
"C:/Users/Admin/Documents/Unreal Projects/ai-project/Content/Characters/Mannequin_UE4/Materials/M_MannequinUE4_ChestLogo.uasset" 8464
"C:/Users/Admin/Documents/Unreal Projects/ai-project/Content/LevelPrototyping/Materials/M_PrototypeGrid.uasset" 8465
"C:/Users/Admin/Documents/Unreal Projects/ai-project/Content/EW_PickSplineMesh.uasset" 8466
"C:/Users/Admin/Documents/Unreal Projects/ai-project/Content/DetectiveAnimations/Demo/Mannequins/Materials/M_Mannequin.uasset" 8467
"../../../Engine/Content/OpenWorldTemplate/LandscapeMaterial/M_ProcGrid.uasset" 8468
"C:/Users/Admin/Documents/Unreal Projects/ai-project/Content/RamsterZ_FreeAnims_Volume1/Demo/Mannequin/Character/Materials/M_UE4Man_ChestLogo.uasset" 8469
"C:/Users/Admin/Documents/Unreal Projects/ai-project/Content/DetectiveAnimations/Demo/Mannequins/Rigs/ABP_Manny_PostProcess.uasset" 8470
"../../../Engine/Plugins/Interchange/Runtime/Content/gltf/MaterialInstances/MI_Unlit_Blend_DS.uasset" 8471
"../../../../../../Users/Admin/Documents/Unreal Projects/ai-project/Content/StarterContent/Maps/Minimal_Default.umap" 8472
"C:/Users/Admin/Documents/Unreal Projects/ai-project/Content/Goals/Prisoner/Pawn/BP_Prisoner.uasset" 8473
"C:/Users/Admin/Documents/Unreal Projects/ai-project/Content/Characters/Mannequins/Materials/Instances/Manny/MI_Manny_01.uasset" 8474
"../../../Engine/Plugins/Interchange/Runtime/Content/gltf/MaterialInstances/MI_Unlit_Mask_DS.uasset" 8475
"../../../Engine/Plugins/Interchange/Runtime/Content/gltf/MaterialInstances/MI_Unlit_Blend.uasset" 8476
"C:/Users/Admin/Documents/Unreal Projects/ai-project/Content/AI/MyFSM_AICharacter.uasset" 8477
"../../../Engine/Plugins/Interchange/Runtime/Content/gltf/MaterialInstances/MI_Unlit_Opaque.uasset" 8478
"../../../Engine/Plugins/Interchange/Runtime/Content/Functions/MX_OpenPBR_Translucent.uasset" 8479
"C:/Users/Admin/Documents/Unreal Projects/ai-project/Content/DetectiveAnimations/Demo/Mannequins/Animations/ABP_Quinn.uasset" 8480
"../../../Engine/Plugins/Interchange/Runtime/Content/gltf/MaterialInstances/MI_Unlit_Opaque_DS.uasset" 8481
"C:/Users/Admin/Documents/Unreal Projects/ai-project/Content/Characters/Mannequins/Animations/ABP_Quinn.uasset" 8482
"C:/Users/Admin/Documents/Unreal Projects/ai-project/Content/Anim/Guard/AM_GuardAttack.uasset" 8483
"../../../Engine/Plugins/Interchange/Runtime/Content/gltf/MaterialInstances/MI_Unlit_Mask.uasset" 8484
"C:/Users/Admin/Documents/Unreal Projects/ai-project/Content/LevelPrototyping/Materials/MI_PrototypeGrid_TopDark.uasset" 8485
"C:/Users/Admin/Documents/Unreal Projects/ai-project/Content/DetectiveAnimations/Demo/Mannequins/Materials/Instances/Quinn/MI_Quinn_01.uasset" 8486
"C:/Users/Admin/Documents/Unreal Projects/ai-project/Content/Characters/Mannequin_UE4/Meshes/SK_Mannequin.uasset" 8487
"C:/Users/Admin/Documents/Unreal Projects/ai-project/Content/LevelPrototyping/Materials/MI_PrototypeGrid_Gray.uasset" 8488
"C:/Users/Admin/Documents/Unreal Projects/ai-project/Content/RamsterZ_FreeAnims_Volume1/Demo/Mannequin/Character/Mesh/SK_Mannequin.uasset" 8489
"C:/Users/Admin/Documents/Unreal Projects/ai-project/Content/LevelPrototyping/Materials/MI_PrototypeGrid_Gray_02.uasset" 8490
"../../../Engine/Content/OpenWorldTemplate/LandscapeMaterial/MI_ProcGrid.uasset" 8491
"C:/Users/Admin/Documents/Unreal Projects/ai-project/Content/DetectiveAnimations/Demo/Mannequins/Materials/Instances/Manny/MI_Manny_01.uasset" 8492
"../../../Engine/Content/EditorResources/EmptyActor.uasset" 8493
"../../../Engine/Content/EditorResources/AudioIcons/S_AudioComponent_AutoActivate.uasset" 8494
"C:/Users/Admin/Documents/Unreal Projects/ai-project/Content/Characters/Mannequins/Materials/Instances/Manny/MI_Manny_02.uasset" 8495
"../../../Engine/Plugins/Interchange/Runtime/Content/gltf/M_Transmission.uasset" 8496
"../../../Engine/Plugins/Interchange/Runtime/Content/gltf/M_Sheen.uasset" 8497
"../../../Engine/Plugins/Interchange/Runtime/Content/gltf/M_ClearCoat.uasset" 8498
"C:/Users/Admin/Documents/Unreal Projects/ai-project/Content/LevelPrototyping/Meshes/SM_Ramp.uasset" 8499
"C:/Users/Admin/Documents/Unreal Projects/ai-project/Content/RamsterZ_FreeAnims_Volume1/Demo/Mannequin/Character/Mesh/BP_Knife_Mann.uasset" 8500
"C:/Users/Admin/Documents/Unreal Projects/ai-project/Content/RamsterZ_FreeAnims_Volume1/Demo/Mannequin/Character/Mesh/BP_Knife_GripVariant_Mann.uasset" 8501
"C:/Users/Admin/Documents/Unreal Projects/ai-project/Content/DetectiveAnimations/Demo/Mannequins/Materials/Instances/Quinn/MI_Quinn_02.uasset" 8502
"C:/Users/Admin/Documents/Unreal Projects/ai-project/Content/LevelPrototyping/Meshes/SM_QuarterCylinder.uasset" 8503
"../../../Engine/Plugins/Interchange/Runtime/Content/gltf/M_SpecularGlossiness.uasset" 8504
"C:/Users/Admin/Documents/Unreal Projects/ai-project/Content/DetectiveAnimations/Demo/Mannequins/Materials/Instances/Manny/MI_Manny_02.uasset" 8505
"C:/Users/Admin/Documents/Unreal Projects/ai-project/Content/RamsterZ_FreeAnims_Volume1/Demo/Mannequin/Character/Mesh/BP_Sword_Mann.uasset" 8506
"C:/Users/Admin/Documents/Unreal Projects/ai-project/Content/LevelPrototyping/Meshes/SM_Cube.uasset" 8507
"C:/Users/Admin/Documents/Unreal Projects/ai-project/Content/LevelPrototyping/Meshes/SM_Cylinder.uasset" 8508
"../../../Engine/Plugins/Interchange/Runtime/Content/gltf/MaterialInstances/MI_SpecularGlossiness_Blend_DS.uasset" 8509
"../../../Engine/Plugins/Interchange/Runtime/Content/gltf/MaterialInstances/MI_SpecularGlossiness_Mask_DS.uasset" 8510
"../../../Engine/Plugins/Interchange/Runtime/Content/gltf/MaterialInstances/MI_SpecularGlossiness_Opaque_DS.uasset" 8511
"../../../Engine/Plugins/Interchange/Runtime/Content/gltf/MaterialInstances/MI_SpecularGlossiness_Blend.uasset" 8512
"../../../Engine/Plugins/Interchange/Runtime/Content/gltf/MaterialInstances/MI_SpecularGlossiness_Mask.uasset" 8513
"../../../Engine/Plugins/Interchange/Runtime/Content/gltf/MaterialInstances/MI_SpecularGlossiness_Opaque.uasset" 8514
"../../../Engine/Plugins/Interchange/Runtime/Content/gltf/MaterialInstances/MI_Transmission_DS.uasset" 8515
"../../../Engine/Plugins/Interchange/Runtime/Content/gltf/MaterialInstances/MI_Transmission.uasset" 8516
"../../../Engine/Plugins/Interchange/Runtime/Content/gltf/MaterialInstances/MI_Sheen_Blend_DS.uasset" 8517
"../../../Engine/Plugins/Interchange/Runtime/Content/gltf/MaterialInstances/MI_Sheen_Mask_DS.uasset" 8518
"../../../../../../Users/Admin/Documents/Unreal Projects/ai-project/Content/RamsterZ_FreeAnims_Volume1/Demo/Mannequin/Character/Mesh/SK_Mannequin.uasset" 8519
"../../../Engine/Plugins/Interchange/Runtime/Content/gltf/MaterialInstances/MI_Sheen_Opaque_DS.uasset" 8520
"../../../../../../Users/Admin/Documents/Unreal Projects/ai-project/Content/Characters/Mannequin_UE4/Meshes/SK_Mannequin.uasset" 8521
"../../../Engine/Plugins/Interchange/Runtime/Content/gltf/MaterialInstances/MI_Sheen_Blend.uasset" 8522
"../../../../../../Users/Admin/Documents/Unreal Projects/ai-project/Content/StarterContent/Maps/StarterMap.umap" 8523
"../../../Engine/Plugins/Interchange/Runtime/Content/gltf/MaterialInstances/MI_Sheen_Mask.uasset" 8524
"../../../Engine/Plugins/Interchange/Runtime/Content/gltf/MaterialInstances/MI_Sheen_Opaque.uasset" 8525
"../../../Engine/Content/EditorResources/AudioIcons/S_AudioComponent.uasset" 8526
"../../../Engine/Plugins/Interchange/Runtime/Content/gltf/MaterialInstances/MI_Default_Mask.uasset" 8527
"../../../Engine/Plugins/Interchange/Runtime/Content/gltf/MaterialInstances/MI_ClearCoat_Mask.uasset" 8528
"../../../Engine/Plugins/Interchange/Runtime/Content/gltf/MaterialInstances/MI_Default_Mask_DS.uasset" 8529
"../../../Engine/Plugins/Interchange/Runtime/Content/gltf/MaterialInstances/MI_ClearCoat_Blend_DS.uasset" 8530
"../../../Engine/Plugins/Interchange/Runtime/Content/gltf/MaterialInstances/MI_ClearCoat_Opaque_DS.uasset" 8531
"C:/Users/Admin/Documents/Unreal Projects/ai-project/Content/Characters/Mannequins/Meshes/SKM_Manny_Simple.uasset" 8532
"../../../Engine/Plugins/Interchange/Runtime/Content/gltf/MaterialInstances/MI_ClearCoat_Opaque.uasset" 8533
"C:/Users/Admin/Documents/Unreal Projects/ai-project/Content/Characters/Mannequins/Meshes/SKM_Quinn.uasset" 8534
"../../../Engine/Plugins/Interchange/Runtime/Content/gltf/MaterialInstances/MI_Default_Blend.uasset" 8535
"../../../Engine/Plugins/Interchange/Runtime/Content/gltf/MaterialInstances/MI_Default_Blend_DS.uasset" 8536
"../../../Engine/Plugins/Interchange/Runtime/Content/gltf/MaterialInstances/MI_Default_Opaque.uasset" 8537
"../../../Engine/Plugins/Interchange/Runtime/Content/gltf/MaterialInstances/MI_ClearCoat_Blend.uasset" 8538
"../../../Engine/Plugins/Interchange/Runtime/Content/gltf/MaterialInstances/MI_ClearCoat_Mask_DS.uasset" 8539
"C:/Users/Admin/Documents/Unreal Projects/ai-project/Content/Characters/Mannequins/Meshes/SKM_Manny.uasset" 8540
"C:/Users/Admin/Documents/Unreal Projects/ai-project/Content/DetectiveAnimations/Demo/Mannequins/Meshes/SKM_Quinn.uasset" 8541
"C:/Users/Admin/Documents/Unreal Projects/ai-project/Content/DetectiveAnimations/Demo/Mannequins/Meshes/SKM_Manny_Simple.uasset" 8542
"C:/Users/Admin/Documents/Unreal Projects/ai-project/Content/DetectiveAnimations/Demo/Mannequins/Meshes/SKM_Quinn_Simple.uasset" 8543
"C:/Users/Admin/Documents/Unreal Projects/ai-project/Content/StarterContent/Architecture/texture_door1.uasset" 8544
"C:/Users/Admin/Documents/Unreal Projects/ai-project/Content/StarterContent/Architecture/texture_11.uasset" 8545
"C:/Users/Admin/Documents/Unreal Projects/ai-project/Content/RamsterZ_FreeAnims_Volume1/Demo/Maps/level_RamsterZ_EpicMegaJam_2022.umap" 8546
"C:/Users/Admin/Documents/Unreal Projects/ai-project/Content/Anim/M_Joints.uasset" 8547
"C:/Users/Admin/Documents/Unreal Projects/ai-project/Content/DetectiveAnimations/Demo/Mannequins/Meshes/SKM_Manny.uasset" 8548
"C:/Users/Admin/Documents/Unreal Projects/ai-project/Content/Anim/M_Main.uasset" 8549
"C:/Users/Admin/Documents/Unreal Projects/ai-project/Content/Goals/ghost/pawn/BP_Ghost.uasset" 8550
"../../../../../../Users/Admin/Documents/Unreal Projects/ai-project/Content/Characters/Mannequins/Meshes/SKM_Quinn.uasset" 8551
"../../../../../../Users/Admin/Documents/Unreal Projects/ai-project/Content/Characters/Mannequins/Meshes/SKM_Manny_Simple.uasset" 8552
"../../../../../../Users/Admin/Documents/Unreal Projects/ai-project/Content/Characters/Mannequins/Meshes/SKM_Manny.uasset" 8553
"../../../../../../Users/Admin/Documents/Unreal Projects/ai-project/Content/StarterContent/Maps/Advanced_Lighting.umap" 8554
"../../../../../../Users/Admin/Documents/Unreal Projects/ai-project/Content/DetectiveAnimations/Demo/Mannequins/Meshes/SKM_Quinn_Simple.uasset" 8555
"../../../../../../Users/Admin/Documents/Unreal Projects/ai-project/Content/DetectiveAnimations/Demo/Mannequins/Meshes/SKM_Quinn.uasset" 8556
"../../../../../../Users/Admin/Documents/Unreal Projects/ai-project/Content/DetectiveAnimations/Demo/Mannequins/Meshes/SKM_Manny_Simple.uasset" 8557
"../../../../../../Users/Admin/Documents/Unreal Projects/ai-project/Content/DetectiveAnimations/Demo/Mannequins/Meshes/SKM_Manny.uasset" 8558
"../../../../../../Users/Admin/Documents/Unreal Projects/ai-project/Content/RamsterZ_FreeAnims_Volume1/Demo/Maps/level_RamsterZ_EpicMegaJam_2022.umap" 8559
"../../../Engine/Content/EditorResources/LightIcons/S_LightError.uasset" 8560
"C:/Users/Admin/Documents/Unreal Projects/ai-project/Content/StarterContent/Architecture/n.uasset" 8561
"C:/Users/Admin/Documents/Unreal Projects/ai-project/Content/DetectiveAnimations/Maps/Overview.umap" 8562
"C:/Users/Admin/Documents/Unreal Projects/ai-project/Content/Characters/BP_BaseAI.uasset" 8563
"C:/Users/Admin/Documents/Unreal Projects/ai-project/Content/DetectiveAnimations/Demo/Mannequins/Rigs/RTG_Mannequin.uasset" 8564
"C:/Users/Admin/Documents/Unreal Projects/ai-project/Content/ExternalAssets/Prsion/asteroid_01_008_asteroid_001_0.uasset" 8565
"C:/Users/Admin/Documents/Unreal Projects/ai-project/Content/ExternalAssets/Prsion/asteroid_01_007_asteroid_001_0.uasset" 8566
"C:/Users/Admin/Documents/Unreal Projects/ai-project/Content/DetectiveAnimations/Maps/Demo.umap" 8567
"C:/Users/Admin/Documents/Unreal Projects/ai-project/Content/ExternalAssets/Prsion/SM_String_T_Batton_0.uasset" 8568
"C:/Users/Admin/Documents/Unreal Projects/ai-project/Content/ExternalAssets/Prsion/asteroid_01_009_asteroid_001_0.uasset" 8569
"C:/Users/Admin/Documents/Unreal Projects/ai-project/Content/Anim/UAL1_Standard.uasset" 8570
"C:/Users/Admin/Documents/Unreal Projects/ai-project/Content/ThirdPerson/TestDrawers.uasset" 8571
"C:/Users/Admin/Documents/Unreal Projects/ai-project/Content/ExternalAssets/Prsion/asteroid_01_006_asteroid_001_0.uasset" 8572
"C:/Users/Admin/Documents/Unreal Projects/ai-project/Content/ExternalAssets/Prsion/rusted_medieval_key.uasset" 8573
"../../../Engine/Content/EngineSounds/Submixes/MasterSubmixDefault.uasset" 8574
"../../../Engine/Content/EngineSounds/Submixes/MasterEQSubmixDefault.uasset" 8575
"C:/Users/Admin/Documents/Unreal Projects/ai-project/Content/Blueprints/NewGameMode.uasset" 8576
"../../../Engine/Content/EngineSounds/Submixes/MasterReverbSubmixDefault.uasset" 8577
"C:/Users/Admin/Documents/Unreal Projects/ai-project/Content/DataTables/DT_ItemDataBase.uasset" 8578
"C:/Users/Admin/Documents/Unreal Projects/ai-project/Content/Goals/Guard/Goals/G_PutDownPlayer.uasset" 8579
"C:/Users/Admin/Documents/Unreal Projects/ai-project/Content/UI/WB_StarterUI.uasset" 8580
"C:/Users/Admin/Documents/Unreal Projects/ai-project/Content/UI/WBP_HB.uasset" 8581
"../../../../../../Users/Admin/Documents/Unreal Projects/ai-project/Content/DetectiveAnimations/Maps/Overview.umap" 8582
"../../../../../../Users/Admin/Documents/Unreal Projects/ai-project/Content/DetectiveAnimations/Maps/Demo.umap" 8583
"C:/Users/Admin/Documents/Unreal Projects/ai-project/Content/Goals/Guard/Actions/A_Chase.uasset" 8584
"C:/Users/Admin/Documents/Unreal Projects/ai-project/Content/ThirdPerson/Maps/ThirdPersonMap.umap" 8585
"C:/Users/Admin/Documents/Unreal Projects/ai-project/Content/__ExternalObjects__/ThirdPerson/Maps/ThirdPersonMap/E/GP/22PD314FCWY4ZK61DE3XZC.uasset" 8586
"C:/Users/Admin/Documents/Unreal Projects/ai-project/Content/__ExternalObjects__/ThirdPerson/Maps/ThirdPersonMap/B/AN/0Z4D0BFPHEXAYK76DY0WLL.uasset" 8587
"C:/Users/Admin/Documents/Unreal Projects/ai-project/Content/__ExternalObjects__/ThirdPerson/Maps/ThirdPersonMap/9/KN/KHZG97SS6AL73U7AXDWH6J.uasset" 8588
"C:/Users/Admin/Documents/Unreal Projects/ai-project/Content/__ExternalObjects__/ThirdPerson/Maps/ThirdPersonMap/A/KP/VZTB4WP3P1L1F1WL9R6XLZ.uasset" 8589
"C:/Users/Admin/Documents/Unreal Projects/ai-project/Content/__ExternalObjects__/ThirdPerson/Maps/ThirdPersonMap/D/13/KQB15WT334LUGWVAUX80XH.uasset" 8590
"C:/Users/Admin/Documents/Unreal Projects/ai-project/Content/__ExternalObjects__/ThirdPerson/Maps/ThirdPersonMap/8/05/U8OLLG133BEQMR58UPHM3P.uasset" 8591
"C:/Users/Admin/Documents/Unreal Projects/ai-project/Content/__ExternalObjects__/ThirdPerson/Maps/ThirdPersonMap/C/7N/FDH7Y28CQFXDK8P6MM1HXM.uasset" 8592
"C:/Users/Admin/Documents/Unreal Projects/ai-project/Content/__ExternalObjects__/ThirdPerson/Maps/ThirdPersonMap/6/TK/PIQ0B2FNWR15P52TECP27A.uasset" 8593
"C:/Users/Admin/Documents/Unreal Projects/ai-project/Content/__ExternalObjects__/ThirdPerson/Maps/ThirdPersonMap/6/D8/3MZ6M1DB94VN44C87D65WR.uasset" 8594
"C:/Users/Admin/Documents/Unreal Projects/ai-project/Content/Goals/Guard/Controller/GuardController.uasset" 8595
"C:/Users/Admin/Documents/Unreal Projects/ai-project/Content/__ExternalObjects__/ThirdPerson/Maps/ThirdPersonMap/4/VW/TY7TSUER9KKGHX2BMKSL0L.uasset" 8596
"C:/Users/Admin/Documents/Unreal Projects/ai-project/Content/Goals/Guard/Actions/A_TransitionRoutine.uasset" 8597
"C:/Users/Admin/Documents/Unreal Projects/ai-project/Content/Goals/Guard/Actions/A_FindPlayer.uasset" 8598
"C:/Users/Admin/Documents/Unreal Projects/ai-project/Content/__ExternalObjects__/ThirdPerson/Maps/ThirdPersonMap/3/DH/JQTP3L9HHXRN8IUHATI906.uasset" 8599
"C:/Users/Admin/Documents/Unreal Projects/ai-project/Content/Goals/Prisoner/Actions/A_TransitionRoutine.uasset" 8600
"C:/Users/Admin/Documents/Unreal Projects/ai-project/Content/Goals/Prisoner/Actions/A_ExecuteRoutine.uasset" 8601
"C:/Users/Admin/Documents/Unreal Projects/ai-project/Content/Goals/Guard/Actions/A_FollowRoutine.uasset" 8602
"C:/Users/Admin/Documents/Unreal Projects/ai-project/Content/__ExternalObjects__/ThirdPerson/Maps/ThirdPersonMap/4/4A/NCNZF2U4ZTZ8XZJNF86FNT.uasset" 8603
"C:/Users/Admin/Documents/Unreal Projects/ai-project/Content/Anim/Guard/ABP_Guard.uasset" 8604
"C:/Users/Admin/Documents/Unreal Projects/ai-project/Content/Goals/Guard/Pawn/BP_Guard.uasset" 8605
"C:/Users/Admin/Documents/Unreal Projects/ai-project/Content/Goals/Prisoner/Actions/A_Talk.uasset" 8606
"C:/Users/Admin/Documents/Unreal Projects/ai-project/Content/Goals/Prisoner/Actions/A_GoToTarget.uasset" 8607
"C:/Users/Admin/Documents/Unreal Projects/ai-project/Content/Goals/Prisoner/Actions/A_Fight.uasset" 8608
"C:/Users/Admin/Documents/Unreal Projects/ai-project/Content/Goals/Prisoner/Actions/A_GoToLocation.uasset" 8609
"../../../Engine/Content/Maps/Templates/HLODs/HLODLayer_Instanced.uasset" 8610
"../../../Engine/Content/Maps/Templates/HLODs/HLODLayer_Merged.uasset" 8611
"../../../../../../Users/Admin/Documents/Unreal Projects/ai-project/Content/__ExternalActors__/ThirdPerson/Maps/ThirdPersonMap/0/43/HYQWORMY4JDQ5X3OKZXFLC.uasset" 8612
"../../../../../../Users/Admin/Documents/Unreal Projects/ai-project/Content/__ExternalActors__/ThirdPerson/Maps/ThirdPersonMap/1/AZ/A7GPT109Y6ZTTJD4A7TXER.uasset" 8613
"../../../../../../Users/Admin/Documents/Unreal Projects/ai-project/Content/__ExternalActors__/ThirdPerson/Maps/ThirdPersonMap/1/EJ/PGUWWHRTS59S34GKBX0OUI.uasset" 8614
"../../../../../../Users/Admin/Documents/Unreal Projects/ai-project/Content/__ExternalActors__/ThirdPerson/Maps/ThirdPersonMap/1/HF/YFYBQ72OYLHJQS0TSSXGBV.uasset" 8615
"../../../../../../Users/Admin/Documents/Unreal Projects/ai-project/Content/__ExternalActors__/ThirdPerson/Maps/ThirdPersonMap/1/QS/VHQF8JWOATZI5V3ZVY5YTM.uasset" 8616
"../../../../../../Users/Admin/Documents/Unreal Projects/ai-project/Content/__ExternalActors__/ThirdPerson/Maps/ThirdPersonMap/1/WU/NB37RT5Q32Z8MJWD8BD2SO.uasset" 8617
"../../../../../../Users/Admin/Documents/Unreal Projects/ai-project/Content/__ExternalActors__/ThirdPerson/Maps/ThirdPersonMap/2/66/0OP5U85W4H0R7CHG999ZDN.uasset" 8618
"../../../../../../Users/Admin/Documents/Unreal Projects/ai-project/Content/__ExternalActors__/ThirdPerson/Maps/ThirdPersonMap/3/EY/87SHEJN5UBEAN2K5OV1G6R.uasset" 8619
"../../../../../../Users/Admin/Documents/Unreal Projects/ai-project/Content/__ExternalActors__/ThirdPerson/Maps/ThirdPersonMap/3/OG/KDQDMXAXZXD8VLDDU4K3JL.uasset" 8620
"../../../../../../Users/Admin/Documents/Unreal Projects/ai-project/Content/__ExternalActors__/ThirdPerson/Maps/ThirdPersonMap/3/P3/O43ETCZTFMLWWH1CJ941H2.uasset" 8621
"../../../../../../Users/Admin/Documents/Unreal Projects/ai-project/Content/__ExternalActors__/ThirdPerson/Maps/ThirdPersonMap/4/60/5PI42YRDC8HSSG6BVV2GRR.uasset" 8622
"../../../../../../Users/Admin/Documents/Unreal Projects/ai-project/Content/__ExternalActors__/ThirdPerson/Maps/ThirdPersonMap/4/LN/30UBDLYFFA5ZR7U4W4L4GG.uasset" 8623
"../../../../../../Users/Admin/Documents/Unreal Projects/ai-project/Content/__ExternalActors__/ThirdPerson/Maps/ThirdPersonMap/4/PN/2QISIGK5DJNQ05US8O8FXW.uasset" 8624
"../../../../../../Users/Admin/Documents/Unreal Projects/ai-project/Content/__ExternalActors__/ThirdPerson/Maps/ThirdPersonMap/5/R1/TS5OQ5CRUWFZYL1ZQ7I416.uasset" 8625
"../../../../../../Users/Admin/Documents/Unreal Projects/ai-project/Content/__ExternalActors__/ThirdPerson/Maps/ThirdPersonMap/6/J7/N10XDC9G27EMLS5AGZ6AVV.uasset" 8626
"../../../../../../Users/Admin/Documents/Unreal Projects/ai-project/Content/__ExternalActors__/ThirdPerson/Maps/ThirdPersonMap/6/NP/Z9EK2TXQ1TFO26WFZHWZII.uasset" 8627
"../../../../../../Users/Admin/Documents/Unreal Projects/ai-project/Content/__ExternalActors__/ThirdPerson/Maps/ThirdPersonMap/6/UV/1C6W14EIHMXOXXB657JYKB.uasset" 8628
"../../../../../../Users/Admin/Documents/Unreal Projects/ai-project/Content/__ExternalActors__/ThirdPerson/Maps/ThirdPersonMap/6/XB/9VVR39MG0K7W5GQIEFE7SO.uasset" 8629
"../../../../../../Users/Admin/Documents/Unreal Projects/ai-project/Content/__ExternalActors__/ThirdPerson/Maps/ThirdPersonMap/7/X6/GLQ2ALFUHGCJU66S59EW7Q.uasset" 8630
"../../../../../../Users/Admin/Documents/Unreal Projects/ai-project/Content/__ExternalActors__/ThirdPerson/Maps/ThirdPersonMap/7/YP/22Y34DNJUWTN6ZM8VVTCL3.uasset" 8631
"../../../../../../Users/Admin/Documents/Unreal Projects/ai-project/Content/__ExternalActors__/ThirdPerson/Maps/ThirdPersonMap/8/3J/6B9RJI3FDPCETRKXUXCQ4C.uasset" 8632
"../../../../../../Users/Admin/Documents/Unreal Projects/ai-project/Content/__ExternalActors__/ThirdPerson/Maps/ThirdPersonMap/8/H9/GITN2HJQNERMM41FAE68W0.uasset" 8633
"../../../../../../Users/Admin/Documents/Unreal Projects/ai-project/Content/__ExternalActors__/ThirdPerson/Maps/ThirdPersonMap/8/P1/NN84RP20JNUCL0SHI5W2B8.uasset" 8634
"../../../../../../Users/Admin/Documents/Unreal Projects/ai-project/Content/__ExternalActors__/ThirdPerson/Maps/ThirdPersonMap/8/S1/DXUWD12MD3HRWVVXX076BY.uasset" 8635
"../../../../../../Users/Admin/Documents/Unreal Projects/ai-project/Content/__ExternalActors__/ThirdPerson/Maps/ThirdPersonMap/9/21/WWYX44RDCCS98492P9K9O3.uasset" 8636
"../../../../../../Users/Admin/Documents/Unreal Projects/ai-project/Content/__ExternalActors__/ThirdPerson/Maps/ThirdPersonMap/9/6I/RU1L28PS820IOVH625A0DA.uasset" 8637
"../../../../../../Users/Admin/Documents/Unreal Projects/ai-project/Content/__ExternalActors__/ThirdPerson/Maps/ThirdPersonMap/9/CI/KST702KSCRZWYV56G3VJBD.uasset" 8638
"../../../../../../Users/Admin/Documents/Unreal Projects/ai-project/Content/__ExternalActors__/ThirdPerson/Maps/ThirdPersonMap/9/HX/V8I4AHXNT2NQ97M2MLC289.uasset" 8639
"../../../../../../Users/Admin/Documents/Unreal Projects/ai-project/Content/__ExternalActors__/ThirdPerson/Maps/ThirdPersonMap/9/PT/GUC97YA7WKTLXJG33AUIFL.uasset" 8640
"../../../../../../Users/Admin/Documents/Unreal Projects/ai-project/Content/__ExternalActors__/ThirdPerson/Maps/ThirdPersonMap/9/TU/6BD1LGG57BZHGNDU6B40V0.uasset" 8641
"../../../../../../Users/Admin/Documents/Unreal Projects/ai-project/Content/__ExternalActors__/ThirdPerson/Maps/ThirdPersonMap/A/16/Q7Y1URWWFS0TXGWUTO3S61.uasset" 8642
"../../../../../../Users/Admin/Documents/Unreal Projects/ai-project/Content/__ExternalActors__/ThirdPerson/Maps/ThirdPersonMap/A/17/6LXV4Y6DE3LUT705XNU4DZ.uasset" 8643
"../../../../../../Users/Admin/Documents/Unreal Projects/ai-project/Content/__ExternalActors__/ThirdPerson/Maps/ThirdPersonMap/A/BW/M7Z5RX3O7568TBJFK5R76I.uasset" 8644
"../../../../../../Users/Admin/Documents/Unreal Projects/ai-project/Content/__ExternalActors__/ThirdPerson/Maps/ThirdPersonMap/A/QF/IC5P4DX2V32RNW1O6GG5P4.uasset" 8645
"../../../../../../Users/Admin/Documents/Unreal Projects/ai-project/Content/__ExternalActors__/ThirdPerson/Maps/ThirdPersonMap/B/4D/BBOCKSZY1GVHTFRX0PR0O8.uasset" 8646
"../../../../../../Users/Admin/Documents/Unreal Projects/ai-project/Content/__ExternalActors__/ThirdPerson/Maps/ThirdPersonMap/B/8K/1IKKDYS7RULH8FRYRPPF04.uasset" 8647
"../../../../../../Users/Admin/Documents/Unreal Projects/ai-project/Content/__ExternalActors__/ThirdPerson/Maps/ThirdPersonMap/B/EA/9BWDWCNL7OZT2HTML9LK1Y.uasset" 8648
"../../../../../../Users/Admin/Documents/Unreal Projects/ai-project/Content/__ExternalActors__/ThirdPerson/Maps/ThirdPersonMap/B/FB/8RB55FM1HBEUVO4IOQC4YN.uasset" 8649
"../../../../../../Users/Admin/Documents/Unreal Projects/ai-project/Content/__ExternalActors__/ThirdPerson/Maps/ThirdPersonMap/B/KW/9YH18EUCJFK5CZXL6H3W3R.uasset" 8650
"../../../../../../Users/Admin/Documents/Unreal Projects/ai-project/Content/__ExternalActors__/ThirdPerson/Maps/ThirdPersonMap/C/0I/VIQQWOEJKSKV1EK1XGX3EY.uasset" 8651
"../../../../../../Users/Admin/Documents/Unreal Projects/ai-project/Content/__ExternalActors__/ThirdPerson/Maps/ThirdPersonMap/C/CR/7XUPI98BQTKEHWZSLCXRRS.uasset" 8652
"../../../../../../Users/Admin/Documents/Unreal Projects/ai-project/Content/__ExternalActors__/ThirdPerson/Maps/ThirdPersonMap/C/QF/BY1DA5CRGQSAMOTK8RA8KR.uasset" 8653
"../../../../../../Users/Admin/Documents/Unreal Projects/ai-project/Content/__ExternalActors__/ThirdPerson/Maps/ThirdPersonMap/C/VG/J56KD0L6V3H95VGNPT5S14.uasset" 8654
"../../../../../../Users/Admin/Documents/Unreal Projects/ai-project/Content/__ExternalActors__/ThirdPerson/Maps/ThirdPersonMap/C/Y2/F55KS47MQLI8PVREEJ61FJ.uasset" 8655
"../../../../../../Users/Admin/Documents/Unreal Projects/ai-project/Content/__ExternalActors__/ThirdPerson/Maps/ThirdPersonMap/C/YT/CQR16QFDKKEYP53M51TV4F.uasset" 8656
"../../../../../../Users/Admin/Documents/Unreal Projects/ai-project/Content/__ExternalActors__/ThirdPerson/Maps/ThirdPersonMap/D/0G/JNKFA4X9LRMSF343ESPF6Q.uasset" 8657
"../../../../../../Users/Admin/Documents/Unreal Projects/ai-project/Content/__ExternalActors__/ThirdPerson/Maps/ThirdPersonMap/D/3V/NMHOKL5LGQDOAAG00FUMZR.uasset" 8658
"../../../../../../Users/Admin/Documents/Unreal Projects/ai-project/Content/__ExternalActors__/ThirdPerson/Maps/ThirdPersonMap/D/DE/SWSI13675DVYIZ0N4NF7Y3.uasset" 8659
"../../../../../../Users/Admin/Documents/Unreal Projects/ai-project/Content/__ExternalActors__/ThirdPerson/Maps/ThirdPersonMap/D/MM/5416TNIX8GKJW3B714Y6WF.uasset" 8660
"../../../../../../Users/Admin/Documents/Unreal Projects/ai-project/Content/__ExternalActors__/ThirdPerson/Maps/ThirdPersonMap/D/OI/BVNTLHAPOPDXURSVGR63ME.uasset" 8661
"../../../../../../Users/Admin/Documents/Unreal Projects/ai-project/Content/__ExternalActors__/ThirdPerson/Maps/ThirdPersonMap/D/VL/KUT2U1MQ1ND9CXN070OTDM.uasset" 8662
"../../../../../../Users/Admin/Documents/Unreal Projects/ai-project/Content/__ExternalActors__/ThirdPerson/Maps/ThirdPersonMap/D/YS/BUL35GK8VAQ3D0IGQYNRAE.uasset" 8663
"../../../../../../Users/Admin/Documents/Unreal Projects/ai-project/Content/__ExternalActors__/ThirdPerson/Maps/ThirdPersonMap/E/9J/QI9Q2UVILMFMY5T1TW3JZL.uasset" 8664
"../../../../../../Users/Admin/Documents/Unreal Projects/ai-project/Content/__ExternalActors__/ThirdPerson/Maps/ThirdPersonMap/E/T8/46ZIBNTTDDR3AOR2XC9VO6.uasset" 8665
"../../../../../../Users/Admin/Documents/Unreal Projects/ai-project/Content/Maps/TestLevel.umap" 8666
